Participant,Behavioral_Variable,Wellbeing_Variable,r,p,N,Time_Lag,p_FDR,Significant_raw,Significant_FDR,Analysis
p01,Steps,fatigue,-0.2543089563648793,0.0425759936421139,64,t_to_t+1,0.6521472501511212,True,False,lagged
p01,Steps,mood,0.1204647175068693,0.3430365343044643,64,t_to_t+1,0.917607070132456,False,False,lagged
p01,Steps,readiness,-0.5513998405216314,2.3346905726246063e-06,64,t_to_t+1,0.0011312858244706726,True,True,lagged
p01,Steps,sleep_quality,-0.0321329629611375,0.8009929465915332,64,t_to_t+1,0.9835127913656734,False,False,lagged
p01,Steps,stress,0.2719181170118933,0.0297346918835855,64,t_to_t+1,0.6125005054959453,True,False,lagged
p01,Exercise_Count,fatigue,-0.2717533927965999,0.029837719525735,64,t_to_t+1,0.6125005054959453,True,False,lagged
p01,Exercise_Count,mood,-0.1043281061914602,0.4119782504078866,64,t_to_t+1,0.9396469143985654,False,False,lagged
p01,Exercise_Count,readiness,-0.3668805693039848,0.0028643653871625,64,t_to_t+1,0.20189194170974228,True,False,lagged
p01,Exercise_Count,sleep_quality,-0.3620300534999658,0.0032866130045772,64,t_to_t+1,0.20189194170974228,True,False,lagged
p01,Exercise_Count,stress,0.1254728665219542,0.3231965627325307,64,t_to_t+1,0.917607070132456,False,False,lagged
p01,Exercise_Duration,fatigue,-0.3007488716975663,0.015745404082139,64,t_to_t+1,0.5416419004255817,True,False,lagged
p01,Exercise_Duration,mood,-0.0325143051862137,0.7986804575985524,64,t_to_t+1,0.9835127913656734,False,False,lagged
p01,Exercise_Duration,readiness,-0.454128343410481,0.0001637582475985,64,t_to_t+1,0.035208023233677506,True,True,lagged
p01,Exercise_Duration,sleep_quality,-0.2186821775407557,0.082553702463832,64,t_to_t+1,0.7555616837580037,False,False,lagged
p01,Exercise_Duration,stress,0.1414717109845416,0.2648132282029394,64,t_to_t+1,0.874417730505937,False,False,lagged
p01,Exercise_Distance,fatigue,-0.4106915706816197,0.0007494526791325,64,t_to_t+1,0.10742155067565833,True,False,lagged
p01,Exercise_Distance,mood,0.0,1.0000000000000002,64,t_to_t+1,,False,False,lagged
p01,Exercise_Distance,readiness,-0.4909814883675654,3.802201284720302e-05,64,t_to_t+1,0.010899643682864866,True,True,lagged
p01,Exercise_Distance,sleep_quality,-0.1394651803677953,0.2717185558110293,64,t_to_t+1,0.8782984864491115,False,False,lagged
p01,Exercise_Distance,stress,0.1494698215616293,0.2384670123897639,64,t_to_t+1,0.8529238693978868,False,False,lagged
p01,Exercise_Calories,fatigue,-0.3628886932275212,0.0032080630899476,64,t_to_t+1,0.20189194170974228,True,False,lagged
p01,Exercise_Calories,mood,-0.0320699702628639,0.8013751035849528,64,t_to_t+1,0.9835127913656734,False,False,lagged
p01,Exercise_Calories,readiness,-0.5490383961731159,2.6308972662108664e-06,64,t_to_t+1,0.0011312858244706726,True,True,lagged
p01,Exercise_Calories,sleep_quality,-0.2594574415340738,0.0384195706706991,64,t_to_t+1,0.6266521389463884,True,False,lagged
p01,Exercise_Calories,stress,0.1765933930388674,0.1627443518146673,64,t_to_t+1,0.7895436187205949,False,False,lagged
p01,Exercise_Avg_HR,fatigue,-0.3607571413845357,0.0137777779265809,46,t_to_t+1,0.4937037090358156,True,False,lagged
p01,Exercise_Avg_HR,mood,0.0177317281009663,0.9068902832011384,46,t_to_t+1,0.9835127913656734,False,False,lagged
p01,Exercise_Avg_HR,readiness,-0.426294836985842,0.003136018192656,46,t_to_t+1,0.20189194170974228,True,False,lagged
p01,Exercise_Avg_HR,sleep_quality,-0.0606829167524494,0.688704004858013,46,t_to_t+1,0.9740705284594343,False,False,lagged
p01,Exercise_Avg_HR,stress,0.2256996993940413,0.13150887982415,46,t_to_t+1,0.784489841838574,False,False,lagged
p01,Sleep_Hours,fatigue,0.2147482721811997,0.0883680406638507,64,t_to_t+1,0.7555616837580037,False,False,lagged
p01,Sleep_Hours,mood,-0.0016536414690104,0.9896530041798808,64,t_to_t+1,0.9989313140462192,False,False,lagged
p01,Sleep_Hours,readiness,0.088974876162895,0.4844529548783912,64,t_to_t+1,0.9542543266297336,False,False,lagged
p01,Sleep_Hours,sleep_quality,-0.0637966006111664,0.6164946807393301,64,t_to_t+1,0.9580452904411608,False,False,lagged
p01,Sleep_Hours,stress,-0.0410280883143149,0.7475350922552695,64,t_to_t+1,0.9812191855948904,False,False,lagged
p01,Sleep_Duration_Score,fatigue,0.0661968160727368,0.6032673428973278,64,t_to_t+1,0.9580452904411608,False,False,lagged
p01,Sleep_Duration_Score,mood,0.0,1.0000000000000002,64,t_to_t+1,,False,False,lagged
p01,Sleep_Duration_Score,readiness,0.1049664700598684,0.4091075593625926,64,t_to_t+1,0.9396469143985654,False,False,lagged
p01,Sleep_Duration_Score,sleep_quality,-0.275476283295467,0.027581001179395,64,t_to_t+1,0.6125005054959453,True,False,lagged
p01,Sleep_Duration_Score,stress,-0.0729040349147871,0.5669833376005106,64,t_to_t+1,0.9580452904411608,False,False,lagged
p01,Deep_Sleep_Minutes,fatigue,0.1104505680159486,0.384928092406842,64,t_to_t+1,0.9325018576616454,False,False,lagged
p01,Deep_Sleep_Minutes,mood,-0.0677579073621706,0.594731769092923,64,t_to_t+1,0.9580452904411608,False,False,lagged
p01,Deep_Sleep_Minutes,readiness,0.109124273148628,0.3906961562623508,64,t_to_t+1,0.9385438390659825,False,False,lagged
p01,Deep_Sleep_Minutes,sleep_quality,-0.2065433055169115,0.1015282212158827,64,t_to_t+1,0.7641267356133813,False,False,lagged
p01,Deep_Sleep_Minutes,stress,-0.0494981040874019,0.6977063320128041,64,t_to_t+1,0.9740705284594343,False,False,lagged
p01,Sleep_Restlessness,fatigue,0.0802374764424809,0.5285206115430922,64,t_to_t+1,0.9580452904411608,False,False,lagged
p01,Sleep_Restlessness,mood,0.1501835382022404,0.236207022951631,64,t_to_t+1,0.8529238693978868,False,False,lagged
p01,Sleep_Restlessness,readiness,0.0237325494668989,0.8523313889763533,64,t_to_t+1,0.9835127913656734,False,False,lagged
p01,Sleep_Restlessness,sleep_quality,0.2084528775633766,0.0983371933630611,64,t_to_t+1,0.7641267356133813,False,False,lagged
p01,Sleep_Restlessness,stress,0.0844423767027072,0.5070673023097705,64,t_to_t+1,0.9580452904411608,False,False,lagged
p01,Sleep_Composition,fatigue,-0.0714766880924105,0.5746188136419211,64,t_to_t+1,0.9580452904411608,False,False,lagged
p01,Sleep_Composition,mood,-0.1772759871297354,0.1610994210567628,64,t_to_t+1,0.7895436187205949,False,False,lagged
p01,Sleep_Composition,readiness,0.0502669975923929,0.6932416473293573,64,t_to_t+1,0.9740705284594343,False,False,lagged
p01,Sleep_Composition,sleep_quality,-0.2605414272696297,0.0375887930244315,64,t_to_t+1,0.6266521389463884,True,False,lagged
p01,Sleep_Composition,stress,-0.1610886016372498,0.2035035422110432,64,t_to_t+1,0.845473653630421,False,False,lagged
p01,Sleep_Revitalization,fatigue,0.0637707833485364,0.6166376296628328,64,t_to_t+1,0.9580452904411608,False,False,lagged
p01,Sleep_Revitalization,mood,-0.1532330878372037,0.2267172534001993,64,t_to_t+1,0.8529238693978868,False,False,lagged
p01,Sleep_Revitalization,readiness,0.0751848131588023,0.5548819303860213,64,t_to_t+1,0.9580452904411608,False,False,lagged
p01,Sleep_Revitalization,sleep_quality,0.046917859614028,0.7127628660581109,64,t_to_t+1,0.9754287609879244,False,False,lagged
p01,Sleep_Revitalization,stress,-0.0593822347682976,0.6411392305063786,64,t_to_t+1,0.9707389757666999,False,False,lagged
p01,Sleep_Score,fatigue,0.0382800479587922,0.76393710660185,64,t_to_t+1,0.9835127913656734,False,False,lagged
p01,Sleep_Score,mood,-0.161501185883589,0.2023328259600688,64,t_to_t+1,0.844903132045343,False,False,lagged
p01,Sleep_Score,readiness,0.1215561797788641,0.3386492625461408,64,t_to_t+1,0.917607070132456,False,False,lagged
p01,Sleep_Score,sleep_quality,-0.2488955009943532,0.0473394579857553,64,t_to_t+1,0.6566440946411218,True,False,lagged
p01,Sleep_Score,stress,-0.1456751503448234,0.2507326799150355,64,t_to_t+1,0.8603773254450495,False,False,lagged
p02,Steps,fatigue,,,30,t_to_t+1,,False,False,lagged
p02,Steps,mood,-0.0812426182386438,0.6695375402367977,30,t_to_t+1,0.9740705284594343,False,False,lagged
p02,Steps,readiness,0.0237767420550576,0.900749762632165,30,t_to_t+1,0.9835127913656734,False,False,lagged
p02,Steps,sleep_quality,-0.042128534423215,0.8250608465398255,30,t_to_t+1,0.9835127913656734,False,False,lagged
p02,Steps,stress,0.1281397849676729,0.4997913428593776,30,t_to_t+1,0.9580452904411608,False,False,lagged
p02,Exercise_Count,fatigue,,,30,t_to_t+1,,False,False,lagged
p02,Exercise_Count,mood,-0.0203236920283231,0.9151077595836196,30,t_to_t+1,0.985568661386193,False,False,lagged
p02,Exercise_Count,readiness,-0.0580114874118739,0.7607491710603692,30,t_to_t+1,0.9835127913656734,False,False,lagged
p02,Exercise_Count,sleep_quality,0.0162952055152057,0.9318913010850024,30,t_to_t+1,0.9867947714792105,False,False,lagged
p02,Exercise_Count,stress,0.2281328772128811,0.2253177447556858,30,t_to_t+1,0.8529238693978868,False,False,lagged
p02,Exercise_Duration,fatigue,,,30,t_to_t+1,,False,False,lagged
p02,Exercise_Duration,mood,-0.0918393806200187,0.629327992177937,30,t_to_t+1,0.9630286001299392,False,False,lagged
p02,Exercise_Duration,readiness,-0.074973511308662,0.693763563062099,30,t_to_t+1,0.9740705284594343,False,False,lagged
p02,Exercise_Duration,sleep_quality,-0.2533133420092208,0.1768076322606322,30,t_to_t+1,0.7922650645572069,False,False,lagged
p02,Exercise_Duration,stress,0.1034327101703197,0.5865004996490651,30,t_to_t+1,0.9580452904411608,False,False,lagged
p02,Exercise_Distance,fatigue,,,30,t_to_t+1,,False,False,lagged
p02,Exercise_Distance,mood,-0.1398310623049978,0.4611375386724932,30,t_to_t+1,0.9425275172830845,False,False,lagged
p02,Exercise_Distance,readiness,-0.2443664688155087,0.1931173928525397,30,t_to_t+1,0.8181327973063259,False,False,lagged
p02,Exercise_Distance,sleep_quality,-0.2839434317155586,0.1283519443009026,30,t_to_t+1,0.784489841838574,False,False,lagged
p02,Exercise_Distance,stress,-0.1017816530909161,0.5925212092185366,30,t_to_t+1,0.9580452904411608,False,False,lagged
p02,Exercise_Calories,fatigue,,,30,t_to_t+1,,False,False,lagged
p02,Exercise_Calories,mood,-0.0457878691526108,0.8101288366580828,30,t_to_t+1,0.9835127913656734,False,False,lagged
p02,Exercise_Calories,readiness,-0.0633136311016896,0.7396012831531168,30,t_to_t+1,0.9812191855948904,False,False,lagged
p02,Exercise_Calories,sleep_quality,-0.2633573838708462,0.159682305661942,30,t_to_t+1,0.7895436187205949,False,False,lagged
p02,Exercise_Calories,stress,0.1585753076163275,0.4026143017358004,30,t_to_t+1,0.9396469143985654,False,False,lagged
p02,Exercise_Avg_HR,fatigue,,,28,t_to_t+1,,False,False,lagged
p02,Exercise_Avg_HR,mood,0.2994759445727536,0.1215722064302339,28,t_to_t+1,0.7702639636506637,False,False,lagged
p02,Exercise_Avg_HR,readiness,0.0208011250514391,0.9163265938514316,28,t_to_t+1,0.985568661386193,False,False,lagged
p02,Exercise_Avg_HR,sleep_quality,-0.2539205929442268,0.1922829426773961,28,t_to_t+1,0.8181327973063259,False,False,lagged
p02,Exercise_Avg_HR,stress,0.2994759445727536,0.1215722064302339,28,t_to_t+1,0.7702639636506637,False,False,lagged
p02,Sleep_Hours,fatigue,,,30,t_to_t+1,,False,False,lagged
p02,Sleep_Hours,mood,-0.335806601322202,0.0696427279522206,30,t_to_t+1,0.7183663930407308,False,False,lagged
p02,Sleep_Hours,readiness,0.2565769733273776,0.1711070948579203,30,t_to_t+1,0.7922650645572069,False,False,lagged
p02,Sleep_Hours,sleep_quality,-0.1266370282769977,0.5048748021450923,30,t_to_t+1,0.9580452904411608,False,False,lagged
p02,Sleep_Hours,stress,0.05409627939719,0.7764753455841231,30,t_to_t+1,0.9835127913656734,False,False,lagged
p02,Sleep_Duration_Score,fatigue,,,28,t_to_t+1,,False,False,lagged
p02,Sleep_Duration_Score,mood,0.0497737556561086,0.8014077043815642,28,t_to_t+1,0.9835127913656734,False,False,lagged
p02,Sleep_Duration_Score,readiness,0.0097390791804818,0.9607712020155104,28,t_to_t+1,0.9968734616817866,False,False,lagged
p02,Sleep_Duration_Score,sleep_quality,0.0135746606334842,0.9453411109654236,28,t_to_t+1,0.9944195121499556,False,False,lagged
p02,Sleep_Duration_Score,stress,0.0497737556561086,0.8014077043815642,28,t_to_t+1,0.9835127913656734,False,False,lagged
p02,Deep_Sleep_Minutes,fatigue,,,30,t_to_t+1,,False,False,lagged
p02,Deep_Sleep_Minutes,mood,-0.1356651947223595,0.4747265184947057,30,t_to_t+1,0.9542543266297336,False,False,lagged
p02,Deep_Sleep_Minutes,readiness,0.1333913403408373,0.482230474056271,30,t_to_t+1,0.9542543266297336,False,False,lagged
p02,Deep_Sleep_Minutes,sleep_quality,-0.1072581293153122,0.572654940972528,30,t_to_t+1,0.9580452904411608,False,False,lagged
p02,Deep_Sleep_Minutes,stress,0.1015730694576101,0.5932837278999349,30,t_to_t+1,0.9580452904411608,False,False,lagged
p02,Sleep_Restlessness,fatigue,,,28,t_to_t+1,,False,False,lagged
p02,Sleep_Restlessness,mood,0.3021953927641185,0.1180618011942659,28,t_to_t+1,0.7702639636506637,False,False,lagged
p02,Sleep_Restlessness,readiness,0.3567899010021925,0.0623563096783287,28,t_to_t+1,0.7012730348760812,False,False,lagged
p02,Sleep_Restlessness,sleep_quality,0.1043980023642995,0.5970243011889009,28,t_to_t+1,0.9580452904411608,False,False,lagged
p02,Sleep_Restlessness,stress,0.3021953927641185,0.1180618011942659,28,t_to_t+1,0.7702639636506637,False,False,lagged
p02,Sleep_Composition,fatigue,,,28,t_to_t+1,,False,False,lagged
p02,Sleep_Composition,mood,0.0368237552566429,0.8524196661284793,28,t_to_t+1,0.9835127913656734,False,False,lagged
p02,Sleep_Composition,readiness,-0.2439875815097048,0.2108570963169503,28,t_to_t+1,0.8513360248470185,False,False,lagged
p02,Sleep_Composition,sleep_quality,0.0777390388751351,0.6941735032209575,28,t_to_t+1,0.9740705284594343,False,False,lagged
p02,Sleep_Composition,stress,0.0368237552566429,0.8524196661284793,28,t_to_t+1,0.9835127913656734,False,False,lagged
p02,Sleep_Revitalization,fatigue,,,28,t_to_t+1,,False,False,lagged
p02,Sleep_Revitalization,mood,0.0252071360159704,0.8986852985583963,28,t_to_t+1,0.9835127913656734,False,False,lagged
p02,Sleep_Revitalization,readiness,0.1922834054408271,0.3269542260464165,28,t_to_t+1,0.917607070132456,False,False,lagged
p02,Sleep_Revitalization,sleep_quality,-0.2898820641836604,0.1345703387697483,28,t_to_t+1,0.7847776771997022,False,False,lagged
p02,Sleep_Revitalization,stress,0.0252071360159704,0.8986852985583963,28,t_to_t+1,0.9835127913656734,False,False,lagged
p02,Sleep_Score,fatigue,,,28,t_to_t+1,,False,False,lagged
p02,Sleep_Score,mood,0.0621246771192789,0.7534840394626398,28,t_to_t+1,0.9812191855948904,False,False,lagged
p02,Sleep_Score,readiness,0.0090755572428978,0.9634420287899323,28,t_to_t+1,0.9968734616817866,False,False,lagged
p02,Sleep_Score,sleep_quality,-0.1067270094100433,0.588820399658389,28,t_to_t+1,0.9580452904411608,False,False,lagged
p02,Sleep_Score,stress,0.0621246771192789,0.7534840394626398,28,t_to_t+1,0.9812191855948904,False,False,lagged
p03,Steps,fatigue,-0.4744041987217952,0.0401481247561518,19,t_to_t+1,0.6277706780052826,True,False,lagged
p03,Steps,mood,0.058969938808796,0.8104840408328434,19,t_to_t+1,0.9835127913656734,False,False,lagged
p03,Steps,readiness,,,19,t_to_t+1,,False,False,lagged
p03,Steps,sleep_quality,,,19,t_to_t+1,,False,False,lagged
p03,Steps,stress,-0.0364115985556032,0.8823523883159906,19,t_to_t+1,0.9835127913656734,False,False,lagged
p03,Exercise_Count,fatigue,-0.1419332389509148,0.5621716804971628,19,t_to_t+1,0.9580452904411608,False,False,lagged
p03,Exercise_Count,mood,0.2052589876012252,0.399232418955138,19,t_to_t+1,0.9396469143985654,False,False,lagged
p03,Exercise_Count,readiness,,,19,t_to_t+1,,False,False,lagged
p03,Exercise_Count,sleep_quality,,,19,t_to_t+1,,False,False,lagged
p03,Exercise_Count,stress,-0.0975342893301087,0.6911985825521617,19,t_to_t+1,0.9740705284594343,False,False,lagged
p03,Exercise_Duration,fatigue,-0.4039372053327419,0.0863151023655949,19,t_to_t+1,0.7555616837580037,False,False,lagged
p03,Exercise_Duration,mood,0.1080014130041349,0.6598657324518433,19,t_to_t+1,0.973569592924696,False,False,lagged
p03,Exercise_Duration,readiness,,,19,t_to_t+1,,False,False,lagged
p03,Exercise_Duration,sleep_quality,,,19,t_to_t+1,,False,False,lagged
p03,Exercise_Duration,stress,-0.1315734018129104,0.5913204826822283,19,t_to_t+1,0.9580452904411608,False,False,lagged
p03,Exercise_Distance,fatigue,,,19,t_to_t+1,,False,False,lagged
p03,Exercise_Distance,mood,,,19,t_to_t+1,,False,False,lagged
p03,Exercise_Distance,readiness,,,19,t_to_t+1,,False,False,lagged
p03,Exercise_Distance,sleep_quality,,,19,t_to_t+1,,False,False,lagged
p03,Exercise_Distance,stress,,,19,t_to_t+1,,False,False,lagged
p03,Exercise_Calories,fatigue,-0.4111697307285907,0.0803109182017513,19,t_to_t+1,0.7555616837580037,False,False,lagged
p03,Exercise_Calories,mood,0.0986308461928509,0.6878924085076671,19,t_to_t+1,0.9740705284594343,False,False,lagged
p03,Exercise_Calories,readiness,,,19,t_to_t+1,,False,False,lagged
p03,Exercise_Calories,sleep_quality,,,19,t_to_t+1,,False,False,lagged
p03,Exercise_Calories,stress,-0.0974808701405776,0.6913597814195911,19,t_to_t+1,0.9740705284594343,False,False,lagged
p03,Exercise_Avg_HR,fatigue,-0.2170155786607856,0.4980844065949567,12,t_to_t+1,0.9580452904411608,False,False,lagged
p03,Exercise_Avg_HR,mood,-0.2048366225996755,0.523066896890598,12,t_to_t+1,0.9580452904411608,False,False,lagged
p03,Exercise_Avg_HR,readiness,,,12,t_to_t+1,,False,False,lagged
p03,Exercise_Avg_HR,sleep_quality,,,12,t_to_t+1,,False,False,lagged
p03,Exercise_Avg_HR,stress,0.4389356198564478,0.1534267201520858,12,t_to_t+1,0.7895436187205949,False,False,lagged
p03,Sleep_Hours,fatigue,0.1950806285137588,0.5039173000978805,14,t_to_t+1,0.9580452904411608,False,False,lagged
p03,Sleep_Hours,mood,0.2163280565015275,0.4575875931124273,14,t_to_t+1,0.9425275172830845,False,False,lagged
p03,Sleep_Hours,readiness,,,14,t_to_t+1,,False,False,lagged
p03,Sleep_Hours,sleep_quality,,,14,t_to_t+1,,False,False,lagged
p03,Sleep_Hours,stress,,,14,t_to_t+1,,False,False,lagged
p03,Sleep_Duration_Score,fatigue,0.3376353469658638,0.2377596949044006,14,t_to_t+1,0.8529238693978868,False,False,lagged
p03,Sleep_Duration_Score,mood,0.5089594574266283,0.0630697007730813,14,t_to_t+1,0.7012730348760812,False,False,lagged
p03,Sleep_Duration_Score,readiness,,,14,t_to_t+1,,False,False,lagged
p03,Sleep_Duration_Score,sleep_quality,,,14,t_to_t+1,,False,False,lagged
p03,Sleep_Duration_Score,stress,,,14,t_to_t+1,,False,False,lagged
p03,Deep_Sleep_Minutes,fatigue,0.3941829535391302,0.1631265723248401,14,t_to_t+1,0.7895436187205949,False,False,lagged
p03,Deep_Sleep_Minutes,mood,-0.2161641277894541,0.4579368573980644,14,t_to_t+1,0.9425275172830845,False,False,lagged
p03,Deep_Sleep_Minutes,readiness,,,14,t_to_t+1,,False,False,lagged
p03,Deep_Sleep_Minutes,sleep_quality,,,14,t_to_t+1,,False,False,lagged
p03,Deep_Sleep_Minutes,stress,,,14,t_to_t+1,,False,False,lagged
p03,Sleep_Restlessness,fatigue,0.2664193553971737,0.3572036480426243,14,t_to_t+1,0.920412433332209,False,False,lagged
p03,Sleep_Restlessness,mood,-0.0445608028285357,0.8797707739876399,14,t_to_t+1,0.9835127913656734,False,False,lagged
p03,Sleep_Restlessness,readiness,,,14,t_to_t+1,,False,False,lagged
p03,Sleep_Restlessness,sleep_quality,,,14,t_to_t+1,,False,False,lagged
p03,Sleep_Restlessness,stress,,,14,t_to_t+1,,False,False,lagged
p03,Sleep_Composition,fatigue,-0.0346271680532222,0.906450228474026,14,t_to_t+1,0.9835127913656734,False,False,lagged
p03,Sleep_Composition,mood,0.271498660374615,0.3477577711377926,14,t_to_t+1,0.917607070132456,False,False,lagged
p03,Sleep_Composition,readiness,,,14,t_to_t+1,,False,False,lagged
p03,Sleep_Composition,sleep_quality,,,14,t_to_t+1,,False,False,lagged
p03,Sleep_Composition,stress,,,14,t_to_t+1,,False,False,lagged
p03,Sleep_Revitalization,fatigue,0.1005919924977862,0.7322312931453658,14,t_to_t+1,0.9776147646145136,False,False,lagged
p03,Sleep_Revitalization,mood,-0.2265731926898632,0.4360196040369758,14,t_to_t+1,0.9425275172830845,False,False,lagged
p03,Sleep_Revitalization,readiness,,,14,t_to_t+1,,False,False,lagged
p03,Sleep_Revitalization,sleep_quality,,,14,t_to_t+1,,False,False,lagged
p03,Sleep_Revitalization,stress,,,14,t_to_t+1,,False,False,lagged
p03,Sleep_Score,fatigue,0.2125255710211127,0.4657224355100924,14,t_to_t+1,0.9446256946666968,False,False,lagged
p03,Sleep_Score,mood,0.1999600119960014,0.4930920018132282,14,t_to_t+1,0.9580452904411608,False,False,lagged
p03,Sleep_Score,readiness,,,14,t_to_t+1,,False,False,lagged
p03,Sleep_Score,sleep_quality,,,14,t_to_t+1,,False,False,lagged
p03,Sleep_Score,stress,,,14,t_to_t+1,,False,False,lagged
p04,Steps,fatigue,-0.2867488810161402,0.0195799612308237,66,t_to_t+1,0.5806471261554614,True,False,lagged
p04,Steps,mood,0.0729488913476578,0.5605042775014413,66,t_to_t+1,0.9580452904411608,False,False,lagged
p04,Steps,readiness,-0.1552847614792365,0.2131303547176071,66,t_to_t+1,0.8525214188704284,False,False,lagged
p04,Steps,sleep_quality,-0.1738494822827965,0.1627052715952474,66,t_to_t+1,0.7895436187205949,False,False,lagged
p04,Steps,stress,-0.0175853189952098,0.8885454622117299,66,t_to_t+1,0.9835127913656734,False,False,lagged
p04,Exercise_Count,fatigue,-0.1570983718144523,0.2077679084494141,66,t_to_t+1,0.8468265462867115,False,False,lagged
p04,Exercise_Count,mood,0.1424199985344634,0.2539760480256408,66,t_to_t+1,0.8603773254450495,False,False,lagged
p04,Exercise_Count,readiness,-0.1969439329657797,0.112971731777037,66,t_to_t+1,0.7702639636506637,False,False,lagged
p04,Exercise_Count,sleep_quality,-0.0155153046238014,0.9015955687404082,66,t_to_t+1,0.9835127913656734,False,False,lagged
p04,Exercise_Count,stress,0.1114570344089066,0.3729501245182602,66,t_to_t+1,0.9283376245709605,False,False,lagged
p04,Exercise_Duration,fatigue,-0.1560753023350365,0.21078102974963,66,t_to_t+1,0.8513360248470185,False,False,lagged
p04,Exercise_Duration,mood,0.1458694313815512,0.2425365955480833,66,t_to_t+1,0.8529238693978868,False,False,lagged
p04,Exercise_Duration,readiness,-0.1738426194707651,0.1627221243801247,66,t_to_t+1,0.7895436187205949,False,False,lagged
p04,Exercise_Duration,sleep_quality,-0.1124820275107087,0.3685425699514599,66,t_to_t+1,0.9283376245709605,False,False,lagged
p04,Exercise_Duration,stress,0.0081113339351585,0.9484616219161228,66,t_to_t+1,0.9944766242918682,False,False,lagged
p04,Exercise_Distance,fatigue,-0.1907558231275251,0.1249746414953973,66,t_to_t+1,0.7788274759858094,False,False,lagged
p04,Exercise_Distance,mood,0.0954116296248903,0.4460250329250155,66,t_to_t+1,0.9425275172830845,False,False,lagged
p04,Exercise_Distance,readiness,-0.1816441042309512,0.1443830226470085,66,t_to_t+1,0.7895436187205949,False,False,lagged
p04,Exercise_Distance,sleep_quality,-0.1682397748945195,0.1769136901723759,66,t_to_t+1,0.7922650645572069,False,False,lagged
p04,Exercise_Distance,stress,0.0079668774305922,0.9493782657483998,66,t_to_t+1,0.9944766242918682,False,False,lagged
p04,Exercise_Calories,fatigue,-0.263240530545252,0.032717220917224,66,t_to_t+1,0.6266521389463884,True,False,lagged
p04,Exercise_Calories,mood,0.0497369367485258,0.6916697718111627,66,t_to_t+1,0.9740705284594343,False,False,lagged
p04,Exercise_Calories,readiness,-0.2691905457935507,0.0288413862892266,66,t_to_t+1,0.6125005054959453,True,False,lagged
p04,Exercise_Calories,sleep_quality,-0.1675684869351229,0.1786725866282056,66,t_to_t+1,0.7922650645572069,False,False,lagged
p04,Exercise_Calories,stress,-0.0659509425761701,0.5988018778816913,66,t_to_t+1,0.9580452904411608,False,False,lagged
p04,Exercise_Avg_HR,fatigue,-0.0951212083832709,0.4938530257649818,54,t_to_t+1,0.9580452904411608,False,False,lagged
p04,Exercise_Avg_HR,mood,-0.0396349879599629,0.7759864440342557,54,t_to_t+1,0.9835127913656734,False,False,lagged
p04,Exercise_Avg_HR,readiness,-0.1938440207296042,0.1601735722544136,54,t_to_t+1,0.7895436187205949,False,False,lagged
p04,Exercise_Avg_HR,sleep_quality,-0.2307530931020595,0.0932017566723743,54,t_to_t+1,0.7555616837580037,False,False,lagged
p04,Exercise_Avg_HR,stress,-0.0836812256348833,0.5474424533336735,54,t_to_t+1,0.9580452904411608,False,False,lagged
p04,Sleep_Hours,fatigue,0.1281702987964258,0.305078748159936,66,t_to_t+1,0.8981643811876255,False,False,lagged
p04,Sleep_Hours,mood,0.1352770605720544,0.278814921867574,66,t_to_t+1,0.8903406261033548,False,False,lagged
p04,Sleep_Hours,readiness,0.0212758041145781,0.8653545274735938,66,t_to_t+1,0.9835127913656734,False,False,lagged
p04,Sleep_Hours,sleep_quality,0.0195055407748871,0.8764659392761878,66,t_to_t+1,0.9835127913656734,False,False,lagged
p04,Sleep_Hours,stress,0.1202409399080012,0.3362140100313316,66,t_to_t+1,0.917607070132456,False,False,lagged
p04,Sleep_Duration_Score,fatigue,0.0067246876788059,0.9576006202784064,65,t_to_t+1,0.9968734616817866,False,False,lagged
p04,Sleep_Duration_Score,mood,0.0017531912542511,0.9889413339827104,65,t_to_t+1,0.9989313140462192,False,False,lagged
p04,Sleep_Duration_Score,readiness,0.025040497831773,0.8430475920307965,65,t_to_t+1,0.9835127913656734,False,False,lagged
p04,Sleep_Duration_Score,sleep_quality,0.1814459708112095,0.1480321124287746,65,t_to_t+1,0.7895436187205949,False,False,lagged
p04,Sleep_Duration_Score,stress,0.0456281057125146,0.718162366690179,65,t_to_t+1,0.9754287609879244,False,False,lagged
p04,Deep_Sleep_Minutes,fatigue,0.1194280894826788,0.3395147238551789,66,t_to_t+1,0.917607070132456,False,False,lagged
p04,Deep_Sleep_Minutes,mood,0.0838809185276822,0.5031044519095811,66,t_to_t+1,0.9580452904411608,False,False,lagged
p04,Deep_Sleep_Minutes,readiness,0.0364627480347302,0.7713101678076606,66,t_to_t+1,0.9835127913656734,False,False,lagged
p04,Deep_Sleep_Minutes,sleep_quality,0.0937044223260281,0.4542417855338511,66,t_to_t+1,0.9425275172830845,False,False,lagged
p04,Deep_Sleep_Minutes,stress,0.0637338288461917,0.6111725118915481,66,t_to_t+1,0.9580452904411608,False,False,lagged
p04,Sleep_Restlessness,fatigue,0.0557900029099816,0.6589162033085407,65,t_to_t+1,0.973569592924696,False,False,lagged
p04,Sleep_Restlessness,mood,0.0156894009684934,0.9012794599711154,65,t_to_t+1,0.9835127913656734,False,False,lagged
p04,Sleep_Restlessness,readiness,0.0128698391231524,0.9189544322042136,65,t_to_t+1,0.985568661386193,False,False,lagged
p04,Sleep_Restlessness,sleep_quality,0.1968535182911829,0.1160175126716825,65,t_to_t+1,0.7702639636506637,False,False,lagged
p04,Sleep_Restlessness,stress,-0.1311633041355379,0.2976614057318444,65,t_to_t+1,0.8955723808750817,False,False,lagged
p04,Sleep_Composition,fatigue,0.1021195738111562,0.4182513786108737,65,t_to_t+1,0.9406161065704951,False,False,lagged
p04,Sleep_Composition,mood,0.0495228462078846,0.6952359739118606,65,t_to_t+1,0.9740705284594343,False,False,lagged
p04,Sleep_Composition,readiness,0.1516251290529361,0.2279303809657986,65,t_to_t+1,0.8529238693978868,False,False,lagged
p04,Sleep_Composition,sleep_quality,0.0765437018384527,0.5444940631086902,65,t_to_t+1,0.9580452904411608,False,False,lagged
p04,Sleep_Composition,stress,0.0650087377615721,0.606907775847847,65,t_to_t+1,0.9580452904411608,False,False,lagged
p04,Sleep_Revitalization,fatigue,0.0455661657432956,0.7185290487194488,65,t_to_t+1,0.9754287609879244,False,False,lagged
p04,Sleep_Revitalization,mood,0.0470046479405984,0.7100297775040013,65,t_to_t+1,0.9754287609879244,False,False,lagged
p04,Sleep_Revitalization,readiness,0.3066132561267376,0.0129849578175812,65,t_to_t+1,0.4855245097008623,True,False,lagged
p04,Sleep_Revitalization,sleep_quality,-0.094412698680762,0.4544097929976218,65,t_to_t+1,0.9425275172830845,False,False,lagged
p04,Sleep_Revitalization,stress,-0.0732724240490527,0.5618745170761853,65,t_to_t+1,0.9580452904411608,False,False,lagged
p04,Sleep_Score,fatigue,0.0463269362681758,0.7140297256665196,65,t_to_t+1,0.9754287609879244,False,False,lagged
p04,Sleep_Score,mood,0.0316107202214864,0.8026095972447713,65,t_to_t+1,0.9835127913656734,False,False,lagged
p04,Sleep_Score,readiness,0.1757966639330163,0.1612879441205169,65,t_to_t+1,0.7895436187205949,False,False,lagged
p04,Sleep_Score,sleep_quality,0.0976439914909996,0.4390443760793711,65,t_to_t+1,0.9425275172830845,False,False,lagged
p04,Sleep_Score,stress,0.0148991553876119,0.9062288265134452,65,t_to_t+1,0.9835127913656734,False,False,lagged
p05,Steps,fatigue,,,52,t_to_t+1,,False,False,lagged
p05,Steps,mood,-0.0027501451911029,0.9845622827798372,52,t_to_t+1,0.9989313140462192,False,False,lagged
p05,Steps,readiness,0.2133050715572545,0.1289369707980708,52,t_to_t+1,0.784489841838574,False,False,lagged
p05,Steps,sleep_quality,0.2273410196373353,0.1050541409091232,52,t_to_t+1,0.7641267356133813,False,False,lagged
p05,Steps,stress,0.0418434172608497,0.7683519895346471,52,t_to_t+1,0.9835127913656734,False,False,lagged
p05,Exercise_Count,fatigue,0.0,0.9999999999999984,55,t_to_t+1,0.9999999999999984,False,False,lagged
p05,Exercise_Count,mood,-0.1455600663727067,0.2889774155450157,55,t_to_t+1,0.8903406261033548,False,False,lagged
p05,Exercise_Count,readiness,0.0125735452715845,0.9274054545819488,55,t_to_t+1,0.985568661386193,False,False,lagged
p05,Exercise_Count,sleep_quality,0.1443689007542604,0.2929841827758714,55,t_to_t+1,0.8903406261033548,False,False,lagged
p05,Exercise_Count,stress,-0.2030331885441875,0.1370986312076864,55,t_to_t+1,0.7878377572598784,False,False,lagged
p05,Exercise_Duration,fatigue,0.0,0.9999999999999984,55,t_to_t+1,0.9999999999999984,False,False,lagged
p05,Exercise_Duration,mood,-0.2702711715534185,0.0459713462708362,55,t_to_t+1,0.6553292227325135,True,False,lagged
p05,Exercise_Duration,readiness,0.0599687677123754,0.6636227445132126,55,t_to_t+1,0.973569592924696,False,False,lagged
p05,Exercise_Duration,sleep_quality,0.1281730322939144,0.3510380535739279,55,t_to_t+1,0.917607070132456,False,False,lagged
p05,Exercise_Duration,stress,-0.2330602007243978,0.0868248612619506,55,t_to_t+1,0.7555616837580037,False,False,lagged
p05,Exercise_Distance,fatigue,0.0,0.9999999999999984,55,t_to_t+1,0.9999999999999984,False,False,lagged
p05,Exercise_Distance,mood,0.012683657235796,0.9267714422042556,55,t_to_t+1,0.985568661386193,False,False,lagged
p05,Exercise_Distance,readiness,0.0406222231851193,0.7684030833109278,55,t_to_t+1,0.9835127913656734,False,False,lagged
p05,Exercise_Distance,sleep_quality,0.4070400951821506,0.0020417047783261,55,t_to_t+1,0.17558661093604458,True,False,lagged
p05,Exercise_Distance,stress,0.2319627879481519,0.088362677947615,55,t_to_t+1,0.7555616837580037,False,False,lagged
p05,Exercise_Calories,fatigue,0.0,0.9999999999999984,55,t_to_t+1,0.9999999999999984,False,False,lagged
p05,Exercise_Calories,mood,-0.2696620433748199,0.046482654170562,55,t_to_t+1,0.6553292227325135,True,False,lagged
p05,Exercise_Calories,readiness,0.0766229153890866,0.5781991262416468,55,t_to_t+1,0.9580452904411608,False,False,lagged
p05,Exercise_Calories,sleep_quality,0.1311496501175946,0.339869855945127,55,t_to_t+1,0.917607070132456,False,False,lagged
p05,Exercise_Calories,stress,-0.2106234345201727,0.1227048407210941,55,t_to_t+1,0.7702639636506637,False,False,lagged
p05,Exercise_Avg_HR,fatigue,,,30,t_to_t+1,,False,False,lagged
p05,Exercise_Avg_HR,mood,-0.1476617830269242,0.4361601297410287,30,t_to_t+1,0.9425275172830845,False,False,lagged
p05,Exercise_Avg_HR,readiness,0.4941624269477079,0.005510429716916,30,t_to_t+1,0.3159313037698507,True,False,lagged
p05,Exercise_Avg_HR,sleep_quality,0.0912090700076214,0.6316923011371046,30,t_to_t+1,0.9647237945286021,False,False,lagged
p05,Exercise_Avg_HR,stress,0.1989273443810587,0.2919513486747591,30,t_to_t+1,0.8903406261033548,False,False,lagged
p05,Sleep_Hours,fatigue,,,40,t_to_t+1,,False,False,lagged
p05,Sleep_Hours,mood,-0.0392771932875323,0.8098446544127078,40,t_to_t+1,0.9835127913656734,False,False,lagged
p05,Sleep_Hours,readiness,0.040296119858302,0.8050059085229337,40,t_to_t+1,0.9835127913656734,False,False,lagged
p05,Sleep_Hours,sleep_quality,-0.0500552045090975,0.7590484436403033,40,t_to_t+1,0.9831049119437664,False,False,lagged
p05,Sleep_Hours,stress,-0.0732354702555496,0.6533608058312458,40,t_to_t+1,0.973569592924696,False,False,lagged
p05,Sleep_Duration_Score,fatigue,,,39,t_to_t+1,,False,False,lagged
p05,Sleep_Duration_Score,mood,-0.1896415772948137,0.2475547170511054,39,t_to_t+1,0.8603773254450495,False,False,lagged
p05,Sleep_Duration_Score,readiness,0.0369032258519637,0.8235057124534858,39,t_to_t+1,0.9835127913656734,False,False,lagged
p05,Sleep_Duration_Score,sleep_quality,-0.121546682699813,0.4610603328365836,39,t_to_t+1,0.9425275172830845,False,False,lagged
p05,Sleep_Duration_Score,stress,-0.2438159005139035,0.1347142372051301,39,t_to_t+1,0.7847776771997022,False,False,lagged
p05,Deep_Sleep_Minutes,fatigue,,,40,t_to_t+1,,False,False,lagged
p05,Deep_Sleep_Minutes,mood,-0.0556161026469323,0.7332110734608852,40,t_to_t+1,0.9776147646145136,False,False,lagged
p05,Deep_Sleep_Minutes,readiness,-0.0340746544386134,0.8346560481692077,40,t_to_t+1,0.9835127913656734,False,False,lagged
p05,Deep_Sleep_Minutes,sleep_quality,-0.0257695004980609,0.8745839849241163,40,t_to_t+1,0.9835127913656734,False,False,lagged
p05,Deep_Sleep_Minutes,stress,-0.1937469979218832,0.2309565757866401,40,t_to_t+1,0.8529238693978868,False,False,lagged
p05,Sleep_Restlessness,fatigue,,,39,t_to_t+1,,False,False,lagged
p05,Sleep_Restlessness,mood,0.2733773178363949,0.0921926636809811,39,t_to_t+1,0.7555616837580037,False,False,lagged
p05,Sleep_Restlessness,readiness,0.0532109224732054,0.7476659439692991,39,t_to_t+1,0.9812191855948904,False,False,lagged
p05,Sleep_Restlessness,sleep_quality,0.0922738268241189,0.576369536458719,39,t_to_t+1,0.9580452904411608,False,False,lagged
p05,Sleep_Restlessness,stress,0.2453087275414939,0.1322686361239456,39,t_to_t+1,0.784489841838574,False,False,lagged
p05,Sleep_Composition,fatigue,,,39,t_to_t+1,,False,False,lagged
p05,Sleep_Composition,mood,-0.0942586605349853,0.5681579069055169,39,t_to_t+1,0.9580452904411608,False,False,lagged
p05,Sleep_Composition,readiness,0.1308079370689593,0.4273488756256089,39,t_to_t+1,0.9419005433891928,False,False,lagged
p05,Sleep_Composition,sleep_quality,0.0313488783452707,0.8497397355142234,39,t_to_t+1,0.9835127913656734,False,False,lagged
p05,Sleep_Composition,stress,-0.1457860382149232,0.3758565005896634,39,t_to_t+1,0.9283376245709605,False,False,lagged
p05,Sleep_Revitalization,fatigue,,,39,t_to_t+1,,False,False,lagged
p05,Sleep_Revitalization,mood,-0.2339509049542146,0.1517239659625326,39,t_to_t+1,0.7895436187205949,False,False,lagged
p05,Sleep_Revitalization,readiness,-0.0827229719175124,0.6166129937951236,39,t_to_t+1,0.9580452904411608,False,False,lagged
p05,Sleep_Revitalization,sleep_quality,0.0101688774849129,0.9510088131180604,39,t_to_t+1,0.9949727241867785,False,False,lagged
p05,Sleep_Revitalization,stress,-0.2515028826822318,0.1224724917139579,39,t_to_t+1,0.7702639636506637,False,False,lagged
p05,Sleep_Score,fatigue,,,39,t_to_t+1,,False,False,lagged
p05,Sleep_Score,mood,-0.2547994356065822,0.1174858384204707,39,t_to_t+1,0.7702639636506637,False,False,lagged
p05,Sleep_Score,readiness,0.0245589817452127,0.8820246991573248,39,t_to_t+1,0.9835127913656734,False,False,lagged
p05,Sleep_Score,sleep_quality,-0.0579640165006394,0.7259614432364783,39,t_to_t+1,0.9776147646145136,False,False,lagged
p05,Sleep_Score,stress,-0.3120304985963697,0.0531352850845861,39,t_to_t+1,0.688693392341825,False,False,lagged
p06,Steps,fatigue,-0.0653147001302518,0.5883965452686213,71,t_to_t+1,0.9580452904411608,False,False,lagged
p06,Steps,mood,0.1680344380676038,0.1612938165721761,71,t_to_t+1,0.7895436187205949,False,False,lagged
p06,Steps,readiness,-0.4094045197925858,0.0003922994488339,71,t_to_t+1,0.0674755051994308,True,False,lagged
p06,Steps,sleep_quality,-0.0598362069807818,0.6201173664359708,71,t_to_t+1,0.9580452904411608,False,False,lagged
p06,Steps,stress,-0.1214875964339297,0.3128562884796847,71,t_to_t+1,0.9031951253275593,False,False,lagged
p06,Exercise_Count,fatigue,-0.0319635961317404,0.7913044890996137,71,t_to_t+1,0.9835127913656734,False,False,lagged
p06,Exercise_Count,mood,-0.0972038394452279,0.4199960289803141,71,t_to_t+1,0.9406161065704951,False,False,lagged
p06,Exercise_Count,readiness,-0.126827499380268,0.291900384981777,71,t_to_t+1,0.8903406261033548,False,False,lagged
p06,Exercise_Count,sleep_quality,-0.0749062507613693,0.5347041376053061,71,t_to_t+1,0.9580452904411608,False,False,lagged
p06,Exercise_Count,stress,0.1993889322265367,0.0955055681567856,71,t_to_t+1,0.7555616837580037,False,False,lagged
p06,Exercise_Duration,fatigue,-0.0200865015904299,0.8679488896785024,71,t_to_t+1,0.9835127913656734,False,False,lagged
p06,Exercise_Duration,mood,-0.1153909146707368,0.3379374021172788,71,t_to_t+1,0.917607070132456,False,False,lagged
p06,Exercise_Duration,readiness,-0.1711628321075253,0.1535222553877568,71,t_to_t+1,0.7895436187205949,False,False,lagged
p06,Exercise_Duration,sleep_quality,-0.072881999301378,0.5458315176749696,71,t_to_t+1,0.9580452904411608,False,False,lagged
p06,Exercise_Duration,stress,0.1680566055768248,0.1612377446211526,71,t_to_t+1,0.7895436187205949,False,False,lagged
p06,Exercise_Distance,fatigue,0.1590577219321925,0.1852019348336095,71,t_to_t+1,0.8084957561264171,False,False,lagged
p06,Exercise_Distance,mood,0.1005419972677504,0.4041337433954525,71,t_to_t+1,0.9396469143985654,False,False,lagged
p06,Exercise_Distance,readiness,-0.2567567100100623,0.0306609591417936,71,t_to_t+1,0.613219182835872,True,False,lagged
p06,Exercise_Distance,sleep_quality,0.0538256171782865,0.6557303414049839,71,t_to_t+1,0.973569592924696,False,False,lagged
p06,Exercise_Distance,stress,-0.0619851018628078,0.6075881530746385,71,t_to_t+1,0.9580452904411608,False,False,lagged
p06,Exercise_Calories,fatigue,0.0219220781438291,0.8560051707157671,71,t_to_t+1,0.9835127913656734,False,False,lagged
p06,Exercise_Calories,mood,-0.0522576027355345,0.6651524716602792,71,t_to_t+1,0.973569592924696,False,False,lagged
p06,Exercise_Calories,readiness,-0.1938739344096896,0.1052267482630338,71,t_to_t+1,0.7641267356133813,False,False,lagged
p06,Exercise_Calories,sleep_quality,-0.0534084559053779,0.6582318950825822,71,t_to_t+1,0.973569592924696,False,False,lagged
p06,Exercise_Calories,stress,0.1052598884504293,0.3823236676323843,71,t_to_t+1,0.9303382253858244,False,False,lagged
p06,Exercise_Avg_HR,fatigue,0.1453207441890635,0.3352381231625083,46,t_to_t+1,0.917607070132456,False,False,lagged
p06,Exercise_Avg_HR,mood,0.2017727559579762,0.1787202587489513,46,t_to_t+1,0.7922650645572069,False,False,lagged
p06,Exercise_Avg_HR,readiness,-0.1799330593487094,0.2314718393534848,46,t_to_t+1,0.8529238693978868,False,False,lagged
p06,Exercise_Avg_HR,sleep_quality,0.0364605199362089,0.809894823443263,46,t_to_t+1,0.9835127913656734,False,False,lagged
p06,Exercise_Avg_HR,stress,-0.3865691012429304,0.0079608587302688,46,t_to_t+1,0.39451351086119846,True,False,lagged
p06,Sleep_Hours,fatigue,-0.031477202645973,0.7958826695145653,70,t_to_t+1,0.9835127913656734,False,False,lagged
p06,Sleep_Hours,mood,-0.0044231123035491,0.9710110545677684,70,t_to_t+1,0.9989313140462192,False,False,lagged
p06,Sleep_Hours,readiness,0.0620226398977889,0.6100047595818957,70,t_to_t+1,0.9580452904411608,False,False,lagged
p06,Sleep_Hours,sleep_quality,-0.1095810253726464,0.366506699892813,70,t_to_t+1,0.9283376245709605,False,False,lagged
p06,Sleep_Hours,stress,0.0335269344279658,0.7829066213152314,70,t_to_t+1,0.9835127913656734,False,False,lagged
p06,Sleep_Duration_Score,fatigue,0.0769401983890821,0.526683618701799,70,t_to_t+1,0.9580452904411608,False,False,lagged
p06,Sleep_Duration_Score,mood,0.1009233775309781,0.4058000527322196,70,t_to_t+1,0.9396469143985654,False,False,lagged
p06,Sleep_Duration_Score,readiness,0.2325949530944449,0.0526653912083407,70,t_to_t+1,0.688693392341825,False,False,lagged
p06,Sleep_Duration_Score,sleep_quality,-0.0766488540004196,0.5282548294046568,70,t_to_t+1,0.9580452904411608,False,False,lagged
p06,Sleep_Duration_Score,stress,0.1063764230019418,0.3807722306393347,70,t_to_t+1,0.9302957907665563,False,False,lagged
p06,Deep_Sleep_Minutes,fatigue,-0.1427511785728593,0.2384435561456205,70,t_to_t+1,0.8529238693978868,False,False,lagged
p06,Deep_Sleep_Minutes,mood,-0.0906676591797621,0.4553891423047331,70,t_to_t+1,0.9425275172830845,False,False,lagged
p06,Deep_Sleep_Minutes,readiness,0.0152481004551624,0.9002979753854164,70,t_to_t+1,0.9835127913656734,False,False,lagged
p06,Deep_Sleep_Minutes,sleep_quality,-0.142841877745969,0.2381422938739921,70,t_to_t+1,0.8529238693978868,False,False,lagged
p06,Deep_Sleep_Minutes,stress,-0.0636174656447435,0.6008290667143319,70,t_to_t+1,0.9580452904411608,False,False,lagged
p06,Sleep_Restlessness,fatigue,-0.2302130421683311,0.0552051860612145,70,t_to_t+1,0.688693392341825,False,False,lagged
p06,Sleep_Restlessness,mood,-0.1141092143138661,0.346913436720385,70,t_to_t+1,0.917607070132456,False,False,lagged
p06,Sleep_Restlessness,readiness,-0.1067040918114031,0.3792984738261965,70,t_to_t+1,0.9302957907665563,False,False,lagged
p06,Sleep_Restlessness,sleep_quality,-0.2796659395252551,0.0190414566113898,70,t_to_t+1,0.5806471261554614,True,False,lagged
p06,Sleep_Restlessness,stress,0.0335611853349556,0.7826902823268527,70,t_to_t+1,0.9835127913656734,False,False,lagged
p06,Sleep_Composition,fatigue,-0.0496174170909814,0.6833428233082822,70,t_to_t+1,0.9740705284594343,False,False,lagged
p06,Sleep_Composition,mood,0.0050064429878206,0.967189907656862,70,t_to_t+1,0.9985394004620664,False,False,lagged
p06,Sleep_Composition,readiness,-0.0917662991343172,0.4499226825369792,70,t_to_t+1,0.9425275172830845,False,False,lagged
p06,Sleep_Composition,sleep_quality,-0.0765951630988918,0.5285446372192166,70,t_to_t+1,0.9580452904411608,False,False,lagged
p06,Sleep_Composition,stress,-0.1346572748249239,0.2663923783634366,70,t_to_t+1,0.874417730505937,False,False,lagged
p06,Sleep_Revitalization,fatigue,-0.099633180242139,0.4118591497273534,70,t_to_t+1,0.9396469143985654,False,False,lagged
p06,Sleep_Revitalization,mood,0.1094149113237417,0.3672380600833269,70,t_to_t+1,0.9283376245709605,False,False,lagged
p06,Sleep_Revitalization,readiness,-0.270709227578618,0.023412410955641,70,t_to_t+1,0.6125005054959453,True,False,lagged
p06,Sleep_Revitalization,sleep_quality,-0.1688657495684889,0.162277819874801,70,t_to_t+1,0.7895436187205949,False,False,lagged
p06,Sleep_Revitalization,stress,-0.1714316813285494,0.1558979139337296,70,t_to_t+1,0.7895436187205949,False,False,lagged
p06,Sleep_Score,fatigue,-0.0376123651497425,0.7572219835835355,70,t_to_t+1,0.9822185609077535,False,False,lagged
p06,Sleep_Score,mood,0.1483200593225431,0.2204314332861595,70,t_to_t+1,0.8529238693978868,False,False,lagged
p06,Sleep_Score,readiness,-0.0702619015333595,0.5632751963580487,70,t_to_t+1,0.9580452904411608,False,False,lagged
p06,Sleep_Score,sleep_quality,-0.2010094668921802,0.095204118423807,70,t_to_t+1,0.7555616837580037,False,False,lagged
p06,Sleep_Score,stress,-0.1006368213955638,0.4071412769766915,70,t_to_t+1,0.9396469143985654,False,False,lagged
p07,Steps,fatigue,-0.0445692549454816,0.7397340718683967,58,t_to_t+1,0.9812191855948904,False,False,lagged
p07,Steps,mood,0.1081610734418069,0.418990687990733,58,t_to_t+1,0.9406161065704951,False,False,lagged
p07,Steps,readiness,0.2404584935916921,0.0690348841164664,58,t_to_t+1,0.7183663930407308,False,False,lagged
p07,Steps,sleep_quality,-0.0171529113767946,0.8983085801807712,58,t_to_t+1,0.9835127913656734,False,False,lagged
p07,Steps,stress,-0.0464349396908305,0.7292476451203695,58,t_to_t+1,0.9776147646145136,False,False,lagged
p07,Exercise_Count,fatigue,-0.066850177163098,0.6180673241672711,58,t_to_t+1,0.9580452904411608,False,False,lagged
p07,Exercise_Count,mood,0.1946917857075477,0.1430556884429948,58,t_to_t+1,0.7895436187205949,False,False,lagged
p07,Exercise_Count,readiness,0.1586379265769097,0.234282299617885,58,t_to_t+1,0.8529238693978868,False,False,lagged
p07,Exercise_Count,sleep_quality,0.1529772494573469,0.2516124280357013,58,t_to_t+1,0.8603773254450495,False,False,lagged
p07,Exercise_Count,stress,0.0204548822682109,0.8788679082913018,58,t_to_t+1,0.9835127913656734,False,False,lagged
p07,Exercise_Duration,fatigue,-0.0022075847733898,0.986878191208636,58,t_to_t+1,0.9989313140462192,False,False,lagged
p07,Exercise_Duration,mood,0.0795910737696831,0.5525817576699695,58,t_to_t+1,0.9580452904411608,False,False,lagged
p07,Exercise_Duration,readiness,-0.0018879698080238,0.9887778394856588,58,t_to_t+1,0.9989313140462192,False,False,lagged
p07,Exercise_Duration,sleep_quality,0.247904657711118,0.0606152394536666,58,t_to_t+1,0.7012730348760812,False,False,lagged
p07,Exercise_Duration,stress,-0.0475639267400274,0.7229256731273286,58,t_to_t+1,0.977541004543243,False,False,lagged
p07,Exercise_Distance,fatigue,-0.1323890210059729,0.3218488151307745,58,t_to_t+1,0.917607070132456,False,False,lagged
p07,Exercise_Distance,mood,-0.0761866997756416,0.5697517701856851,58,t_to_t+1,0.9580452904411608,False,False,lagged
p07,Exercise_Distance,readiness,0.1303925373807158,0.3292646776578307,58,t_to_t+1,0.917607070132456,False,False,lagged
p07,Exercise_Distance,sleep_quality,-0.076946786535248,0.5658968725221567,58,t_to_t+1,0.9580452904411608,False,False,lagged
p07,Exercise_Distance,stress,-0.168137912655502,0.2070821479561924,58,t_to_t+1,0.8468265462867115,False,False,lagged
p07,Exercise_Calories,fatigue,-0.0336549580608155,0.8019687224779531,58,t_to_t+1,0.9835127913656734,False,False,lagged
p07,Exercise_Calories,mood,0.0160814133684625,0.9046304753557234,58,t_to_t+1,0.9835127913656734,False,False,lagged
p07,Exercise_Calories,readiness,0.0488138236449557,0.7159480594351949,58,t_to_t+1,0.9754287609879244,False,False,lagged
p07,Exercise_Calories,sleep_quality,0.1423233547802813,0.2865394215488348,58,t_to_t+1,0.8903406261033548,False,False,lagged
p07,Exercise_Calories,stress,-0.134701013705381,0.3133946549585893,58,t_to_t+1,0.9031951253275593,False,False,lagged
p07,Exercise_Avg_HR,fatigue,-0.1975438883437581,0.164678468318531,51,t_to_t+1,0.7911926410834451,False,False,lagged
p07,Exercise_Avg_HR,mood,-0.304327509508803,0.0299128153846857,51,t_to_t+1,0.6125005054959453,True,False,lagged
p07,Exercise_Avg_HR,readiness,0.0447254235883393,0.7553133603972917,51,t_to_t+1,0.9812227944738231,False,False,lagged
p07,Exercise_Avg_HR,sleep_quality,-0.3216364934801891,0.0213617104604454,51,t_to_t+1,0.6123690331994348,True,False,lagged
p07,Exercise_Avg_HR,stress,-0.1373565517611964,0.3364668565115892,51,t_to_t+1,0.917607070132456,False,False,lagged
p07,Sleep_Hours,fatigue,0.0777086514964305,0.5620452272489329,58,t_to_t+1,0.9580452904411608,False,False,lagged
p07,Sleep_Hours,mood,-0.1101742658353613,0.4103331420854541,58,t_to_t+1,0.9396469143985654,False,False,lagged
p07,Sleep_Hours,readiness,-0.0721698079973454,0.590323698770038,58,t_to_t+1,0.9580452904411608,False,False,lagged
p07,Sleep_Hours,sleep_quality,-0.1412022874772422,0.2903913136178941,58,t_to_t+1,0.8903406261033548,False,False,lagged
p07,Sleep_Hours,stress,-0.0423906669397468,0.7520389497889897,58,t_to_t+1,0.9812191855948904,False,False,lagged
p07,Sleep_Duration_Score,fatigue,0.0450974625007884,0.7367603079054033,58,t_to_t+1,0.9808264160969764,False,False,lagged
p07,Sleep_Duration_Score,mood,0.182612370057731,0.1700547006698525,58,t_to_t+1,0.7922650645572069,False,False,lagged
p07,Sleep_Duration_Score,readiness,-0.0727394633530198,0.5873861319913555,58,t_to_t+1,0.9580452904411608,False,False,lagged
p07,Sleep_Duration_Score,sleep_quality,-0.0468009307264843,0.7271962243235761,58,t_to_t+1,0.9776147646145136,False,False,lagged
p07,Sleep_Duration_Score,stress,-0.1497626640834349,0.2618317381164839,58,t_to_t+1,0.8694026825489427,False,False,lagged
p07,Deep_Sleep_Minutes,fatigue,-0.0798213549603973,0.5514293125940974,58,t_to_t+1,0.9580452904411608,False,False,lagged
p07,Deep_Sleep_Minutes,mood,-0.0204409844377426,0.8789495925771841,58,t_to_t+1,0.9835127913656734,False,False,lagged
p07,Deep_Sleep_Minutes,readiness,-0.0858964744722181,0.5214484853226767,58,t_to_t+1,0.9580452904411608,False,False,lagged
p07,Deep_Sleep_Minutes,sleep_quality,0.0729255454181582,0.5864279828304915,58,t_to_t+1,0.9580452904411608,False,False,lagged
p07,Deep_Sleep_Minutes,stress,0.0146197258742282,0.9132639258580908,58,t_to_t+1,0.985568661386193,False,False,lagged
p07,Sleep_Restlessness,fatigue,-0.1505191987192572,0.2594019435878705,58,t_to_t+1,0.8681163914397453,False,False,lagged
p07,Sleep_Restlessness,mood,-0.0558842033087528,0.6769252993387072,58,t_to_t+1,0.9740705284594343,False,False,lagged
p07,Sleep_Restlessness,readiness,-0.078011446487001,0.5605178625898434,58,t_to_t+1,0.9580452904411608,False,False,lagged
p07,Sleep_Restlessness,sleep_quality,-0.026469970242877,0.8436432941946013,58,t_to_t+1,0.9835127913656734,False,False,lagged
p07,Sleep_Restlessness,stress,0.1167090602591448,0.3829531764960254,58,t_to_t+1,0.9303382253858244,False,False,lagged
p07,Sleep_Composition,fatigue,-0.2155025781682776,0.1042384362228899,58,t_to_t+1,0.7641267356133813,False,False,lagged
p07,Sleep_Composition,mood,0.2395144673036086,0.0701660197853737,58,t_to_t+1,0.7183663930407308,False,False,lagged
p07,Sleep_Composition,readiness,0.0656115973426181,0.6246056839929961,58,t_to_t+1,0.9592158718463868,False,False,lagged
p07,Sleep_Composition,sleep_quality,0.2901297865372788,0.0271593623004595,58,t_to_t+1,0.6125005054959453,True,False,lagged
p07,Sleep_Composition,stress,0.1577974665808993,0.2368019617929588,58,t_to_t+1,0.8529238693978868,False,False,lagged
p07,Sleep_Revitalization,fatigue,0.3571073710264181,0.0059265320605204,58,t_to_t+1,0.3185510982529715,True,False,lagged
p07,Sleep_Revitalization,mood,0.1030743571505919,0.4413255407390062,58,t_to_t+1,0.9425275172830845,False,False,lagged
p07,Sleep_Revitalization,readiness,0.1564818235280157,0.2407835082683516,58,t_to_t+1,0.8529238693978868,False,False,lagged
p07,Sleep_Revitalization,sleep_quality,-0.0528976282981679,0.6933130844846871,58,t_to_t+1,0.9740705284594343,False,False,lagged
p07,Sleep_Revitalization,stress,-0.0634130290294665,0.6362826029447244,58,t_to_t+1,0.967207922248437,False,False,lagged
p07,Sleep_Score,fatigue,0.0761415759706782,0.5699810052520644,58,t_to_t+1,0.9580452904411608,False,False,lagged
p07,Sleep_Score,mood,0.2538726243849115,0.0544822788568914,58,t_to_t+1,0.688693392341825,False,False,lagged
p07,Sleep_Score,readiness,0.0291021085266606,0.8283203972300672,58,t_to_t+1,0.9835127913656734,False,False,lagged
p07,Sleep_Score,sleep_quality,0.0579547808981337,0.6656499077206061,58,t_to_t+1,0.973569592924696,False,False,lagged
p07,Sleep_Score,stress,-0.0673923418176167,0.6152144771514338,58,t_to_t+1,0.9580452904411608,False,False,lagged
p08,Steps,fatigue,0.2279305979463686,0.187873422218738,35,t_to_t+1,0.8119873064823485,False,False,lagged
p08,Steps,mood,0.2660017233029572,0.1224644468041947,35,t_to_t+1,0.7702639636506637,False,False,lagged
p08,Steps,readiness,0.5053848991863724,0.0019565355173128,35,t_to_t+1,0.17558661093604458,True,False,lagged
p08,Steps,sleep_quality,-0.1383634419107044,0.4279732708936523,35,t_to_t+1,0.9419005433891928,False,False,lagged
p08,Steps,stress,0.1752272802878868,0.3140178400848142,35,t_to_t+1,0.9031951253275593,False,False,lagged
p08,Exercise_Count,fatigue,0.1588960400160788,0.3619198753145249,35,t_to_t+1,0.9235937470934463,False,False,lagged
p08,Exercise_Count,mood,0.0867460793200319,0.6202510562069019,35,t_to_t+1,0.9580452904411608,False,False,lagged
p08,Exercise_Count,readiness,0.2693942638203225,0.1175904582981609,35,t_to_t+1,0.7702639636506637,False,False,lagged
p08,Exercise_Count,sleep_quality,-0.0078247610561392,0.9644171164177284,35,t_to_t+1,0.9968734616817866,False,False,lagged
p08,Exercise_Count,stress,0.1092072794763926,0.5323075761283987,35,t_to_t+1,0.9580452904411608,False,False,lagged
p08,Exercise_Duration,fatigue,0.2660951591960011,0.1223282252495314,35,t_to_t+1,0.7702639636506637,False,False,lagged
p08,Exercise_Duration,mood,0.1529199109541134,0.3804839829909909,35,t_to_t+1,0.9302957907665563,False,False,lagged
p08,Exercise_Duration,readiness,0.3583562932740571,0.034528643238851,35,t_to_t+1,0.6266521389463884,True,False,lagged
p08,Exercise_Duration,sleep_quality,-0.0827375854459601,0.6365577720844364,35,t_to_t+1,0.967207922248437,False,False,lagged
p08,Exercise_Duration,stress,0.2351784890129814,0.1738396986171236,35,t_to_t+1,0.7922650645572069,False,False,lagged
p08,Exercise_Distance,fatigue,0.3086652812141064,0.0712140312567929,35,t_to_t+1,0.7205184338922577,False,False,lagged
p08,Exercise_Distance,mood,0.3260539081510592,0.0559387419791319,35,t_to_t+1,0.688693392341825,False,False,lagged
p08,Exercise_Distance,readiness,0.5068164932688296,0.0018901804999493,35,t_to_t+1,0.17558661093604458,True,False,lagged
p08,Exercise_Distance,sleep_quality,-0.0015116821544469,0.993123573848276,35,t_to_t+1,0.9989313140462192,False,False,lagged
p08,Exercise_Distance,stress,0.2602724913469795,0.1310348848354346,35,t_to_t+1,0.784489841838574,False,False,lagged
p08,Exercise_Calories,fatigue,0.2690007826930277,0.1181482017247672,35,t_to_t+1,0.7702639636506637,False,False,lagged
p08,Exercise_Calories,mood,0.2533974103636183,0.1418953804538295,35,t_to_t+1,0.7895436187205949,False,False,lagged
p08,Exercise_Calories,readiness,0.4001232966967983,0.0172354341259167,35,t_to_t+1,0.5700951287803216,True,False,lagged
p08,Exercise_Calories,sleep_quality,-0.0695041935566296,0.6915596783086405,35,t_to_t+1,0.9740705284594343,False,False,lagged
p08,Exercise_Calories,stress,0.2273061995480667,0.1891186437601703,35,t_to_t+1,0.8132101681687323,False,False,lagged
p08,Exercise_Avg_HR,fatigue,0.1496121344675123,0.4217956717440355,31,t_to_t+1,0.9407111610873838,False,False,lagged
p08,Exercise_Avg_HR,mood,0.2530658151302455,0.1695695036112558,31,t_to_t+1,0.7922650645572069,False,False,lagged
p08,Exercise_Avg_HR,readiness,0.3604603730865918,0.0463687620411286,31,t_to_t+1,0.6553292227325135,True,False,lagged
p08,Exercise_Avg_HR,sleep_quality,0.1306222396721559,0.4836794718247818,31,t_to_t+1,0.9542543266297336,False,False,lagged
p08,Exercise_Avg_HR,stress,0.0459402567371286,0.8061446733665049,31,t_to_t+1,0.9835127913656734,False,False,lagged
p08,Sleep_Hours,fatigue,-0.0309041191922092,0.8644392788032764,33,t_to_t+1,0.9835127913656734,False,False,lagged
p08,Sleep_Hours,mood,-0.0473270061627648,0.7936788596842114,33,t_to_t+1,0.9835127913656734,False,False,lagged
p08,Sleep_Hours,readiness,-0.0807848767816092,0.6549389129863444,33,t_to_t+1,0.973569592924696,False,False,lagged
p08,Sleep_Hours,sleep_quality,0.2847536204420549,0.1082379332002295,33,t_to_t+1,0.7702639636506637,False,False,lagged
p08,Sleep_Hours,stress,-0.1909988022505135,0.2869941014461925,33,t_to_t+1,0.8903406261033548,False,False,lagged
p08,Sleep_Duration_Score,fatigue,0.2882783300985275,0.1037520870838141,33,t_to_t+1,0.7641267356133813,False,False,lagged
p08,Sleep_Duration_Score,mood,0.0821994936526786,0.6492791583232398,33,t_to_t+1,0.973569592924696,False,False,lagged
p08,Sleep_Duration_Score,readiness,0.2867073193284777,0.1057338157418516,33,t_to_t+1,0.7641267356133813,False,False,lagged
p08,Sleep_Duration_Score,sleep_quality,0.3275890114755994,0.0627414695066827,33,t_to_t+1,0.7012730348760812,False,False,lagged
p08,Sleep_Duration_Score,stress,0.0777195951048304,0.6672673507975602,33,t_to_t+1,0.9740705284594343,False,False,lagged
p08,Deep_Sleep_Minutes,fatigue,0.2131206536387692,0.2337245876622749,33,t_to_t+1,0.8529238693978868,False,False,lagged
p08,Deep_Sleep_Minutes,mood,0.1833665270873719,0.3070468931036766,33,t_to_t+1,0.8981643811876255,False,False,lagged
p08,Deep_Sleep_Minutes,readiness,0.4045467278961137,0.0195352899378855,33,t_to_t+1,0.5806471261554614,True,False,lagged
p08,Deep_Sleep_Minutes,sleep_quality,0.1254702458906096,0.4865935479698234,33,t_to_t+1,0.9543095443353182,False,False,lagged
p08,Deep_Sleep_Minutes,stress,0.235069771566,0.187890086034869,33,t_to_t+1,0.8119873064823485,False,False,lagged
p08,Sleep_Restlessness,fatigue,-0.3922869475905662,0.0239459553907904,33,t_to_t+1,0.6125005054959453,True,False,lagged
p08,Sleep_Restlessness,mood,-0.1834168786296633,0.3069117806480663,33,t_to_t+1,0.8981643811876255,False,False,lagged
p08,Sleep_Restlessness,readiness,-0.5182214032412533,0.0020064271277362,33,t_to_t+1,0.17558661093604458,True,False,lagged
p08,Sleep_Restlessness,sleep_quality,-0.1427973620524505,0.4279212612404331,33,t_to_t+1,0.9419005433891928,False,False,lagged
p08,Sleep_Restlessness,stress,-0.3661412279039687,0.0361166081891528,33,t_to_t+1,0.6266521389463884,True,False,lagged
p08,Sleep_Composition,fatigue,0.0245789289577207,0.8920021187062819,33,t_to_t+1,0.9835127913656734,False,False,lagged
p08,Sleep_Composition,mood,0.0269824156727744,0.8815122256935859,33,t_to_t+1,0.9835127913656734,False,False,lagged
p08,Sleep_Composition,readiness,0.1694852143821264,0.3457201842972294,33,t_to_t+1,0.917607070132456,False,False,lagged
p08,Sleep_Composition,sleep_quality,-0.0178197234943475,0.9215931698592804,33,t_to_t+1,0.985568661386193,False,False,lagged
p08,Sleep_Composition,stress,0.1855408395401895,0.3012464881833588,33,t_to_t+1,0.8977051663658051,False,False,lagged
p08,Sleep_Revitalization,fatigue,0.1071823035189438,0.5527202339440327,33,t_to_t+1,0.9580452904411608,False,False,lagged
p08,Sleep_Revitalization,mood,0.1963145388262389,0.2735362700479344,33,t_to_t+1,0.8782984864491115,False,False,lagged
p08,Sleep_Revitalization,readiness,0.3680554746270267,0.0350824285546544,33,t_to_t+1,0.6266521389463884,True,False,lagged
p08,Sleep_Revitalization,sleep_quality,0.0159973587341707,0.929590629921392,33,t_to_t+1,0.985755785120095,False,False,lagged
p08,Sleep_Revitalization,stress,0.3536557046712663,0.0434831210157303,33,t_to_t+1,0.6521472501511212,True,False,lagged
p08,Sleep_Score,fatigue,0.2189806365387914,0.220812490560317,33,t_to_t+1,0.8529238693978868,False,False,lagged
p08,Sleep_Score,mood,0.1391442988413502,0.4399541155563447,33,t_to_t+1,0.9425275172830845,False,False,lagged
p08,Sleep_Score,readiness,0.3704886937661522,0.0338026839462845,33,t_to_t+1,0.6266521389463884,True,False,lagged
p08,Sleep_Score,sleep_quality,0.190664174917396,0.2878552442381676,33,t_to_t+1,0.8903406261033548,False,False,lagged
p08,Sleep_Score,stress,0.2483625317835275,0.163417167595658,33,t_to_t+1,0.7895436187205949,False,False,lagged
p09,Steps,fatigue,0.1275297964601128,0.4585668360461676,36,t_to_t+1,0.9425275172830845,False,False,lagged
p09,Steps,mood,0.1966040205372268,0.2504518050576525,36,t_to_t+1,0.8603773254450495,False,False,lagged
p09,Steps,readiness,0.0205031435007026,0.9055212491632172,36,t_to_t+1,0.9835127913656734,False,False,lagged
p09,Steps,sleep_quality,0.1947467267208487,0.255044652937906,36,t_to_t+1,0.8603773254450495,False,False,lagged
p09,Steps,stress,0.2001428915256328,0.2418541222166186,36,t_to_t+1,0.8529238693978868,False,False,lagged
p09,Exercise_Count,fatigue,0.0837825414368287,0.6271019385598389,36,t_to_t+1,0.9613327400382558,False,False,lagged
p09,Exercise_Count,mood,0.0358269217199776,0.8356649966365408,36,t_to_t+1,0.9835127913656734,False,False,lagged
p09,Exercise_Count,readiness,-0.0050932978605614,0.9764806330109974,36,t_to_t+1,0.9989313140462192,False,False,lagged
p09,Exercise_Count,sleep_quality,0.2281570908953219,0.1807786482682428,36,t_to_t+1,0.7966751262825504,False,False,lagged
p09,Exercise_Count,stress,0.1635903695103199,0.3404151920018382,36,t_to_t+1,0.917607070132456,False,False,lagged
p09,Exercise_Duration,fatigue,0.216111059960635,0.2055390358854277,36,t_to_t+1,0.8468265462867115,False,False,lagged
p09,Exercise_Duration,mood,0.0408663417170354,0.8129335138860005,36,t_to_t+1,0.9835127913656734,False,False,lagged
p09,Exercise_Duration,readiness,0.0230143817851053,0.8940111157611886,36,t_to_t+1,0.9835127913656734,False,False,lagged
p09,Exercise_Duration,sleep_quality,0.2916927794976796,0.0843197473785801,36,t_to_t+1,0.7555616837580037,False,False,lagged
p09,Exercise_Duration,stress,0.0918261911323959,0.5942824793657288,36,t_to_t+1,0.9580452904411608,False,False,lagged
p09,Exercise_Distance,fatigue,,,36,t_to_t+1,,False,False,lagged
p09,Exercise_Distance,mood,,,36,t_to_t+1,,False,False,lagged
p09,Exercise_Distance,readiness,,,36,t_to_t+1,,False,False,lagged
p09,Exercise_Distance,sleep_quality,,,36,t_to_t+1,,False,False,lagged
p09,Exercise_Distance,stress,,,36,t_to_t+1,,False,False,lagged
p09,Exercise_Calories,fatigue,0.2063292698843474,0.2273056306359068,36,t_to_t+1,0.8529238693978868,False,False,lagged
p09,Exercise_Calories,mood,0.0383299688852892,0.8243568234939892,36,t_to_t+1,0.9835127913656734,False,False,lagged
p09,Exercise_Calories,readiness,0.0082545841345392,0.9618913089342226,36,t_to_t+1,0.9968734616817866,False,False,lagged
p09,Exercise_Calories,sleep_quality,0.2851577266033317,0.0918404476091915,36,t_to_t+1,0.7555616837580037,False,False,lagged
p09,Exercise_Calories,stress,0.1086425856163657,0.5282225396882766,36,t_to_t+1,0.9580452904411608,False,False,lagged
p09,Exercise_Avg_HR,fatigue,-0.1162128599058805,0.719095156356214,12,t_to_t+1,0.9754287609879244,False,False,lagged
p09,Exercise_Avg_HR,mood,-0.0690382049976967,0.8311763829764283,12,t_to_t+1,0.9835127913656734,False,False,lagged
p09,Exercise_Avg_HR,readiness,-0.0814988741760383,0.80120198928052,12,t_to_t+1,0.9835127913656734,False,False,lagged
p09,Exercise_Avg_HR,sleep_quality,0.1458311118422523,0.6511022372614867,12,t_to_t+1,0.973569592924696,False,False,lagged
p09,Exercise_Avg_HR,stress,0.2177537414577239,0.4965876285506286,12,t_to_t+1,0.9580452904411608,False,False,lagged
p09,Sleep_Hours,fatigue,-0.1994792186002231,0.2737023190329789,32,t_to_t+1,0.8782984864491115,False,False,lagged
p09,Sleep_Hours,mood,-0.1937130568530013,0.288093983294204,32,t_to_t+1,0.8903406261033548,False,False,lagged
p09,Sleep_Hours,readiness,-0.3170426692643394,0.0770539557751407,32,t_to_t+1,0.7530272950752386,False,False,lagged
p09,Sleep_Hours,sleep_quality,-0.0304805212306618,0.8684701182021739,32,t_to_t+1,0.9835127913656734,False,False,lagged
p09,Sleep_Hours,stress,-0.1897594695931365,0.2982363425301548,32,t_to_t+1,0.8955723808750817,False,False,lagged
p09,Sleep_Duration_Score,fatigue,-0.2046617187015336,0.2611724767683921,32,t_to_t+1,0.8694026825489427,False,False,lagged
p09,Sleep_Duration_Score,mood,-0.2072270157834664,0.2551118813819624,32,t_to_t+1,0.8603773254450495,False,False,lagged
p09,Sleep_Duration_Score,readiness,-0.3869071595890668,0.028698966698828,32,t_to_t+1,0.6125005054959453,True,False,lagged
p09,Sleep_Duration_Score,sleep_quality,-0.3052581618403913,0.0893342760206841,32,t_to_t+1,0.7555616837580037,False,False,lagged
p09,Sleep_Duration_Score,stress,-0.0522175821091373,0.7765417367646974,32,t_to_t+1,0.9835127913656734,False,False,lagged
p09,Deep_Sleep_Minutes,fatigue,0.0805073427357569,0.6613781161033138,32,t_to_t+1,0.973569592924696,False,False,lagged
p09,Deep_Sleep_Minutes,mood,0.0676856157943104,0.7128160399016663,32,t_to_t+1,0.9754287609879244,False,False,lagged
p09,Deep_Sleep_Minutes,readiness,0.0129272957819653,0.94401762504313,32,t_to_t+1,0.9944195121499556,False,False,lagged
p09,Deep_Sleep_Minutes,sleep_quality,0.3377992123907123,0.0586426909169693,32,t_to_t+1,0.7004543637304667,False,False,lagged
p09,Deep_Sleep_Minutes,stress,-0.1751648012015526,0.3376091559702811,32,t_to_t+1,0.917607070132456,False,False,lagged
p09,Sleep_Restlessness,fatigue,-0.1517018214852264,0.4072032092361464,32,t_to_t+1,0.9396469143985654,False,False,lagged
p09,Sleep_Restlessness,mood,-0.3141406732411397,0.0799492823683927,32,t_to_t+1,0.7555616837580037,False,False,lagged
p09,Sleep_Restlessness,readiness,-0.0490928837488041,0.789605381209833,32,t_to_t+1,0.9835127913656734,False,False,lagged
p09,Sleep_Restlessness,sleep_quality,-0.0327167266990751,0.8589132058972988,32,t_to_t+1,0.9835127913656734,False,False,lagged
p09,Sleep_Restlessness,stress,-0.0487891745086561,0.7908781791734791,32,t_to_t+1,0.9835127913656734,False,False,lagged
p09,Sleep_Composition,fatigue,0.1116216927106873,0.543047362913193,32,t_to_t+1,0.9580452904411608,False,False,lagged
p09,Sleep_Composition,mood,0.2118250179379026,0.2444828739700674,32,t_to_t+1,0.8546962260742195,False,False,lagged
p09,Sleep_Composition,readiness,-0.1542080185708621,0.3994056237431161,32,t_to_t+1,0.9396469143985654,False,False,lagged
p09,Sleep_Composition,sleep_quality,0.1469486093015863,0.4222261723020118,32,t_to_t+1,0.9407111610873838,False,False,lagged
p09,Sleep_Composition,stress,0.1027212549535116,0.5758588944924015,32,t_to_t+1,0.9580452904411608,False,False,lagged
p09,Sleep_Revitalization,fatigue,-0.0768999302410343,0.675709676550556,32,t_to_t+1,0.9740705284594343,False,False,lagged
p09,Sleep_Revitalization,mood,-0.1706956065710924,0.3502713821705858,32,t_to_t+1,0.917607070132456,False,False,lagged
p09,Sleep_Revitalization,readiness,-0.3282095063707106,0.0666625909109832,32,t_to_t+1,0.7077756565857476,False,False,lagged
p09,Sleep_Revitalization,sleep_quality,-0.3584059125353868,0.0439820238474012,32,t_to_t+1,0.6521472501511212,True,False,lagged
p09,Sleep_Revitalization,stress,-0.1759760382383107,0.3353410624241565,32,t_to_t+1,0.917607070132456,False,False,lagged
p09,Sleep_Score,fatigue,-0.1432994969288016,0.433965556753477,32,t_to_t+1,0.9425275172830845,False,False,lagged
p09,Sleep_Score,mood,-0.1501878522965276,0.4119550801504759,32,t_to_t+1,0.9396469143985654,False,False,lagged
p09,Sleep_Score,readiness,-0.3967019902276302,0.0245799631428097,32,t_to_t+1,0.6125005054959453,True,False,lagged
p09,Sleep_Score,sleep_quality,-0.2847840310196988,0.1141526246737565,32,t_to_t+1,0.7702639636506637,False,False,lagged
p09,Sleep_Score,stress,-0.0641994140819449,0.7270305768711387,32,t_to_t+1,0.9776147646145136,False,False,lagged
p10,Steps,fatigue,-0.0740824490119508,0.6540022487259295,39,t_to_t+1,0.973569592924696,False,False,lagged
p10,Steps,mood,-0.0639449569645807,0.698948878445026,39,t_to_t+1,0.9742237203609763,False,False,lagged
p10,Steps,readiness,0.1203415794169375,0.4655492174713239,39,t_to_t+1,0.9446256946666968,False,False,lagged
p10,Steps,sleep_quality,0.3084690941372536,0.0560564389115439,39,t_to_t+1,0.688693392341825,False,False,lagged
p10,Steps,stress,0.2328340619665652,0.1537441978337485,39,t_to_t+1,0.7895436187205949,False,False,lagged
p10,Exercise_Count,fatigue,-0.1086721159451765,0.5101967812000091,39,t_to_t+1,0.9580452904411608,False,False,lagged
p10,Exercise_Count,mood,-0.3325095592800017,0.0386192597257658,39,t_to_t+1,0.6266521389463884,True,False,lagged
p10,Exercise_Count,readiness,-0.1163966119594842,0.4804053007439577,39,t_to_t+1,0.9542543266297336,False,False,lagged
p10,Exercise_Count,sleep_quality,0.1539719657654963,0.349341613610293,39,t_to_t+1,0.917607070132456,False,False,lagged
p10,Exercise_Count,stress,-0.1914526973911464,0.2429841255842817,39,t_to_t+1,0.8529238693978868,False,False,lagged
p10,Exercise_Duration,fatigue,-0.0010280925423367,0.9950439418951992,39,t_to_t+1,0.9996936799414384,False,False,lagged
p10,Exercise_Duration,mood,-0.1553769810666505,0.3449080824208571,39,t_to_t+1,0.917607070132456,False,False,lagged
p10,Exercise_Duration,readiness,0.1008746181796345,0.5411813722864669,39,t_to_t+1,0.9580452904411608,False,False,lagged
p10,Exercise_Duration,sleep_quality,0.410532421269933,0.0094338396543203,39,t_to_t+1,0.39451351086119846,True,False,lagged
p10,Exercise_Duration,stress,0.0139422389063444,0.9328652897820908,39,t_to_t+1,0.9867947714792105,False,False,lagged
p10,Exercise_Distance,fatigue,-0.330660034827881,0.0397805465614412,39,t_to_t+1,0.6277706780052826,True,False,lagged
p10,Exercise_Distance,mood,0.0047413410978662,0.9771465848122904,39,t_to_t+1,0.9989313140462192,False,False,lagged
p10,Exercise_Distance,readiness,-0.2464249472627394,0.1304616632631706,39,t_to_t+1,0.784489841838574,False,False,lagged
p10,Exercise_Distance,sleep_quality,-0.0667729461081206,0.6863002216727669,39,t_to_t+1,0.9740705284594343,False,False,lagged
p10,Exercise_Distance,stress,-0.0569005157564993,0.7308001994178808,39,t_to_t+1,0.9776147646145136,False,False,lagged
p10,Exercise_Calories,fatigue,-0.1237924375156084,0.4527573788110186,39,t_to_t+1,0.9425275172830845,False,False,lagged
p10,Exercise_Calories,mood,-0.2212312161967738,0.1759029303843708,39,t_to_t+1,0.7922650645572069,False,False,lagged
p10,Exercise_Calories,readiness,-0.0654768015953694,0.692087239790597,39,t_to_t+1,0.9740705284594343,False,False,lagged
p10,Exercise_Calories,sleep_quality,0.3343791428011342,0.0374735952880847,39,t_to_t+1,0.6266521389463884,True,False,lagged
p10,Exercise_Calories,stress,-0.0892939612096997,0.5887975457494362,39,t_to_t+1,0.9580452904411608,False,False,lagged
p10,Exercise_Avg_HR,fatigue,-0.2228131249108272,0.2544274758319408,28,t_to_t+1,0.8603773254450495,False,False,lagged
p10,Exercise_Avg_HR,mood,0.0271897614092647,0.8907618794809733,28,t_to_t+1,0.9835127913656734,False,False,lagged
p10,Exercise_Avg_HR,readiness,-0.3210383468717642,0.09576305061584,28,t_to_t+1,0.7555616837580037,False,False,lagged
p10,Exercise_Avg_HR,sleep_quality,-0.0640831342121858,0.745961402618508,28,t_to_t+1,0.9812191855948904,False,False,lagged
p10,Exercise_Avg_HR,stress,-0.1319053215938739,0.5034393392711622,28,t_to_t+1,0.9580452904411608,False,False,lagged
p10,Sleep_Hours,fatigue,0.1685545499359685,0.3484141611381531,33,t_to_t+1,0.917607070132456,False,False,lagged
p10,Sleep_Hours,mood,0.32657949856633,0.0636038333957376,33,t_to_t+1,0.7012730348760812,False,False,lagged
p10,Sleep_Hours,readiness,-0.0996582009717176,0.5810886949726323,33,t_to_t+1,0.9580452904411608,False,False,lagged
p10,Sleep_Hours,sleep_quality,0.4422308027656682,0.0099700510129891,33,t_to_t+1,0.39451351086119846,True,False,lagged
p10,Sleep_Hours,stress,0.1651439529403709,0.3583947016658455,33,t_to_t+1,0.920412433332209,False,False,lagged
p10,Sleep_Duration_Score,fatigue,-0.2383804327107898,0.1815678194783487,33,t_to_t+1,0.7966751262825504,False,False,lagged
p10,Sleep_Duration_Score,mood,-0.1470642256210879,0.4141002099500654,33,t_to_t+1,0.9396469143985654,False,False,lagged
p10,Sleep_Duration_Score,readiness,-0.2174178821566385,0.2242073301777459,33,t_to_t+1,0.8529238693978868,False,False,lagged
p10,Sleep_Duration_Score,sleep_quality,0.0254234746448189,0.8883140031699784,33,t_to_t+1,0.9835127913656734,False,False,lagged
p10,Sleep_Duration_Score,stress,-0.0651725631345897,0.7185962099426975,33,t_to_t+1,0.9754287609879244,False,False,lagged
p10,Deep_Sleep_Minutes,fatigue,0.1532706043937094,0.3944521814070734,33,t_to_t+1,0.9396469143985654,False,False,lagged
p10,Deep_Sleep_Minutes,mood,0.2407776896208848,0.1770845369330542,33,t_to_t+1,0.7922650645572069,False,False,lagged
p10,Deep_Sleep_Minutes,readiness,-0.168965561097274,0.347222855135181,33,t_to_t+1,0.917607070132456,False,False,lagged
p10,Deep_Sleep_Minutes,sleep_quality,0.1064894504378075,0.5553052922011834,33,t_to_t+1,0.9580452904411608,False,False,lagged
p10,Deep_Sleep_Minutes,stress,0.0379143823265721,0.8340746410977,33,t_to_t+1,0.9835127913656734,False,False,lagged
p10,Sleep_Restlessness,fatigue,-0.1113704174838641,0.5372149032334234,33,t_to_t+1,0.9580452904411608,False,False,lagged
p10,Sleep_Restlessness,mood,-0.1152391842220045,0.5230791522125191,33,t_to_t+1,0.9580452904411608,False,False,lagged
p10,Sleep_Restlessness,readiness,0.0407667705839231,0.8217841292935496,33,t_to_t+1,0.9835127913656734,False,False,lagged
p10,Sleep_Restlessness,sleep_quality,-0.0322911424215484,0.8584149108216641,33,t_to_t+1,0.9835127913656734,False,False,lagged
p10,Sleep_Restlessness,stress,-0.1544979768411368,0.3906311596644535,33,t_to_t+1,0.9385438390659825,False,False,lagged
p10,Sleep_Composition,fatigue,-0.0359218486924483,0.8426832720598022,33,t_to_t+1,0.9835127913656734,False,False,lagged
p10,Sleep_Composition,mood,0.0262114343380784,0.8848750676359269,33,t_to_t+1,0.9835127913656734,False,False,lagged
p10,Sleep_Composition,readiness,-0.2199233436983293,0.2187816357563171,33,t_to_t+1,0.8529238693978868,False,False,lagged
p10,Sleep_Composition,sleep_quality,0.0283911543501604,0.8753729168174201,33,t_to_t+1,0.9835127913656734,False,False,lagged
p10,Sleep_Composition,stress,-0.0363900750231793,0.8406586808471489,33,t_to_t+1,0.9835127913656734,False,False,lagged
p10,Sleep_Revitalization,fatigue,-0.2560833353092613,0.1502985057660303,33,t_to_t+1,0.7895436187205949,False,False,lagged
p10,Sleep_Revitalization,mood,-0.2896633816897314,0.1020283185589814,33,t_to_t+1,0.7641267356133813,False,False,lagged
p10,Sleep_Revitalization,readiness,-0.1014590786454612,0.5742401278392701,33,t_to_t+1,0.9580452904411608,False,False,lagged
p10,Sleep_Revitalization,sleep_quality,-0.3137515358018933,0.0753916959496469,33,t_to_t+1,0.7465214576656474,False,False,lagged
p10,Sleep_Revitalization,stress,-0.3455958160258288,0.0488474742068554,33,t_to_t+1,0.6668067907602483,True,False,lagged
p10,Sleep_Score,fatigue,-0.2909253574994388,0.1004766684659236,33,t_to_t+1,0.7641267356133813,False,False,lagged
p10,Sleep_Score,mood,-0.2277642153130457,0.202383773489931,33,t_to_t+1,0.844903132045343,False,False,lagged
p10,Sleep_Score,readiness,-0.2494230387877428,0.1615682141176816,33,t_to_t+1,0.7895436187205949,False,False,lagged
p10,Sleep_Score,sleep_quality,-0.1176635239940202,0.5143146030512264,33,t_to_t+1,0.9580452904411608,False,False,lagged
p10,Sleep_Score,stress,-0.210570535488814,0.2394992958311099,33,t_to_t+1,0.8529238693978868,False,False,lagged
p11,Steps,fatigue,-0.149875491477206,0.2988712480362192,50,t_to_t+1,0.8955723808750817,False,False,lagged
p11,Steps,mood,0.0680100297452914,0.6388665768237685,50,t_to_t+1,0.9690039789566859,False,False,lagged
p11,Steps,readiness,-0.0647188478515682,0.6552179180034325,50,t_to_t+1,0.973569592924696,False,False,lagged
p11,Steps,sleep_quality,-0.032254132209506,0.8240333576974174,50,t_to_t+1,0.9835127913656734,False,False,lagged
p11,Steps,stress,0.2130485920658022,0.1374135623127695,50,t_to_t+1,0.7878377572598784,False,False,lagged
p11,Exercise_Count,fatigue,0.1468478782348492,0.3088500542561571,50,t_to_t+1,0.9003764293569325,False,False,lagged
p11,Exercise_Count,mood,0.1101622371092963,0.4463078846961632,50,t_to_t+1,0.9425275172830845,False,False,lagged
p11,Exercise_Count,readiness,0.053308006941769,0.7131177161617471,50,t_to_t+1,0.9754287609879244,False,False,lagged
p11,Exercise_Count,sleep_quality,-0.0015641696952637,0.99139849166441,50,t_to_t+1,0.9989313140462192,False,False,lagged
p11,Exercise_Count,stress,0.1490196435274948,0.3016706896275787,50,t_to_t+1,0.8977051663658051,False,False,lagged
p11,Exercise_Duration,fatigue,0.0758774897668677,0.6004730237358069,50,t_to_t+1,0.9580452904411608,False,False,lagged
p11,Exercise_Duration,mood,0.079389270931217,0.5836681650780426,50,t_to_t+1,0.9580452904411608,False,False,lagged
p11,Exercise_Duration,readiness,0.089924788990532,0.5345721930720094,50,t_to_t+1,0.9580452904411608,False,False,lagged
p11,Exercise_Duration,sleep_quality,-0.0171258405139003,0.9060330716958158,50,t_to_t+1,0.9835127913656734,False,False,lagged
p11,Exercise_Duration,stress,0.1073921623644961,0.4578927384593764,50,t_to_t+1,0.9425275172830845,False,False,lagged
p11,Exercise_Distance,fatigue,-0.2159963436358881,0.1319282336883974,50,t_to_t+1,0.784489841838574,False,False,lagged
p11,Exercise_Distance,mood,0.0399411524651466,0.7830142469511064,50,t_to_t+1,0.9835127913656734,False,False,lagged
p11,Exercise_Distance,readiness,0.0188108220734938,0.8968356476538084,50,t_to_t+1,0.9835127913656734,False,False,lagged
p11,Exercise_Distance,sleep_quality,0.1321717872183406,0.3602021123992082,50,t_to_t+1,0.9219458829265448,False,False,lagged
p11,Exercise_Distance,stress,0.0540295518556712,0.7094045077361374,50,t_to_t+1,0.9754287609879244,False,False,lagged
p11,Exercise_Calories,fatigue,0.1110049552341272,0.4428158551165024,50,t_to_t+1,0.9425275172830845,False,False,lagged
p11,Exercise_Calories,mood,0.087405469539583,0.5461264381937404,50,t_to_t+1,0.9580452904411608,False,False,lagged
p11,Exercise_Calories,readiness,0.0720374173214487,0.6190871796207102,50,t_to_t+1,0.9580452904411608,False,False,lagged
p11,Exercise_Calories,sleep_quality,-0.0550836011379774,0.7039921824975576,50,t_to_t+1,0.9754287609879244,False,False,lagged
p11,Exercise_Calories,stress,0.1182359060139566,0.4134815757133383,50,t_to_t+1,0.9396469143985654,False,False,lagged
p11,Exercise_Avg_HR,fatigue,0.1282857186363018,0.5596603838394553,23,t_to_t+1,0.9580452904411608,False,False,lagged
p11,Exercise_Avg_HR,mood,,,23,t_to_t+1,,False,False,lagged
p11,Exercise_Avg_HR,readiness,-0.0490548096913237,0.8241018072301378,23,t_to_t+1,0.9835127913656734,False,False,lagged
p11,Exercise_Avg_HR,sleep_quality,-0.1845213957720492,0.3993086465445012,23,t_to_t+1,0.9396469143985654,False,False,lagged
p11,Exercise_Avg_HR,stress,,,23,t_to_t+1,,False,False,lagged
p11,Sleep_Hours,fatigue,0.0457147421895319,0.752578728737906,50,t_to_t+1,0.9812191855948904,False,False,lagged
p11,Sleep_Hours,mood,-0.0642769211373452,0.6574259699052726,50,t_to_t+1,0.973569592924696,False,False,lagged
p11,Sleep_Hours,readiness,-0.3177134256984331,0.0245534339312145,50,t_to_t+1,0.6125005054959453,True,False,lagged
p11,Sleep_Hours,sleep_quality,-0.0179238588150273,0.9016755155186074,50,t_to_t+1,0.9835127913656734,False,False,lagged
p11,Sleep_Hours,stress,-0.2295486663765867,0.1088033743929507,50,t_to_t+1,0.7702639636506637,False,False,lagged
p11,Sleep_Duration_Score,fatigue,-0.0505115463339982,0.7275704339305898,50,t_to_t+1,0.9776147646145136,False,False,lagged
p11,Sleep_Duration_Score,mood,-0.1717676272269744,0.232967419225709,50,t_to_t+1,0.8529238693978868,False,False,lagged
p11,Sleep_Duration_Score,readiness,-0.0692642354002858,0.6326793257141066,50,t_to_t+1,0.9647237945286021,False,False,lagged
p11,Sleep_Duration_Score,sleep_quality,0.0545051091433134,0.7069608419886333,50,t_to_t+1,0.9754287609879244,False,False,lagged
p11,Sleep_Duration_Score,stress,0.0069619486467939,0.9617291287356802,50,t_to_t+1,0.9968734616817866,False,False,lagged
p11,Deep_Sleep_Minutes,fatigue,0.0388395502835163,0.788859618531067,50,t_to_t+1,0.9835127913656734,False,False,lagged
p11,Deep_Sleep_Minutes,mood,-0.0272240587671508,0.8511362003297962,50,t_to_t+1,0.9835127913656734,False,False,lagged
p11,Deep_Sleep_Minutes,readiness,-0.2406885272358016,0.0922336875715744,50,t_to_t+1,0.7555616837580037,False,False,lagged
p11,Deep_Sleep_Minutes,sleep_quality,-0.1030035326931627,0.476576390121699,50,t_to_t+1,0.9542543266297336,False,False,lagged
p11,Deep_Sleep_Minutes,stress,-0.2143051883093369,0.135054763052972,50,t_to_t+1,0.7847776771997022,False,False,lagged
p11,Sleep_Restlessness,fatigue,-0.102204401133941,0.4800214906475425,50,t_to_t+1,0.9542543266297336,False,False,lagged
p11,Sleep_Restlessness,mood,-0.224803287476919,0.1165178940743041,50,t_to_t+1,0.7702639636506637,False,False,lagged
p11,Sleep_Restlessness,readiness,-0.0130611322977,0.9282681578172284,50,t_to_t+1,0.985568661386193,False,False,lagged
p11,Sleep_Restlessness,sleep_quality,-0.1342958423052848,0.3524653716785278,50,t_to_t+1,0.9185461201319209,False,False,lagged
p11,Sleep_Restlessness,stress,-0.0567268436245215,0.695583443605925,50,t_to_t+1,0.9740705284594343,False,False,lagged
p11,Sleep_Composition,fatigue,-0.0032186021744937,0.9823016939031984,50,t_to_t+1,0.9989313140462192,False,False,lagged
p11,Sleep_Composition,mood,-0.0201684161644449,0.8894349542198293,50,t_to_t+1,0.9835127913656734,False,False,lagged
p11,Sleep_Composition,readiness,0.128992798926624,0.3719725059310299,50,t_to_t+1,0.9283376245709605,False,False,lagged
p11,Sleep_Composition,sleep_quality,0.0754576949600787,0.6024959494034448,50,t_to_t+1,0.9580452904411608,False,False,lagged
p11,Sleep_Composition,stress,-0.1125398988627681,0.4364944461922218,50,t_to_t+1,0.9425275172830845,False,False,lagged
p11,Sleep_Revitalization,fatigue,0.0344929782158802,0.8120331847212793,50,t_to_t+1,0.9835127913656734,False,False,lagged
p11,Sleep_Revitalization,mood,0.1207841290044244,0.4034159770082085,50,t_to_t+1,0.9396469143985654,False,False,lagged
p11,Sleep_Revitalization,readiness,-0.1195327287270872,0.4083411902413907,50,t_to_t+1,0.9396469143985654,False,False,lagged
p11,Sleep_Revitalization,sleep_quality,0.0199480140461027,0.8906358214844692,50,t_to_t+1,0.9835127913656734,False,False,lagged
p11,Sleep_Revitalization,stress,-0.1519223463689251,0.292244395825776,50,t_to_t+1,0.8903406261033548,False,False,lagged
p11,Sleep_Score,fatigue,-0.0161343752717593,0.9114507435497008,50,t_to_t+1,0.985568661386193,False,False,lagged
p11,Sleep_Score,mood,-0.0575231412526353,0.6915215873495871,50,t_to_t+1,0.9740705284594343,False,False,lagged
p11,Sleep_Score,readiness,-0.0368732773170237,0.7993216114974339,50,t_to_t+1,0.9835127913656734,False,False,lagged
p11,Sleep_Score,sleep_quality,0.0767175575953816,0.5964338258150601,50,t_to_t+1,0.9580452904411608,False,False,lagged
p11,Sleep_Score,stress,-0.1171128207620451,0.4179631182725367,50,t_to_t+1,0.9406161065704951,False,False,lagged
p12,Steps,fatigue,-0.1516764691711868,0.5004299366998207,22,t_to_t+1,0.9580452904411608,False,False,lagged
p12,Steps,mood,-0.1161478049121749,0.606742218397073,22,t_to_t+1,0.9580452904411608,False,False,lagged
p12,Steps,readiness,-0.1755801376340611,0.4344656952928012,22,t_to_t+1,0.9425275172830845,False,False,lagged
p12,Steps,sleep_quality,-0.1163094514773517,0.6062382156751682,22,t_to_t+1,0.9580452904411608,False,False,lagged
p12,Steps,stress,-0.2216330176143439,0.3215535860867247,22,t_to_t+1,0.917607070132456,False,False,lagged
p12,Exercise_Count,fatigue,0.0788874921708453,0.7204995097591559,23,t_to_t+1,0.9757946116423214,False,False,lagged
p12,Exercise_Count,mood,-0.1249363885627857,0.5700395566229769,23,t_to_t+1,0.9580452904411608,False,False,lagged
p12,Exercise_Count,readiness,0.1251078240154956,0.5695062408630375,23,t_to_t+1,0.9580452904411608,False,False,lagged
p12,Exercise_Count,sleep_quality,0.1132777930888471,0.6068136646164525,23,t_to_t+1,0.9580452904411608,False,False,lagged
p12,Exercise_Count,stress,-0.1095463000266543,0.6187873477632111,23,t_to_t+1,0.9580452904411608,False,False,lagged
p12,Exercise_Duration,fatigue,0.049873024050571,0.821213512624659,23,t_to_t+1,0.9835127913656734,False,False,lagged
p12,Exercise_Duration,mood,-0.0878758821557966,0.6901078835516876,23,t_to_t+1,0.9740705284594343,False,False,lagged
p12,Exercise_Duration,readiness,0.0562811330452915,0.7986732799431361,23,t_to_t+1,0.9835127913656734,False,False,lagged
p12,Exercise_Duration,sleep_quality,0.1519417624662917,0.4888834959510932,23,t_to_t+1,0.9555450148135003,False,False,lagged
p12,Exercise_Duration,stress,-0.0210997564856571,0.9238715611753886,23,t_to_t+1,0.985568661386193,False,False,lagged
p12,Exercise_Distance,fatigue,,,23,t_to_t+1,,False,False,lagged
p12,Exercise_Distance,mood,,,23,t_to_t+1,,False,False,lagged
p12,Exercise_Distance,readiness,,,23,t_to_t+1,,False,False,lagged
p12,Exercise_Distance,sleep_quality,,,23,t_to_t+1,,False,False,lagged
p12,Exercise_Distance,stress,,,23,t_to_t+1,,False,False,lagged
p12,Exercise_Calories,fatigue,0.0057444887971015,0.97924668438802,23,t_to_t+1,0.9989313140462192,False,False,lagged
p12,Exercise_Calories,mood,-0.1401958650824553,0.5234580106560486,23,t_to_t+1,0.9580452904411608,False,False,lagged
p12,Exercise_Calories,readiness,0.0296022523965394,0.8933398654920035,23,t_to_t+1,0.9835127913656734,False,False,lagged
p12,Exercise_Calories,sleep_quality,0.0939424236185449,0.6698510072264572,23,t_to_t+1,0.9740705284594343,False,False,lagged
p12,Exercise_Calories,stress,-0.075201463585461,0.7330850790768279,23,t_to_t+1,0.9776147646145136,False,False,lagged
p12,Exercise_Avg_HR,fatigue,-0.0082682044083565,0.9786131802138944,13,t_to_t+1,0.9989313140462192,False,False,lagged
p12,Exercise_Avg_HR,mood,-0.2344097991536109,0.4407948285969601,13,t_to_t+1,0.9425275172830845,False,False,lagged
p12,Exercise_Avg_HR,readiness,-0.01507361505651,0.9610193611388322,13,t_to_t+1,0.9968734616817866,False,False,lagged
p12,Exercise_Avg_HR,sleep_quality,-0.4153943339413929,0.1580764896569212,13,t_to_t+1,0.7895436187205949,False,False,lagged
p12,Exercise_Avg_HR,stress,-0.0755566164543296,0.8062063772030884,13,t_to_t+1,0.9835127913656734,False,False,lagged
p12,Sleep_Hours,fatigue,,,0,t_to_t+1,,False,False,lagged
p12,Sleep_Hours,mood,,,0,t_to_t+1,,False,False,lagged
p12,Sleep_Hours,readiness,,,0,t_to_t+1,,False,False,lagged
p12,Sleep_Hours,sleep_quality,,,0,t_to_t+1,,False,False,lagged
p12,Sleep_Hours,stress,,,0,t_to_t+1,,False,False,lagged
p12,Sleep_Duration_Score,fatigue,,,0,t_to_t+1,,False,False,lagged
p12,Sleep_Duration_Score,mood,,,0,t_to_t+1,,False,False,lagged
p12,Sleep_Duration_Score,readiness,,,0,t_to_t+1,,False,False,lagged
p12,Sleep_Duration_Score,sleep_quality,,,0,t_to_t+1,,False,False,lagged
p12,Sleep_Duration_Score,stress,,,0,t_to_t+1,,False,False,lagged
p12,Deep_Sleep_Minutes,fatigue,,,0,t_to_t+1,,False,False,lagged
p12,Deep_Sleep_Minutes,mood,,,0,t_to_t+1,,False,False,lagged
p12,Deep_Sleep_Minutes,readiness,,,0,t_to_t+1,,False,False,lagged
p12,Deep_Sleep_Minutes,sleep_quality,,,0,t_to_t+1,,False,False,lagged
p12,Deep_Sleep_Minutes,stress,,,0,t_to_t+1,,False,False,lagged
p12,Sleep_Restlessness,fatigue,,,0,t_to_t+1,,False,False,lagged
p12,Sleep_Restlessness,mood,,,0,t_to_t+1,,False,False,lagged
p12,Sleep_Restlessness,readiness,,,0,t_to_t+1,,False,False,lagged
p12,Sleep_Restlessness,sleep_quality,,,0,t_to_t+1,,False,False,lagged
p12,Sleep_Restlessness,stress,,,0,t_to_t+1,,False,False,lagged
p12,Sleep_Composition,fatigue,,,0,t_to_t+1,,False,False,lagged
p12,Sleep_Composition,mood,,,0,t_to_t+1,,False,False,lagged
p12,Sleep_Composition,readiness,,,0,t_to_t+1,,False,False,lagged
p12,Sleep_Composition,sleep_quality,,,0,t_to_t+1,,False,False,lagged
p12,Sleep_Composition,stress,,,0,t_to_t+1,,False,False,lagged
p12,Sleep_Revitalization,fatigue,,,0,t_to_t+1,,False,False,lagged
p12,Sleep_Revitalization,mood,,,0,t_to_t+1,,False,False,lagged
p12,Sleep_Revitalization,readiness,,,0,t_to_t+1,,False,False,lagged
p12,Sleep_Revitalization,sleep_quality,,,0,t_to_t+1,,False,False,lagged
p12,Sleep_Revitalization,stress,,,0,t_to_t+1,,False,False,lagged
p12,Sleep_Score,fatigue,,,0,t_to_t+1,,False,False,lagged
p12,Sleep_Score,mood,,,0,t_to_t+1,,False,False,lagged
p12,Sleep_Score,readiness,,,0,t_to_t+1,,False,False,lagged
p12,Sleep_Score,sleep_quality,,,0,t_to_t+1,,False,False,lagged
p12,Sleep_Score,stress,,,0,t_to_t+1,,False,False,lagged
p13,Steps,fatigue,,,8,t_to_t+1,,False,False,lagged
p13,Steps,mood,,,8,t_to_t+1,,False,False,lagged
p13,Steps,readiness,,,8,t_to_t+1,,False,False,lagged
p13,Steps,sleep_quality,,,8,t_to_t+1,,False,False,lagged
p13,Steps,stress,,,8,t_to_t+1,,False,False,lagged
p13,Exercise_Count,fatigue,0.0716041437657755,0.8342839303830626,11,t_to_t+1,0.9835127913656734,False,False,lagged
p13,Exercise_Count,mood,0.2734830171373094,0.4157999933387173,11,t_to_t+1,0.9406161065704951,False,False,lagged
p13,Exercise_Count,readiness,0.0498444786279226,0.8842873595770875,11,t_to_t+1,0.9835127913656734,False,False,lagged
p13,Exercise_Count,sleep_quality,0.0804361815109733,0.8141344673018893,11,t_to_t+1,0.9835127913656734,False,False,lagged
p13,Exercise_Count,stress,-0.0804361815109733,0.8141344673018893,11,t_to_t+1,0.9835127913656734,False,False,lagged
p13,Exercise_Duration,fatigue,0.2232153711299402,0.5094082986430604,11,t_to_t+1,0.9580452904411608,False,False,lagged
p13,Exercise_Duration,mood,0.4462575539022793,0.1688718907192886,11,t_to_t+1,0.7922650645572069,False,False,lagged
p13,Exercise_Duration,readiness,0.3127365056595615,0.349082003097283,11,t_to_t+1,0.917607070132456,False,False,lagged
p13,Exercise_Duration,sleep_quality,0.2507479478698668,0.4570553345917798,11,t_to_t+1,0.9425275172830845,False,False,lagged
p13,Exercise_Duration,stress,0.2571088881992186,0.4453272759293662,11,t_to_t+1,0.9425275172830845,False,False,lagged
p13,Exercise_Distance,fatigue,,,11,t_to_t+1,,False,False,lagged
p13,Exercise_Distance,mood,,,11,t_to_t+1,,False,False,lagged
p13,Exercise_Distance,readiness,,,11,t_to_t+1,,False,False,lagged
p13,Exercise_Distance,sleep_quality,,,11,t_to_t+1,,False,False,lagged
p13,Exercise_Distance,stress,,,11,t_to_t+1,,False,False,lagged
p13,Exercise_Calories,fatigue,0.2372566162321321,0.4823923774813392,11,t_to_t+1,0.9542543266297336,False,False,lagged
p13,Exercise_Calories,mood,0.4554959271658008,0.1591629343471947,11,t_to_t+1,0.7895436187205949,False,False,lagged
p13,Exercise_Calories,readiness,0.3397031062335541,0.3067396803810536,11,t_to_t+1,0.8981643811876255,False,False,lagged
p13,Exercise_Calories,sleep_quality,0.2665211151794913,0.4282361772850865,11,t_to_t+1,0.9419005433891928,False,False,lagged
p13,Exercise_Calories,stress,0.2968237153760957,0.3754185868475336,11,t_to_t+1,0.9283376245709605,False,False,lagged
p13,Exercise_Avg_HR,fatigue,,,2,t_to_t+1,,False,False,lagged
p13,Exercise_Avg_HR,mood,,,2,t_to_t+1,,False,False,lagged
p13,Exercise_Avg_HR,readiness,,,2,t_to_t+1,,False,False,lagged
p13,Exercise_Avg_HR,sleep_quality,,,2,t_to_t+1,,False,False,lagged
p13,Exercise_Avg_HR,stress,,,2,t_to_t+1,,False,False,lagged
p13,Sleep_Hours,fatigue,,,3,t_to_t+1,,False,False,lagged
p13,Sleep_Hours,mood,,,3,t_to_t+1,,False,False,lagged
p13,Sleep_Hours,readiness,,,3,t_to_t+1,,False,False,lagged
p13,Sleep_Hours,sleep_quality,,,3,t_to_t+1,,False,False,lagged
p13,Sleep_Hours,stress,,,3,t_to_t+1,,False,False,lagged
p13,Sleep_Duration_Score,fatigue,,,3,t_to_t+1,,False,False,lagged
p13,Sleep_Duration_Score,mood,,,3,t_to_t+1,,False,False,lagged
p13,Sleep_Duration_Score,readiness,,,3,t_to_t+1,,False,False,lagged
p13,Sleep_Duration_Score,sleep_quality,,,3,t_to_t+1,,False,False,lagged
p13,Sleep_Duration_Score,stress,,,3,t_to_t+1,,False,False,lagged
p13,Deep_Sleep_Minutes,fatigue,,,3,t_to_t+1,,False,False,lagged
p13,Deep_Sleep_Minutes,mood,,,3,t_to_t+1,,False,False,lagged
p13,Deep_Sleep_Minutes,readiness,,,3,t_to_t+1,,False,False,lagged
p13,Deep_Sleep_Minutes,sleep_quality,,,3,t_to_t+1,,False,False,lagged
p13,Deep_Sleep_Minutes,stress,,,3,t_to_t+1,,False,False,lagged
p13,Sleep_Restlessness,fatigue,,,3,t_to_t+1,,False,False,lagged
p13,Sleep_Restlessness,mood,,,3,t_to_t+1,,False,False,lagged
p13,Sleep_Restlessness,readiness,,,3,t_to_t+1,,False,False,lagged
p13,Sleep_Restlessness,sleep_quality,,,3,t_to_t+1,,False,False,lagged
p13,Sleep_Restlessness,stress,,,3,t_to_t+1,,False,False,lagged
p13,Sleep_Composition,fatigue,,,3,t_to_t+1,,False,False,lagged
p13,Sleep_Composition,mood,,,3,t_to_t+1,,False,False,lagged
p13,Sleep_Composition,readiness,,,3,t_to_t+1,,False,False,lagged
p13,Sleep_Composition,sleep_quality,,,3,t_to_t+1,,False,False,lagged
p13,Sleep_Composition,stress,,,3,t_to_t+1,,False,False,lagged
p13,Sleep_Revitalization,fatigue,,,3,t_to_t+1,,False,False,lagged
p13,Sleep_Revitalization,mood,,,3,t_to_t+1,,False,False,lagged
p13,Sleep_Revitalization,readiness,,,3,t_to_t+1,,False,False,lagged
p13,Sleep_Revitalization,sleep_quality,,,3,t_to_t+1,,False,False,lagged
p13,Sleep_Revitalization,stress,,,3,t_to_t+1,,False,False,lagged
p13,Sleep_Score,fatigue,,,3,t_to_t+1,,False,False,lagged
p13,Sleep_Score,mood,,,3,t_to_t+1,,False,False,lagged
p13,Sleep_Score,readiness,,,3,t_to_t+1,,False,False,lagged
p13,Sleep_Score,sleep_quality,,,3,t_to_t+1,,False,False,lagged
p13,Sleep_Score,stress,,,3,t_to_t+1,,False,False,lagged
p14,Steps,fatigue,-0.153237949975119,0.2686118424094779,54,t_to_t+1,0.8782984864491115,False,False,lagged
p14,Steps,mood,,,54,t_to_t+1,,False,False,lagged
p14,Steps,readiness,0.0586335916882638,0.6736470074779375,54,t_to_t+1,0.9740705284594343,False,False,lagged
p14,Steps,sleep_quality,0.0605482006147608,0.6636168603580475,54,t_to_t+1,0.973569592924696,False,False,lagged
p14,Steps,stress,-0.0367447903577384,0.7919425802810737,54,t_to_t+1,0.9835127913656734,False,False,lagged
p14,Exercise_Count,fatigue,-0.1457020179050342,0.2885023313350523,55,t_to_t+1,0.8903406261033548,False,False,lagged
p14,Exercise_Count,mood,,,55,t_to_t+1,,False,False,lagged
p14,Exercise_Count,readiness,0.198503178510931,0.1462716857489227,55,t_to_t+1,0.7895436187205949,False,False,lagged
p14,Exercise_Count,sleep_quality,0.1895476311523358,0.1657357102365793,55,t_to_t+1,0.7918483933525454,False,False,lagged
p14,Exercise_Count,stress,0.1857717162496319,0.1744861143915163,55,t_to_t+1,0.7922650645572069,False,False,lagged
p14,Exercise_Duration,fatigue,-0.1710339011542649,0.2118440806014674,55,t_to_t+1,0.8513360248470185,False,False,lagged
p14,Exercise_Duration,mood,,,55,t_to_t+1,,False,False,lagged
p14,Exercise_Duration,readiness,-0.0028736975352019,0.9833873035276652,55,t_to_t+1,0.9989313140462192,False,False,lagged
p14,Exercise_Duration,sleep_quality,0.1393100835749425,0.3104024555292579,55,t_to_t+1,0.9018449721458167,False,False,lagged
p14,Exercise_Duration,stress,-0.0208578438348343,0.8798579194916873,55,t_to_t+1,0.9835127913656734,False,False,lagged
p14,Exercise_Distance,fatigue,0.0132832159663029,0.9233200526691222,55,t_to_t+1,0.985568661386193,False,False,lagged
p14,Exercise_Distance,mood,,,55,t_to_t+1,,False,False,lagged
p14,Exercise_Distance,readiness,-0.2369120050087844,0.0815928176399168,55,t_to_t+1,0.7555616837580037,False,False,lagged
p14,Exercise_Distance,sleep_quality,0.0615470347382515,0.6553194449141747,55,t_to_t+1,0.973569592924696,False,False,lagged
p14,Exercise_Distance,stress,-0.1764341041926153,0.1975538849229323,55,t_to_t+1,0.8328252011456949,False,False,lagged
p14,Exercise_Calories,fatigue,-0.1347402254911609,0.3266961808294258,55,t_to_t+1,0.917607070132456,False,False,lagged
p14,Exercise_Calories,mood,,,55,t_to_t+1,,False,False,lagged
p14,Exercise_Calories,readiness,-0.0605049142066743,0.6607974994223298,55,t_to_t+1,0.973569592924696,False,False,lagged
p14,Exercise_Calories,sleep_quality,0.1147602247384407,0.404113313331472,55,t_to_t+1,0.9396469143985654,False,False,lagged
p14,Exercise_Calories,stress,-0.0723456513589613,0.5996562670876955,55,t_to_t+1,0.9580452904411608,False,False,lagged
p14,Exercise_Avg_HR,fatigue,0.1337970910058631,0.3699284086418559,47,t_to_t+1,0.9283376245709605,False,False,lagged
p14,Exercise_Avg_HR,mood,,,47,t_to_t+1,,False,False,lagged
p14,Exercise_Avg_HR,readiness,-0.3218777431623759,0.0273597070640636,47,t_to_t+1,0.6125005054959453,True,False,lagged
p14,Exercise_Avg_HR,sleep_quality,0.1100727849715533,0.4614000985769518,47,t_to_t+1,0.9425275172830845,False,False,lagged
p14,Exercise_Avg_HR,stress,-0.0778013617089768,0.6031990324962982,47,t_to_t+1,0.9580452904411608,False,False,lagged
p14,Sleep_Hours,fatigue,0.0491744679429519,0.7541696298583984,43,t_to_t+1,0.9812191855948904,False,False,lagged
p14,Sleep_Hours,mood,,,43,t_to_t+1,,False,False,lagged
p14,Sleep_Hours,readiness,0.0080690015581706,0.9590437537561872,43,t_to_t+1,0.9968734616817866,False,False,lagged
p14,Sleep_Hours,sleep_quality,0.1435211569532741,0.3585327501933605,43,t_to_t+1,0.920412433332209,False,False,lagged
p14,Sleep_Hours,stress,-0.1602866428640865,0.3045356715965724,43,t_to_t+1,0.8981643811876255,False,False,lagged
p14,Sleep_Duration_Score,fatigue,0.0215982676642027,0.8961646785356794,39,t_to_t+1,0.9835127913656734,False,False,lagged
p14,Sleep_Duration_Score,mood,,,39,t_to_t+1,,False,False,lagged
p14,Sleep_Duration_Score,readiness,0.0596636011717967,0.71825040162543,39,t_to_t+1,0.9754287609879244,False,False,lagged
p14,Sleep_Duration_Score,sleep_quality,0.0223773722421349,0.8924405304206577,39,t_to_t+1,0.9835127913656734,False,False,lagged
p14,Sleep_Duration_Score,stress,-0.2325379029161773,0.1542831866277738,39,t_to_t+1,0.7895436187205949,False,False,lagged
p14,Deep_Sleep_Minutes,fatigue,0.0799002955726727,0.6105294778826118,43,t_to_t+1,0.9580452904411608,False,False,lagged
p14,Deep_Sleep_Minutes,mood,,,43,t_to_t+1,,False,False,lagged
p14,Deep_Sleep_Minutes,readiness,0.0616385451179535,0.6945747718759727,43,t_to_t+1,0.9740705284594343,False,False,lagged
p14,Deep_Sleep_Minutes,sleep_quality,-0.0036696083941784,0.981367727661351,43,t_to_t+1,0.9989313140462192,False,False,lagged
p14,Deep_Sleep_Minutes,stress,0.0379708126346201,0.8089806049489013,43,t_to_t+1,0.9835127913656734,False,False,lagged
p14,Sleep_Restlessness,fatigue,0.206503086266672,0.207200632766821,39,t_to_t+1,0.8468265462867115,False,False,lagged
p14,Sleep_Restlessness,mood,,,39,t_to_t+1,,False,False,lagged
p14,Sleep_Restlessness,readiness,0.1072727298475061,0.5156911803354085,39,t_to_t+1,0.9580452904411608,False,False,lagged
p14,Sleep_Restlessness,sleep_quality,-0.1317900954837525,0.4238564811924837,39,t_to_t+1,0.9419005433891928,False,False,lagged
p14,Sleep_Restlessness,stress,0.1027441471723186,0.5336712024880029,39,t_to_t+1,0.9580452904411608,False,False,lagged
p14,Sleep_Composition,fatigue,-0.0527278539496538,0.7498829216240611,39,t_to_t+1,0.9812191855948904,False,False,lagged
p14,Sleep_Composition,mood,,,39,t_to_t+1,,False,False,lagged
p14,Sleep_Composition,readiness,-0.1800847191142163,0.2726250230129107,39,t_to_t+1,0.8782984864491115,False,False,lagged
p14,Sleep_Composition,sleep_quality,0.1298346547840886,0.4308255055431416,39,t_to_t+1,0.9425275172830845,False,False,lagged
p14,Sleep_Composition,stress,-0.2212901124684069,0.1757849789876353,39,t_to_t+1,0.7922650645572069,False,False,lagged
p14,Sleep_Revitalization,fatigue,-0.1747412080912397,0.2873437997370613,39,t_to_t+1,0.8903406261033548,False,False,lagged
p14,Sleep_Revitalization,mood,,,39,t_to_t+1,,False,False,lagged
p14,Sleep_Revitalization,readiness,0.3352476589791192,0.0369508894635855,39,t_to_t+1,0.6266521389463884,True,False,lagged
p14,Sleep_Revitalization,sleep_quality,-0.044709177090157,0.7869605201775549,39,t_to_t+1,0.9835127913656734,False,False,lagged
p14,Sleep_Revitalization,stress,0.0043769680517047,0.978902465652711,39,t_to_t+1,0.9989313140462192,False,False,lagged
p14,Sleep_Score,fatigue,-0.0491187195246236,0.7665081715202836,39,t_to_t+1,0.9835127913656734,False,False,lagged
p14,Sleep_Score,mood,,,39,t_to_t+1,,False,False,lagged
p14,Sleep_Score,readiness,0.1050565077034081,0.5244525301381165,39,t_to_t+1,0.9580452904411608,False,False,lagged
p14,Sleep_Score,sleep_quality,0.0342629492421756,0.8359543829807068,39,t_to_t+1,0.9835127913656734,False,False,lagged
p14,Sleep_Score,stress,-0.2290787166761283,0.1606809065509272,39,t_to_t+1,0.7895436187205949,False,False,lagged
p15,Steps,fatigue,0.0272265413994845,0.8804478262185607,33,t_to_t+1,0.9835127913656734,False,False,lagged
p15,Steps,mood,-0.2131322157830942,0.2336986209273398,33,t_to_t+1,0.8529238693978868,False,False,lagged
p15,Steps,readiness,-0.0839466275887923,0.6423155380684006,33,t_to_t+1,0.9708108308239446,False,False,lagged
p15,Steps,sleep_quality,0.0230622845716158,0.8986308054162193,33,t_to_t+1,0.9835127913656734,False,False,lagged
p15,Steps,stress,-0.0414769907605965,0.818730234027003,33,t_to_t+1,0.9835127913656734,False,False,lagged
p15,Exercise_Count,fatigue,0.0165163334396197,0.9273123835004364,33,t_to_t+1,0.985568661386193,False,False,lagged
p15,Exercise_Count,mood,0.0190594358153785,0.9161569412915236,33,t_to_t+1,0.985568661386193,False,False,lagged
p15,Exercise_Count,readiness,-0.0018067935961535,0.9920380246190724,33,t_to_t+1,0.9989313140462192,False,False,lagged
p15,Exercise_Count,sleep_quality,-0.1276637173079858,0.4789454097350306,33,t_to_t+1,0.9542543266297336,False,False,lagged
p15,Exercise_Count,stress,0.0365191435330787,0.8401007695218063,33,t_to_t+1,0.9835127913656734,False,False,lagged
p15,Exercise_Duration,fatigue,-0.2126566006179523,0.2347683818929868,33,t_to_t+1,0.8529238693978868,False,False,lagged
p15,Exercise_Duration,mood,-0.3343985889977656,0.05716200790937,33,t_to_t+1,0.692384884536031,False,False,lagged
p15,Exercise_Duration,readiness,-0.0796306039803618,0.6595710781490258,33,t_to_t+1,0.973569592924696,False,False,lagged
p15,Exercise_Duration,sleep_quality,0.0420261590627317,0.8163706388012214,33,t_to_t+1,0.9835127913656734,False,False,lagged
p15,Exercise_Duration,stress,-0.1191038263343629,0.5091421859043969,33,t_to_t+1,0.9580452904411608,False,False,lagged
p15,Exercise_Distance,fatigue,-0.2179516332491844,0.2230438752417196,33,t_to_t+1,0.8529238693978868,False,False,lagged
p15,Exercise_Distance,mood,-0.163126960995127,0.3643766732012127,33,t_to_t+1,0.9271122454232039,False,False,lagged
p15,Exercise_Distance,readiness,0.1322472671607774,0.4631672702225546,33,t_to_t+1,0.9438953848137369,False,False,lagged
p15,Exercise_Distance,sleep_quality,0.1207519512318708,0.5032553896911703,33,t_to_t+1,0.9580452904411608,False,False,lagged
p15,Exercise_Distance,stress,-0.1741698413302682,0.3323521641623583,33,t_to_t+1,0.917607070132456,False,False,lagged
p15,Exercise_Calories,fatigue,-0.165490307299432,0.3573734296422645,33,t_to_t+1,0.920412433332209,False,False,lagged
p15,Exercise_Calories,mood,-0.3239237323656829,0.0659169679698025,33,t_to_t+1,0.7077756565857476,False,False,lagged
p15,Exercise_Calories,readiness,0.0140187105343553,0.9382815772562284,33,t_to_t+1,0.9913048604918384,False,False,lagged
p15,Exercise_Calories,sleep_quality,0.0270195668293468,0.8813502317579208,33,t_to_t+1,0.9835127913656734,False,False,lagged
p15,Exercise_Calories,stress,-0.0887113742592393,0.6234772260021014,33,t_to_t+1,0.9591957323109253,False,False,lagged
p15,Exercise_Avg_HR,fatigue,-0.2410419085923004,0.191459799174864,31,t_to_t+1,0.8181327973063259,False,False,lagged
p15,Exercise_Avg_HR,mood,0.0086728648598228,0.9630672643366748,31,t_to_t+1,0.9968734616817866,False,False,lagged
p15,Exercise_Avg_HR,readiness,0.1664410840798229,0.3708473290260936,31,t_to_t+1,0.9283376245709605,False,False,lagged
p15,Exercise_Avg_HR,sleep_quality,0.0170761293743225,0.9273533320912858,31,t_to_t+1,0.985568661386193,False,False,lagged
p15,Exercise_Avg_HR,stress,-0.0068672198661997,0.9707527741504832,31,t_to_t+1,0.9989313140462192,False,False,lagged
p15,Sleep_Hours,fatigue,-0.0704097362702819,0.697008989552366,33,t_to_t+1,0.9740705284594343,False,False,lagged
p15,Sleep_Hours,mood,-0.1135233176128497,0.5293261354630399,33,t_to_t+1,0.9580452904411608,False,False,lagged
p15,Sleep_Hours,readiness,-0.0282448093049413,0.8760103655981583,33,t_to_t+1,0.9835127913656734,False,False,lagged
p15,Sleep_Hours,sleep_quality,0.1891826257669249,0.291687805046384,33,t_to_t+1,0.8903406261033548,False,False,lagged
p15,Sleep_Hours,stress,0.0251626027065019,0.8894529844319429,33,t_to_t+1,0.9835127913656734,False,False,lagged
p15,Sleep_Duration_Score,fatigue,0.2822568893264447,0.1115026862049919,33,t_to_t+1,0.7702639636506637,False,False,lagged
p15,Sleep_Duration_Score,mood,-0.0120328718336809,0.9470111400590856,33,t_to_t+1,0.9944195121499556,False,False,lagged
p15,Sleep_Duration_Score,readiness,0.1244532578206463,0.4901607211040829,33,t_to_t+1,0.9558689799308645,False,False,lagged
p15,Sleep_Duration_Score,sleep_quality,0.1559095498238473,0.3862632331720808,33,t_to_t+1,0.9331078104718806,False,False,lagged
p15,Sleep_Duration_Score,stress,-0.0168091406541667,0.9260272382690627,33,t_to_t+1,0.985568661386193,False,False,lagged
p15,Deep_Sleep_Minutes,fatigue,0.3048450539634948,0.0845261615528439,33,t_to_t+1,0.7555616837580037,False,False,lagged
p15,Deep_Sleep_Minutes,mood,0.036396526450367,0.8406307921098085,33,t_to_t+1,0.9835127913656734,False,False,lagged
p15,Deep_Sleep_Minutes,readiness,0.3409190474314314,0.0521943377406017,33,t_to_t+1,0.688693392341825,False,False,lagged
p15,Deep_Sleep_Minutes,sleep_quality,0.1681416563673101,0.3496134061533368,33,t_to_t+1,0.917607070132456,False,False,lagged
p15,Deep_Sleep_Minutes,stress,0.088972065792261,0.6224531187683514,33,t_to_t+1,0.9591957323109253,False,False,lagged
p15,Sleep_Restlessness,fatigue,0.202074079003351,0.2594254797674588,33,t_to_t+1,0.8681163914397453,False,False,lagged
p15,Sleep_Restlessness,mood,0.0446283113508867,0.8052118819373357,33,t_to_t+1,0.9835127913656734,False,False,lagged
p15,Sleep_Restlessness,readiness,-0.2055536708063546,0.2511370772003092,33,t_to_t+1,0.8603773254450495,False,False,lagged
p15,Sleep_Restlessness,sleep_quality,0.0272474552630609,0.8803566503263996,33,t_to_t+1,0.9835127913656734,False,False,lagged
p15,Sleep_Restlessness,stress,0.1590553857329318,0.3766314348358039,33,t_to_t+1,0.9283376245709605,False,False,lagged
p15,Sleep_Composition,fatigue,0.3296661710982442,0.0609959981088945,33,t_to_t+1,0.7012730348760812,False,False,lagged
p15,Sleep_Composition,mood,-0.0016945501936907,0.9925326320723212,33,t_to_t+1,0.9989313140462192,False,False,lagged
p15,Sleep_Composition,readiness,0.2917217320517619,0.0995067356991303,33,t_to_t+1,0.7641267356133813,False,False,lagged
p15,Sleep_Composition,sleep_quality,0.0509384644571345,0.7783123518503879,33,t_to_t+1,0.9835127913656734,False,False,lagged
p15,Sleep_Composition,stress,0.0324687059715948,0.8576442433168446,33,t_to_t+1,0.9835127913656734,False,False,lagged
p15,Sleep_Revitalization,fatigue,0.1667308127280773,0.3537299483009845,33,t_to_t+1,0.9190566632593554,False,False,lagged
p15,Sleep_Revitalization,mood,0.0108155638762018,0.9523653685231972,33,t_to_t+1,0.9951813085418586,False,False,lagged
p15,Sleep_Revitalization,readiness,0.1040401805062345,0.5644883232916517,33,t_to_t+1,0.9580452904411608,False,False,lagged
p15,Sleep_Revitalization,sleep_quality,0.0063237991354508,0.9721379370547482,33,t_to_t+1,0.9989313140462192,False,False,lagged
p15,Sleep_Revitalization,stress,0.1732658030314825,0.3349068713276129,33,t_to_t+1,0.917607070132456,False,False,lagged
p15,Sleep_Score,fatigue,0.3237303404846341,0.0660879492731922,33,t_to_t+1,0.7077756565857476,False,False,lagged
p15,Sleep_Score,mood,-0.0028517306746169,0.9874336087554556,33,t_to_t+1,0.9989313140462192,False,False,lagged
p15,Sleep_Score,readiness,0.196535686383617,0.2729854325521603,33,t_to_t+1,0.8782984864491115,False,False,lagged
p15,Sleep_Score,sleep_quality,0.1062226037355976,0.5563024015474243,33,t_to_t+1,0.9580452904411608,False,False,lagged
p15,Sleep_Score,stress,0.0718139536959068,0.6912595279072083,33,t_to_t+1,0.9740705284594343,False,False,lagged
p16,Steps,fatigue,-0.1456867695926809,0.4871417325153543,25,t_to_t+1,0.9543095443353182,False,False,lagged
p16,Steps,mood,-0.1372661558841384,0.5129175854067717,25,t_to_t+1,0.9580452904411608,False,False,lagged
p16,Steps,readiness,0.0140456169271347,0.9468717042126858,25,t_to_t+1,0.9944195121499556,False,False,lagged
p16,Steps,sleep_quality,0.0190447482226726,0.9280038939701022,25,t_to_t+1,0.985568661386193,False,False,lagged
p16,Steps,stress,0.160407794648989,0.4437014148392124,25,t_to_t+1,0.9425275172830845,False,False,lagged
p16,Exercise_Count,fatigue,-0.344828154104298,0.0913922605098209,25,t_to_t+1,0.7555616837580037,False,False,lagged
p16,Exercise_Count,mood,-0.068662291068476,0.7443333131316665,25,t_to_t+1,0.9812191855948904,False,False,lagged
p16,Exercise_Count,readiness,-0.5062537962114352,0.0098174798792681,25,t_to_t+1,0.39451351086119846,True,False,lagged
p16,Exercise_Count,sleep_quality,-0.2485267991942595,0.2309468679314427,25,t_to_t+1,0.8529238693978868,False,False,lagged
p16,Exercise_Count,stress,-0.1464313756630379,0.4848943496944111,25,t_to_t+1,0.9542543266297336,False,False,lagged
p16,Exercise_Duration,fatigue,-0.3437333422464728,0.0924940744457628,25,t_to_t+1,0.7555616837580037,False,False,lagged
p16,Exercise_Duration,mood,-0.0684442917852026,0.7451186554636163,25,t_to_t+1,0.9812191855948904,False,False,lagged
p16,Exercise_Duration,readiness,-0.5046464661469834,0.0100922060917981,25,t_to_t+1,0.39451351086119846,True,False,lagged
p16,Exercise_Duration,sleep_quality,-0.2313753188426135,0.2657797656858251,25,t_to_t+1,0.874417730505937,False,False,lagged
p16,Exercise_Duration,stress,-0.1606812125306966,0.4429146657113386,25,t_to_t+1,0.9425275172830845,False,False,lagged
p16,Exercise_Distance,fatigue,,,0,t_to_t+1,,False,False,lagged
p16,Exercise_Distance,mood,,,0,t_to_t+1,,False,False,lagged
p16,Exercise_Distance,readiness,,,0,t_to_t+1,,False,False,lagged
p16,Exercise_Distance,sleep_quality,,,0,t_to_t+1,,False,False,lagged
p16,Exercise_Distance,stress,,,0,t_to_t+1,,False,False,lagged
p16,Exercise_Calories,fatigue,-0.3448073907049655,0.0914130647368209,25,t_to_t+1,0.7555616837580037,False,False,lagged
p16,Exercise_Calories,mood,-0.0686581566538362,0.7443482050540329,25,t_to_t+1,0.9812191855948904,False,False,lagged
p16,Exercise_Calories,readiness,-0.5062233127674092,0.0098226317354427,25,t_to_t+1,0.39451351086119846,True,False,lagged
p16,Exercise_Calories,sleep_quality,-0.2462567361451457,0.2353740520914663,25,t_to_t+1,0.8529238693978868,False,False,lagged
p16,Exercise_Calories,stress,-0.1484505717548277,0.478826455973215,25,t_to_t+1,0.9542543266297336,False,False,lagged
p16,Exercise_Avg_HR,fatigue,,,2,t_to_t+1,,False,False,lagged
p16,Exercise_Avg_HR,mood,,,2,t_to_t+1,,False,False,lagged
p16,Exercise_Avg_HR,readiness,,,2,t_to_t+1,,False,False,lagged
p16,Exercise_Avg_HR,sleep_quality,,,2,t_to_t+1,,False,False,lagged
p16,Exercise_Avg_HR,stress,,,2,t_to_t+1,,False,False,lagged
p16,Sleep_Hours,fatigue,0.0346416360245481,0.8723322391470734,24,t_to_t+1,0.9835127913656734,False,False,lagged
p16,Sleep_Hours,mood,0.1519820317646484,0.4783588476057795,24,t_to_t+1,0.9542543266297336,False,False,lagged
p16,Sleep_Hours,readiness,0.1888834064951609,0.3767323615991456,24,t_to_t+1,0.9283376245709605,False,False,lagged
p16,Sleep_Hours,sleep_quality,-0.0243610094695326,0.910038928306407,24,t_to_t+1,0.985568661386193,False,False,lagged
p16,Sleep_Hours,stress,0.150573241319296,0.482494281176791,24,t_to_t+1,0.9542543266297336,False,False,lagged
p16,Sleep_Duration_Score,fatigue,-0.1111178344494136,0.6052194406886918,24,t_to_t+1,0.9580452904411608,False,False,lagged
p16,Sleep_Duration_Score,mood,0.0534364411225259,0.8041453130516134,24,t_to_t+1,0.9835127913656734,False,False,lagged
p16,Sleep_Duration_Score,readiness,0.0776655249580003,0.7183118554125322,24,t_to_t+1,0.9754287609879244,False,False,lagged
p16,Sleep_Duration_Score,sleep_quality,-0.1064654442630741,0.620501426483403,24,t_to_t+1,0.9580452904411608,False,False,lagged
p16,Sleep_Duration_Score,stress,-0.0706897670792743,0.7427366609967136,24,t_to_t+1,0.9812191855948904,False,False,lagged
p16,Deep_Sleep_Minutes,fatigue,0.0545271729167542,0.8002255345583758,24,t_to_t+1,0.9835127913656734,False,False,lagged
p16,Deep_Sleep_Minutes,mood,0.142568685904818,0.5063297861216767,24,t_to_t+1,0.9580452904411608,False,False,lagged
p16,Deep_Sleep_Minutes,readiness,0.2255003705585909,0.2893856844300275,24,t_to_t+1,0.8903406261033548,False,False,lagged
p16,Deep_Sleep_Minutes,sleep_quality,-0.0779926625731812,0.7171727561550927,24,t_to_t+1,0.9754287609879244,False,False,lagged
p16,Deep_Sleep_Minutes,stress,0.1097229132096586,0.6097849534266111,24,t_to_t+1,0.9580452904411608,False,False,lagged
p16,Sleep_Restlessness,fatigue,-0.0401066112451855,0.8523922460714419,24,t_to_t+1,0.9835127913656734,False,False,lagged
p16,Sleep_Restlessness,mood,0.0018978077735495,0.9929779334698996,24,t_to_t+1,0.9989313140462192,False,False,lagged
p16,Sleep_Restlessness,readiness,0.1312134530610045,0.5411016059567103,24,t_to_t+1,0.9580452904411608,False,False,lagged
p16,Sleep_Restlessness,sleep_quality,0.3695486122480249,0.0755201939731527,24,t_to_t+1,0.7465214576656474,False,False,lagged
p16,Sleep_Restlessness,stress,-0.0281986654342186,0.8959370065580261,24,t_to_t+1,0.9835127913656734,False,False,lagged
p16,Sleep_Composition,fatigue,0.0285288822827904,0.8947249530278114,24,t_to_t+1,0.9835127913656734,False,False,lagged
p16,Sleep_Composition,mood,0.0855941729341093,0.6908733048838648,24,t_to_t+1,0.9740705284594343,False,False,lagged
p16,Sleep_Composition,readiness,0.1116774052040518,0.6033920045975816,24,t_to_t+1,0.9580452904411608,False,False,lagged
p16,Sleep_Composition,sleep_quality,-0.0828137301350288,0.7004546603468195,24,t_to_t+1,0.9747427312269656,False,False,lagged
p16,Sleep_Composition,stress,-0.1132304476299546,0.5983322439273007,24,t_to_t+1,0.9580452904411608,False,False,lagged
p16,Sleep_Revitalization,fatigue,-0.2233479092608749,0.2941359169438303,24,t_to_t+1,0.890693269618641,False,False,lagged
p16,Sleep_Revitalization,mood,-0.2915213733513343,0.1669237360259689,24,t_to_t+1,0.7922650645572069,False,False,lagged
p16,Sleep_Revitalization,readiness,-0.1783863672158897,0.4042931319822969,24,t_to_t+1,0.9396469143985654,False,False,lagged
p16,Sleep_Revitalization,sleep_quality,-0.2497369644947044,0.2392325719207309,24,t_to_t+1,0.8529238693978868,False,False,lagged
p16,Sleep_Revitalization,stress,-0.1603249610261954,0.454242484652795,24,t_to_t+1,0.9425275172830845,False,False,lagged
p16,Sleep_Score,fatigue,-0.1374526850770723,0.5218594524974864,24,t_to_t+1,0.9580452904411608,False,False,lagged
p16,Sleep_Score,mood,-0.0479821923147059,0.823813331284917,24,t_to_t+1,0.9835127913656734,False,False,lagged
p16,Sleep_Score,readiness,0.015998767549822,0.940852823420214,24,t_to_t+1,0.9928017523207167,False,False,lagged
p16,Sleep_Score,sleep_quality,-0.1802907559515112,0.3992115579832118,24,t_to_t+1,0.9396469143985654,False,False,lagged
p16,Sleep_Score,stress,-0.1364701193412156,0.5248678742496529,24,t_to_t+1,0.9580452904411608,False,False,lagged
