Participant,Behavioral_Variable,Wellbeing_Variable,r,p,N,Included,Sensitivity_Threshold,p_FDR,Significant_raw,Significant_FDR,Analysis
p01,Steps,fatigue,0.1004227450182558,0.4223902351993448,66,Yes,1.0,0.720500266580421,False,False,sensitivity_Z1
p01,Steps,mood,0.0877017402639911,0.4837836951732439,66,Yes,1.0,0.7748562572013222,False,False,sensitivity_Z1
p01,Steps,readiness,-0.0620319530704592,0.6207426191871612,66,Yes,1.0,0.8451916090578937,False,False,sensitivity_Z1
p01,Steps,sleep_quality,0.1361331238290127,0.2757558268717143,66,Yes,1.0,0.5836193476930472,False,False,sensitivity_Z1
p01,Steps,stress,0.1496995954106562,0.2302548525202061,66,Yes,1.0,0.5374633004879548,False,False,sensitivity_Z1
p01,Exercise_Count,fatigue,0.0314210911068116,0.8022388331153448,66,Yes,1.0,0.9164349838174269,False,False,sensitivity_Z1
p01,Exercise_Count,mood,-0.1015504800579494,0.4171718721381647,66,Yes,1.0,0.7192943071185445,False,False,sensitivity_Z1
p01,Exercise_Count,readiness,0.1090696053131774,0.3833391436832503,66,Yes,1.0,0.6939220825449857,False,False,sensitivity_Z1
p01,Exercise_Count,sleep_quality,-0.0398074597725277,0.7509825079362065,66,Yes,1.0,0.9034973750162242,False,False,sensitivity_Z1
p01,Exercise_Count,stress,-0.1014514547003575,0.4176285999617254,66,Yes,1.0,0.7192943071185445,False,False,sensitivity_Z1
p01,Exercise_Duration,fatigue,0.06037769222195,0.6301054520654072,66,Yes,1.0,0.8468235393666913,False,False,sensitivity_Z1
p01,Exercise_Duration,mood,-0.0361634272030031,0.7731370299044732,66,Yes,1.0,0.9035211403494964,False,False,sensitivity_Z1
p01,Exercise_Duration,readiness,0.1277251882092684,0.3067753415364983,66,Yes,1.0,0.625539604466377,False,False,sensitivity_Z1
p01,Exercise_Duration,sleep_quality,0.0757318484775838,0.5456029783110833,66,Yes,1.0,0.8155205797753626,False,False,sensitivity_Z1
p01,Exercise_Duration,stress,-0.1009855376207261,0.4197813743896279,66,Yes,1.0,0.7202051819798839,False,False,sensitivity_Z1
p01,Exercise_Distance,fatigue,0.3282506730196013,0.0071288024053758,66,Yes,1.0,0.08782288518844909,True,False,sensitivity_Z1
p01,Exercise_Distance,mood,0.0731641517392232,0.5593448351874267,66,Yes,1.0,0.8205269543328632,False,False,sensitivity_Z1
p01,Exercise_Distance,readiness,0.3432933802655499,0.0047732855819987,66,Yes,1.0,0.07427902300408504,True,False,sensitivity_Z1
p01,Exercise_Distance,sleep_quality,0.1570449937407779,0.2079243581469514,66,Yes,1.0,0.5094721151280274,False,False,sensitivity_Z1
p01,Exercise_Distance,stress,0.0547447790881598,0.6624169226937899,66,Yes,1.0,0.8646328446704549,False,False,sensitivity_Z1
p01,Exercise_Calories,fatigue,0.1245991555117795,0.3188621575195086,66,Yes,1.0,0.6384440941756301,False,False,sensitivity_Z1
p01,Exercise_Calories,mood,-0.0125546259983418,0.9203051027685338,66,Yes,1.0,0.9660480782907569,False,False,sensitivity_Z1
p01,Exercise_Calories,readiness,0.1889908490535851,0.1285699811379063,66,Yes,1.0,0.39571989341086583,False,False,sensitivity_Z1
p01,Exercise_Calories,sleep_quality,0.1185543081751562,0.3430854022222695,66,Yes,1.0,0.6614847566602543,False,False,sensitivity_Z1
p01,Exercise_Calories,stress,-0.0888269520825422,0.4781697171983942,66,Yes,1.0,0.7711573439181375,False,False,sensitivity_Z1
p01,Exercise_Avg_HR,fatigue,0.3617002489562578,0.0146316271714678,45,Yes,1.0,0.11798412091901762,True,False,sensitivity_Z1
p01,Exercise_Avg_HR,mood,0.0579920720759694,0.705137766905636,45,Yes,1.0,0.8910651858789573,False,False,sensitivity_Z1
p01,Exercise_Avg_HR,readiness,0.4394245683606674,0.0025271408471391,45,Yes,1.0,0.04769306237047621,True,True,sensitivity_Z1
p01,Exercise_Avg_HR,sleep_quality,0.1993535718176607,0.1892180630943493,45,Yes,1.0,0.4907497718265726,False,False,sensitivity_Z1
p01,Exercise_Avg_HR,stress,0.0466304687976604,0.7609985653167953,45,Yes,1.0,0.9034973750162242,False,False,sensitivity_Z1
p01,Sleep_Hours,fatigue,0.0019473844166815,0.9876186407066042,66,Yes,1.0,0.9943447608476254,False,False,sensitivity_Z1
p01,Sleep_Hours,mood,0.0951621401080855,0.4472206384213315,66,Yes,1.0,0.741514106893184,False,False,sensitivity_Z1
p01,Sleep_Hours,readiness,-0.1220983023788034,0.3287478418708606,66,Yes,1.0,0.6465617200431337,False,False,sensitivity_Z1
p01,Sleep_Hours,sleep_quality,-0.0035921649276564,0.977163369868874,66,Yes,1.0,0.9894336861571817,False,False,sensitivity_Z1
p01,Sleep_Hours,stress,-0.1092291433953009,0.3826395582168876,66,Yes,1.0,0.6939220825449857,False,False,sensitivity_Z1
p01,Sleep_Duration_Score,fatigue,0.0663775703007913,0.5964342386019125,66,Yes,1.0,0.8357617213900417,False,False,sensitivity_Z1
p01,Sleep_Duration_Score,mood,0.0976290787642074,0.4354769852317676,66,Yes,1.0,0.7301854175814326,False,False,sensitivity_Z1
p01,Sleep_Duration_Score,readiness,0.0557402259584696,0.6566598445959051,66,Yes,1.0,0.864266310924325,False,False,sensitivity_Z1
p01,Sleep_Duration_Score,sleep_quality,0.2200541280954554,0.0758313329166582,66,Yes,1.0,0.3071342114021727,False,False,sensitivity_Z1
p01,Sleep_Duration_Score,stress,-0.211109510733941,0.0888439232989281,66,Yes,1.0,0.3367716237869625,False,False,sensitivity_Z1
p01,Deep_Sleep_Minutes,fatigue,-0.1114743450102131,0.3728754239385225,66,Yes,1.0,0.6861825749765162,False,False,sensitivity_Z1
p01,Deep_Sleep_Minutes,mood,-0.0705360151381971,0.5735777445234519,66,Yes,1.0,0.8285026289801178,False,False,sensitivity_Z1
p01,Deep_Sleep_Minutes,readiness,-0.198531577789525,0.1100400814904379,66,Yes,1.0,0.3685407058786047,False,False,sensitivity_Z1
p01,Deep_Sleep_Minutes,sleep_quality,-0.1314964952568708,0.2925933238876409,66,Yes,1.0,0.6057242504079701,False,False,sensitivity_Z1
p01,Deep_Sleep_Minutes,stress,-0.019920544727467,0.8738588682950569,66,Yes,1.0,0.9358460565533998,False,False,sensitivity_Z1
p01,Sleep_Restlessness,fatigue,-0.0345714299389521,0.7828739672435315,66,Yes,1.0,0.907162653776252,False,False,sensitivity_Z1
p01,Sleep_Restlessness,mood,0.0107409355685734,0.931788396603366,66,Yes,1.0,0.972348597396689,False,False,sensitivity_Z1
p01,Sleep_Restlessness,readiness,-0.1540178858083242,0.2169336259172663,66,Yes,1.0,0.5214637566087132,False,False,sensitivity_Z1
p01,Sleep_Restlessness,sleep_quality,-0.1168975984380573,0.3499195380826193,66,Yes,1.0,0.6657162390480775,False,False,sensitivity_Z1
p01,Sleep_Restlessness,stress,0.2212461546669935,0.0742182498606775,66,Yes,1.0,0.3047758686408377,False,False,sensitivity_Z1
p01,Sleep_Composition,fatigue,-0.2552894201424319,0.0385677375352856,66,Yes,1.0,0.21248188319129394,True,False,sensitivity_Z1
p01,Sleep_Composition,mood,-0.1701516958605515,0.1719731894572279,66,Yes,1.0,0.46648385030141026,False,False,sensitivity_Z1
p01,Sleep_Composition,readiness,-0.1079261066969252,0.388375814954092,66,Yes,1.0,0.7016076331248057,False,False,sensitivity_Z1
p01,Sleep_Composition,sleep_quality,-0.2554694272877915,0.038426277183087,66,Yes,1.0,0.21248188319129394,True,False,sensitivity_Z1
p01,Sleep_Composition,stress,-0.214887677961062,0.083148108438829,66,Yes,1.0,0.3234753166019357,False,False,sensitivity_Z1
p01,Sleep_Revitalization,fatigue,0.2926689498942552,0.0170932609845488,66,Yes,1.0,0.13184106515908509,True,False,sensitivity_Z1
p01,Sleep_Revitalization,mood,-0.0165944366090192,0.8947888744597292,66,Yes,1.0,0.9458928272757601,False,False,sensitivity_Z1
p01,Sleep_Revitalization,readiness,0.2854673283253539,0.0201571084049795,66,Yes,1.0,0.1482601332545307,True,False,sensitivity_Z1
p01,Sleep_Revitalization,sleep_quality,0.0281881837682971,0.8222351940876584,66,Yes,1.0,0.9197006521510127,False,False,sensitivity_Z1
p01,Sleep_Revitalization,stress,-0.0980880075931684,0.43331162220629,66,Yes,1.0,0.728831683993238,False,False,sensitivity_Z1
p01,Sleep_Score,fatigue,0.0773727980955239,0.5369074206515654,66,Yes,1.0,0.8113064431310707,False,False,sensitivity_Z1
p01,Sleep_Score,mood,-0.0311650918524664,0.8038178324802234,66,Yes,1.0,0.9164349838174269,False,False,sensitivity_Z1
p01,Sleep_Score,readiness,0.1354845592938256,0.2780713754169792,66,Yes,1.0,0.5844770379025132,False,False,sensitivity_Z1
p01,Sleep_Score,sleep_quality,0.0241423586480734,0.8474179256927478,66,Yes,1.0,0.9304646998831232,False,False,sensitivity_Z1
p01,Sleep_Score,stress,-0.2739112447357836,0.0260477896196821,66,Yes,1.0,0.17340476612857608,True,False,sensitivity_Z1
p02,Steps,fatigue,,,46,Yes,1.0,,False,False,sensitivity_Z1
p02,Steps,mood,0.2450888852487096,0.1006577557293483,46,Yes,1.0,0.36001382795133846,False,False,sensitivity_Z1
p02,Steps,readiness,0.5778032428681453,2.6137167641932665e-05,46,Yes,1.0,0.0025759630775993637,True,True,sensitivity_Z1
p02,Steps,sleep_quality,-0.0473129483562485,0.7548613152712005,46,Yes,1.0,0.9034973750162242,False,False,sensitivity_Z1
p02,Steps,stress,0.2038600661995958,0.1741735190536673,46,Yes,1.0,0.4710119250018381,False,False,sensitivity_Z1
p02,Exercise_Count,fatigue,,,46,Yes,1.0,,False,False,sensitivity_Z1
p02,Exercise_Count,mood,0.1405075310276554,0.3516601896163097,46,Yes,1.0,0.6657162390480775,False,False,sensitivity_Z1
p02,Exercise_Count,readiness,0.2440673271835269,0.102129761802938,46,Yes,1.0,0.3624050841964463,False,False,sensitivity_Z1
p02,Exercise_Count,sleep_quality,0.1065806520387741,0.4808205280457562,46,Yes,1.0,0.7726836332223894,False,False,sensitivity_Z1
p02,Exercise_Count,stress,0.0819851169529032,0.5880523531832895,46,Yes,1.0,0.8318666850287846,False,False,sensitivity_Z1
p02,Exercise_Duration,fatigue,,,46,Yes,1.0,,False,False,sensitivity_Z1
p02,Exercise_Duration,mood,0.0882707579200229,0.5596604367208368,46,Yes,1.0,0.8205269543328632,False,False,sensitivity_Z1
p02,Exercise_Duration,readiness,0.506731495193182,0.0003262157581051,46,Yes,1.0,0.012580581627792336,True,True,sensitivity_Z1
p02,Exercise_Duration,sleep_quality,0.0868590480657785,0.5659808271894111,46,Yes,1.0,0.8250559328606786,False,False,sensitivity_Z1
p02,Exercise_Duration,stress,0.0657513368112793,0.6641832294630352,46,Yes,1.0,0.865096218111178,False,False,sensitivity_Z1
p02,Exercise_Distance,fatigue,,,46,Yes,1.0,,False,False,sensitivity_Z1
p02,Exercise_Distance,mood,0.1364112290109967,0.3660166515107064,46,Yes,1.0,0.6806221590985253,False,False,sensitivity_Z1
p02,Exercise_Distance,readiness,0.49756419209324,0.0004345038398648,46,Yes,1.0,0.014987188758739813,True,True,sensitivity_Z1
p02,Exercise_Distance,sleep_quality,0.0969708821899399,0.5214562935750403,46,Yes,1.0,0.8016147875235022,False,False,sensitivity_Z1
p02,Exercise_Distance,stress,0.2136449720531777,0.153968343757581,46,Yes,1.0,0.44340883413303356,False,False,sensitivity_Z1
p02,Exercise_Calories,fatigue,,,46,Yes,1.0,,False,False,sensitivity_Z1
p02,Exercise_Calories,mood,0.1328164423504012,0.378901757852962,46,Yes,1.0,0.6898069341587628,False,False,sensitivity_Z1
p02,Exercise_Calories,readiness,0.5690452212600559,3.682527033589764e-05,46,Yes,1.0,0.0027730471499189126,True,True,sensitivity_Z1
p02,Exercise_Calories,sleep_quality,0.0502359829946397,0.7402292777340326,46,Yes,1.0,0.9034309367180324,False,False,sensitivity_Z1
p02,Exercise_Calories,stress,0.0663089674810332,0.6615059437590418,46,Yes,1.0,0.8646328446704549,False,False,sensitivity_Z1
p02,Exercise_Avg_HR,fatigue,,,44,Yes,1.0,,False,False,sensitivity_Z1
p02,Exercise_Avg_HR,mood,0.0680042594380224,0.6609430686182866,44,Yes,1.0,0.8646328446704549,False,False,sensitivity_Z1
p02,Exercise_Avg_HR,readiness,0.2327851705037255,0.1283487404024985,44,Yes,1.0,0.39571989341086583,False,False,sensitivity_Z1
p02,Exercise_Avg_HR,sleep_quality,-0.1473946897533807,0.3396850360336985,44,Yes,1.0,0.6588553042775522,False,False,sensitivity_Z1
p02,Exercise_Avg_HR,stress,-0.0862443071363477,0.5777668058117315,44,Yes,1.0,0.8285026289801178,False,False,sensitivity_Z1
p02,Sleep_Hours,fatigue,,,46,Yes,1.0,,False,False,sensitivity_Z1
p02,Sleep_Hours,mood,0.0522780447014258,0.7300604187258501,46,Yes,1.0,0.8969024811770486,False,False,sensitivity_Z1
p02,Sleep_Hours,readiness,0.180890648706897,0.2289565240588844,46,Yes,1.0,0.5358428412670988,False,False,sensitivity_Z1
p02,Sleep_Hours,sleep_quality,0.0673294768589922,0.6566171206061825,46,Yes,1.0,0.864266310924325,False,False,sensitivity_Z1
p02,Sleep_Hours,stress,0.0239141107810985,0.8746520641293895,46,Yes,1.0,0.9358460565533998,False,False,sensitivity_Z1
p02,Sleep_Duration_Score,fatigue,,,44,Yes,1.0,,False,False,sensitivity_Z1
p02,Sleep_Duration_Score,mood,-0.0834445285080009,0.5902219067992805,44,Yes,1.0,0.8318666850287846,False,False,sensitivity_Z1
p02,Sleep_Duration_Score,readiness,0.0103261533640252,0.9469592337429812,44,Yes,1.0,0.9765580414626381,False,False,sensitivity_Z1
p02,Sleep_Duration_Score,sleep_quality,-0.0352822442119887,0.8201367212491221,44,Yes,1.0,0.9185117067524889,False,False,sensitivity_Z1
p02,Sleep_Duration_Score,stress,-0.0757307122087012,0.6251378080569114,44,Yes,1.0,0.8451916090578937,False,False,sensitivity_Z1
p02,Deep_Sleep_Minutes,fatigue,,,46,Yes,1.0,,False,False,sensitivity_Z1
p02,Deep_Sleep_Minutes,mood,-0.176198142308451,0.241463154209405,46,Yes,1.0,0.5534310537047603,False,False,sensitivity_Z1
p02,Deep_Sleep_Minutes,readiness,0.0158181452021211,0.9169012677518028,46,Yes,1.0,0.9636154318671198,False,False,sensitivity_Z1
p02,Deep_Sleep_Minutes,sleep_quality,0.2378932658405227,0.1113808263913617,46,Yes,1.0,0.37001795134508547,False,False,sensitivity_Z1
p02,Deep_Sleep_Minutes,stress,-0.2287816170239832,0.1261818761213812,46,Yes,1.0,0.3927134179637373,False,False,sensitivity_Z1
p02,Sleep_Restlessness,fatigue,,,44,Yes,1.0,,False,False,sensitivity_Z1
p02,Sleep_Restlessness,mood,0.0544062933932492,0.7257676163473707,44,Yes,1.0,0.8953489230877856,False,False,sensitivity_Z1
p02,Sleep_Restlessness,readiness,0.3690393815488425,0.0136950223450324,44,Yes,1.0,0.11515001551708719,True,False,sensitivity_Z1
p02,Sleep_Restlessness,sleep_quality,0.025461337055025,0.8696872267006555,44,Yes,1.0,0.9358460565533998,False,False,sensitivity_Z1
p02,Sleep_Restlessness,stress,0.0434198495411742,0.7795885992213356,44,Yes,1.0,0.907162653776252,False,False,sensitivity_Z1
p02,Sleep_Composition,fatigue,,,44,Yes,1.0,,False,False,sensitivity_Z1
p02,Sleep_Composition,mood,-0.1090938894581957,0.4808583602466279,44,Yes,1.0,0.7726836332223894,False,False,sensitivity_Z1
p02,Sleep_Composition,readiness,-0.1964516064574897,0.2012159107024562,44,Yes,1.0,0.5027563740650103,False,False,sensitivity_Z1
p02,Sleep_Composition,sleep_quality,0.178147112321343,0.2472892891670141,44,Yes,1.0,0.5558488733551163,False,False,sensitivity_Z1
p02,Sleep_Composition,stress,-0.1046991549664365,0.4988090295488392,44,Yes,1.0,0.7858678671577627,False,False,sensitivity_Z1
p02,Sleep_Revitalization,fatigue,,,44,Yes,1.0,,False,False,sensitivity_Z1
p02,Sleep_Revitalization,mood,-0.1943406439609967,0.2061971953165338,44,Yes,1.0,0.508061258334464,False,False,sensitivity_Z1
p02,Sleep_Revitalization,readiness,0.075561168117834,0.6259147998189716,44,Yes,1.0,0.8451916090578937,False,False,sensitivity_Z1
p02,Sleep_Revitalization,sleep_quality,0.2527523824277386,0.0978629958956719,44,Yes,1.0,0.3554260437682347,False,False,sensitivity_Z1
p02,Sleep_Revitalization,stress,-0.3275264459397771,0.0299860036493816,44,Yes,1.0,0.1899827516928677,True,False,sensitivity_Z1
p02,Sleep_Score,fatigue,,,44,Yes,1.0,,False,False,sensitivity_Z1
p02,Sleep_Score,mood,-0.214943280178667,0.1611645453635967,44,Yes,1.0,0.4509556837145435,False,False,sensitivity_Z1
p02,Sleep_Score,readiness,-0.025034310778976,0.8718544104041478,44,Yes,1.0,0.9358460565533998,False,False,sensitivity_Z1
p02,Sleep_Score,sleep_quality,0.1839042348304269,0.2320913400454427,44,Yes,1.0,0.5375065760321349,False,False,sensitivity_Z1
p02,Sleep_Score,stress,-0.2823919661400656,0.063275364768471,44,Yes,1.0,0.2792300922867352,False,False,sensitivity_Z1
p03,Steps,fatigue,-0.3373356170525105,0.0411725628844711,37,Yes,1.0,0.220326831324432,True,False,sensitivity_Z1
p03,Steps,mood,-0.0960859899429711,0.5715844972992629,37,Yes,1.0,0.8284239364451734,False,False,sensitivity_Z1
p03,Steps,readiness,,,37,Yes,1.0,,False,False,sensitivity_Z1
p03,Steps,sleep_quality,,,37,Yes,1.0,,False,False,sensitivity_Z1
p03,Steps,stress,0.0936091189632803,0.5815848871173365,37,Yes,1.0,0.8285026289801178,False,False,sensitivity_Z1
p03,Exercise_Count,fatigue,-0.2099700064270411,0.2122795620030859,37,Yes,1.0,0.5158684150595539,False,False,sensitivity_Z1
p03,Exercise_Count,mood,-0.0599498130385772,0.7244920474101139,37,Yes,1.0,0.8950201198506559,False,False,sensitivity_Z1
p03,Exercise_Count,readiness,,,37,Yes,1.0,,False,False,sensitivity_Z1
p03,Exercise_Count,sleep_quality,,,37,Yes,1.0,,False,False,sensitivity_Z1
p03,Exercise_Count,stress,0.1071275542995108,0.5279842615926198,37,Yes,1.0,0.8060620310372698,False,False,sensitivity_Z1
p03,Exercise_Duration,fatigue,-0.4153936844202854,0.0105666044656779,37,Yes,1.0,0.10413975734506996,True,False,sensitivity_Z1
p03,Exercise_Duration,mood,-0.1907967026158407,0.2579848747863144,37,Yes,1.0,0.5686021498502686,False,False,sensitivity_Z1
p03,Exercise_Duration,readiness,,,37,Yes,1.0,,False,False,sensitivity_Z1
p03,Exercise_Duration,sleep_quality,,,37,Yes,1.0,,False,False,sensitivity_Z1
p03,Exercise_Duration,stress,0.1022406258457439,0.54708000356116,37,Yes,1.0,0.8155205797753626,False,False,sensitivity_Z1
p03,Exercise_Distance,fatigue,,,37,Yes,1.0,,False,False,sensitivity_Z1
p03,Exercise_Distance,mood,,,37,Yes,1.0,,False,False,sensitivity_Z1
p03,Exercise_Distance,readiness,,,37,Yes,1.0,,False,False,sensitivity_Z1
p03,Exercise_Distance,sleep_quality,,,37,Yes,1.0,,False,False,sensitivity_Z1
p03,Exercise_Distance,stress,,,37,Yes,1.0,,False,False,sensitivity_Z1
p03,Exercise_Calories,fatigue,-0.4062359916537165,0.0126007748748238,37,Yes,1.0,0.11129313346766782,True,False,sensitivity_Z1
p03,Exercise_Calories,mood,-0.1685109700579298,0.3187722278597661,37,Yes,1.0,0.6384440941756301,False,False,sensitivity_Z1
p03,Exercise_Calories,readiness,,,37,Yes,1.0,,False,False,sensitivity_Z1
p03,Exercise_Calories,sleep_quality,,,37,Yes,1.0,,False,False,sensitivity_Z1
p03,Exercise_Calories,stress,0.0805407603060252,0.6355951313369854,37,Yes,1.0,0.8486681201796835,False,False,sensitivity_Z1
p03,Exercise_Avg_HR,fatigue,-0.1366617004533999,0.5242806435045002,24,Yes,1.0,0.8031725920353915,False,False,sensitivity_Z1
p03,Exercise_Avg_HR,mood,0.0506270593142009,0.814262327308516,24,Yes,1.0,0.9170338237300271,False,False,sensitivity_Z1
p03,Exercise_Avg_HR,readiness,,,24,Yes,1.0,,False,False,sensitivity_Z1
p03,Exercise_Avg_HR,sleep_quality,,,24,Yes,1.0,,False,False,sensitivity_Z1
p03,Exercise_Avg_HR,stress,-0.2260937547772615,0.2880846528738611,24,Yes,1.0,0.6012496167037995,False,False,sensitivity_Z1
p03,Sleep_Hours,fatigue,0.2459852879849126,0.2161587359246108,27,Yes,1.0,0.5210130401226353,False,False,sensitivity_Z1
p03,Sleep_Hours,mood,-0.0192835902874244,0.923943315275576,27,Yes,1.0,0.9675770019473859,False,False,sensitivity_Z1
p03,Sleep_Hours,readiness,,,27,Yes,1.0,,False,False,sensitivity_Z1
p03,Sleep_Hours,sleep_quality,,,27,Yes,1.0,,False,False,sensitivity_Z1
p03,Sleep_Hours,stress,0.114013274806135,0.5712244618677941,27,Yes,1.0,0.8284239364451734,False,False,sensitivity_Z1
p03,Sleep_Duration_Score,fatigue,0.2535533511085243,0.2019076835724007,27,Yes,1.0,0.503067739687414,False,False,sensitivity_Z1
p03,Sleep_Duration_Score,mood,0.4469973872805474,0.0194088296264163,27,Yes,1.0,0.14466917545068284,True,False,sensitivity_Z1
p03,Sleep_Duration_Score,readiness,,,27,Yes,1.0,,False,False,sensitivity_Z1
p03,Sleep_Duration_Score,sleep_quality,,,27,Yes,1.0,,False,False,sensitivity_Z1
p03,Sleep_Duration_Score,stress,0.0396177111107069,0.8444572708603528,27,Yes,1.0,0.9304646998831232,False,False,sensitivity_Z1
p03,Deep_Sleep_Minutes,fatigue,-0.0383164262151896,0.8495079593147914,27,Yes,1.0,0.9304646998831232,False,False,sensitivity_Z1
p03,Deep_Sleep_Minutes,mood,-0.3899358378952724,0.0443589855169729,27,Yes,1.0,0.22618626849330958,True,False,sensitivity_Z1
p03,Deep_Sleep_Minutes,readiness,,,27,Yes,1.0,,False,False,sensitivity_Z1
p03,Deep_Sleep_Minutes,sleep_quality,,,27,Yes,1.0,,False,False,sensitivity_Z1
p03,Deep_Sleep_Minutes,stress,0.199628580581138,0.3181279929252068,27,Yes,1.0,0.6384440941756301,False,False,sensitivity_Z1
p03,Sleep_Restlessness,fatigue,0.2672164578670452,0.1778355430718527,27,Yes,1.0,0.47512086356847394,False,False,sensitivity_Z1
p03,Sleep_Restlessness,mood,-0.422129693784892,0.0282829845204999,27,Yes,1.0,0.18178990775132906,True,False,sensitivity_Z1
p03,Sleep_Restlessness,readiness,,,27,Yes,1.0,,False,False,sensitivity_Z1
p03,Sleep_Restlessness,sleep_quality,,,27,Yes,1.0,,False,False,sensitivity_Z1
p03,Sleep_Restlessness,stress,-0.0662741006590099,0.7425816346539574,27,Yes,1.0,0.9034973750162242,False,False,sensitivity_Z1
p03,Sleep_Composition,fatigue,0.3724209386350214,0.0557414130702237,27,Yes,1.0,0.2588619549386828,False,False,sensitivity_Z1
p03,Sleep_Composition,mood,-0.009157263423887,0.9638428328695507,27,Yes,1.0,0.9826765433968868,False,False,sensitivity_Z1
p03,Sleep_Composition,readiness,,,27,Yes,1.0,,False,False,sensitivity_Z1
p03,Sleep_Composition,sleep_quality,,,27,Yes,1.0,,False,False,sensitivity_Z1
p03,Sleep_Composition,stress,-0.2190711403735419,0.272262812414224,27,Yes,1.0,0.5836193476930472,False,False,sensitivity_Z1
p03,Sleep_Revitalization,fatigue,-0.0441630509830249,0.8268636805183421,27,Yes,1.0,0.9202771989060456,False,False,sensitivity_Z1
p03,Sleep_Revitalization,mood,0.0825035027905688,0.6824560524047252,27,Yes,1.0,0.8796818663357524,False,False,sensitivity_Z1
p03,Sleep_Revitalization,readiness,,,27,Yes,1.0,,False,False,sensitivity_Z1
p03,Sleep_Revitalization,sleep_quality,,,27,Yes,1.0,,False,False,sensitivity_Z1
p03,Sleep_Revitalization,stress,0.0475602087509498,0.813766925867458,27,Yes,1.0,0.9170338237300271,False,False,sensitivity_Z1
p03,Sleep_Score,fatigue,0.2449738522001202,0.2181134997008426,27,Yes,1.0,0.5224448957464173,False,False,sensitivity_Z1
p03,Sleep_Score,mood,0.3173188061057737,0.1067851049531247,27,Yes,1.0,0.3685407058786047,False,False,sensitivity_Z1
p03,Sleep_Score,readiness,,,27,Yes,1.0,,False,False,sensitivity_Z1
p03,Sleep_Score,sleep_quality,,,27,Yes,1.0,,False,False,sensitivity_Z1
p03,Sleep_Score,stress,-0.016460693626095,0.935052045818618,27,Yes,1.0,0.974600319394596,False,False,sensitivity_Z1
p04,Steps,fatigue,0.0006552209234103,0.995673100514005,71,Yes,1.0,0.9979232092157315,False,False,sensitivity_Z1
p04,Steps,mood,0.4314745992236434,0.0001721105915265,71,Yes,1.0,0.008034847088631869,True,True,sensitivity_Z1
p04,Steps,readiness,0.1247334044537613,0.3000057764633233,71,Yes,1.0,0.6166193091434836,False,False,sensitivity_Z1
p04,Steps,sleep_quality,0.2479163056836703,0.0371088984980641,71,Yes,1.0,0.21101495618994473,True,False,sensitivity_Z1
p04,Steps,stress,0.266594180721815,0.0246189496637284,71,Yes,1.0,0.16797698732097763,True,False,sensitivity_Z1
p04,Exercise_Count,fatigue,-0.0462204364011393,0.7019036017662329,71,Yes,1.0,0.8910651858789573,False,False,sensitivity_Z1
p04,Exercise_Count,mood,0.1565488963962834,0.1923203839048007,71,Yes,1.0,0.4944584942711832,False,False,sensitivity_Z1
p04,Exercise_Count,readiness,0.0400046906931375,0.7404670698917808,71,Yes,1.0,0.9034309367180324,False,False,sensitivity_Z1
p04,Exercise_Count,sleep_quality,0.2473687290570952,0.0375428788391562,71,Yes,1.0,0.21101495618994473,True,False,sensitivity_Z1
p04,Exercise_Count,stress,0.2398749883348062,0.0439185996070821,71,Yes,1.0,0.22618626849330958,True,False,sensitivity_Z1
p04,Exercise_Duration,fatigue,0.0010962239049095,0.992760900070635,71,Yes,1.0,0.9961299981477978,False,False,sensitivity_Z1
p04,Exercise_Duration,mood,0.0914651308825757,0.4480851874799849,71,Yes,1.0,0.741514106893184,False,False,sensitivity_Z1
p04,Exercise_Duration,readiness,0.083928724678402,0.486508677352432,71,Yes,1.0,0.7761388431863439,False,False,sensitivity_Z1
p04,Exercise_Duration,sleep_quality,-0.0264167022671085,0.8269007074725123,71,Yes,1.0,0.9202771989060456,False,False,sensitivity_Z1
p04,Exercise_Duration,stress,0.1462973763222114,0.2234499806961878,71,Yes,1.0,0.528577322591785,False,False,sensitivity_Z1
p04,Exercise_Distance,fatigue,0.0782114669284464,0.5167792175140095,71,Yes,1.0,0.7985663067194153,False,False,sensitivity_Z1
p04,Exercise_Distance,mood,0.3096044895374584,0.0086049245605131,71,Yes,1.0,0.09308009859969657,True,False,sensitivity_Z1
p04,Exercise_Distance,readiness,0.2097178168945055,0.0792037818108115,71,Yes,1.0,0.3164583534513054,False,False,sensitivity_Z1
p04,Exercise_Distance,sleep_quality,0.2152457640464308,0.0714362017256477,71,Yes,1.0,0.29852211595396044,False,False,sensitivity_Z1
p04,Exercise_Distance,stress,0.287879310628543,0.0149150906040964,71,Yes,1.0,0.1191863546471487,True,False,sensitivity_Z1
p04,Exercise_Calories,fatigue,0.0167384934882459,0.8898079326180274,71,Yes,1.0,0.9418372747400839,False,False,sensitivity_Z1
p04,Exercise_Calories,mood,0.1772867962611474,0.1391206622245223,71,Yes,1.0,0.41212723389714384,False,False,sensitivity_Z1
p04,Exercise_Calories,readiness,0.1193215739231576,0.3216261208468903,71,Yes,1.0,0.6411401364563128,False,False,sensitivity_Z1
p04,Exercise_Calories,sleep_quality,0.0823599668394647,0.4947201319918437,71,Yes,1.0,0.7836013519227953,False,False,sensitivity_Z1
p04,Exercise_Calories,stress,0.2429261970814517,0.041222299288499,71,Yes,1.0,0.220326831324432,True,False,sensitivity_Z1
p04,Exercise_Avg_HR,fatigue,0.0754670448333306,0.5768871013814821,57,Yes,1.0,0.8285026289801178,False,False,sensitivity_Z1
p04,Exercise_Avg_HR,mood,0.2035046617092941,0.128932411720113,57,Yes,1.0,0.39571989341086583,False,False,sensitivity_Z1
p04,Exercise_Avg_HR,readiness,0.1637781406166362,0.2234734661016895,57,Yes,1.0,0.528577322591785,False,False,sensitivity_Z1
p04,Exercise_Avg_HR,sleep_quality,0.3064940322947541,0.0204044235876236,57,Yes,1.0,0.14835019444444372,True,False,sensitivity_Z1
p04,Exercise_Avg_HR,stress,0.2598964419848749,0.0508910301988331,57,Yes,1.0,0.24639257841196316,False,False,sensitivity_Z1
p04,Sleep_Hours,fatigue,0.0377124192432005,0.754857249651458,71,Yes,1.0,0.9034973750162242,False,False,sensitivity_Z1
p04,Sleep_Hours,mood,-0.103572036610092,0.3900439220014006,71,Yes,1.0,0.7031889406813868,False,False,sensitivity_Z1
p04,Sleep_Hours,readiness,0.0268351059455635,0.8242025424362132,71,Yes,1.0,0.9202771989060456,False,False,sensitivity_Z1
p04,Sleep_Hours,sleep_quality,0.1121733817408397,0.3516691959742218,71,Yes,1.0,0.6657162390480775,False,False,sensitivity_Z1
p04,Sleep_Hours,stress,0.0630172945003538,0.6016094643756855,71,Yes,1.0,0.8368649748319339,False,False,sensitivity_Z1
p04,Sleep_Duration_Score,fatigue,0.1512050329752617,0.2114851762868273,70,Yes,1.0,0.5153498663912522,False,False,sensitivity_Z1
p04,Sleep_Duration_Score,mood,0.0484842631220479,0.6902034230650659,70,Yes,1.0,0.8846971622235744,False,False,sensitivity_Z1
p04,Sleep_Duration_Score,readiness,0.1079674482324523,0.3736484596546306,70,Yes,1.0,0.6861825749765162,False,False,sensitivity_Z1
p04,Sleep_Duration_Score,sleep_quality,0.2993093057772559,0.0118323781574339,70,Yes,1.0,0.10943649992201285,True,False,sensitivity_Z1
p04,Sleep_Duration_Score,stress,0.1436554905630172,0.2354515823345376,70,Yes,1.0,0.542455983196714,False,False,sensitivity_Z1
p04,Deep_Sleep_Minutes,fatigue,0.0322823561061306,0.7892710354199598,71,Yes,1.0,0.9095552328365037,False,False,sensitivity_Z1
p04,Deep_Sleep_Minutes,mood,-0.0595128152761415,0.6220124058425034,71,Yes,1.0,0.8451916090578937,False,False,sensitivity_Z1
p04,Deep_Sleep_Minutes,readiness,0.0937598513901107,0.4367300292142625,71,Yes,1.0,0.7303082396334178,False,False,sensitivity_Z1
p04,Deep_Sleep_Minutes,sleep_quality,0.2267349199781391,0.0572450676830026,71,Yes,1.0,0.2644602866397047,False,False,sensitivity_Z1
p04,Deep_Sleep_Minutes,stress,0.0972794374511315,0.419632889258817,71,Yes,1.0,0.7202051819798839,False,False,sensitivity_Z1
p04,Sleep_Restlessness,fatigue,-0.1032178259734124,0.3951542796667553,70,Yes,1.0,0.7050701785725935,False,False,sensitivity_Z1
p04,Sleep_Restlessness,mood,-0.1661307888295603,0.1692878950526011,70,Yes,1.0,0.46345173738165796,False,False,sensitivity_Z1
p04,Sleep_Restlessness,readiness,-0.0392985410338147,0.7466953875872115,70,Yes,1.0,0.9034973750162242,False,False,sensitivity_Z1
p04,Sleep_Restlessness,sleep_quality,-0.14498353043678,0.2311049334070278,70,Yes,1.0,0.5375065760321349,False,False,sensitivity_Z1
p04,Sleep_Restlessness,stress,-0.0849153311480629,0.4845993152115039,70,Yes,1.0,0.7748562572013222,False,False,sensitivity_Z1
p04,Sleep_Composition,fatigue,0.1221187000988614,0.3138881236136733,70,Yes,1.0,0.6351281775853385,False,False,sensitivity_Z1
p04,Sleep_Composition,mood,0.0677273772612533,0.5774691507958356,70,Yes,1.0,0.8285026289801178,False,False,sensitivity_Z1
p04,Sleep_Composition,readiness,0.081265253363421,0.5036364618682727,70,Yes,1.0,0.7899096183405051,False,False,sensitivity_Z1
p04,Sleep_Composition,sleep_quality,0.2988546219577414,0.0119676893939518,70,Yes,1.0,0.10943649992201285,True,False,sensitivity_Z1
p04,Sleep_Composition,stress,0.0911985126178316,0.4527432435317694,70,Yes,1.0,0.7478272942507997,False,False,sensitivity_Z1
p04,Sleep_Revitalization,fatigue,0.3165857962322869,0.0075826309062529,70,Yes,1.0,0.08973131133959501,True,False,sensitivity_Z1
p04,Sleep_Revitalization,mood,0.3165630488234889,0.0075872021989511,70,Yes,1.0,0.08973131133959501,True,False,sensitivity_Z1
p04,Sleep_Revitalization,readiness,0.3068763261509963,0.0097674997567556,70,Yes,1.0,0.09958358947404847,True,False,sensitivity_Z1
p04,Sleep_Revitalization,sleep_quality,0.2009243388638783,0.0953472818721365,70,Yes,1.0,0.35371714132136467,False,False,sensitivity_Z1
p04,Sleep_Revitalization,stress,0.2178432795771477,0.0700457478625538,70,Yes,1.0,0.29635714513308914,False,False,sensitivity_Z1
p04,Sleep_Score,fatigue,0.2570218523675121,0.0317213007813668,70,Yes,1.0,0.19508168664456715,True,False,sensitivity_Z1
p04,Sleep_Score,mood,0.177432585191792,0.1417066003844719,70,Yes,1.0,0.41346629783232425,False,False,sensitivity_Z1
p04,Sleep_Score,readiness,0.2154147114488236,0.073304945667091,70,Yes,1.0,0.302425520031208,False,False,sensitivity_Z1
p04,Sleep_Score,sleep_quality,0.3467091037857336,0.0032785788623285,70,Yes,1.0,0.05702155786049764,True,False,sensitivity_Z1
p04,Sleep_Score,stress,0.20438079763683,0.0896685414269548,70,Yes,1.0,0.3384510478540804,False,False,sensitivity_Z1
p05,Steps,fatigue,0.2340537066546628,0.07971392353509,57,Yes,1.0,0.3170683864377795,False,False,sensitivity_Z1
p05,Steps,mood,0.0207019336322687,0.8785167144960352,57,Yes,1.0,0.9362829944677331,False,False,sensitivity_Z1
p05,Steps,readiness,0.3038385398646991,0.0215774625778222,57,Yes,1.0,0.15311367445222632,True,False,sensitivity_Z1
p05,Steps,sleep_quality,0.0421215494126881,0.7557219949636954,57,Yes,1.0,0.9034973750162242,False,False,sensitivity_Z1
p05,Steps,stress,-0.032063212351344,0.8128354029952601,57,Yes,1.0,0.9170338237300271,False,False,sensitivity_Z1
p05,Exercise_Count,fatigue,0.0646036436196403,0.6178787830131454,62,Yes,1.0,0.8451916090578937,False,False,sensitivity_Z1
p05,Exercise_Count,mood,-0.0675501745728595,0.6019052801006715,62,Yes,1.0,0.8368649748319339,False,False,sensitivity_Z1
p05,Exercise_Count,readiness,0.1178122028559806,0.3617914111245715,62,Yes,1.0,0.6755978561420947,False,False,sensitivity_Z1
p05,Exercise_Count,sleep_quality,-0.0195139711313488,0.8803382383157716,62,Yes,1.0,0.9362829944677331,False,False,sensitivity_Z1
p05,Exercise_Count,stress,-0.0853775949092931,0.5093892916468646,62,Yes,1.0,0.7899096183405051,False,False,sensitivity_Z1
p05,Exercise_Duration,fatigue,0.0834528499121038,0.5190166683298851,62,Yes,1.0,0.7992496264038336,False,False,sensitivity_Z1
p05,Exercise_Duration,mood,-0.1758903386402887,0.1714797983031625,62,Yes,1.0,0.46648385030141026,False,False,sensitivity_Z1
p05,Exercise_Duration,readiness,0.1076495159152129,0.4049536409834728,62,Yes,1.0,0.7070745660479141,False,False,sensitivity_Z1
p05,Exercise_Duration,sleep_quality,0.0711110995999283,0.5828473962610976,62,Yes,1.0,0.8285026289801178,False,False,sensitivity_Z1
p05,Exercise_Duration,stress,-0.1105001080837846,0.3925542945463204,62,Yes,1.0,0.7048495126773,False,False,sensitivity_Z1
p05,Exercise_Distance,fatigue,0.0271437642582997,0.8341210586359054,62,Yes,1.0,0.9213765616563487,False,False,sensitivity_Z1
p05,Exercise_Distance,mood,0.1915769746487336,0.1357950969490097,62,Yes,1.0,0.40567890188425787,False,False,sensitivity_Z1
p05,Exercise_Distance,readiness,0.0397259444831432,0.7591801356962392,62,Yes,1.0,0.9034973750162242,False,False,sensitivity_Z1
p05,Exercise_Distance,sleep_quality,0.0356230637017003,0.78341216774815,62,Yes,1.0,0.907162653776252,False,False,sensitivity_Z1
p05,Exercise_Distance,stress,0.1982406334575464,0.1224539566213997,62,Yes,1.0,0.386536154886767,False,False,sensitivity_Z1
p05,Exercise_Calories,fatigue,0.0807881896392851,0.5324945276293375,62,Yes,1.0,0.808771654121956,False,False,sensitivity_Z1
p05,Exercise_Calories,mood,-0.1814027710001501,0.1582341290314729,62,Yes,1.0,0.44834897610790153,False,False,sensitivity_Z1
p05,Exercise_Calories,readiness,0.1099871609558825,0.3947687716650214,62,Yes,1.0,0.7050701785725935,False,False,sensitivity_Z1
p05,Exercise_Calories,sleep_quality,0.0633108006917983,0.6249440188736346,62,Yes,1.0,0.8451916090578937,False,False,sensitivity_Z1
p05,Exercise_Calories,stress,-0.1231740377159611,0.3401981165266279,62,Yes,1.0,0.6588553042775522,False,False,sensitivity_Z1
p05,Exercise_Avg_HR,fatigue,0.0916840768583797,0.6299102078269815,30,Yes,1.0,0.8468235393666913,False,False,sensitivity_Z1
p05,Exercise_Avg_HR,mood,-0.2372008559202782,0.2069119828355923,30,Yes,1.0,0.5083959245849595,False,False,sensitivity_Z1
p05,Exercise_Avg_HR,readiness,-0.0456296191625175,0.8107732697641921,30,Yes,1.0,0.9170338237300271,False,False,sensitivity_Z1
p05,Exercise_Avg_HR,sleep_quality,-0.0151552878157394,0.9366459545311578,30,Yes,1.0,0.974600319394596,False,False,sensitivity_Z1
p05,Exercise_Avg_HR,stress,-0.3172623275235633,0.0875747955002962,30,Yes,1.0,0.3348226017619083,False,False,sensitivity_Z1
p05,Sleep_Hours,fatigue,0.1316669613729887,0.394239326040298,44,Yes,1.0,0.7050701785725935,False,False,sensitivity_Z1
p05,Sleep_Hours,mood,0.0925509046127704,0.5501572812911852,44,Yes,1.0,0.816035967400136,False,False,sensitivity_Z1
p05,Sleep_Hours,readiness,-0.2442329559606864,0.1101051714293464,44,Yes,1.0,0.3685407058786047,False,False,sensitivity_Z1
p05,Sleep_Hours,sleep_quality,0.1368131210421714,0.3758525059268131,44,Yes,1.0,0.6863885017593312,False,False,sensitivity_Z1
p05,Sleep_Hours,stress,0.0454104412721768,0.7697528424611484,44,Yes,1.0,0.9035211403494964,False,False,sensitivity_Z1
p05,Sleep_Duration_Score,fatigue,0.3463438522469603,0.0228981961342842,43,Yes,1.0,0.15992677142606365,True,False,sensitivity_Z1
p05,Sleep_Duration_Score,mood,-0.058075481419763,0.7114443058081368,43,Yes,1.0,0.8910651858789573,False,False,sensitivity_Z1
p05,Sleep_Duration_Score,readiness,-0.2090019986662141,0.178611701442071,43,Yes,1.0,0.4754767976179126,False,False,sensitivity_Z1
p05,Sleep_Duration_Score,sleep_quality,0.1884048796538343,0.2263097697660306,43,Yes,1.0,0.5324582646749845,False,False,sensitivity_Z1
p05,Sleep_Duration_Score,stress,0.0110227118437053,0.9440719495833076,43,Yes,1.0,0.9765580414626381,False,False,sensitivity_Z1
p05,Deep_Sleep_Minutes,fatigue,0.1438520539811311,0.3515462521912476,44,Yes,1.0,0.6657162390480775,False,False,sensitivity_Z1
p05,Deep_Sleep_Minutes,mood,0.2109565291914733,0.1692650763455992,44,Yes,1.0,0.46345173738165796,False,False,sensitivity_Z1
p05,Deep_Sleep_Minutes,readiness,-0.2546248955194206,0.0953184870319418,44,Yes,1.0,0.35371714132136467,False,False,sensitivity_Z1
p05,Deep_Sleep_Minutes,sleep_quality,0.1310934689428083,0.3963203324323435,44,Yes,1.0,0.7050701785725935,False,False,sensitivity_Z1
p05,Deep_Sleep_Minutes,stress,-0.0554263214040013,0.7208318248899445,44,Yes,1.0,0.8923757608601038,False,False,sensitivity_Z1
p05,Sleep_Restlessness,fatigue,0.2103413636638141,0.1757813027769123,43,Yes,1.0,0.4739149409213411,False,False,sensitivity_Z1
p05,Sleep_Restlessness,mood,0.0799221327678907,0.6104316127817055,43,Yes,1.0,0.8420728468699421,False,False,sensitivity_Z1
p05,Sleep_Restlessness,readiness,-0.0939778265496692,0.5488904014948044,43,Yes,1.0,0.8155205797753626,False,False,sensitivity_Z1
p05,Sleep_Restlessness,sleep_quality,0.080209665347137,0.6091436387999419,43,Yes,1.0,0.8418728995673181,False,False,sensitivity_Z1
p05,Sleep_Restlessness,stress,0.146351039589832,0.3490341884655399,43,Yes,1.0,0.6657162390480775,False,False,sensitivity_Z1
p05,Sleep_Composition,fatigue,-0.0504094678829325,0.7481947667970811,43,Yes,1.0,0.9034973750162242,False,False,sensitivity_Z1
p05,Sleep_Composition,mood,0.2844024693460623,0.0645485371399541,43,Yes,1.0,0.28328068011363244,False,False,sensitivity_Z1
p05,Sleep_Composition,readiness,-0.2429909635350188,0.1163963200134969,43,Yes,1.0,0.37457051679834547,False,False,sensitivity_Z1
p05,Sleep_Composition,sleep_quality,-0.0846579261674533,0.5893685002692644,43,Yes,1.0,0.8318666850287846,False,False,sensitivity_Z1
p05,Sleep_Composition,stress,0.0336098882720947,0.8305776774473478,43,Yes,1.0,0.9204838828288981,False,False,sensitivity_Z1
p05,Sleep_Revitalization,fatigue,-0.1516621327970307,0.3316275557517073,43,Yes,1.0,0.6502073117382807,False,False,sensitivity_Z1
p05,Sleep_Revitalization,mood,-0.0511196628010893,0.7447654398974302,43,Yes,1.0,0.9034973750162242,False,False,sensitivity_Z1
p05,Sleep_Revitalization,readiness,-0.0469327473915371,0.7650510138200664,43,Yes,1.0,0.9034973750162242,False,False,sensitivity_Z1
p05,Sleep_Revitalization,sleep_quality,-0.0332682251306207,0.832275168014404,43,Yes,1.0,0.9204838828288981,False,False,sensitivity_Z1
p05,Sleep_Revitalization,stress,-0.2487216884164593,0.1077683668817676,43,Yes,1.0,0.3685407058786047,False,False,sensitivity_Z1
p05,Sleep_Score,fatigue,0.1303279525446768,0.4048471087117209,43,Yes,1.0,0.7070745660479141,False,False,sensitivity_Z1
p05,Sleep_Score,mood,0.0301759371492965,0.8476719953372228,43,Yes,1.0,0.9304646998831232,False,False,sensitivity_Z1
p05,Sleep_Score,readiness,-0.2308686266358282,0.1363553064617006,43,Yes,1.0,0.40586294238767934,False,False,sensitivity_Z1
p05,Sleep_Score,sleep_quality,0.0757737326440818,0.6291417088937791,43,Yes,1.0,0.8468235393666913,False,False,sensitivity_Z1
p05,Sleep_Score,stress,-0.0991975443047153,0.5268133425246532,43,Yes,1.0,0.8056610945161506,False,False,sensitivity_Z1
p06,Steps,fatigue,0.0471087273966093,0.6964506750733122,71,Yes,1.0,0.8888514371079538,False,False,sensitivity_Z1
p06,Steps,mood,0.2810730426414549,0.0175771566030376,71,Yes,1.0,0.13440463712839956,True,False,sensitivity_Z1
p06,Steps,readiness,0.3793518513817587,0.0011039100914756,71,Yes,1.0,0.028799066209966386,True,True,sensitivity_Z1
p06,Steps,sleep_quality,-0.0042807909204231,0.9717364776700858,71,Yes,1.0,0.9865706430341994,False,False,sensitivity_Z1
p06,Steps,stress,-0.0628861612946037,0.6023675761799476,71,Yes,1.0,0.8368649748319339,False,False,sensitivity_Z1
p06,Exercise_Count,fatigue,-0.0793868113806674,0.5104792932986048,71,Yes,1.0,0.7902183824709641,False,False,sensitivity_Z1
p06,Exercise_Count,mood,0.2016348793730372,0.0917542797316531,71,Yes,1.0,0.3447129083628988,False,False,sensitivity_Z1
p06,Exercise_Count,readiness,0.19008774215735,0.1123334308193652,71,Yes,1.0,0.37179012364469005,False,False,sensitivity_Z1
p06,Exercise_Count,sleep_quality,-0.211457394612435,0.0766901700354992,71,Yes,1.0,0.3092008219158536,False,False,sensitivity_Z1
p06,Exercise_Count,stress,0.3078889026219811,0.0090000512289372,71,Yes,1.0,0.09618127036225657,True,False,sensitivity_Z1
p06,Exercise_Duration,fatigue,-0.0274929298900989,0.8199645422314741,71,Yes,1.0,0.9185117067524889,False,False,sensitivity_Z1
p06,Exercise_Duration,mood,0.2014219959936898,0.0921048018962875,71,Yes,1.0,0.3447129083628988,False,False,sensitivity_Z1
p06,Exercise_Duration,readiness,0.2622450308742896,0.0271526607554148,71,Yes,1.0,0.1770912506621539,True,False,sensitivity_Z1
p06,Exercise_Duration,sleep_quality,-0.187927022572614,0.1165518180793048,71,Yes,1.0,0.37457051679834547,False,False,sensitivity_Z1
p06,Exercise_Duration,stress,0.2928632664808399,0.013193159051171,71,Yes,1.0,0.11252242383066036,True,False,sensitivity_Z1
p06,Exercise_Distance,fatigue,0.1256235832580511,0.2965424958574699,71,Yes,1.0,0.6117051019199437,False,False,sensitivity_Z1
p06,Exercise_Distance,mood,0.1084835328462118,0.3678356802416604,71,Yes,1.0,0.6811487439965611,False,False,sensitivity_Z1
p06,Exercise_Distance,readiness,0.4043131400375235,0.0004706897269349,71,Yes,1.0,0.014987188758739813,True,True,sensitivity_Z1
p06,Exercise_Distance,sleep_quality,-0.1209300932470519,0.3150986566269209,71,Yes,1.0,0.6352102464274518,False,False,sensitivity_Z1
p06,Exercise_Distance,stress,0.0149255017532772,0.9016802602469638,71,Yes,1.0,0.9493816495582246,False,False,sensitivity_Z1
p06,Exercise_Calories,fatigue,0.0204502570849005,0.8655795761706196,71,Yes,1.0,0.9358460565533998,False,False,sensitivity_Z1
p06,Exercise_Calories,mood,0.1913842340792843,0.1098593993596191,71,Yes,1.0,0.3685407058786047,False,False,sensitivity_Z1
p06,Exercise_Calories,readiness,0.3266657527148556,0.0054293007608581,71,Yes,1.0,0.07767402862711507,True,False,sensitivity_Z1
p06,Exercise_Calories,sleep_quality,-0.1751362196039547,0.1440574070738985,71,Yes,1.0,0.41894727893294414,False,False,sensitivity_Z1
p06,Exercise_Calories,stress,0.246942813300676,0.0378833503470361,71,Yes,1.0,0.21133667772214476,True,False,sensitivity_Z1
p06,Exercise_Avg_HR,fatigue,0.1403710005314687,0.3360470094889731,49,Yes,1.0,0.6565499943099541,False,False,sensitivity_Z1
p06,Exercise_Avg_HR,mood,,,49,Yes,1.0,,False,False,sensitivity_Z1
p06,Exercise_Avg_HR,readiness,0.2051872232419128,0.157264675058614,49,Yes,1.0,0.44834897610790153,False,False,sensitivity_Z1
p06,Exercise_Avg_HR,sleep_quality,0.0407236964166743,0.7811489570195786,49,Yes,1.0,0.907162653776252,False,False,sensitivity_Z1
p06,Exercise_Avg_HR,stress,-0.2320184390136803,0.1086747986662235,49,Yes,1.0,0.3685407058786047,False,False,sensitivity_Z1
p06,Sleep_Hours,fatigue,-0.1459580589491044,0.2279509919977542,70,Yes,1.0,0.5349008727566349,False,False,sensitivity_Z1
p06,Sleep_Hours,mood,-0.1608887143347029,0.1833401713508649,70,Yes,1.0,0.48414600430123256,False,False,sensitivity_Z1
p06,Sleep_Hours,readiness,-0.1784487467187232,0.1394028300295589,70,Yes,1.0,0.41212723389714384,False,False,sensitivity_Z1
p06,Sleep_Hours,sleep_quality,-0.0230632778805936,0.84969155231717,70,Yes,1.0,0.9304646998831232,False,False,sensitivity_Z1
p06,Sleep_Hours,stress,0.1077113345193505,0.3747897224976558,70,Yes,1.0,0.6863885017593312,False,False,sensitivity_Z1
p06,Sleep_Duration_Score,fatigue,0.1411456734994892,0.2438198958759285,70,Yes,1.0,0.5546983925674376,False,False,sensitivity_Z1
p06,Sleep_Duration_Score,mood,-0.1816479562939064,0.13233378800136,70,Yes,1.0,0.3992519386299535,False,False,sensitivity_Z1
p06,Sleep_Duration_Score,readiness,0.1400450039199687,0.2475534470514507,70,Yes,1.0,0.5558488733551163,False,False,sensitivity_Z1
p06,Sleep_Duration_Score,sleep_quality,0.2516831411158658,0.0355726556101643,70,Yes,1.0,0.2089355602152918,True,False,sensitivity_Z1
p06,Sleep_Duration_Score,stress,0.3255580653649756,0.0059573118912531,70,Yes,1.0,0.08006266132638636,True,False,sensitivity_Z1
p06,Deep_Sleep_Minutes,fatigue,-0.1667648778562807,0.167643197564666,70,Yes,1.0,0.46179973987533773,False,False,sensitivity_Z1
p06,Deep_Sleep_Minutes,mood,-0.2219240157861795,0.0648319933067276,70,Yes,1.0,0.28328068011363244,False,False,sensitivity_Z1
p06,Deep_Sleep_Minutes,readiness,-0.0968793319026927,0.4249660401879923,70,Yes,1.0,0.723502644235603,False,False,sensitivity_Z1
p06,Deep_Sleep_Minutes,sleep_quality,0.0283609440967009,0.8157155433179158,70,Yes,1.0,0.9170338237300271,False,False,sensitivity_Z1
p06,Deep_Sleep_Minutes,stress,0.0685852063244292,0.5726466968683417,70,Yes,1.0,0.8285026289801178,False,False,sensitivity_Z1
p06,Sleep_Restlessness,fatigue,-0.1928595428784826,0.1096913916683565,70,Yes,1.0,0.3685407058786047,False,False,sensitivity_Z1
p06,Sleep_Restlessness,mood,-0.3133286323596956,0.0082622883948091,70,Yes,1.0,0.092767719065768,True,False,sensitivity_Z1
p06,Sleep_Restlessness,readiness,-0.0222303639516733,0.8550599528662675,70,Yes,1.0,0.9338072560171325,False,False,sensitivity_Z1
p06,Sleep_Restlessness,sleep_quality,-0.259105870396956,0.0303158902281,70,Yes,1.0,0.19015662848854636,True,False,sensitivity_Z1
p06,Sleep_Restlessness,stress,0.1570028645751828,0.1942890784686248,70,Yes,1.0,0.49583022425766754,False,False,sensitivity_Z1
p06,Sleep_Composition,fatigue,0.0444555531610177,0.7147937920290856,70,Yes,1.0,0.8910651858789573,False,False,sensitivity_Z1
p06,Sleep_Composition,mood,-0.1192593205857499,0.3254380825292522,70,Yes,1.0,0.6415206612283295,False,False,sensitivity_Z1
p06,Sleep_Composition,readiness,-0.0674241016421503,0.5791785359544563,70,Yes,1.0,0.8285026289801178,False,False,sensitivity_Z1
p06,Sleep_Composition,sleep_quality,0.0320432177970322,0.7922937663057442,70,Yes,1.0,0.9095552328365037,False,False,sensitivity_Z1
p06,Sleep_Composition,stress,0.0394749106917275,0.7455969598694588,70,Yes,1.0,0.9034973750162242,False,False,sensitivity_Z1
p06,Sleep_Revitalization,fatigue,0.0677126267580964,0.5775522368873443,70,Yes,1.0,0.8285026289801178,False,False,sensitivity_Z1
p06,Sleep_Revitalization,mood,0.1702886539998863,0.1587165484756269,70,Yes,1.0,0.44834897610790153,False,False,sensitivity_Z1
p06,Sleep_Revitalization,readiness,0.0908444351119821,0.4545071055195151,70,Yes,1.0,0.7479988300354603,False,False,sensitivity_Z1
p06,Sleep_Revitalization,sleep_quality,0.1555514813440927,0.1984965321664197,70,Yes,1.0,0.5016137436798127,False,False,sensitivity_Z1
p06,Sleep_Revitalization,stress,-0.0302637604384171,0.8035908327157594,70,Yes,1.0,0.9164349838174269,False,False,sensitivity_Z1
p06,Sleep_Score,fatigue,0.1483643924685859,0.2202919798247641,70,Yes,1.0,0.5238578715940101,False,False,sensitivity_Z1
p06,Sleep_Score,mood,-0.0360569828764737,0.7669712968808832,70,Yes,1.0,0.9034973750162242,False,False,sensitivity_Z1
p06,Sleep_Score,readiness,0.1255668494597235,0.300315153945868,70,Yes,1.0,0.6166193091434836,False,False,sensitivity_Z1
p06,Sleep_Score,sleep_quality,0.2723328552764213,0.0225621800930449,70,Yes,1.0,0.15883058525818117,True,False,sensitivity_Z1
p06,Sleep_Score,stress,0.1934240320799594,0.108636032298275,70,Yes,1.0,0.3685407058786047,False,False,sensitivity_Z1
p07,Steps,fatigue,0.0787836942934895,0.5360412339667884,64,Yes,1.0,0.8113064431310707,False,False,sensitivity_Z1
p07,Steps,mood,0.020735425771606,0.8708086496027856,64,Yes,1.0,0.9358460565533998,False,False,sensitivity_Z1
p07,Steps,readiness,0.3106309132329822,0.0124823877085218,64,Yes,1.0,0.11129313346766782,True,False,sensitivity_Z1
p07,Steps,sleep_quality,-0.0368636328989657,0.7724322021650105,64,Yes,1.0,0.9035211403494964,False,False,sensitivity_Z1
p07,Steps,stress,0.0357975869778626,0.7788435786005645,64,Yes,1.0,0.907162653776252,False,False,sensitivity_Z1
p07,Exercise_Count,fatigue,-0.0084621268251298,0.9470880923872405,64,Yes,1.0,0.9765580414626381,False,False,sensitivity_Z1
p07,Exercise_Count,mood,0.1064947609669665,0.4022822732465865,64,Yes,1.0,0.7070745660479141,False,False,sensitivity_Z1
p07,Exercise_Count,readiness,0.2990641639935098,0.0163690959095574,64,Yes,1.0,0.1273630532612054,True,False,sensitivity_Z1
p07,Exercise_Count,sleep_quality,-0.0702797233483179,0.5810582353744298,64,Yes,1.0,0.8285026289801178,False,False,sensitivity_Z1
p07,Exercise_Count,stress,0.03923999984304,0.7581953484511718,64,Yes,1.0,0.9034973750162242,False,False,sensitivity_Z1
p07,Exercise_Duration,fatigue,-0.1955774157404429,0.1214344524397351,64,Yes,1.0,0.3846869975501608,False,False,sensitivity_Z1
p07,Exercise_Duration,mood,0.1865945346657701,0.139853773847847,64,Yes,1.0,0.41212723389714384,False,False,sensitivity_Z1
p07,Exercise_Duration,readiness,0.2827450711124172,0.0235871593637654,64,Yes,1.0,0.16345164340359306,True,False,sensitivity_Z1
p07,Exercise_Duration,sleep_quality,0.1090396632331414,0.3910658549049831,64,Yes,1.0,0.7036012440176876,False,False,sensitivity_Z1
p07,Exercise_Duration,stress,0.1125078579434036,0.3760820877734329,64,Yes,1.0,0.6863885017593312,False,False,sensitivity_Z1
p07,Exercise_Distance,fatigue,0.1625989660498403,0.1992411909756838,64,Yes,1.0,0.50199418156684,False,False,sensitivity_Z1
p07,Exercise_Distance,mood,-0.0337691429265312,0.7910832784414792,64,Yes,1.0,0.9095552328365037,False,False,sensitivity_Z1
p07,Exercise_Distance,readiness,0.2520342718275226,0.0445270273642108,64,Yes,1.0,0.22618626849330958,True,False,sensitivity_Z1
p07,Exercise_Distance,sleep_quality,0.0811016234330393,0.5240752335264924,64,Yes,1.0,0.8031725920353915,False,False,sensitivity_Z1
p07,Exercise_Distance,stress,0.0845248764503824,0.5066509021685016,64,Yes,1.0,0.7899096183405051,False,False,sensitivity_Z1
p07,Exercise_Calories,fatigue,-0.0656566847452192,0.606233081070383,64,Yes,1.0,0.840201160795984,False,False,sensitivity_Z1
p07,Exercise_Calories,mood,0.1379518782162883,0.2770053499196989,64,Yes,1.0,0.5836193476930472,False,False,sensitivity_Z1
p07,Exercise_Calories,readiness,0.3207752325456863,0.0097574644127162,64,Yes,1.0,0.09958358947404847,True,False,sensitivity_Z1
p07,Exercise_Calories,sleep_quality,0.0770982620011677,0.5448254945243184,64,Yes,1.0,0.8155205797753626,False,False,sensitivity_Z1
p07,Exercise_Calories,stress,0.0757120686216051,0.5521020406635805,64,Yes,1.0,0.8172349050650524,False,False,sensitivity_Z1
p07,Exercise_Avg_HR,fatigue,0.2171898378706695,0.1146657842318289,54,Yes,1.0,0.37388674929455606,False,False,sensitivity_Z1
p07,Exercise_Avg_HR,mood,-0.1433207002736793,0.3011858140008048,54,Yes,1.0,0.616978792191025,False,False,sensitivity_Z1
p07,Exercise_Avg_HR,readiness,0.1807054396202149,0.1909981761402451,54,Yes,1.0,0.493922397190663,False,False,sensitivity_Z1
p07,Exercise_Avg_HR,sleep_quality,0.0085213814192356,0.9512357923604502,54,Yes,1.0,0.9765580414626381,False,False,sensitivity_Z1
p07,Exercise_Avg_HR,stress,0.0206936106417706,0.8819292305048609,54,Yes,1.0,0.9368517694105528,False,False,sensitivity_Z1
p07,Sleep_Hours,fatigue,-0.2046232429158552,0.1106347689836962,62,Yes,1.0,0.36892120334037043,False,False,sensitivity_Z1
p07,Sleep_Hours,mood,0.0469090349685482,0.7173186777688616,62,Yes,1.0,0.891122783166639,False,False,sensitivity_Z1
p07,Sleep_Hours,readiness,-0.0470911000542505,0.7162677311518564,62,Yes,1.0,0.8910651858789573,False,False,sensitivity_Z1
p07,Sleep_Hours,sleep_quality,0.2922474203031011,0.0211723459999685,62,Yes,1.0,0.15145057179009724,True,False,sensitivity_Z1
p07,Sleep_Hours,stress,0.211949526682928,0.0981729207702565,62,Yes,1.0,0.3554260437682347,False,False,sensitivity_Z1
p07,Sleep_Duration_Score,fatigue,-0.0508927068747528,0.694445737880764,62,Yes,1.0,0.8875696966862214,False,False,sensitivity_Z1
p07,Sleep_Duration_Score,mood,0.0919997950849878,0.4769757579897212,62,Yes,1.0,0.7711573439181375,False,False,sensitivity_Z1
p07,Sleep_Duration_Score,readiness,0.0661750314964484,0.6093375439934817,62,Yes,1.0,0.8418728995673181,False,False,sensitivity_Z1
p07,Sleep_Duration_Score,sleep_quality,0.5659142725716066,1.639861162911071e-06,62,Yes,1.0,0.00048485228383404,True,True,sensitivity_Z1
p07,Sleep_Duration_Score,stress,0.2080476741530724,0.1046663283035977,62,Yes,1.0,0.3670744306128448,False,False,sensitivity_Z1
p07,Deep_Sleep_Minutes,fatigue,-0.2228180674602407,0.0817321246458974,62,Yes,1.0,0.32220619804849326,False,False,sensitivity_Z1
p07,Deep_Sleep_Minutes,mood,0.1235615479993162,0.3386693831233642,62,Yes,1.0,0.6587713658561931,False,False,sensitivity_Z1
p07,Deep_Sleep_Minutes,readiness,-0.0407186493256046,0.7533506123778626,62,Yes,1.0,0.9034973750162242,False,False,sensitivity_Z1
p07,Deep_Sleep_Minutes,sleep_quality,0.4029131628145971,0.0011671627269937,62,Yes,1.0,0.02957923825266891,True,True,sensitivity_Z1
p07,Deep_Sleep_Minutes,stress,0.3564260500730458,0.0044632590741473,62,Yes,1.0,0.07069483569229741,True,False,sensitivity_Z1
p07,Sleep_Restlessness,fatigue,0.0267911117074985,0.8362462130663245,62,Yes,1.0,0.9225751131714302,False,False,sensitivity_Z1
p07,Sleep_Restlessness,mood,0.0595337115867472,0.6457767592617821,62,Yes,1.0,0.8562092458373703,False,False,sensitivity_Z1
p07,Sleep_Restlessness,readiness,0.0448107771672175,0.729467805898955,62,Yes,1.0,0.8969024811770486,False,False,sensitivity_Z1
p07,Sleep_Restlessness,sleep_quality,-0.1435762101869304,0.2655826796759386,62,Yes,1.0,0.5745654557867257,False,False,sensitivity_Z1
p07,Sleep_Restlessness,stress,-0.0479215577987258,0.7114806918892386,62,Yes,1.0,0.8910651858789573,False,False,sensitivity_Z1
p07,Sleep_Composition,fatigue,-0.0392024904536113,0.7622594509943037,62,Yes,1.0,0.9034973750162242,False,False,sensitivity_Z1
p07,Sleep_Composition,mood,0.1915572660759409,0.1358361148361044,62,Yes,1.0,0.40567890188425787,False,False,sensitivity_Z1
p07,Sleep_Composition,readiness,0.1196520017051208,0.3542896487466555,62,Yes,1.0,0.6683461937259234,False,False,sensitivity_Z1
p07,Sleep_Composition,sleep_quality,0.4531017627256867,0.0002172924062917,62,Yes,1.0,0.00878350335638182,True,True,sensitivity_Z1
p07,Sleep_Composition,stress,0.3217141873044467,0.0107782395391332,62,Yes,1.0,0.10505822495836427,True,False,sensitivity_Z1
p07,Sleep_Revitalization,fatigue,-0.1419297564814267,0.2711602910502115,62,Yes,1.0,0.5836193476930472,False,False,sensitivity_Z1
p07,Sleep_Revitalization,mood,-0.0315023053246008,0.8079576450312026,62,Yes,1.0,0.9170338237300271,False,False,sensitivity_Z1
p07,Sleep_Revitalization,readiness,-0.0401077680382297,0.7569363302148117,62,Yes,1.0,0.9034973750162242,False,False,sensitivity_Z1
p07,Sleep_Revitalization,sleep_quality,0.0491296166193112,0.7045368277899506,62,Yes,1.0,0.8910651858789573,False,False,sensitivity_Z1
p07,Sleep_Revitalization,stress,-0.0642707999706362,0.6196944785966118,62,Yes,1.0,0.8451916090578937,False,False,sensitivity_Z1
p07,Sleep_Score,fatigue,-0.0964298566384834,0.4559228597432981,62,Yes,1.0,0.7488955122079729,False,False,sensitivity_Z1
p07,Sleep_Score,mood,0.1202191596470049,0.3519965232396261,62,Yes,1.0,0.6657162390480775,False,False,sensitivity_Z1
p07,Sleep_Score,readiness,0.0739944050320923,0.5676202274678109,62,Yes,1.0,0.8253756422359808,False,False,sensitivity_Z1
p07,Sleep_Score,sleep_quality,0.5596470359792839,2.2580356574593166e-06,62,Yes,1.0,0.0005007194070416035,True,True,sensitivity_Z1
p07,Sleep_Score,stress,0.2339133954857619,0.0672755089338552,62,Yes,1.0,0.2899699766494051,False,False,sensitivity_Z1
p08,Steps,fatigue,0.5223914131819932,0.0001655593283649,47,Yes,1.0,0.008034847088631869,True,True,sensitivity_Z1
p08,Steps,mood,0.1624917934399125,0.2751572525262765,47,Yes,1.0,0.5836193476930472,False,False,sensitivity_Z1
p08,Steps,readiness,0.7457816535171198,1.7994576581216623e-09,47,Yes,1.0,1.5961189427539145e-06,True,True,sensitivity_Z1
p08,Steps,sleep_quality,0.2590430462156156,0.0787069807586857,47,Yes,1.0,0.3158963435880281,False,False,sensitivity_Z1
p08,Steps,stress,0.4808430091692405,0.0006235478510201,47,Yes,1.0,0.0178415143178977,True,True,sensitivity_Z1
p08,Exercise_Count,fatigue,0.3559847015938913,0.0140558693025678,47,Yes,1.0,0.11544033399423739,True,False,sensitivity_Z1
p08,Exercise_Count,mood,0.0788211945451591,0.5984432366693375,47,Yes,1.0,0.8368649748319339,False,False,sensitivity_Z1
p08,Exercise_Count,readiness,0.4455638278254941,0.0016976761826945,47,Yes,1.0,0.03873237047971294,True,True,sensitivity_Z1
p08,Exercise_Count,sleep_quality,0.1961106968765029,0.1864564137110657,47,Yes,1.0,0.48931017444294456,False,False,sensitivity_Z1
p08,Exercise_Count,stress,0.2618957681309891,0.075354174599181,47,Yes,1.0,0.30660161866730984,False,False,sensitivity_Z1
p08,Exercise_Duration,fatigue,0.4247367817235876,0.002922778017356,47,Yes,1.0,0.054010502112391084,True,False,sensitivity_Z1
p08,Exercise_Duration,mood,0.1411986219589237,0.3437930922439427,47,Yes,1.0,0.6614847566602543,False,False,sensitivity_Z1
p08,Exercise_Duration,readiness,0.4853095323180584,0.0005450207064749,47,Yes,1.0,0.01667011609114608,True,True,sensitivity_Z1
p08,Exercise_Duration,sleep_quality,0.1828402854011841,0.2186454843384106,47,Yes,1.0,0.5224448957464173,False,False,sensitivity_Z1
p08,Exercise_Duration,stress,0.3512387079042864,0.0154857220885788,47,Yes,1.0,0.12155606630592385,True,False,sensitivity_Z1
p08,Exercise_Distance,fatigue,0.3714306932410013,0.0101546748472933,47,Yes,1.0,0.10235450669942225,True,False,sensitivity_Z1
p08,Exercise_Distance,mood,0.1431257576361249,0.3371800039393106,47,Yes,1.0,0.6573157439432274,False,False,sensitivity_Z1
p08,Exercise_Distance,readiness,0.5142162789720124,0.0002178546492,47,Yes,1.0,0.00878350335638182,True,True,sensitivity_Z1
p08,Exercise_Distance,sleep_quality,0.2308603767110951,0.1184637972971063,47,Yes,1.0,0.37934075163369413,False,False,sensitivity_Z1
p08,Exercise_Distance,stress,0.4103968352322338,0.0041676965872258,47,Yes,1.0,0.06845827542350529,True,False,sensitivity_Z1
p08,Exercise_Calories,fatigue,0.4378019238123073,0.0020869561816424,47,Yes,1.0,0.043862360567399804,True,True,sensitivity_Z1
p08,Exercise_Calories,mood,0.1618982715414799,0.2769381642117245,47,Yes,1.0,0.5836193476930472,False,False,sensitivity_Z1
p08,Exercise_Calories,readiness,0.554515363682526,5.245585709686159e-05,47,Yes,1.0,0.003323453231779731,True,True,sensitivity_Z1
p08,Exercise_Calories,sleep_quality,0.1473087262790545,0.3230999334791114,47,Yes,1.0,0.6411401364563128,False,False,sensitivity_Z1
p08,Exercise_Calories,stress,0.38759440742172,0.0071072362431483,47,Yes,1.0,0.08782288518844909,True,False,sensitivity_Z1
p08,Exercise_Avg_HR,fatigue,-0.0937142898136249,0.5549822197117362,42,Yes,1.0,0.8190835755146589,False,False,sensitivity_Z1
p08,Exercise_Avg_HR,mood,0.0747145721630121,0.6381754635398522,42,Yes,1.0,0.8486681201796835,False,False,sensitivity_Z1
p08,Exercise_Avg_HR,readiness,0.0475500516089837,0.7649179934045846,42,Yes,1.0,0.9034973750162242,False,False,sensitivity_Z1
p08,Exercise_Avg_HR,sleep_quality,-0.0469842440665654,0.767637363566821,42,Yes,1.0,0.9034973750162242,False,False,sensitivity_Z1
p08,Exercise_Avg_HR,stress,0.0274582698968073,0.8629563623549379,42,Yes,1.0,0.9358460565533998,False,False,sensitivity_Z1
p08,Sleep_Hours,fatigue,0.2593488938103567,0.0853630176468969,45,Yes,1.0,0.32829021679832177,False,False,sensitivity_Z1
p08,Sleep_Hours,mood,0.1740604783969453,0.2528181674080907,45,Yes,1.0,0.5603321668898364,False,False,sensitivity_Z1
p08,Sleep_Hours,readiness,0.0572669885794219,0.7086608232125667,45,Yes,1.0,0.8910651858789573,False,False,sensitivity_Z1
p08,Sleep_Hours,sleep_quality,0.230137108489483,0.128295006170635,45,Yes,1.0,0.39571989341086583,False,False,sensitivity_Z1
p08,Sleep_Hours,stress,0.0530034452917249,0.729496269870707,45,Yes,1.0,0.8969024811770486,False,False,sensitivity_Z1
p08,Sleep_Duration_Score,fatigue,0.3124019803778141,0.0366813623175049,45,Yes,1.0,0.21101495618994473,True,False,sensitivity_Z1
p08,Sleep_Duration_Score,mood,0.5262821649522993,0.0002045907390878,45,Yes,1.0,0.00878350335638182,True,True,sensitivity_Z1
p08,Sleep_Duration_Score,readiness,0.2462406051334139,0.1029819067906641,45,Yes,1.0,0.3639241088578448,False,False,sensitivity_Z1
p08,Sleep_Duration_Score,sleep_quality,0.2624941448083865,0.0815075149929918,45,Yes,1.0,0.32220619804849326,False,False,sensitivity_Z1
p08,Sleep_Duration_Score,stress,0.1569012248451479,0.3033388939164221,45,Yes,1.0,0.6199576011609825,False,False,sensitivity_Z1
p08,Deep_Sleep_Minutes,fatigue,0.313422042243678,0.0360396174892217,45,Yes,1.0,0.2089355602152918,True,False,sensitivity_Z1
p08,Deep_Sleep_Minutes,mood,0.3673109960698407,0.0130609439584429,45,Yes,1.0,0.11247628437998886,True,False,sensitivity_Z1
p08,Deep_Sleep_Minutes,readiness,0.313499128119854,0.0359914985499748,45,Yes,1.0,0.2089355602152918,True,False,sensitivity_Z1
p08,Deep_Sleep_Minutes,sleep_quality,0.3831478215583605,0.009380110920335,45,Yes,1.0,0.09816932470801723,True,False,sensitivity_Z1
p08,Deep_Sleep_Minutes,stress,0.3172016046431999,0.0337417668742129,45,Yes,1.0,0.2035982803906588,True,False,sensitivity_Z1
p08,Sleep_Restlessness,fatigue,-0.4293875487857885,0.003245965616772,45,Yes,1.0,0.05702155786049764,True,False,sensitivity_Z1
p08,Sleep_Restlessness,mood,-0.4112195450817175,0.0050122910852556,45,Yes,1.0,0.07546842134935544,True,False,sensitivity_Z1
p08,Sleep_Restlessness,readiness,-0.6978626688104436,9.921043513743648e-08,45,Yes,1.0,4.3999827983453084e-05,True,True,sensitivity_Z1
p08,Sleep_Restlessness,sleep_quality,-0.3684803845160856,0.012752362479517,45,Yes,1.0,0.11129313346766782,True,False,sensitivity_Z1
p08,Sleep_Restlessness,stress,-0.3972099888934975,0.0068978985232203,45,Yes,1.0,0.08782288518844909,True,False,sensitivity_Z1
p08,Sleep_Composition,fatigue,0.0557075342691944,0.7162582635047511,45,Yes,1.0,0.8910651858789573,False,False,sensitivity_Z1
p08,Sleep_Composition,mood,0.2385181346931367,0.1145949671099244,45,Yes,1.0,0.37388674929455606,False,False,sensitivity_Z1
p08,Sleep_Composition,readiness,0.0095372450132416,0.9504204465148562,45,Yes,1.0,0.9765580414626381,False,False,sensitivity_Z1
p08,Sleep_Composition,sleep_quality,0.4546628929803157,0.0017030016332681,45,Yes,1.0,0.03873237047971294,True,True,sensitivity_Z1
p08,Sleep_Composition,stress,0.0384260278469489,0.8021168486107197,45,Yes,1.0,0.9164349838174269,False,False,sensitivity_Z1
p08,Sleep_Revitalization,fatigue,0.4565156535151704,0.0016211944161778,45,Yes,1.0,0.03873237047971294,True,True,sensitivity_Z1
p08,Sleep_Revitalization,mood,0.2876539176535848,0.0553580119231412,45,Yes,1.0,0.25843450829382236,False,False,sensitivity_Z1
p08,Sleep_Revitalization,readiness,0.5718813675150148,4.064217919836061e-05,45,Yes,1.0,0.0027730471499189126,True,True,sensitivity_Z1
p08,Sleep_Revitalization,sleep_quality,0.5002500913951806,0.0004665154176828,45,Yes,1.0,0.014987188758739813,True,True,sensitivity_Z1
p08,Sleep_Revitalization,stress,0.3934972642323241,0.0074904490254735,45,Yes,1.0,0.08973131133959501,True,False,sensitivity_Z1
p08,Sleep_Score,fatigue,0.395782230933545,0.0071207786689526,45,Yes,1.0,0.08782288518844909,True,False,sensitivity_Z1
p08,Sleep_Score,mood,0.5065262965722753,0.0003847380582644,45,Yes,1.0,0.014219277403355117,True,True,sensitivity_Z1
p08,Sleep_Score,readiness,0.3910451990372145,0.0079055018731785,45,Yes,1.0,0.09074284008557842,True,False,sensitivity_Z1
p08,Sleep_Score,sleep_quality,0.4997888067487618,0.0004731017871981,45,Yes,1.0,0.014987188758739813,True,True,sensitivity_Z1
p08,Sleep_Score,stress,0.2707683567239772,0.0720140891590109,45,Yes,1.0,0.29852211595396044,False,False,sensitivity_Z1
p09,Steps,fatigue,-0.4816361498280274,0.0022015991865654,38,Yes,1.0,0.043862360567399804,True,True,sensitivity_Z1
p09,Steps,mood,0.2988803720951047,0.0683347221891435,38,Yes,1.0,0.29281593517763427,False,False,sensitivity_Z1
p09,Steps,readiness,-0.3787493400242411,0.0190328034296904,38,Yes,1.0,0.14429142429175543,True,False,sensitivity_Z1
p09,Steps,sleep_quality,-0.0978249661311029,0.559022872450922,38,Yes,1.0,0.8205269543328632,False,False,sensitivity_Z1
p09,Steps,stress,0.3318854757837975,0.0417865005090064,38,Yes,1.0,0.220326831324432,True,False,sensitivity_Z1
p09,Exercise_Count,fatigue,-0.2205128205128205,0.1833969080554838,38,Yes,1.0,0.48414600430123256,False,False,sensitivity_Z1
p09,Exercise_Count,mood,0.3163165426888856,0.0530181366431711,38,Yes,1.0,0.2528338021639396,False,False,sensitivity_Z1
p09,Exercise_Count,readiness,-0.2692307692307692,0.102143484835526,38,Yes,1.0,0.3624050841964463,False,False,sensitivity_Z1
p09,Exercise_Count,sleep_quality,0.0268990014519467,0.8726397849782721,38,Yes,1.0,0.9358460565533998,False,False,sensitivity_Z1
p09,Exercise_Count,stress,0.4596271081442316,0.003695158228659,38,Yes,1.0,0.06303087209270257,True,False,sensitivity_Z1
p09,Exercise_Duration,fatigue,-0.2543450631167585,0.1233217825302506,38,Yes,1.0,0.38789511029905066,False,False,sensitivity_Z1
p09,Exercise_Duration,mood,0.2494753409775267,0.1309172695874945,38,Yes,1.0,0.39905023410346263,False,False,sensitivity_Z1
p09,Exercise_Duration,readiness,-0.3386732941515442,0.0375354582416327,38,Yes,1.0,0.21101495618994473,True,False,sensitivity_Z1
p09,Exercise_Duration,sleep_quality,0.0295611043391089,0.8601541618652346,38,Yes,1.0,0.9358460565533998,False,False,sensitivity_Z1
p09,Exercise_Duration,stress,0.3626221554299852,0.0252570469504797,38,Yes,1.0,0.17101527209981293,True,False,sensitivity_Z1
p09,Exercise_Distance,fatigue,,,38,Yes,1.0,,False,False,sensitivity_Z1
p09,Exercise_Distance,mood,,,38,Yes,1.0,,False,False,sensitivity_Z1
p09,Exercise_Distance,readiness,,,38,Yes,1.0,,False,False,sensitivity_Z1
p09,Exercise_Distance,sleep_quality,,,38,Yes,1.0,,False,False,sensitivity_Z1
p09,Exercise_Distance,stress,,,38,Yes,1.0,,False,False,sensitivity_Z1
p09,Exercise_Calories,fatigue,-0.2488984742613034,0.1318395413830192,38,Yes,1.0,0.3991183385895496,False,False,sensitivity_Z1
p09,Exercise_Calories,mood,0.2323702557786712,0.1603552947109663,38,Yes,1.0,0.4509556837145435,False,False,sensitivity_Z1
p09,Exercise_Calories,readiness,-0.3261599523943477,0.045668361427674,38,Yes,1.0,0.22687688392689884,True,False,sensitivity_Z1
p09,Exercise_Calories,sleep_quality,0.027465421748045,0.8699805466496431,38,Yes,1.0,0.9358460565533998,False,False,sensitivity_Z1
p09,Exercise_Calories,stress,0.3606340383980126,0.0261295700743102,38,Yes,1.0,0.17340476612857608,True,False,sensitivity_Z1
p09,Exercise_Avg_HR,fatigue,-0.116537789161133,0.732931057833472,11,Yes,1.0,0.8991837459174131,False,False,sensitivity_Z1
p09,Exercise_Avg_HR,mood,-0.380628638885496,0.2481580088485074,11,Yes,1.0,0.5558488733551163,False,False,sensitivity_Z1
p09,Exercise_Avg_HR,readiness,-0.0195224170066198,0.9545679285517736,11,Yes,1.0,0.9788459567923967,False,False,sensitivity_Z1
p09,Exercise_Avg_HR,sleep_quality,-0.1825905715039021,0.5910173512595949,11,Yes,1.0,0.8318666850287846,False,False,sensitivity_Z1
p09,Exercise_Avg_HR,stress,0.284403605038981,0.3966516562657544,11,Yes,1.0,0.7050701785725935,False,False,sensitivity_Z1
p09,Sleep_Hours,fatigue,0.6743098927919473,3.456462832249984e-06,38,Yes,1.0,0.0006131765064411473,True,True,sensitivity_Z1
p09,Sleep_Hours,mood,0.1106142515089083,0.5085305707626594,38,Yes,1.0,0.7899096183405051,False,False,sensitivity_Z1
p09,Sleep_Hours,readiness,0.2853360536002308,0.0824794855275126,38,Yes,1.0,0.3234753166019357,False,False,sensitivity_Z1
p09,Sleep_Hours,sleep_quality,0.5138379316551849,0.0009678663041283,38,Yes,1.0,0.02601507308369097,True,True,sensitivity_Z1
p09,Sleep_Hours,stress,-0.0284628335953661,0.8653013211274156,38,Yes,1.0,0.9358460565533998,False,False,sensitivity_Z1
p09,Sleep_Duration_Score,fatigue,0.6465978892357929,1.1556847563859909e-05,38,Yes,1.0,0.0015488383712966229,True,True,sensitivity_Z1
p09,Sleep_Duration_Score,mood,0.2311432473329889,0.162637354816366,38,Yes,1.0,0.45264183954517745,False,False,sensitivity_Z1
p09,Sleep_Duration_Score,readiness,0.2498946612876855,0.1302498899559534,38,Yes,1.0,0.3983850082445885,False,False,sensitivity_Z1
p09,Sleep_Duration_Score,sleep_quality,0.5299380194482761,0.0006220741087413,38,Yes,1.0,0.0178415143178977,True,True,sensitivity_Z1
p09,Sleep_Duration_Score,stress,0.1466866978505032,0.3795104665946744,38,Yes,1.0,0.6898069341587628,False,False,sensitivity_Z1
p09,Deep_Sleep_Minutes,fatigue,0.2842809204082195,0.0836702260736107,38,Yes,1.0,0.3240851114728938,False,False,sensitivity_Z1
p09,Deep_Sleep_Minutes,mood,0.0790022537360204,0.6373034859061624,38,Yes,1.0,0.8486681201796835,False,False,sensitivity_Z1
p09,Deep_Sleep_Minutes,readiness,0.0043505129230487,0.9793190896994606,38,Yes,1.0,0.9900983941547902,False,False,sensitivity_Z1
p09,Deep_Sleep_Minutes,sleep_quality,0.3135304528341746,0.055261795098262,38,Yes,1.0,0.25843450829382236,False,False,sensitivity_Z1
p09,Deep_Sleep_Minutes,stress,0.1355399426561477,0.417154474856587,38,Yes,1.0,0.7192943071185445,False,False,sensitivity_Z1
p09,Sleep_Restlessness,fatigue,0.1640059248382064,0.3251592221663199,38,Yes,1.0,0.6415206612283295,False,False,sensitivity_Z1
p09,Sleep_Restlessness,mood,-0.1986543494573988,0.2318365669814534,38,Yes,1.0,0.5375065760321349,False,False,sensitivity_Z1
p09,Sleep_Restlessness,readiness,0.1696580382735039,0.3085296721982665,38,Yes,1.0,0.6276738973391339,False,False,sensitivity_Z1
p09,Sleep_Restlessness,sleep_quality,-0.0515963601924625,0.7583551959726708,38,Yes,1.0,0.9034973750162242,False,False,sensitivity_Z1
p09,Sleep_Restlessness,stress,-0.2124399955892608,0.2003704889852609,38,Yes,1.0,0.5020582591240859,False,False,sensitivity_Z1
p09,Sleep_Composition,fatigue,0.325148667572266,0.0463833022329935,38,Yes,1.0,0.22856660600369574,True,False,sensitivity_Z1
p09,Sleep_Composition,mood,0.193641540355003,0.2440686061354058,38,Yes,1.0,0.5546983925674376,False,False,sensitivity_Z1
p09,Sleep_Composition,readiness,-0.0679856304923828,0.685064757183068,38,Yes,1.0,0.8804685512490061,False,False,sensitivity_Z1
p09,Sleep_Composition,sleep_quality,0.2097769949297817,0.2062029909812932,38,Yes,1.0,0.508061258334464,False,False,sensitivity_Z1
p09,Sleep_Composition,stress,0.415887291232741,0.0094074324692012,38,Yes,1.0,0.09816932470801723,True,False,sensitivity_Z1
p09,Sleep_Revitalization,fatigue,0.430394072030572,0.006992024251224,38,Yes,1.0,0.08782288518844909,True,False,sensitivity_Z1
p09,Sleep_Revitalization,mood,0.1392024012496224,0.4045597007523092,38,Yes,1.0,0.7070745660479141,False,False,sensitivity_Z1
p09,Sleep_Revitalization,readiness,0.4900656125735763,0.0017890483316105,38,Yes,1.0,0.03967214675346284,True,True,sensitivity_Z1
p09,Sleep_Revitalization,sleep_quality,0.3064175089260785,0.0613345557287175,38,Yes,1.0,0.27616117224046915,False,False,sensitivity_Z1
p09,Sleep_Revitalization,stress,-0.3085227354152778,0.0594845352268489,38,Yes,1.0,0.2719731069392524,False,False,sensitivity_Z1
p09,Sleep_Score,fatigue,0.6452401485832499,1.2223076210909086e-05,38,Yes,1.0,0.0015488383712966229,True,True,sensitivity_Z1
p09,Sleep_Score,mood,0.2429935076239891,0.141559083748841,38,Yes,1.0,0.41346629783232425,False,False,sensitivity_Z1
p09,Sleep_Score,readiness,0.3019078642549132,0.0654509835730445,38,Yes,1.0,0.2845834432808357,False,False,sensitivity_Z1
p09,Sleep_Score,sleep_quality,0.5032122345739454,0.0012806907322466,38,Yes,1.0,0.03155479665285373,True,True,sensitivity_Z1
p09,Sleep_Score,stress,0.1017190053191736,0.5434055099286182,38,Yes,1.0,0.8155205797753626,False,False,sensitivity_Z1
p10,Steps,fatigue,-0.0477829741879483,0.763799334192437,42,Yes,1.0,0.9034973750162242,False,False,sensitivity_Z1
p10,Steps,mood,-0.3158100825997047,0.0416112247370622,42,Yes,1.0,0.220326831324432,True,False,sensitivity_Z1
p10,Steps,readiness,0.047877688627837,0.763344583830765,42,Yes,1.0,0.9034973750162242,False,False,sensitivity_Z1
p10,Steps,sleep_quality,0.0340305848216962,0.8305863856076307,42,Yes,1.0,0.9204838828288981,False,False,sensitivity_Z1
p10,Steps,stress,0.0388579719169957,0.8069823688686059,42,Yes,1.0,0.9170338237300271,False,False,sensitivity_Z1
p10,Exercise_Count,fatigue,-0.1076640715697935,0.4919577371054362,43,Yes,1.0,0.7815781379131986,False,False,sensitivity_Z1
p10,Exercise_Count,mood,-0.1913062229925422,0.2191087950593768,43,Yes,1.0,0.5224448957464173,False,False,sensitivity_Z1
p10,Exercise_Count,readiness,0.1257170696490437,0.4218104592189294,43,Yes,1.0,0.720500266580421,False,False,sensitivity_Z1
p10,Exercise_Count,sleep_quality,0.1473127846666363,0.345841443598385,43,Yes,1.0,0.662551534496258,False,False,sensitivity_Z1
p10,Exercise_Count,stress,0.0140335328433483,0.928830250458871,43,Yes,1.0,0.9707015189872779,False,False,sensitivity_Z1
p10,Exercise_Duration,fatigue,0.076829111166069,0.6243593360119923,43,Yes,1.0,0.8451916090578937,False,False,sensitivity_Z1
p10,Exercise_Duration,mood,-0.2771066392317652,0.0720222466901325,43,Yes,1.0,0.29852211595396044,False,False,sensitivity_Z1
p10,Exercise_Duration,readiness,0.1760444669608766,0.258800591574869,43,Yes,1.0,0.5686021498502686,False,False,sensitivity_Z1
p10,Exercise_Duration,sleep_quality,0.1321558855201063,0.3982325129368342,43,Yes,1.0,0.7058001331980212,False,False,sensitivity_Z1
p10,Exercise_Duration,stress,0.0360599884028103,0.8184275434435361,43,Yes,1.0,0.9185117067524889,False,False,sensitivity_Z1
p10,Exercise_Distance,fatigue,0.1152929672917259,0.4616035102668591,43,Yes,1.0,0.7554286228905978,False,False,sensitivity_Z1
p10,Exercise_Distance,mood,-0.2381092900467194,0.1241496357267945,43,Yes,1.0,0.38911917628857495,False,False,sensitivity_Z1
p10,Exercise_Distance,readiness,0.131567229275866,0.4003557602806363,43,Yes,1.0,0.7070745660479141,False,False,sensitivity_Z1
p10,Exercise_Distance,sleep_quality,-0.0082754950247674,0.9579965654326428,43,Yes,1.0,0.9802276056564941,False,False,sensitivity_Z1
p10,Exercise_Distance,stress,-0.0414894441193341,0.7916556811942925,43,Yes,1.0,0.9095552328365037,False,False,sensitivity_Z1
p10,Exercise_Calories,fatigue,0.071602586981755,0.6481883989181253,43,Yes,1.0,0.8572302727482641,False,False,sensitivity_Z1
p10,Exercise_Calories,mood,-0.2508432108789957,0.1047010495434608,43,Yes,1.0,0.3670744306128448,False,False,sensitivity_Z1
p10,Exercise_Calories,readiness,0.1956385592503037,0.2086536800990649,43,Yes,1.0,0.5098507279555663,False,False,sensitivity_Z1
p10,Exercise_Calories,sleep_quality,0.2047335717926229,0.1878494003632383,43,Yes,1.0,0.4900659356535069,False,False,sensitivity_Z1
p10,Exercise_Calories,stress,0.057605580811207,0.713679473336692,43,Yes,1.0,0.8910651858789573,False,False,sensitivity_Z1
p10,Exercise_Avg_HR,fatigue,0.2080783562572205,0.2613222305224505,31,Yes,1.0,0.570918272102004,False,False,sensitivity_Z1
p10,Exercise_Avg_HR,mood,-0.1172667853669678,0.5298359986097777,31,Yes,1.0,0.8074991937575134,False,False,sensitivity_Z1
p10,Exercise_Avg_HR,readiness,0.0029669141060451,0.9873618456843558,31,Yes,1.0,0.9943447608476254,False,False,sensitivity_Z1
p10,Exercise_Avg_HR,sleep_quality,0.0893687913878628,0.6325825107310998,31,Yes,1.0,0.8486681201796835,False,False,sensitivity_Z1
p10,Exercise_Avg_HR,stress,-0.026868882545349,0.8859130114368228,31,Yes,1.0,0.9388349356564657,False,False,sensitivity_Z1
p10,Sleep_Hours,fatigue,0.2662739258189324,0.1164730826270997,36,Yes,1.0,0.37457051679834547,False,False,sensitivity_Z1
p10,Sleep_Hours,mood,-0.0922146316347797,0.5927167361197202,36,Yes,1.0,0.8318666850287846,False,False,sensitivity_Z1
p10,Sleep_Hours,readiness,0.1884802652132189,0.2709514918436697,36,Yes,1.0,0.5836193476930472,False,False,sensitivity_Z1
p10,Sleep_Hours,sleep_quality,0.2561773475386683,0.1315256428738034,36,Yes,1.0,0.3991183385895496,False,False,sensitivity_Z1
p10,Sleep_Hours,stress,0.0572764598652667,0.7400380209492534,36,Yes,1.0,0.9034309367180324,False,False,sensitivity_Z1
p10,Sleep_Duration_Score,fatigue,0.6369044648648905,2.961087488040069e-05,36,Yes,1.0,0.002626484601891541,True,True,sensitivity_Z1
p10,Sleep_Duration_Score,mood,0.007234207527098,0.9665992364079454,36,Yes,1.0,0.9843553647460938,False,False,sensitivity_Z1
p10,Sleep_Duration_Score,readiness,0.4009826344060049,0.0153645692655383,36,Yes,1.0,0.12155606630592385,True,False,sensitivity_Z1
p10,Sleep_Duration_Score,sleep_quality,0.6539700901877303,1.522036013310819e-05,36,Yes,1.0,0.0016875574297583707,True,True,sensitivity_Z1
p10,Sleep_Duration_Score,stress,0.342373947015157,0.0409552780325465,36,Yes,1.0,0.220326831324432,True,False,sensitivity_Z1
p10,Deep_Sleep_Minutes,fatigue,0.2718436170710217,0.1087432367300968,36,Yes,1.0,0.3685407058786047,False,False,sensitivity_Z1
p10,Deep_Sleep_Minutes,mood,-0.1002821278440305,0.5606151202535886,36,Yes,1.0,0.8205703162787675,False,False,sensitivity_Z1
p10,Deep_Sleep_Minutes,readiness,-0.0947223512883104,0.582652293020721,36,Yes,1.0,0.8285026289801178,False,False,sensitivity_Z1
p10,Deep_Sleep_Minutes,sleep_quality,0.1424823909752161,0.4071240328569391,36,Yes,1.0,0.7094676171789881,False,False,sensitivity_Z1
p10,Deep_Sleep_Minutes,stress,0.025423937323932,0.8829870146267476,36,Yes,1.0,0.936853447337231,False,False,sensitivity_Z1
p10,Sleep_Restlessness,fatigue,-0.1360713666692699,0.4287655768628302,36,Yes,1.0,0.7244096508139627,False,False,sensitivity_Z1
p10,Sleep_Restlessness,mood,-0.010990624713659,0.9492741548478548,36,Yes,1.0,0.9765580414626381,False,False,sensitivity_Z1
p10,Sleep_Restlessness,readiness,0.0403408088618995,0.8152973692961066,36,Yes,1.0,0.9170338237300271,False,False,sensitivity_Z1
p10,Sleep_Restlessness,sleep_quality,-0.1928927512862287,0.259684734557613,36,Yes,1.0,0.5687416285249449,False,False,sensitivity_Z1
p10,Sleep_Restlessness,stress,-0.181286748545846,0.2899953600862305,36,Yes,1.0,0.6036425670115051,False,False,sensitivity_Z1
p10,Sleep_Composition,fatigue,0.3611857678014969,0.030442211099632,36,Yes,1.0,0.19015662848854636,True,False,sensitivity_Z1
p10,Sleep_Composition,mood,-0.1366641250067823,0.4267382291001538,36,Yes,1.0,0.7237415090092475,False,False,sensitivity_Z1
p10,Sleep_Composition,readiness,0.1399614431340501,0.4155586607746611,36,Yes,1.0,0.7192943071185445,False,False,sensitivity_Z1
p10,Sleep_Composition,sleep_quality,0.3755346336398507,0.0240074222751396,36,Yes,1.0,0.1650742911476653,True,False,sensitivity_Z1
p10,Sleep_Composition,stress,0.050199676107244,0.771241328183666,36,Yes,1.0,0.9035211403494964,False,False,sensitivity_Z1
p10,Sleep_Revitalization,fatigue,-0.0267810097682603,0.8767875728985031,36,Yes,1.0,0.9362829944677331,False,False,sensitivity_Z1
p10,Sleep_Revitalization,mood,0.0648531115994826,0.7070789616978497,36,Yes,1.0,0.8910651858789573,False,False,sensitivity_Z1
p10,Sleep_Revitalization,readiness,0.2672606176102057,0.1150745011921238,36,Yes,1.0,0.37388674929455606,False,False,sensitivity_Z1
p10,Sleep_Revitalization,sleep_quality,0.0940540257141857,0.585327085745371,36,Yes,1.0,0.8306962000898305,False,False,sensitivity_Z1
p10,Sleep_Revitalization,stress,-0.2298445423393779,0.1774869766383709,36,Yes,1.0,0.47512086356847394,False,False,sensitivity_Z1
p10,Sleep_Score,fatigue,0.5281057132641315,0.0009313960675871,36,Yes,1.0,0.02581713474842993,True,True,sensitivity_Z1
p10,Sleep_Score,mood,-1.7347234759768068e-17,1.0,36,Yes,1.0,1.0,False,False,sensitivity_Z1
p10,Sleep_Score,readiness,0.4319185212369917,0.0085262460574468,36,Yes,1.0,0.09308009859969657,True,False,sensitivity_Z1
p10,Sleep_Score,sleep_quality,0.5948347908681775,0.0001302147125784,36,Yes,1.0,0.007700030003802721,True,True,sensitivity_Z1
p10,Sleep_Score,stress,0.1583223653730289,0.3564010706114563,36,Yes,1.0,0.6683461937259234,False,False,sensitivity_Z1
p11,Steps,fatigue,0.3009320359944144,0.0318872576665379,51,Yes,1.0,0.19508168664456715,True,False,sensitivity_Z1
p11,Steps,mood,0.2555725248177953,0.0702807550925574,51,Yes,1.0,0.29635714513308914,False,False,sensitivity_Z1
p11,Steps,readiness,0.2883607659066528,0.0401628306498219,51,Yes,1.0,0.21990389374316063,True,False,sensitivity_Z1
p11,Steps,sleep_quality,-0.0248673244475339,0.8624845524510153,51,Yes,1.0,0.9358460565533998,False,False,sensitivity_Z1
p11,Steps,stress,-0.153806406328278,0.2812146759142511,51,Yes,1.0,0.5896865662788197,False,False,sensitivity_Z1
p11,Exercise_Count,fatigue,0.223935339021176,0.1141739415526643,51,Yes,1.0,0.37388674929455606,False,False,sensitivity_Z1
p11,Exercise_Count,mood,0.1110132589467214,0.4380202745039214,51,Yes,1.0,0.7303082396334178,False,False,sensitivity_Z1
p11,Exercise_Count,readiness,0.5424438484595118,3.924417876248518e-05,51,Yes,1.0,0.0027730471499189126,True,True,sensitivity_Z1
p11,Exercise_Count,sleep_quality,0.1288010989707863,0.3677051473811477,51,Yes,1.0,0.6811487439965611,False,False,sensitivity_Z1
p11,Exercise_Count,stress,0.150145926956597,0.2929602067925808,51,Yes,1.0,0.6057242504079701,False,False,sensitivity_Z1
p11,Exercise_Duration,fatigue,-0.1000515784231364,0.484831141766329,51,Yes,1.0,0.7748562572013222,False,False,sensitivity_Z1
p11,Exercise_Duration,mood,0.0791692875249412,0.5807885025482723,51,Yes,1.0,0.8285026289801178,False,False,sensitivity_Z1
p11,Exercise_Duration,readiness,0.4066387537990472,0.0030653670930673,51,Yes,1.0,0.055489400235728466,True,False,sensitivity_Z1
p11,Exercise_Duration,sleep_quality,-0.1656703437342746,0.2452997236351794,51,Yes,1.0,0.5550532011847044,False,False,sensitivity_Z1
p11,Exercise_Duration,stress,0.1070768138392419,0.4545336746213225,51,Yes,1.0,0.7479988300354603,False,False,sensitivity_Z1
p11,Exercise_Distance,fatigue,0.0675376578134236,0.6377146664693096,51,Yes,1.0,0.8486681201796835,False,False,sensitivity_Z1
p11,Exercise_Distance,mood,0.0391201912661912,0.7851973467519313,51,Yes,1.0,0.9080443892685307,False,False,sensitivity_Z1
p11,Exercise_Distance,readiness,0.188637132032351,0.1849460584934656,51,Yes,1.0,0.48678680677656966,False,False,sensitivity_Z1
p11,Exercise_Distance,sleep_quality,-0.0511785853227331,0.7213454572003319,51,Yes,1.0,0.8923757608601038,False,False,sensitivity_Z1
p11,Exercise_Distance,stress,0.0529102328506601,0.7123173179675999,51,Yes,1.0,0.8910651858789573,False,False,sensitivity_Z1
p11,Exercise_Calories,fatigue,-0.0530571516746601,0.7115531148361528,51,Yes,1.0,0.8910651858789573,False,False,sensitivity_Z1
p11,Exercise_Calories,mood,0.0868847126216664,0.5443509395694679,51,Yes,1.0,0.8155205797753626,False,False,sensitivity_Z1
p11,Exercise_Calories,readiness,0.5024545892591243,0.0001718541286738,51,Yes,1.0,0.008034847088631869,True,True,sensitivity_Z1
p11,Exercise_Calories,sleep_quality,-0.1412742010546147,0.3227323001219839,51,Yes,1.0,0.6411401364563128,False,False,sensitivity_Z1
p11,Exercise_Calories,stress,0.1175119606316442,0.4115042183284724,51,Yes,1.0,0.7142940149850392,False,False,sensitivity_Z1
p11,Exercise_Avg_HR,fatigue,0.2680039626843037,0.2054514043572138,24,Yes,1.0,0.508061258334464,False,False,sensitivity_Z1
p11,Exercise_Avg_HR,mood,,,24,Yes,1.0,,False,False,sensitivity_Z1
p11,Exercise_Avg_HR,readiness,0.5534930693877588,0.0050198837199684,24,Yes,1.0,0.07546842134935544,True,False,sensitivity_Z1
p11,Exercise_Avg_HR,sleep_quality,0.1697437695455119,0.4278019092384449,24,Yes,1.0,0.7241608654475203,False,False,sensitivity_Z1
p11,Exercise_Avg_HR,stress,,,24,Yes,1.0,,False,False,sensitivity_Z1
p11,Sleep_Hours,fatigue,0.227867638161624,0.1077926865112763,51,Yes,1.0,0.3685407058786047,False,False,sensitivity_Z1
p11,Sleep_Hours,mood,0.1437194775215343,0.314341905253623,51,Yes,1.0,0.6351281775853385,False,False,sensitivity_Z1
p11,Sleep_Hours,readiness,0.0090389345236244,0.949804842339058,51,Yes,1.0,0.9765580414626381,False,False,sensitivity_Z1
p11,Sleep_Hours,sleep_quality,0.1825539372459744,0.19977896966527,51,Yes,1.0,0.50199418156684,False,False,sensitivity_Z1
p11,Sleep_Hours,stress,-0.0441819765029378,0.7581960063649757,51,Yes,1.0,0.9034973750162242,False,False,sensitivity_Z1
p11,Sleep_Duration_Score,fatigue,0.3529774635724458,0.0110652773181049,51,Yes,1.0,0.10593953298053477,True,False,sensitivity_Z1
p11,Sleep_Duration_Score,mood,0.1273056835702859,0.3733394895814952,51,Yes,1.0,0.6861825749765162,False,False,sensitivity_Z1
p11,Sleep_Duration_Score,readiness,-0.0448177512936492,0.7548239465482929,51,Yes,1.0,0.9034973750162242,False,False,sensitivity_Z1
p11,Sleep_Duration_Score,sleep_quality,0.3674971689360662,0.0079796409545379,51,Yes,1.0,0.09074284008557842,True,False,sensitivity_Z1
p11,Sleep_Duration_Score,stress,-0.2517412331330936,0.0747419413337958,51,Yes,1.0,0.3055119906132575,False,False,sensitivity_Z1
p11,Deep_Sleep_Minutes,fatigue,0.4161529482862189,0.0023868722870897,51,Yes,1.0,0.04602512431844705,True,True,sensitivity_Z1
p11,Deep_Sleep_Minutes,mood,0.0406662635733339,0.7769218317955181,51,Yes,1.0,0.9067495589508218,False,False,sensitivity_Z1
p11,Deep_Sleep_Minutes,readiness,-0.0231935441358067,0.8716599178568042,51,Yes,1.0,0.9358460565533998,False,False,sensitivity_Z1
p11,Deep_Sleep_Minutes,sleep_quality,0.1984146120991459,0.1627877641656275,51,Yes,1.0,0.45264183954517745,False,False,sensitivity_Z1
p11,Deep_Sleep_Minutes,stress,-0.003590163350469,0.9800522999638172,51,Yes,1.0,0.9900983941547902,False,False,sensitivity_Z1
p11,Sleep_Restlessness,fatigue,0.0068582827022487,0.9619041335113204,51,Yes,1.0,0.9826765433968868,False,False,sensitivity_Z1
p11,Sleep_Restlessness,mood,0.1150494593845038,0.4214413069479546,51,Yes,1.0,0.720500266580421,False,False,sensitivity_Z1
p11,Sleep_Restlessness,readiness,0.1555036138206991,0.2758753797787891,51,Yes,1.0,0.5836193476930472,False,False,sensitivity_Z1
p11,Sleep_Restlessness,sleep_quality,-0.0860122758628731,0.5484153468838364,51,Yes,1.0,0.8155205797753626,False,False,sensitivity_Z1
p11,Sleep_Restlessness,stress,0.2431982921247177,0.0854960993014795,51,Yes,1.0,0.32829021679832177,False,False,sensitivity_Z1
p11,Sleep_Composition,fatigue,0.2624728265627448,0.0627819572801727,51,Yes,1.0,0.27843798053756597,False,False,sensitivity_Z1
p11,Sleep_Composition,mood,0.1120208247761873,0.4338479471797404,51,Yes,1.0,0.728831683993238,False,False,sensitivity_Z1
p11,Sleep_Composition,readiness,-0.0091664349436291,0.9490977300538757,51,Yes,1.0,0.9765580414626381,False,False,sensitivity_Z1
p11,Sleep_Composition,sleep_quality,0.2331852371690194,0.0996030219573115,51,Yes,1.0,0.358564420232095,False,False,sensitivity_Z1
p11,Sleep_Composition,stress,-0.0653879498241261,0.6484797215491378,51,Yes,1.0,0.8572302727482641,False,False,sensitivity_Z1
p11,Sleep_Revitalization,fatigue,0.1030533744209695,0.4717573866396249,51,Yes,1.0,0.7677959668795363,False,False,sensitivity_Z1
p11,Sleep_Revitalization,mood,-0.0712708019763962,0.6191960836358865,51,Yes,1.0,0.8451916090578937,False,False,sensitivity_Z1
p11,Sleep_Revitalization,readiness,0.1299007851157485,0.3635947461329413,51,Yes,1.0,0.6775389492015103,False,False,sensitivity_Z1
p11,Sleep_Revitalization,sleep_quality,0.1207477427636594,0.3986537392696828,51,Yes,1.0,0.7058001331980212,False,False,sensitivity_Z1
p11,Sleep_Revitalization,stress,-0.2630414642761636,0.0621937595084528,51,Yes,1.0,0.27843798053756597,False,False,sensitivity_Z1
p11,Sleep_Score,fatigue,0.3814183769049918,0.0057520683051646,51,Yes,1.0,0.07849360902586155,True,False,sensitivity_Z1
p11,Sleep_Score,mood,0.097242987334072,0.4972334942470937,51,Yes,1.0,0.7858492099567307,False,False,sensitivity_Z1
p11,Sleep_Score,readiness,0.0261722832352662,0.8553433888996288,51,Yes,1.0,0.9338072560171325,False,False,sensitivity_Z1
p11,Sleep_Score,sleep_quality,0.3848289620139441,0.0052974793845439,51,Yes,1.0,0.07703056088672852,True,False,sensitivity_Z1
p11,Sleep_Score,stress,-0.3008283499680808,0.0319492134800227,51,Yes,1.0,0.19508168664456715,True,False,sensitivity_Z1
p12,Steps,fatigue,0.3456489170761637,0.1472018186126216,19,Yes,1.0,0.4266928532986777,False,False,sensitivity_Z1
p12,Steps,mood,0.0948898458362965,0.6991936566250618,19,Yes,1.0,0.88979164049703,False,False,sensitivity_Z1
p12,Steps,readiness,0.6081857040459316,0.0057308744746397,19,Yes,1.0,0.07849360902586155,True,False,sensitivity_Z1
p12,Steps,sleep_quality,0.3131633910450885,0.1917200204200173,19,Yes,1.0,0.49434784335045157,False,False,sensitivity_Z1
p12,Steps,stress,0.0948898458362965,0.6991936566250618,19,Yes,1.0,0.88979164049703,False,False,sensitivity_Z1
p12,Exercise_Count,fatigue,0.3218410752284335,0.1790408685506007,19,Yes,1.0,0.4754767976179126,False,False,sensitivity_Z1
p12,Exercise_Count,mood,0.0391534154779115,0.873558824727481,19,Yes,1.0,0.9358460565533998,False,False,sensitivity_Z1
p12,Exercise_Count,readiness,0.4488088841195383,0.0539198308084274,19,Yes,1.0,0.2543983506759314,False,False,sensitivity_Z1
p12,Exercise_Count,sleep_quality,0.2293263453092605,0.3449562393239635,19,Yes,1.0,0.662286113160943,False,False,sensitivity_Z1
p12,Exercise_Count,stress,0.0391534154779115,0.873558824727481,19,Yes,1.0,0.9358460565533998,False,False,sensitivity_Z1
p12,Exercise_Duration,fatigue,0.2028643978636049,0.4048749377807382,19,Yes,1.0,0.7070745660479141,False,False,sensitivity_Z1
p12,Exercise_Duration,mood,-0.0915312487414477,0.7093916265370247,19,Yes,1.0,0.8910651858789573,False,False,sensitivity_Z1
p12,Exercise_Duration,readiness,0.2811448767884619,0.243617851434927,19,Yes,1.0,0.5546983925674376,False,False,sensitivity_Z1
p12,Exercise_Duration,sleep_quality,0.1154581738838447,0.6378668052064427,19,Yes,1.0,0.8486681201796835,False,False,sensitivity_Z1
p12,Exercise_Duration,stress,-0.0915312487414477,0.7093916265370247,19,Yes,1.0,0.8910651858789573,False,False,sensitivity_Z1
p12,Exercise_Distance,fatigue,,,19,Yes,1.0,,False,False,sensitivity_Z1
p12,Exercise_Distance,mood,,,19,Yes,1.0,,False,False,sensitivity_Z1
p12,Exercise_Distance,readiness,,,19,Yes,1.0,,False,False,sensitivity_Z1
p12,Exercise_Distance,sleep_quality,,,19,Yes,1.0,,False,False,sensitivity_Z1
p12,Exercise_Distance,stress,,,19,Yes,1.0,,False,False,sensitivity_Z1
p12,Exercise_Calories,fatigue,0.224204698933023,0.3561309084431689,19,Yes,1.0,0.6683461937259234,False,False,sensitivity_Z1
p12,Exercise_Calories,mood,-0.1026932793674038,0.6756915427221518,19,Yes,1.0,0.8736711346859309,False,False,sensitivity_Z1
p12,Exercise_Calories,readiness,0.3372059861121302,0.1580054936828488,19,Yes,1.0,0.44834897610790153,False,False,sensitivity_Z1
p12,Exercise_Calories,sleep_quality,0.1088314633388194,0.6574032488016371,19,Yes,1.0,0.864266310924325,False,False,sensitivity_Z1
p12,Exercise_Calories,stress,-0.1026932793674038,0.6756915427221518,19,Yes,1.0,0.8736711346859309,False,False,sensitivity_Z1
p12,Exercise_Avg_HR,fatigue,0.2360464620417627,0.43751769343148,13,Yes,1.0,0.7303082396334178,False,False,sensitivity_Z1
p12,Exercise_Avg_HR,mood,-0.1253227852490743,0.6833154519789554,13,Yes,1.0,0.8796818663357524,False,False,sensitivity_Z1
p12,Exercise_Avg_HR,readiness,0.43741979286853,0.1349786757363669,13,Yes,1.0,0.40567890188425787,False,False,sensitivity_Z1
p12,Exercise_Avg_HR,sleep_quality,-0.1327282225592468,0.6655525630471011,13,Yes,1.0,0.8654760826606063,False,False,sensitivity_Z1
p12,Exercise_Avg_HR,stress,-0.1253227852490743,0.6833154519789554,13,Yes,1.0,0.8796818663357524,False,False,sensitivity_Z1
p12,Sleep_Hours,fatigue,,,0,No,1.0,,False,False,sensitivity_Z1
p12,Sleep_Hours,mood,,,0,No,1.0,,False,False,sensitivity_Z1
p12,Sleep_Hours,readiness,,,0,No,1.0,,False,False,sensitivity_Z1
p12,Sleep_Hours,sleep_quality,,,0,No,1.0,,False,False,sensitivity_Z1
p12,Sleep_Hours,stress,,,0,No,1.0,,False,False,sensitivity_Z1
p12,Sleep_Duration_Score,fatigue,,,0,No,1.0,,False,False,sensitivity_Z1
p12,Sleep_Duration_Score,mood,,,0,No,1.0,,False,False,sensitivity_Z1
p12,Sleep_Duration_Score,readiness,,,0,No,1.0,,False,False,sensitivity_Z1
p12,Sleep_Duration_Score,sleep_quality,,,0,No,1.0,,False,False,sensitivity_Z1
p12,Sleep_Duration_Score,stress,,,0,No,1.0,,False,False,sensitivity_Z1
p12,Deep_Sleep_Minutes,fatigue,,,0,No,1.0,,False,False,sensitivity_Z1
p12,Deep_Sleep_Minutes,mood,,,0,No,1.0,,False,False,sensitivity_Z1
p12,Deep_Sleep_Minutes,readiness,,,0,No,1.0,,False,False,sensitivity_Z1
p12,Deep_Sleep_Minutes,sleep_quality,,,0,No,1.0,,False,False,sensitivity_Z1
p12,Deep_Sleep_Minutes,stress,,,0,No,1.0,,False,False,sensitivity_Z1
p12,Sleep_Restlessness,fatigue,,,0,No,1.0,,False,False,sensitivity_Z1
p12,Sleep_Restlessness,mood,,,0,No,1.0,,False,False,sensitivity_Z1
p12,Sleep_Restlessness,readiness,,,0,No,1.0,,False,False,sensitivity_Z1
p12,Sleep_Restlessness,sleep_quality,,,0,No,1.0,,False,False,sensitivity_Z1
p12,Sleep_Restlessness,stress,,,0,No,1.0,,False,False,sensitivity_Z1
p12,Sleep_Composition,fatigue,,,0,No,1.0,,False,False,sensitivity_Z1
p12,Sleep_Composition,mood,,,0,No,1.0,,False,False,sensitivity_Z1
p12,Sleep_Composition,readiness,,,0,No,1.0,,False,False,sensitivity_Z1
p12,Sleep_Composition,sleep_quality,,,0,No,1.0,,False,False,sensitivity_Z1
p12,Sleep_Composition,stress,,,0,No,1.0,,False,False,sensitivity_Z1
p12,Sleep_Revitalization,fatigue,,,0,No,1.0,,False,False,sensitivity_Z1
p12,Sleep_Revitalization,mood,,,0,No,1.0,,False,False,sensitivity_Z1
p12,Sleep_Revitalization,readiness,,,0,No,1.0,,False,False,sensitivity_Z1
p12,Sleep_Revitalization,sleep_quality,,,0,No,1.0,,False,False,sensitivity_Z1
p12,Sleep_Revitalization,stress,,,0,No,1.0,,False,False,sensitivity_Z1
p12,Sleep_Score,fatigue,,,0,No,1.0,,False,False,sensitivity_Z1
p12,Sleep_Score,mood,,,0,No,1.0,,False,False,sensitivity_Z1
p12,Sleep_Score,readiness,,,0,No,1.0,,False,False,sensitivity_Z1
p12,Sleep_Score,sleep_quality,,,0,No,1.0,,False,False,sensitivity_Z1
p12,Sleep_Score,stress,,,0,No,1.0,,False,False,sensitivity_Z1
p13,Steps,fatigue,-0.2932461115883255,0.2533181498566228,17,Yes,1.0,0.5603321668898364,False,False,sensitivity_Z1
p13,Steps,mood,-0.3489233038421029,0.1698549974504886,17,Yes,1.0,0.46357348534948734,False,False,sensitivity_Z1
p13,Steps,readiness,-0.2043360340693739,0.4314688882590576,17,Yes,1.0,0.7275910720262055,False,False,sensitivity_Z1
p13,Steps,sleep_quality,-0.1866655574439678,0.4731509060930086,17,Yes,1.0,0.7686535782133673,False,False,sensitivity_Z1
p13,Steps,stress,-0.3915841939523644,0.1200886596949351,17,Yes,1.0,0.3817872442631091,False,False,sensitivity_Z1
p13,Exercise_Count,fatigue,-0.4935819976516537,0.0440599510966673,17,Yes,1.0,0.22618626849330958,True,False,sensitivity_Z1
p13,Exercise_Count,mood,-0.0624171571894282,0.8118956051116257,17,Yes,1.0,0.9170338237300271,False,False,sensitivity_Z1
p13,Exercise_Count,readiness,-0.5569065698447379,0.0202248885273937,17,Yes,1.0,0.1482601332545307,True,False,sensitivity_Z1
p13,Exercise_Count,sleep_quality,-0.3171375378524889,0.2148572647815997,17,Yes,1.0,0.51928717673373,False,False,sensitivity_Z1
p13,Exercise_Count,stress,-0.3181626117266758,0.2132967960603761,17,Yes,1.0,0.5169242024741901,False,False,sensitivity_Z1
p13,Exercise_Duration,fatigue,-0.3430774482812244,0.1776112655421667,17,Yes,1.0,0.47512086356847394,False,False,sensitivity_Z1
p13,Exercise_Duration,mood,-0.1514394616446545,0.5617773794284203,17,Yes,1.0,0.82091686252555,False,False,sensitivity_Z1
p13,Exercise_Duration,readiness,-0.3529850992524865,0.1646017598920937,17,Yes,1.0,0.4548341464931062,False,False,sensitivity_Z1
p13,Exercise_Duration,sleep_quality,-0.2324843356957677,0.3692191138324138,17,Yes,1.0,0.6822861541028147,False,False,sensitivity_Z1
p13,Exercise_Duration,stress,-0.1615208081948227,0.5356995594104071,17,Yes,1.0,0.8113064431310707,False,False,sensitivity_Z1
p13,Exercise_Distance,fatigue,-0.063236768839529,0.809467899505594,17,Yes,1.0,0.9170338237300271,False,False,sensitivity_Z1
p13,Exercise_Distance,mood,0.5206992882927199,0.0321104016348442,17,Yes,1.0,0.19508168664456715,True,False,sensitivity_Z1
p13,Exercise_Distance,readiness,-0.0322236886114307,0.9022871821618752,17,Yes,1.0,0.9493816495582246,False,False,sensitivity_Z1
p13,Exercise_Distance,sleep_quality,-0.0694113713581002,0.7912327990967948,17,Yes,1.0,0.9095552328365037,False,False,sensitivity_Z1
p13,Exercise_Distance,stress,-0.1570027629339731,0.5473187224288731,17,Yes,1.0,0.8155205797753626,False,False,sensitivity_Z1
p13,Exercise_Calories,fatigue,-0.2817279812557114,0.2732990972963077,17,Yes,1.0,0.5836193476930472,False,False,sensitivity_Z1
p13,Exercise_Calories,mood,-0.0430102368644995,0.8698075622362117,17,Yes,1.0,0.9358460565533998,False,False,sensitivity_Z1
p13,Exercise_Calories,readiness,-0.2556896868103461,0.3219152345739414,17,Yes,1.0,0.6411401364563128,False,False,sensitivity_Z1
p13,Exercise_Calories,sleep_quality,-0.2009130073751411,0.4393905373154359,17,Yes,1.0,0.7312183988720293,False,False,sensitivity_Z1
p13,Exercise_Calories,stress,-0.159035388365795,0.5420775771272723,17,Yes,1.0,0.8155205797753626,False,False,sensitivity_Z1
p13,Exercise_Avg_HR,fatigue,,,5,No,1.0,,False,False,sensitivity_Z1
p13,Exercise_Avg_HR,mood,,,5,No,1.0,,False,False,sensitivity_Z1
p13,Exercise_Avg_HR,readiness,,,5,No,1.0,,False,False,sensitivity_Z1
p13,Exercise_Avg_HR,sleep_quality,,,5,No,1.0,,False,False,sensitivity_Z1
p13,Exercise_Avg_HR,stress,,,5,No,1.0,,False,False,sensitivity_Z1
p13,Sleep_Hours,fatigue,,,8,No,1.0,,False,False,sensitivity_Z1
p13,Sleep_Hours,mood,,,8,No,1.0,,False,False,sensitivity_Z1
p13,Sleep_Hours,readiness,,,8,No,1.0,,False,False,sensitivity_Z1
p13,Sleep_Hours,sleep_quality,,,8,No,1.0,,False,False,sensitivity_Z1
p13,Sleep_Hours,stress,,,8,No,1.0,,False,False,sensitivity_Z1
p13,Sleep_Duration_Score,fatigue,,,8,No,1.0,,False,False,sensitivity_Z1
p13,Sleep_Duration_Score,mood,,,8,No,1.0,,False,False,sensitivity_Z1
p13,Sleep_Duration_Score,readiness,,,8,No,1.0,,False,False,sensitivity_Z1
p13,Sleep_Duration_Score,sleep_quality,,,8,No,1.0,,False,False,sensitivity_Z1
p13,Sleep_Duration_Score,stress,,,8,No,1.0,,False,False,sensitivity_Z1
p13,Deep_Sleep_Minutes,fatigue,,,8,No,1.0,,False,False,sensitivity_Z1
p13,Deep_Sleep_Minutes,mood,,,8,No,1.0,,False,False,sensitivity_Z1
p13,Deep_Sleep_Minutes,readiness,,,8,No,1.0,,False,False,sensitivity_Z1
p13,Deep_Sleep_Minutes,sleep_quality,,,8,No,1.0,,False,False,sensitivity_Z1
p13,Deep_Sleep_Minutes,stress,,,8,No,1.0,,False,False,sensitivity_Z1
p13,Sleep_Restlessness,fatigue,,,8,No,1.0,,False,False,sensitivity_Z1
p13,Sleep_Restlessness,mood,,,8,No,1.0,,False,False,sensitivity_Z1
p13,Sleep_Restlessness,readiness,,,8,No,1.0,,False,False,sensitivity_Z1
p13,Sleep_Restlessness,sleep_quality,,,8,No,1.0,,False,False,sensitivity_Z1
p13,Sleep_Restlessness,stress,,,8,No,1.0,,False,False,sensitivity_Z1
p13,Sleep_Composition,fatigue,,,8,No,1.0,,False,False,sensitivity_Z1
p13,Sleep_Composition,mood,,,8,No,1.0,,False,False,sensitivity_Z1
p13,Sleep_Composition,readiness,,,8,No,1.0,,False,False,sensitivity_Z1
p13,Sleep_Composition,sleep_quality,,,8,No,1.0,,False,False,sensitivity_Z1
p13,Sleep_Composition,stress,,,8,No,1.0,,False,False,sensitivity_Z1
p13,Sleep_Revitalization,fatigue,,,8,No,1.0,,False,False,sensitivity_Z1
p13,Sleep_Revitalization,mood,,,8,No,1.0,,False,False,sensitivity_Z1
p13,Sleep_Revitalization,readiness,,,8,No,1.0,,False,False,sensitivity_Z1
p13,Sleep_Revitalization,sleep_quality,,,8,No,1.0,,False,False,sensitivity_Z1
p13,Sleep_Revitalization,stress,,,8,No,1.0,,False,False,sensitivity_Z1
p13,Sleep_Score,fatigue,,,8,No,1.0,,False,False,sensitivity_Z1
p13,Sleep_Score,mood,,,8,No,1.0,,False,False,sensitivity_Z1
p13,Sleep_Score,readiness,,,8,No,1.0,,False,False,sensitivity_Z1
p13,Sleep_Score,sleep_quality,,,8,No,1.0,,False,False,sensitivity_Z1
p13,Sleep_Score,stress,,,8,No,1.0,,False,False,sensitivity_Z1
p14,Steps,fatigue,0.2587528119004922,0.0478345936654285,59,Yes,1.0,0.2331279372595334,True,False,sensitivity_Z1
p14,Steps,mood,,,59,Yes,1.0,,False,False,sensitivity_Z1
p14,Steps,readiness,0.3283908475771985,0.0111075271332466,59,Yes,1.0,0.10593953298053477,True,False,sensitivity_Z1
p14,Steps,sleep_quality,-0.0691300647330036,0.6028824339544597,59,Yes,1.0,0.8368649748319339,False,False,sensitivity_Z1
p14,Steps,stress,0.2614591083752275,0.0454701620344999,59,Yes,1.0,0.22687688392689884,True,False,sensitivity_Z1
p14,Exercise_Count,fatigue,0.070481128733028,0.5925625780322601,60,Yes,1.0,0.8318666850287846,False,False,sensitivity_Z1
p14,Exercise_Count,mood,,,60,Yes,1.0,,False,False,sensitivity_Z1
p14,Exercise_Count,readiness,0.3236876426916444,0.0116407664346378,60,Yes,1.0,0.10943649992201285,True,False,sensitivity_Z1
p14,Exercise_Count,sleep_quality,0.0280811061590231,0.8313413051775972,60,Yes,1.0,0.9204838828288981,False,False,sensitivity_Z1
p14,Exercise_Count,stress,0.1509527510767591,0.2496130469412041,60,Yes,1.0,0.5576996791860153,False,False,sensitivity_Z1
p14,Exercise_Duration,fatigue,0.1410739272469149,0.2823054247891456,60,Yes,1.0,0.5905776221414437,False,False,sensitivity_Z1
p14,Exercise_Duration,mood,,,60,Yes,1.0,,False,False,sensitivity_Z1
p14,Exercise_Duration,readiness,0.1923722799980829,0.1408707070002608,60,Yes,1.0,0.41346629783232425,False,False,sensitivity_Z1
p14,Exercise_Duration,sleep_quality,-0.012884201717169,0.9221663829340356,60,Yes,1.0,0.9668576615395857,False,False,sensitivity_Z1
p14,Exercise_Duration,stress,0.2691260302460631,0.0375877825005764,60,Yes,1.0,0.21101495618994473,True,False,sensitivity_Z1
p14,Exercise_Distance,fatigue,0.2417805588922546,0.062723701420093,60,Yes,1.0,0.27843798053756597,False,False,sensitivity_Z1
p14,Exercise_Distance,mood,,,60,Yes,1.0,,False,False,sensitivity_Z1
p14,Exercise_Distance,readiness,0.1507252570889822,0.2503356190871552,60,Yes,1.0,0.557908779221876,False,False,sensitivity_Z1
p14,Exercise_Distance,sleep_quality,-0.0781546180672785,0.5528082785107457,60,Yes,1.0,0.8172349050650524,False,False,sensitivity_Z1
p14,Exercise_Distance,stress,0.2160739374943995,0.0972881428884416,60,Yes,1.0,0.3554260437682347,False,False,sensitivity_Z1
p14,Exercise_Calories,fatigue,0.2002294443711851,0.1250482665207363,60,Yes,1.0,0.39055567747849684,False,False,sensitivity_Z1
p14,Exercise_Calories,mood,,,60,Yes,1.0,,False,False,sensitivity_Z1
p14,Exercise_Calories,readiness,0.2351625256538703,0.0704975846934406,60,Yes,1.0,0.29635714513308914,False,False,sensitivity_Z1
p14,Exercise_Calories,sleep_quality,-0.0080688568780742,0.951210051497242,60,Yes,1.0,0.9765580414626381,False,False,sensitivity_Z1
p14,Exercise_Calories,stress,0.2377733087805447,0.0673436473390952,60,Yes,1.0,0.2899699766494051,False,False,sensitivity_Z1
p14,Exercise_Avg_HR,fatigue,0.1030968584243793,0.4715693946855613,51,Yes,1.0,0.7677959668795363,False,False,sensitivity_Z1
p14,Exercise_Avg_HR,mood,,,51,Yes,1.0,,False,False,sensitivity_Z1
p14,Exercise_Avg_HR,readiness,-0.0517502042962122,0.7183610247038201,51,Yes,1.0,0.8911695509262776,False,False,sensitivity_Z1
p14,Exercise_Avg_HR,sleep_quality,-0.0030201138307758,0.9832191192810537,51,Yes,1.0,0.9921676436886172,False,False,sensitivity_Z1
p14,Exercise_Avg_HR,stress,0.0416640474560836,0.7715940202897995,51,Yes,1.0,0.9035211403494964,False,False,sensitivity_Z1
p14,Sleep_Hours,fatigue,-0.1044814885252332,0.4749496452187717,49,Yes,1.0,0.7701651468172769,False,False,sensitivity_Z1
p14,Sleep_Hours,mood,,,49,Yes,1.0,,False,False,sensitivity_Z1
p14,Sleep_Hours,readiness,0.2333893032096099,0.1065433953225428,49,Yes,1.0,0.3685407058786047,False,False,sensitivity_Z1
p14,Sleep_Hours,sleep_quality,0.1598764583916805,0.2725009800804,49,Yes,1.0,0.5836193476930472,False,False,sensitivity_Z1
p14,Sleep_Hours,stress,-0.169421215956381,0.244517555235477,49,Yes,1.0,0.5546983925674376,False,False,sensitivity_Z1
p14,Sleep_Duration_Score,fatigue,-0.0100260738456645,0.9484985102983432,44,Yes,1.0,0.9765580414626381,False,False,sensitivity_Z1
p14,Sleep_Duration_Score,mood,,,44,Yes,1.0,,False,False,sensitivity_Z1
p14,Sleep_Duration_Score,readiness,0.2928862212191284,0.0536807621303816,44,Yes,1.0,0.2543983506759314,False,False,sensitivity_Z1
p14,Sleep_Duration_Score,sleep_quality,0.3033346377870262,0.0453271647748481,44,Yes,1.0,0.22687688392689884,True,False,sensitivity_Z1
p14,Sleep_Duration_Score,stress,0.0238612132105931,0.8778126776267015,44,Yes,1.0,0.9362829944677331,False,False,sensitivity_Z1
p14,Deep_Sleep_Minutes,fatigue,0.0014825449785112,0.9919335990247696,49,Yes,1.0,0.9961299981477978,False,False,sensitivity_Z1
p14,Deep_Sleep_Minutes,mood,,,49,Yes,1.0,,False,False,sensitivity_Z1
p14,Deep_Sleep_Minutes,readiness,0.2867188545506671,0.0457846248285399,49,Yes,1.0,0.22687688392689884,True,False,sensitivity_Z1
p14,Deep_Sleep_Minutes,sleep_quality,0.0723702745925836,0.6211911181236929,49,Yes,1.0,0.8451916090578937,False,False,sensitivity_Z1
p14,Deep_Sleep_Minutes,stress,-0.1343032007996926,0.3575568596758232,49,Yes,1.0,0.6690990180009603,False,False,sensitivity_Z1
p14,Sleep_Restlessness,fatigue,-0.1810342121710493,0.2395859016577258,44,Yes,1.0,0.5505510227212508,False,False,sensitivity_Z1
p14,Sleep_Restlessness,mood,,,44,Yes,1.0,,False,False,sensitivity_Z1
p14,Sleep_Restlessness,readiness,-0.0839500173686524,0.5879643925014304,44,Yes,1.0,0.8318666850287846,False,False,sensitivity_Z1
p14,Sleep_Restlessness,sleep_quality,-0.3042818566630731,0.0446252502664365,44,Yes,1.0,0.22618626849330958,True,False,sensitivity_Z1
p14,Sleep_Restlessness,stress,0.1029482800743063,0.5060550075843051,44,Yes,1.0,0.7899096183405051,False,False,sensitivity_Z1
p14,Sleep_Composition,fatigue,0.259623116254552,0.0887763911884728,44,Yes,1.0,0.3367716237869625,False,False,sensitivity_Z1
p14,Sleep_Composition,mood,,,44,Yes,1.0,,False,False,sensitivity_Z1
p14,Sleep_Composition,readiness,0.1144027345915096,0.4596347337660628,44,Yes,1.0,0.7535970588733784,False,False,sensitivity_Z1
p14,Sleep_Composition,sleep_quality,0.4501919509395188,0.0021673021298075,44,Yes,1.0,0.043862360567399804,True,True,sensitivity_Z1
p14,Sleep_Composition,stress,-0.1992442997523692,0.194756778859285,44,Yes,1.0,0.49583022425766754,False,False,sensitivity_Z1
p14,Sleep_Revitalization,fatigue,0.1553291517318847,0.3140295762827502,44,Yes,1.0,0.6351281775853385,False,False,sensitivity_Z1
p14,Sleep_Revitalization,mood,,,44,Yes,1.0,,False,False,sensitivity_Z1
p14,Sleep_Revitalization,readiness,0.3733361985461902,0.0125559182877634,44,Yes,1.0,0.11129313346766782,True,False,sensitivity_Z1
p14,Sleep_Revitalization,sleep_quality,0.0969543285963326,0.5312588183888114,44,Yes,1.0,0.8082788540495296,False,False,sensitivity_Z1
p14,Sleep_Revitalization,stress,0.1118739150591525,0.4696807942531407,44,Yes,1.0,0.7672317946639702,False,False,sensitivity_Z1
p14,Sleep_Score,fatigue,0.1001673355851086,0.5176726340063853,44,Yes,1.0,0.7985663067194153,False,False,sensitivity_Z1
p14,Sleep_Score,mood,,,44,Yes,1.0,,False,False,sensitivity_Z1
p14,Sleep_Score,readiness,0.3684080401022184,0.0138695849412642,44,Yes,1.0,0.11515001551708719,True,False,sensitivity_Z1
p14,Sleep_Score,sleep_quality,0.3660108263689795,0.0145497450221853,44,Yes,1.0,0.11798412091901762,True,False,sensitivity_Z1
p14,Sleep_Score,stress,0.0081500800383177,0.9581255175920862,44,Yes,1.0,0.9802276056564941,False,False,sensitivity_Z1
p15,Steps,fatigue,0.0577301223330517,0.7064098366959792,45,Yes,1.0,0.8910651858789573,False,False,sensitivity_Z1
p15,Steps,mood,0.3784743449611226,0.010359653941974,45,Yes,1.0,0.10324733760147121,True,False,sensitivity_Z1
p15,Steps,readiness,0.0896691043311062,0.5580275102230806,45,Yes,1.0,0.8205269543328632,False,False,sensitivity_Z1
p15,Steps,sleep_quality,0.2386881439870867,0.1143290421897013,45,Yes,1.0,0.37388674929455606,False,False,sensitivity_Z1
p15,Steps,stress,0.1610425006395829,0.2905923067800594,45,Yes,1.0,0.6036425670115051,False,False,sensitivity_Z1
p15,Exercise_Count,fatigue,-0.0605293359129475,0.6928580019649518,45,Yes,1.0,0.8868182507112731,False,False,sensitivity_Z1
p15,Exercise_Count,mood,0.1036822710325289,0.4979112243468801,45,Yes,1.0,0.7858492099567307,False,False,sensitivity_Z1
p15,Exercise_Count,readiness,-0.0723202792046959,0.6368509102822945,45,Yes,1.0,0.8486681201796835,False,False,sensitivity_Z1
p15,Exercise_Count,sleep_quality,-0.1499702488536485,0.3254614403074953,45,Yes,1.0,0.6415206612283295,False,False,sensitivity_Z1
p15,Exercise_Count,stress,0.06197165937858,0.6859118026077375,45,Yes,1.0,0.8804685512490061,False,False,sensitivity_Z1
p15,Exercise_Duration,fatigue,0.1411393000826876,0.3550756047776052,45,Yes,1.0,0.6683461937259234,False,False,sensitivity_Z1
p15,Exercise_Duration,mood,0.347711988543663,0.0192611126553919,45,Yes,1.0,0.14466917545068284,True,False,sensitivity_Z1
p15,Exercise_Duration,readiness,0.2484380863744274,0.0998482658368968,45,Yes,1.0,0.358564420232095,False,False,sensitivity_Z1
p15,Exercise_Duration,sleep_quality,0.094287729392819,0.5378433241155961,45,Yes,1.0,0.8113384838274383,False,False,sensitivity_Z1
p15,Exercise_Duration,stress,0.1160318388818888,0.4478339403822716,45,Yes,1.0,0.741514106893184,False,False,sensitivity_Z1
p15,Exercise_Distance,fatigue,0.0514806062487576,0.7369860723279033,45,Yes,1.0,0.9029097322580805,False,False,sensitivity_Z1
p15,Exercise_Distance,mood,0.0071094466264789,0.9630311989228472,45,Yes,1.0,0.9826765433968868,False,False,sensitivity_Z1
p15,Exercise_Distance,readiness,0.2177184141277693,0.1508031984411726,45,Yes,1.0,0.43570826390006545,False,False,sensitivity_Z1
p15,Exercise_Distance,sleep_quality,-0.0463656350139113,0.7623163761370637,45,Yes,1.0,0.9034973750162242,False,False,sensitivity_Z1
p15,Exercise_Distance,stress,-0.0278486970591025,0.8559022538240459,45,Yes,1.0,0.9338072560171325,False,False,sensitivity_Z1
p15,Exercise_Calories,fatigue,0.2154612101620648,0.1551880864167686,45,Yes,1.0,0.4454751865749959,False,False,sensitivity_Z1
p15,Exercise_Calories,mood,0.3432457716788381,0.020977331408442,45,Yes,1.0,0.15127555251453703,True,False,sensitivity_Z1
p15,Exercise_Calories,readiness,0.2612085977598992,0.0830665519986758,45,Yes,1.0,0.3234753166019357,False,False,sensitivity_Z1
p15,Exercise_Calories,sleep_quality,0.066798817243883,0.6628526881351853,45,Yes,1.0,0.8646328446704549,False,False,sensitivity_Z1
p15,Exercise_Calories,stress,0.1479584573875522,0.332067544777273,45,Yes,1.0,0.6502073117382807,False,False,sensitivity_Z1
p15,Exercise_Avg_HR,fatigue,0.2162195695527002,0.1637398020191824,43,Yes,1.0,0.45386626372192124,False,False,sensitivity_Z1
p15,Exercise_Avg_HR,mood,-0.0432345564630226,0.7830992166715461,43,Yes,1.0,0.907162653776252,False,False,sensitivity_Z1
p15,Exercise_Avg_HR,readiness,0.3046144152115799,0.0470210144987129,43,Yes,1.0,0.23042894950474221,True,False,sensitivity_Z1
p15,Exercise_Avg_HR,sleep_quality,-0.1736003214146627,0.2655761496397083,43,Yes,1.0,0.5745654557867257,False,False,sensitivity_Z1
p15,Exercise_Avg_HR,stress,0.0671205510546025,0.6689044072222368,43,Yes,1.0,0.8674242824650936,False,False,sensitivity_Z1
p15,Sleep_Hours,fatigue,0.1666933599467094,0.2737684004728516,45,Yes,1.0,0.5836193476930472,False,False,sensitivity_Z1
p15,Sleep_Hours,mood,0.3881186186427855,0.0084267464167146,45,Yes,1.0,0.09308009859969657,True,False,sensitivity_Z1
p15,Sleep_Hours,readiness,0.1021401644085072,0.5043598995345903,45,Yes,1.0,0.7899096183405051,False,False,sensitivity_Z1
p15,Sleep_Hours,sleep_quality,0.1967894120833222,0.1950899078533551,45,Yes,1.0,0.49583022425766754,False,False,sensitivity_Z1
p15,Sleep_Hours,stress,0.0200923505953882,0.8957722377808777,45,Yes,1.0,0.9458928272757601,False,False,sensitivity_Z1
p15,Sleep_Duration_Score,fatigue,-0.0017739454994796,0.9907725758721548,45,Yes,1.0,0.9961299981477978,False,False,sensitivity_Z1
p15,Sleep_Duration_Score,mood,0.1447496315586315,0.3427759283736576,45,Yes,1.0,0.6614847566602543,False,False,sensitivity_Z1
p15,Sleep_Duration_Score,readiness,0.0678241619571906,0.6579932177993216,45,Yes,1.0,0.864266310924325,False,False,sensitivity_Z1
p15,Sleep_Duration_Score,sleep_quality,0.1933891713146299,0.2030735175178331,45,Yes,1.0,0.5045552101913668,False,False,sensitivity_Z1
p15,Sleep_Duration_Score,stress,-0.079913502470157,0.601791047048352,45,Yes,1.0,0.8368649748319339,False,False,sensitivity_Z1
p15,Deep_Sleep_Minutes,fatigue,0.2143960291308074,0.1572894532613717,45,Yes,1.0,0.44834897610790153,False,False,sensitivity_Z1
p15,Deep_Sleep_Minutes,mood,0.2725704962930637,0.0700671595018541,45,Yes,1.0,0.29635714513308914,False,False,sensitivity_Z1
p15,Deep_Sleep_Minutes,readiness,0.1275500077066483,0.40373343901083,45,Yes,1.0,0.7070745660479141,False,False,sensitivity_Z1
p15,Deep_Sleep_Minutes,sleep_quality,0.3683056104754789,0.0127980829917724,45,Yes,1.0,0.11129313346766782,True,False,sensitivity_Z1
p15,Deep_Sleep_Minutes,stress,0.1848746528135302,0.224064344187724,45,Yes,1.0,0.528577322591785,False,False,sensitivity_Z1
p15,Sleep_Restlessness,fatigue,0.1746326427668758,0.2512374692676201,45,Yes,1.0,0.5585153765423033,False,False,sensitivity_Z1
p15,Sleep_Restlessness,mood,-0.0676802965922718,0.6586742121587866,45,Yes,1.0,0.864266310924325,False,False,sensitivity_Z1
p15,Sleep_Restlessness,readiness,-0.2923455019462427,0.0513271127548333,45,Yes,1.0,0.24639257841196316,False,False,sensitivity_Z1
p15,Sleep_Restlessness,sleep_quality,-0.3158225437663046,0.0345657720560893,45,Yes,1.0,0.20439893209167473,True,False,sensitivity_Z1
p15,Sleep_Restlessness,stress,0.0136443545024849,0.9291156590983076,45,Yes,1.0,0.9707015189872779,False,False,sensitivity_Z1
p15,Sleep_Composition,fatigue,0.1260249151277397,0.40942413625375,45,Yes,1.0,0.7120768801119143,False,False,sensitivity_Z1
p15,Sleep_Composition,mood,0.012076718833977,0.9372424717515112,45,Yes,1.0,0.974600319394596,False,False,sensitivity_Z1
p15,Sleep_Composition,readiness,0.0768743554506984,0.6157230202864014,45,Yes,1.0,0.8451916090578937,False,False,sensitivity_Z1
p15,Sleep_Composition,sleep_quality,0.4176077909198629,0.0043137026973497,45,Yes,1.0,0.06956825986453061,True,False,sensitivity_Z1
p15,Sleep_Composition,stress,0.1020880089515768,0.5045787398776785,45,Yes,1.0,0.7899096183405051,False,False,sensitivity_Z1
p15,Sleep_Revitalization,fatigue,0.1718527264066587,0.2589800096274053,45,Yes,1.0,0.5686021498502686,False,False,sensitivity_Z1
p15,Sleep_Revitalization,mood,0.0195577942503828,0.8985305469891841,45,Yes,1.0,0.9476772832097577,False,False,sensitivity_Z1
p15,Sleep_Revitalization,readiness,0.2819005114395517,0.060644384607582,45,Yes,1.0,0.27444678136186346,False,False,sensitivity_Z1
p15,Sleep_Revitalization,sleep_quality,0.2124922159657916,0.1610969386475149,45,Yes,1.0,0.4509556837145435,False,False,sensitivity_Z1
p15,Sleep_Revitalization,stress,-0.1216995646329271,0.4258118217602781,45,Yes,1.0,0.7235538044087484,False,False,sensitivity_Z1
p15,Sleep_Score,fatigue,0.1049693390625794,0.4925616449757363,45,Yes,1.0,0.7815781379131986,False,False,sensitivity_Z1
p15,Sleep_Score,mood,0.1011594230652759,0.5084830843896788,45,Yes,1.0,0.7899096183405051,False,False,sensitivity_Z1
p15,Sleep_Score,readiness,0.1762675118884503,0.2467575882057539,45,Yes,1.0,0.5558488733551163,False,False,sensitivity_Z1
p15,Sleep_Score,sleep_quality,0.331328069198909,0.0261964359202133,45,Yes,1.0,0.17340476612857608,True,False,sensitivity_Z1
p15,Sleep_Score,stress,-0.0660466228884197,0.6664263409889448,45,Yes,1.0,0.8654760826606063,False,False,sensitivity_Z1
p16,Steps,fatigue,-0.0880616658371624,0.6260325672503226,33,Yes,1.0,0.8451916090578937,False,False,sensitivity_Z1
p16,Steps,mood,0.0063298423968034,0.972111321321184,33,Yes,1.0,0.9865706430341994,False,False,sensitivity_Z1
p16,Steps,readiness,-0.2767014483436783,0.1190313314030753,33,Yes,1.0,0.37978701782204244,False,False,sensitivity_Z1
p16,Steps,sleep_quality,-0.2948994781361658,0.0957070055435485,33,Yes,1.0,0.35371714132136467,False,False,sensitivity_Z1
p16,Steps,stress,-0.0469890358644481,0.7951209008474023,33,Yes,1.0,0.9112044432191807,False,False,sensitivity_Z1
p16,Exercise_Count,fatigue,-0.0445552829346116,0.8055245452205034,33,Yes,1.0,0.9170338237300271,False,False,sensitivity_Z1
p16,Exercise_Count,mood,0.0841709846536809,0.6414234552993708,33,Yes,1.0,0.8517104863032064,False,False,sensitivity_Z1
p16,Exercise_Count,readiness,-0.1279758733273113,0.4778620893032925,33,Yes,1.0,0.7711573439181375,False,False,sensitivity_Z1
p16,Exercise_Count,sleep_quality,-0.2001213224254736,0.264154940609139,33,Yes,1.0,0.5742780203929077,False,False,sensitivity_Z1
p16,Exercise_Count,stress,-0.0400290019254244,0.824959201429481,33,Yes,1.0,0.9202771989060456,False,False,sensitivity_Z1
p16,Exercise_Duration,fatigue,-0.0911782014868396,0.6138144292050124,33,Yes,1.0,0.8451916090578937,False,False,sensitivity_Z1
p16,Exercise_Duration,mood,0.0392198994931533,0.8284443975504265,33,Yes,1.0,0.9204838828288981,False,False,sensitivity_Z1
p16,Exercise_Duration,readiness,-0.2002960585719871,0.2637294530261028,33,Yes,1.0,0.5742780203929077,False,False,sensitivity_Z1
p16,Exercise_Duration,sleep_quality,-0.2323154257765406,0.193266400477598,33,Yes,1.0,0.49545461625326426,False,False,sensitivity_Z1
p16,Exercise_Duration,stress,-0.0122364400696285,0.946115977743041,33,Yes,1.0,0.9765580414626381,False,False,sensitivity_Z1
p16,Exercise_Distance,fatigue,,,0,No,1.0,,False,False,sensitivity_Z1
p16,Exercise_Distance,mood,,,0,No,1.0,,False,False,sensitivity_Z1
p16,Exercise_Distance,readiness,,,0,No,1.0,,False,False,sensitivity_Z1
p16,Exercise_Distance,sleep_quality,,,0,No,1.0,,False,False,sensitivity_Z1
p16,Exercise_Distance,stress,,,0,No,1.0,,False,False,sensitivity_Z1
p16,Exercise_Calories,fatigue,-0.1035139888193147,0.5664701951658999,33,Yes,1.0,0.8250559328606786,False,False,sensitivity_Z1
p16,Exercise_Calories,mood,0.0346987059337084,0.847976725474511,33,Yes,1.0,0.9304646998831232,False,False,sensitivity_Z1
p16,Exercise_Calories,readiness,-0.2125347952142581,0.2350428778109966,33,Yes,1.0,0.542455983196714,False,False,sensitivity_Z1
p16,Exercise_Calories,sleep_quality,-0.2346376089807452,0.188726625141,33,Yes,1.0,0.4907497718265726,False,False,sensitivity_Z1
p16,Exercise_Calories,stress,-0.0054400826099644,0.9760303045331128,33,Yes,1.0,0.9894158629952812,False,False,sensitivity_Z1
p16,Exercise_Avg_HR,fatigue,,,4,No,1.0,,False,False,sensitivity_Z1
p16,Exercise_Avg_HR,mood,,,4,No,1.0,,False,False,sensitivity_Z1
p16,Exercise_Avg_HR,readiness,,,4,No,1.0,,False,False,sensitivity_Z1
p16,Exercise_Avg_HR,sleep_quality,,,4,No,1.0,,False,False,sensitivity_Z1
p16,Exercise_Avg_HR,stress,,,4,No,1.0,,False,False,sensitivity_Z1
p16,Sleep_Hours,fatigue,0.4621936100164044,0.0077393058654649,32,Yes,1.0,0.0903258460877285,True,False,sensitivity_Z1
p16,Sleep_Hours,mood,0.3910325025150973,0.0269002790495786,32,Yes,1.0,0.17674479642204605,True,False,sensitivity_Z1
p16,Sleep_Hours,readiness,-0.0069352263252644,0.9699499358121052,32,Yes,1.0,0.9865706430341994,False,False,sensitivity_Z1
p16,Sleep_Hours,sleep_quality,0.2979180579523857,0.0977062002235066,32,Yes,1.0,0.3554260437682347,False,False,sensitivity_Z1
p16,Sleep_Hours,stress,0.3608448582968689,0.0424613310209213,32,Yes,1.0,0.22154823891504227,True,False,sensitivity_Z1
p16,Sleep_Duration_Score,fatigue,0.6179378348950635,0.0001642201541499,32,Yes,1.0,0.008034847088631869,True,True,sensitivity_Z1
p16,Sleep_Duration_Score,mood,0.4785958728348335,0.0055899416056654,32,Yes,1.0,0.07849360902586155,True,False,sensitivity_Z1
p16,Sleep_Duration_Score,readiness,0.3474076918055385,0.0513896584061028,32,Yes,1.0,0.24639257841196316,False,False,sensitivity_Z1
p16,Sleep_Duration_Score,sleep_quality,0.3363290159688034,0.0598202782965119,32,Yes,1.0,0.27210557358464643,False,False,sensitivity_Z1
p16,Sleep_Duration_Score,stress,0.3891027676230884,0.027729813822881,32,Yes,1.0,0.17953536394814193,True,False,sensitivity_Z1
p16,Deep_Sleep_Minutes,fatigue,0.521142299018684,0.0022252606826753,32,Yes,1.0,0.043862360567399804,True,True,sensitivity_Z1
p16,Deep_Sleep_Minutes,mood,0.43948327382642,0.0118452966984168,32,Yes,1.0,0.10943649992201285,True,False,sensitivity_Z1
p16,Deep_Sleep_Minutes,readiness,0.0542626981815777,0.7680236987172864,32,Yes,1.0,0.9034973750162242,False,False,sensitivity_Z1
p16,Deep_Sleep_Minutes,sleep_quality,0.3616333263347078,0.0419788438487362,32,Yes,1.0,0.220326831324432,True,False,sensitivity_Z1
p16,Deep_Sleep_Minutes,stress,0.4305858017119472,0.0138907008571909,32,Yes,1.0,0.11515001551708719,True,False,sensitivity_Z1
p16,Sleep_Restlessness,fatigue,-0.0564133436769307,0.7590947321409158,32,Yes,1.0,0.9034973750162242,False,False,sensitivity_Z1
p16,Sleep_Restlessness,mood,-0.1215973415958316,0.5073573113973232,32,Yes,1.0,0.7899096183405051,False,False,sensitivity_Z1
p16,Sleep_Restlessness,readiness,-0.4818798241504931,0.0052275038933619,32,Yes,1.0,0.07703056088672852,True,False,sensitivity_Z1
p16,Sleep_Restlessness,sleep_quality,-0.3754689345645341,0.0342053585027443,32,Yes,1.0,0.20439893209167473,True,False,sensitivity_Z1
p16,Sleep_Restlessness,stress,-0.1265879202804074,0.489952493959256,32,Yes,1.0,0.7802295550123162,False,False,sensitivity_Z1
p16,Sleep_Composition,fatigue,0.2916666666666666,0.1052942609742071,32,Yes,1.0,0.3677008247406366,False,False,sensitivity_Z1
p16,Sleep_Composition,mood,0.3857942577363297,0.0292006718627045,32,Yes,1.0,0.18633810030373302,True,False,sensitivity_Z1
p16,Sleep_Composition,readiness,0.0483650833406674,0.7926563641292191,32,Yes,1.0,0.9095552328365037,False,False,sensitivity_Z1
p16,Sleep_Composition,sleep_quality,0.375,0.0344481918102288,32,Yes,1.0,0.20439893209167473,True,False,sensitivity_Z1
p16,Sleep_Composition,stress,0.2389329112320606,0.1878371573632589,32,Yes,1.0,0.4900659356535069,False,False,sensitivity_Z1
p16,Sleep_Revitalization,fatigue,0.0,1.0,32,Yes,1.0,1.0,False,False,sensitivity_Z1
p16,Sleep_Revitalization,mood,0.0903127173925004,0.6230259020006506,32,Yes,1.0,0.8451916090578937,False,False,sensitivity_Z1
p16,Sleep_Revitalization,readiness,0.2346752304102757,0.1960629537456542,32,Yes,1.0,0.4968795427782722,False,False,sensitivity_Z1
p16,Sleep_Revitalization,sleep_quality,0.297939785765562,0.0976805703683195,32,Yes,1.0,0.3554260437682347,False,False,sensitivity_Z1
p16,Sleep_Revitalization,stress,0.027735436513567,0.8802266855533303,32,Yes,1.0,0.9362829944677331,False,False,sensitivity_Z1
p16,Sleep_Score,fatigue,0.5289522051917255,0.0018545976080379,32,Yes,1.0,0.040122636056819934,True,True,sensitivity_Z1
p16,Sleep_Score,mood,0.4973904570730104,0.0037750108701287,32,Yes,1.0,0.06317801210951239,True,False,sensitivity_Z1
p16,Sleep_Score,readiness,0.3376931908327247,0.0587269954672844,32,Yes,1.0,0.2699007511890221,False,False,sensitivity_Z1
p16,Sleep_Score,sleep_quality,0.467317774325907,0.0070030116619742,32,Yes,1.0,0.08782288518844909,True,False,sensitivity_Z1
p16,Sleep_Score,stress,0.3621878293406821,0.0416421706067922,32,Yes,1.0,0.220326831324432,True,False,sensitivity_Z1
