Participant,Behavioral_Variable,Wellness_Variable,Window,Relationship,r,p,N,Included,p_FDR,Significant_raw,Significant_FDR
p01,Steps,fatigue,Previous 7 days,7-day history → current well-being,-0.04576099979897848,0.5954261281365055,137,True,0.8534972561229454,False,False
p01,Steps,mood,Previous 7 days,7-day history → current well-being,0.15277824164158646,0.07469753570640536,137,True,0.37272066663197223,False,False
p01,Steps,readiness,Previous 7 days,7-day history → current well-being,-0.2307585205387755,0.0066691816361009165,137,True,0.09451506740581181,True,False
p01,Steps,sleep_quality,Previous 7 days,7-day history → current well-being,0.009656064518268519,0.9108326263249028,137,True,0.9882193366747707,False,False
p01,Steps,stress,Previous 7 days,7-day history → current well-being,0.26821455551406626,0.001530288687957571,137,True,0.04545857573050431,True,True
p01,Exercise_Count,fatigue,Previous 7 days,7-day history → current well-being,-0.030388685076663226,0.7244537053344542,137,True,0.9273741982101378,False,False
p01,Exercise_Count,mood,Previous 7 days,7-day history → current well-being,0.08815612802704317,0.3056545898558752,137,True,0.6740568101325118,False,False
p01,Exercise_Count,readiness,Previous 7 days,7-day history → current well-being,-0.05417829050636261,0.529485033868808,137,True,0.8207341203718918,False,False
p01,Exercise_Count,sleep_quality,Previous 7 days,7-day history → current well-being,-0.07758353830266895,0.3675188126362405,137,True,0.7306968518948875,False,False
p01,Exercise_Count,stress,Previous 7 days,7-day history → current well-being,0.06009283574782924,0.48545573782910173,137,True,0.7899754466090295,False,False
p01,Exercise_Duration,fatigue,Previous 7 days,7-day history → current well-being,-0.07704422515506054,0.3708684184640441,137,True,0.7307641902781732,False,False
p01,Exercise_Duration,mood,Previous 7 days,7-day history → current well-being,0.10919491156217363,0.2040188130493854,137,True,0.5788174190446047,False,False
p01,Exercise_Duration,readiness,Previous 7 days,7-day history → current well-being,-0.08503346398919105,0.32317103725991453,137,True,0.6871636792263446,False,False
p01,Exercise_Duration,sleep_quality,Previous 7 days,7-day history → current well-being,-0.07840609859859832,0.36244601596029585,137,True,0.7268045220237974,False,False
p01,Exercise_Duration,stress,Previous 7 days,7-day history → current well-being,0.13451107697738496,0.11708741471165428,137,True,0.4530968921791985,False,False
p01,Exercise_Distance,fatigue,Previous 7 days,7-day history → current well-being,-0.21779204971680166,0.010570078687883674,137,True,0.11740069262490374,True,False
p01,Exercise_Distance,mood,Previous 7 days,7-day history → current well-being,-0.18727231263353072,0.028429579802213195,137,True,0.2251051515628835,True,False
p01,Exercise_Distance,readiness,Previous 7 days,7-day history → current well-being,-0.3251202328382915,0.00010600467046876953,137,True,0.013383089646682153,True,True
p01,Exercise_Distance,sleep_quality,Previous 7 days,7-day history → current well-being,-0.2770078100671947,0.0010493283490203384,137,True,0.04302449806283052,True,True
p01,Exercise_Distance,stress,Previous 7 days,7-day history → current well-being,-0.0462065987908361,0.5918442267426434,137,True,0.8534972561229454,False,False
p01,Exercise_Calories,fatigue,Previous 7 days,7-day history → current well-being,-0.12230602556536986,0.15450735339462743,137,True,0.5033949255760443,False,False
p01,Exercise_Calories,mood,Previous 7 days,7-day history → current well-being,0.07617701035367046,0.3762937221470529,137,True,0.7307641902781732,False,False
p01,Exercise_Calories,readiness,Previous 7 days,7-day history → current well-being,-0.1615492584537781,0.05929929796234442,137,True,0.33273494967759926,False,False
p01,Exercise_Calories,sleep_quality,Previous 7 days,7-day history → current well-being,-0.14464149238567073,0.09172782185469529,137,True,0.4081126378163945,False,False
p01,Exercise_Calories,stress,Previous 7 days,7-day history → current well-being,0.12994268749853669,0.1301708223604034,137,True,0.4646235742651079,False,False
p01,Exercise_Avg_HR,fatigue,Previous 7 days,7-day history → current well-being,-0.1814095315022508,0.03387767863998752,137,True,0.24440325304562424,True,False
p01,Exercise_Avg_HR,mood,Previous 7 days,7-day history → current well-being,-0.0152496904459873,0.8596121792498742,137,True,0.9704238296534385,False,False
p01,Exercise_Avg_HR,readiness,Previous 7 days,7-day history → current well-being,-0.33726863686563824,5.5731269277214715e-05,137,True,0.009381430328331143,True,True
p01,Exercise_Avg_HR,sleep_quality,Previous 7 days,7-day history → current well-being,-0.10462682158562377,0.2237003641576973,137,True,0.602765161006588,False,False
p01,Exercise_Avg_HR,stress,Previous 7 days,7-day history → current well-being,0.08537922557066506,0.32120025768691374,137,True,0.6855069140657413,False,False
p01,Sleep_Hours,fatigue,Previous 7 days,7-day history → current well-being,0.0035746383183646382,0.9670547923255919,136,True,0.9937742115046837,False,False
p01,Sleep_Hours,mood,Previous 7 days,7-day history → current well-being,-0.27251088979789845,0.0013290455093277816,136,True,0.04446203512659057,True,True
p01,Sleep_Hours,readiness,Previous 7 days,7-day history → current well-being,0.15164676879695732,0.07800618596021054,136,True,0.3824575136884109,False,False
p01,Sleep_Hours,sleep_quality,Previous 7 days,7-day history → current well-being,-0.09313118479827254,0.2808518306803798,136,True,0.6636894679622124,False,False
p01,Sleep_Hours,stress,Previous 7 days,7-day history → current well-being,-0.10441665996846462,0.22636816694041556,136,True,0.6064505268164979,False,False
p01,Sleep_Duration_Score,fatigue,Previous 7 days,7-day history → current well-being,0.02580749181058708,0.7655229076729415,136,True,0.9379797958420278,False,False
p01,Sleep_Duration_Score,mood,Previous 7 days,7-day history → current well-being,-0.22669817455641555,0.007954964344415165,136,True,0.09919153071431255,True,False
p01,Sleep_Duration_Score,readiness,Previous 7 days,7-day history → current well-being,0.18005275311511953,0.0359448419536308,136,True,0.25163689567917763,True,False
p01,Sleep_Duration_Score,sleep_quality,Previous 7 days,7-day history → current well-being,-0.08610251975672825,0.3189084931155642,136,True,0.6843190598119625,False,False
p01,Sleep_Duration_Score,stress,Previous 7 days,7-day history → current well-being,-0.17690837758256628,0.03936742642480787,136,True,0.26825638696534415,True,False
p01,Deep_Sleep_Minutes,fatigue,Previous 7 days,7-day history → current well-being,-0.04589791623876714,0.5956985815371315,136,True,0.8534972561229454,False,False
p01,Deep_Sleep_Minutes,mood,Previous 7 days,7-day history → current well-being,-0.21528023439120275,0.011836236669707545,136,True,0.12823880387142747,True,False
p01,Deep_Sleep_Minutes,readiness,Previous 7 days,7-day history → current well-being,0.07124725106639831,0.40979324729366495,136,True,0.7384213907984712,False,False
p01,Deep_Sleep_Minutes,sleep_quality,Previous 7 days,7-day history → current well-being,-0.14190736121409203,0.0993555952888157,136,True,0.41791008041014766,False,False
p01,Deep_Sleep_Minutes,stress,Previous 7 days,7-day history → current well-being,-0.25693060716604066,0.002531909710483094,136,True,0.05440912356570053,True,False
p01,Sleep_Restlessness,fatigue,Previous 7 days,7-day history → current well-being,-0.062221447810176606,0.4717586583330153,136,True,0.7828089185850565,False,False
p01,Sleep_Restlessness,mood,Previous 7 days,7-day history → current well-being,0.03075388855914794,0.722273053241827,136,True,0.9259553220470421,False,False
p01,Sleep_Restlessness,readiness,Previous 7 days,7-day history → current well-being,-0.08315672095315049,0.3358071747702324,136,True,0.7036623371741385,False,False
p01,Sleep_Restlessness,sleep_quality,Previous 7 days,7-day history → current well-being,-0.016583824248670286,0.8480343831708643,136,True,0.9692448887571409,False,False
p01,Sleep_Restlessness,stress,Previous 7 days,7-day history → current well-being,0.18707624392670494,0.029196806786869048,136,True,0.2251051515628835,True,False
p01,Sleep_Composition,fatigue,Previous 7 days,7-day history → current well-being,-0.0684179201562672,0.42868347644428945,136,True,0.747789829376049,False,False
p01,Sleep_Composition,mood,Previous 7 days,7-day history → current well-being,-0.20334509772627082,0.01757916277450682,136,True,0.16749956983256498,True,False
p01,Sleep_Composition,readiness,Previous 7 days,7-day history → current well-being,0.02506826756374064,0.7720527624230418,136,True,0.9379797958420278,False,False
p01,Sleep_Composition,sleep_quality,Previous 7 days,7-day history → current well-being,-0.17964383419612828,0.03637523442491082,136,True,0.25163689567917763,True,False
p01,Sleep_Composition,stress,Previous 7 days,7-day history → current well-being,-0.24083457459447818,0.004737503483797017,136,True,0.07717545997798367,True,False
p01,Sleep_Revitalization,fatigue,Previous 7 days,7-day history → current well-being,0.05025556359825041,0.5612180497127655,136,True,0.8385062577069424,False,False
p01,Sleep_Revitalization,mood,Previous 7 days,7-day history → current well-being,-0.006545555706839287,0.9397135744618115,136,True,0.9925140323527736,False,False
p01,Sleep_Revitalization,readiness,Previous 7 days,7-day history → current well-being,0.15665027686321098,0.06857051134306498,136,True,0.35935406348384774,False,False
p01,Sleep_Revitalization,sleep_quality,Previous 7 days,7-day history → current well-being,0.013257442415031429,0.8782510622005834,136,True,0.9746173176314558,False,False
p01,Sleep_Revitalization,stress,Previous 7 days,7-day history → current well-being,-0.01626623512798071,0.8509105474667857,136,True,0.9692448887571409,False,False
p01,Sleep_Score,fatigue,Previous 7 days,7-day history → current well-being,0.005184327571073066,0.9522341057963146,136,True,0.9937742115046837,False,False
p01,Sleep_Score,mood,Previous 7 days,7-day history → current well-being,-0.21949555019490427,0.010243512161076935,136,True,0.11740069262490374,True,False
p01,Sleep_Score,readiness,Previous 7 days,7-day history → current well-being,0.17639431759029883,0.039952192387508904,136,True,0.26825638696534415,True,False
p01,Sleep_Score,sleep_quality,Previous 7 days,7-day history → current well-being,-0.12162126930120566,0.15839632675402593,136,True,0.5144060772397626,False,False
p01,Sleep_Score,stress,Previous 7 days,7-day history → current well-being,-0.2116410231112554,0.013381876709016444,136,True,0.13250681839320202,True,False
p02,Steps,fatigue,Previous 7 days,7-day history → current well-being,-0.05489158996960168,0.5933318877578316,97,True,0.8534972561229454,False,False
p02,Steps,mood,Previous 7 days,7-day history → current well-being,0.0448153116258005,0.662926084907324,97,True,0.8891837261041131,False,False
p02,Steps,readiness,Previous 7 days,7-day history → current well-being,0.07322922709732244,0.47594946302236746,97,True,0.7828089185850565,False,False
p02,Steps,sleep_quality,Previous 7 days,7-day history → current well-being,0.32481660064677664,0.0011700052288539599,97,True,0.04376686226453702,True,True
p02,Steps,stress,Previous 7 days,7-day history → current well-being,0.12674125768853503,0.2160610181083336,97,True,0.5978674747655259,False,False
p02,Exercise_Count,fatigue,Previous 7 days,7-day history → current well-being,-0.2786862146971633,0.005457157792746364,98,True,0.08226461747274369,True,False
p02,Exercise_Count,mood,Previous 7 days,7-day history → current well-being,0.05109715875754124,0.6173056998970111,98,True,0.8659427179110851,False,False
p02,Exercise_Count,readiness,Previous 7 days,7-day history → current well-being,-0.1669437513848955,0.10038163923986353,98,True,0.41791008041014766,False,False
p02,Exercise_Count,sleep_quality,Previous 7 days,7-day history → current well-being,0.36055588212820605,0.00026532441296315927,98,True,0.017865177139519392,True,True
p02,Exercise_Count,stress,Previous 7 days,7-day history → current well-being,0.10886718751915996,0.2859367811645958,98,True,0.666965702023653,False,False
p02,Exercise_Duration,fatigue,Previous 7 days,7-day history → current well-being,-0.2250288789923619,0.025897534597041392,98,True,0.21980260456312442,True,False
p02,Exercise_Duration,mood,Previous 7 days,7-day history → current well-being,0.07841847299535847,0.44276892782180904,98,True,0.7528562577441534,False,False
p02,Exercise_Duration,readiness,Previous 7 days,7-day history → current well-being,-0.32467103831171024,0.0011075613362708846,98,True,0.04302449806283052,True,True
p02,Exercise_Duration,sleep_quality,Previous 7 days,7-day history → current well-being,0.35613388154903713,0.00031936163007615677,98,True,0.020159702898557397,True,True
p02,Exercise_Duration,stress,Previous 7 days,7-day history → current well-being,0.09177949105631374,0.36875276353813513,98,True,0.7307641902781732,False,False
p02,Exercise_Distance,fatigue,Previous 7 days,7-day history → current well-being,-0.22446882192347895,0.026279640534135753,98,True,0.2206758010278233,True,False
p02,Exercise_Distance,mood,Previous 7 days,7-day history → current well-being,-0.2013240204881272,0.046829608255176756,98,True,0.2993538249223324,True,False
p02,Exercise_Distance,readiness,Previous 7 days,7-day history → current well-being,-0.20496892822528084,0.042908037210035,98,True,0.2814098544294503,True,False
p02,Exercise_Distance,sleep_quality,Previous 7 days,7-day history → current well-being,0.19260539105894406,0.05742479625387206,98,True,0.324017006795591,False,False
p02,Exercise_Distance,stress,Previous 7 days,7-day history → current well-being,-0.13903721823247617,0.17213362370098362,98,True,0.5332974231226792,False,False
p02,Exercise_Calories,fatigue,Previous 7 days,7-day history → current well-being,-0.3035910732050342,0.002374414955634731,98,True,0.05306004868989114,True,False
p02,Exercise_Calories,mood,Previous 7 days,7-day history → current well-being,0.1050223612636783,0.30339595908517836,98,True,0.6740568101325118,False,False
p02,Exercise_Calories,readiness,Previous 7 days,7-day history → current well-being,-0.23267046058636742,0.021138347752709237,98,True,0.19233992099312008,True,False
p02,Exercise_Calories,sleep_quality,Previous 7 days,7-day history → current well-being,0.38600856943223827,8.653559043118613e-05,98,True,0.012485849476499713,True,True
p02,Exercise_Calories,stress,Previous 7 days,7-day history → current well-being,0.13648137748747224,0.18023196849566664,98,True,0.5417687148232836,False,False
p02,Exercise_Avg_HR,fatigue,Previous 7 days,7-day history → current well-being,-0.08470755138695714,0.4094047996625805,97,True,0.7384213907984712,False,False
p02,Exercise_Avg_HR,mood,Previous 7 days,7-day history → current well-being,0.11323847082242255,0.2694334351820354,97,True,0.6524960735141266,False,False
p02,Exercise_Avg_HR,readiness,Previous 7 days,7-day history → current well-being,0.25863415728581424,0.010530369291100098,97,True,0.11740069262490374,True,False
p02,Exercise_Avg_HR,sleep_quality,Previous 7 days,7-day history → current well-being,0.07921716280040304,0.4405305790260676,97,True,0.7516988806250882,False,False
p02,Exercise_Avg_HR,stress,Previous 7 days,7-day history → current well-being,0.17681051247580273,0.0831873390719331,97,True,0.39224837355424197,False,False
p02,Sleep_Hours,fatigue,Previous 7 days,7-day history → current well-being,0.16424408072440475,0.10792634142333808,97,True,0.4308521930338793,False,False
p02,Sleep_Hours,mood,Previous 7 days,7-day history → current well-being,-0.1485297665583884,0.1465150596872042,97,True,0.49042890081451007,False,False
p02,Sleep_Hours,readiness,Previous 7 days,7-day history → current well-being,-0.16072289415154745,0.11579784044532448,97,True,0.45123332968856883,False,False
p02,Sleep_Hours,sleep_quality,Previous 7 days,7-day history → current well-being,-0.21436355994221848,0.03499271540892683,97,True,0.25065703945401485,True,False
p02,Sleep_Hours,stress,Previous 7 days,7-day history → current well-being,-0.1570228311971049,0.12454024783277812,97,True,0.4641536911848926,False,False
p02,Sleep_Duration_Score,fatigue,Previous 7 days,7-day history → current well-being,0.16488666252044373,0.10840604945207555,96,True,0.4310634249865996,False,False
p02,Sleep_Duration_Score,mood,Previous 7 days,7-day history → current well-being,-0.07990603778932456,0.4389905927264208,96,True,0.7516988806250882,False,False
p02,Sleep_Duration_Score,readiness,Previous 7 days,7-day history → current well-being,-0.13533904589124768,0.18859934867163178,96,True,0.5571384574715927,False,False
p02,Sleep_Duration_Score,sleep_quality,Previous 7 days,7-day history → current well-being,-0.16257531763052938,0.11351536795514862,96,True,0.4443818668011632,False,False
p02,Sleep_Duration_Score,stress,Previous 7 days,7-day history → current well-being,-0.11049563991934655,0.28383882482916106,96,True,0.6651443458873612,False,False
p02,Deep_Sleep_Minutes,fatigue,Previous 7 days,7-day history → current well-being,0.012249782933493051,0.905206584309799,97,True,0.9882193366747707,False,False
p02,Deep_Sleep_Minutes,mood,Previous 7 days,7-day history → current well-being,0.027612848748015433,0.7883293434046107,97,True,0.9444989760838159,False,False
p02,Deep_Sleep_Minutes,readiness,Previous 7 days,7-day history → current well-being,-0.328052496073787,0.0010368373405735586,97,True,0.04302449806283052,True,True
p02,Deep_Sleep_Minutes,sleep_quality,Previous 7 days,7-day history → current well-being,-0.08134683104134853,0.4283016694696726,97,True,0.747789829376049,False,False
p02,Deep_Sleep_Minutes,stress,Previous 7 days,7-day history → current well-being,0.018283262855261266,0.8589195192707737,97,True,0.9704238296534385,False,False
p02,Sleep_Restlessness,fatigue,Previous 7 days,7-day history → current well-being,0.009488013910714285,0.9268986961076322,96,True,0.9910519371129481,False,False
p02,Sleep_Restlessness,mood,Previous 7 days,7-day history → current well-being,0.12640706554318015,0.21973362147431413,96,True,0.599205168394815,False,False
p02,Sleep_Restlessness,readiness,Previous 7 days,7-day history → current well-being,0.05071679429375516,0.6236190896828406,96,True,0.8711691294324607,False,False
p02,Sleep_Restlessness,sleep_quality,Previous 7 days,7-day history → current well-being,-0.011041265265331522,0.9149730550899243,96,True,0.9882193366747707,False,False
p02,Sleep_Restlessness,stress,Previous 7 days,7-day history → current well-being,0.1283559377388253,0.2126489428744968,96,True,0.5949457958538553,False,False
p02,Sleep_Composition,fatigue,Previous 7 days,7-day history → current well-being,0.01086827814867649,0.9163003428592582,96,True,0.9882193366747707,False,False
p02,Sleep_Composition,mood,Previous 7 days,7-day history → current well-being,-0.14663982944487777,0.1539637850835829,96,True,0.5033949255760443,False,False
p02,Sleep_Composition,readiness,Previous 7 days,7-day history → current well-being,-0.0035431296705068886,0.9726691948049709,96,True,0.9937742115046837,False,False
p02,Sleep_Composition,sleep_quality,Previous 7 days,7-day history → current well-being,-0.12376344930781913,0.2296079193091074,96,True,0.6102736802689434,False,False
p02,Sleep_Composition,stress,Previous 7 days,7-day history → current well-being,-0.00860208635399113,0.9337081360920009,96,True,0.9910519371129481,False,False
p02,Sleep_Revitalization,fatigue,Previous 7 days,7-day history → current well-being,-0.07019693042836038,0.4967476111707454,96,True,0.7960152633224651,False,False
p02,Sleep_Revitalization,mood,Previous 7 days,7-day history → current well-being,0.06461640209545064,0.5316628975310923,96,True,0.8207341203718918,False,False
p02,Sleep_Revitalization,readiness,Previous 7 days,7-day history → current well-being,0.15512279210916763,0.13126607686221156,96,True,0.4647737450763034,False,False
p02,Sleep_Revitalization,sleep_quality,Previous 7 days,7-day history → current well-being,0.05535837484397183,0.5921624524771559,96,True,0.8534972561229454,False,False
p02,Sleep_Revitalization,stress,Previous 7 days,7-day history → current well-being,0.08863884284548523,0.3904535221142341,96,True,0.7347829168755551,False,False
p02,Sleep_Score,fatigue,Previous 7 days,7-day history → current well-being,0.08999013927691166,0.3832408318857365,96,True,0.7347829168755551,False,False
p02,Sleep_Score,mood,Previous 7 days,7-day history → current well-being,-0.07849835673103674,0.447121484542943,96,True,0.7544350921208938,False,False
p02,Sleep_Score,readiness,Previous 7 days,7-day history → current well-being,0.010800837844714438,0.9168178582002012,96,True,0.9882193366747707,False,False
p02,Sleep_Score,sleep_quality,Previous 7 days,7-day history → current well-being,-0.14899411808723087,0.147389141079385,96,True,0.49042890081451007,False,False
p02,Sleep_Score,stress,Previous 7 days,7-day history → current well-being,-0.02573754490475578,0.8034278780220472,96,True,0.9479863049660642,False,False
p03,Steps,fatigue,Previous 7 days,7-day history → current well-being,0.17196411112064017,0.14014435083725718,75,True,0.4781952511676681,False,False
p03,Steps,mood,Previous 7 days,7-day history → current well-being,0.01374471485159362,0.906829183496293,75,True,0.9882193366747707,False,False
p03,Steps,readiness,Previous 7 days,7-day history → current well-being,0.3560452386285049,0.0017181139588835284,75,True,0.0468998675262801,True,True
p03,Steps,sleep_quality,Previous 7 days,7-day history → current well-being,0.24281402041266298,0.03581371279373086,75,True,0.25163689567917763,True,False
p03,Steps,stress,Previous 7 days,7-day history → current well-being,0.08173634760889226,0.48571757657842307,75,True,0.7899754466090295,False,False
p03,Exercise_Count,fatigue,Previous 7 days,7-day history → current well-being,0.04540434164577456,0.6873195037259971,81,True,0.9062567868972025,False,False
p03,Exercise_Count,mood,Previous 7 days,7-day history → current well-being,-0.06994302524190757,0.5349524860523955,81,True,0.821127676159452,False,False
p03,Exercise_Count,readiness,Previous 7 days,7-day history → current well-being,0.16816506012911428,0.1334406530870513,81,True,0.4665442893118069,False,False
p03,Exercise_Count,sleep_quality,Previous 7 days,7-day history → current well-being,0.09790961348514804,0.38452872770510804,81,True,0.7347829168755551,False,False
p03,Exercise_Count,stress,Previous 7 days,7-day history → current well-being,-0.026663217401641542,0.8132145116020373,81,True,0.9528383488608557,False,False
p03,Exercise_Duration,fatigue,Previous 7 days,7-day history → current well-being,0.03927255590715656,0.7277698284780347,81,True,0.929263624226062,False,False
p03,Exercise_Duration,mood,Previous 7 days,7-day history → current well-being,-0.11647248934504563,0.30044064428542877,81,True,0.6740568101325118,False,False
p03,Exercise_Duration,readiness,Previous 7 days,7-day history → current well-being,0.1698613031168857,0.1295115471319328,81,True,0.4646235742651079,False,False
p03,Exercise_Duration,sleep_quality,Previous 7 days,7-day history → current well-being,0.09757852376640969,0.3861461092268801,81,True,0.7347829168755551,False,False
p03,Exercise_Duration,stress,Previous 7 days,7-day history → current well-being,-0.007968183992455148,0.9437160086555483,81,True,0.9925140323527736,False,False
p03,Exercise_Distance,fatigue,Previous 7 days,7-day history → current well-being,0.06559534384346363,0.5606950593481417,81,True,0.8385062577069424,False,False
p03,Exercise_Distance,mood,Previous 7 days,7-day history → current well-being,0.09372144908462343,0.4052866327967404,81,True,0.7384213907984712,False,False
p03,Exercise_Distance,readiness,Previous 7 days,7-day history → current well-being,-0.0034197126637975947,0.9758284925324353,81,True,0.9937742115046837,False,False
p03,Exercise_Distance,sleep_quality,Previous 7 days,7-day history → current well-being,0.0,0.9999999999999971,81,True,0.9999999999999971,False,False
p03,Exercise_Distance,stress,Previous 7 days,7-day history → current well-being,-0.3978332610192086,0.00023517233954923898,81,True,0.017865177139519392,True,True
p03,Exercise_Calories,fatigue,Previous 7 days,7-day history → current well-being,0.03492837768904721,0.7568926095967559,81,True,0.9379797958420278,False,False
p03,Exercise_Calories,mood,Previous 7 days,7-day history → current well-being,-0.11530072229298743,0.3053627388976691,81,True,0.6740568101325118,False,False
p03,Exercise_Calories,readiness,Previous 7 days,7-day history → current well-being,0.1695671130148544,0.13018660546240154,81,True,0.4646235742651079,False,False
p03,Exercise_Calories,sleep_quality,Previous 7 days,7-day history → current well-being,0.0859606893216733,0.44544223434891855,81,True,0.7544350921208938,False,False
p03,Exercise_Calories,stress,Previous 7 days,7-day history → current well-being,-0.048097140640638664,0.669821428773381,81,True,0.891330228012009,False,False
p03,Exercise_Avg_HR,fatigue,Previous 7 days,7-day history → current well-being,0.031237132297712234,0.7988799269573813,69,True,0.9479863049660642,False,False
p03,Exercise_Avg_HR,mood,Previous 7 days,7-day history → current well-being,0.034787325306911324,0.7765850738374108,69,True,0.9382188093011782,False,False
p03,Exercise_Avg_HR,readiness,Previous 7 days,7-day history → current well-being,-0.16192816011444297,0.18375059731423155,69,True,0.5490772286608694,False,False
p03,Exercise_Avg_HR,sleep_quality,Previous 7 days,7-day history → current well-being,-0.00564045003092693,0.9633122470406055,69,True,0.9937742115046837,False,False
p03,Exercise_Avg_HR,stress,Previous 7 days,7-day history → current well-being,-0.46760103088920735,5.0995372516819504e-05,69,True,0.009381430328331143,True,True
p03,Sleep_Hours,fatigue,Previous 7 days,7-day history → current well-being,0.07454417553719221,0.5366862276840128,71,True,0.8224032151579016,False,False
p03,Sleep_Hours,mood,Previous 7 days,7-day history → current well-being,-0.03003891134658902,0.8036116312294567,71,True,0.9479863049660642,False,False
p03,Sleep_Hours,readiness,Previous 7 days,7-day history → current well-being,-0.07548938889012065,0.5315195061627697,71,True,0.8207341203718918,False,False
p03,Sleep_Hours,sleep_quality,Previous 7 days,7-day history → current well-being,-0.17714649508999053,0.13943879309371188,71,True,0.477400613642878,False,False
p03,Sleep_Hours,stress,Previous 7 days,7-day history → current well-being,0.16640916180144893,0.16544424489994064,71,True,0.5304720233299685,False,False
p03,Sleep_Duration_Score,fatigue,Previous 7 days,7-day history → current well-being,-0.03550507001583126,0.775458544087221,67,True,0.9379797958420278,False,False
p03,Sleep_Duration_Score,mood,Previous 7 days,7-day history → current well-being,-0.11074921066834469,0.3722801425562004,67,True,0.7307641902781732,False,False
p03,Sleep_Duration_Score,readiness,Previous 7 days,7-day history → current well-being,-0.15803795501871798,0.20149759694796412,67,True,0.5781607185154652,False,False
p03,Sleep_Duration_Score,sleep_quality,Previous 7 days,7-day history → current well-being,0.02370593277402036,0.8489827830134603,67,True,0.9692448887571409,False,False
p03,Sleep_Duration_Score,stress,Previous 7 days,7-day history → current well-being,-0.030336911541675567,0.8074621703880677,67,True,0.9494025519114649,False,False
p03,Deep_Sleep_Minutes,fatigue,Previous 7 days,7-day history → current well-being,0.06752845317569409,0.5757902642042121,71,True,0.8483838711108788,False,False
p03,Deep_Sleep_Minutes,mood,Previous 7 days,7-day history → current well-being,0.029548435980089653,0.8067556695600928,71,True,0.9494025519114649,False,False
p03,Deep_Sleep_Minutes,readiness,Previous 7 days,7-day history → current well-being,-0.0015025664550056966,0.990077665330948,71,True,0.9952596724412626,False,False
p03,Deep_Sleep_Minutes,sleep_quality,Previous 7 days,7-day history → current well-being,-0.12384739981880481,0.303478903541992,71,True,0.6740568101325118,False,False
p03,Deep_Sleep_Minutes,stress,Previous 7 days,7-day history → current well-being,0.16263026398218394,0.1753972196479703,71,True,0.5368217934680303,False,False
p03,Sleep_Restlessness,fatigue,Previous 7 days,7-day history → current well-being,-0.1184282441048091,0.33983120328147515,67,True,0.7070181449874434,False,False
p03,Sleep_Restlessness,mood,Previous 7 days,7-day history → current well-being,0.04850731415643278,0.6966792498707491,67,True,0.9126407812833419,False,False
p03,Sleep_Restlessness,readiness,Previous 7 days,7-day history → current well-being,-0.05855168525750969,0.6378899565705012,67,True,0.8765562668519813,False,False
p03,Sleep_Restlessness,sleep_quality,Previous 7 days,7-day history → current well-being,-0.02349208840512913,0.8503292737205536,67,True,0.9692448887571409,False,False
p03,Sleep_Restlessness,stress,Previous 7 days,7-day history → current well-being,0.056209910909490686,0.6514153244485412,67,True,0.8831268156953378,False,False
p03,Sleep_Composition,fatigue,Previous 7 days,7-day history → current well-being,-0.020904376903241723,0.8666557369776253,67,True,0.9704238296534385,False,False
p03,Sleep_Composition,mood,Previous 7 days,7-day history → current well-being,0.0420029930923741,0.7357489254022401,67,True,0.9336693999816424,False,False
p03,Sleep_Composition,readiness,Previous 7 days,7-day history → current well-being,-0.12291633469775841,0.3217131458090706,67,True,0.6855069140657413,False,False
p03,Sleep_Composition,sleep_quality,Previous 7 days,7-day history → current well-being,0.13905500613327026,0.2617532384019668,67,True,0.6448067580146011,False,False
p03,Sleep_Composition,stress,Previous 7 days,7-day history → current well-being,-0.00897747216305065,0.9425204837674489,67,True,0.9925140323527736,False,False
p03,Sleep_Revitalization,fatigue,Previous 7 days,7-day history → current well-being,0.14192433951290517,0.25194034660363823,67,True,0.6300655278630797,False,False
p03,Sleep_Revitalization,mood,Previous 7 days,7-day history → current well-being,-0.028954903349579213,0.8160762006258442,67,True,0.9528751013087892,False,False
p03,Sleep_Revitalization,readiness,Previous 7 days,7-day history → current well-being,0.07479445353544062,0.5474795907159277,67,True,0.8294798239747866,False,False
p03,Sleep_Revitalization,sleep_quality,Previous 7 days,7-day history → current well-being,0.15726537814750052,0.20373818302823055,67,True,0.5788174190446047,False,False
p03,Sleep_Revitalization,stress,Previous 7 days,7-day history → current well-being,0.0475676103931872,0.7022782630122169,67,True,0.9164096196929444,False,False
p03,Sleep_Score,fatigue,Previous 7 days,7-day history → current well-being,0.019482274725610364,0.8756522755264797,67,True,0.9746173176314558,False,False
p03,Sleep_Score,mood,Previous 7 days,7-day history → current well-being,-0.07818307326532166,0.5294299354522143,67,True,0.8207341203718918,False,False
p03,Sleep_Score,readiness,Previous 7 days,7-day history → current well-being,-0.10726876666232885,0.3875847297631691,67,True,0.7347829168755551,False,False
p03,Sleep_Score,sleep_quality,Previous 7 days,7-day history → current well-being,0.09610691352729216,0.4391330452238591,67,True,0.7516988806250882,False,False
p03,Sleep_Score,stress,Previous 7 days,7-day history → current well-being,-0.0065698003581439075,0.9579194096457675,67,True,0.9937742115046837,False,False
p04,Steps,fatigue,Previous 7 days,7-day history → current well-being,-0.0480272011338025,0.5744953832731287,139,True,0.8483045864120758,False,False
p04,Steps,mood,Previous 7 days,7-day history → current well-being,0.13868185554538376,0.1034935697178719,139,True,0.4197948982512376,False,False
p04,Steps,readiness,Previous 7 days,7-day history → current well-being,-0.06894739812156561,0.419955930157566,139,True,0.7435932412931316,False,False
p04,Steps,sleep_quality,Previous 7 days,7-day history → current well-being,0.0008841890044599483,0.9917577588962947,139,True,0.9957011297070155,False,False
p04,Steps,stress,Previous 7 days,7-day history → current well-being,0.12879135904791134,0.1307843211183456,139,True,0.4647737450763034,False,False
p04,Exercise_Count,fatigue,Previous 7 days,7-day history → current well-being,-0.16250513536105798,0.051652155038844176,144,True,0.3096919257124989,False,False
p04,Exercise_Count,mood,Previous 7 days,7-day history → current well-being,-0.003614033783634951,0.9657090510230147,144,True,0.9937742115046837,False,False
p04,Exercise_Count,readiness,Previous 7 days,7-day history → current well-being,-0.20744123615132581,0.012602840592443123,144,True,0.12823880387142747,True,False
p04,Exercise_Count,sleep_quality,Previous 7 days,7-day history → current well-being,0.03901124708377673,0.6424817101761631,144,True,0.8792771372329603,False,False
p04,Exercise_Count,stress,Previous 7 days,7-day history → current well-being,0.07801974351151693,0.3526326097145586,144,True,0.719333524273382,False,False
p04,Exercise_Duration,fatigue,Previous 7 days,7-day history → current well-being,-0.1572982808724731,0.05971837466283518,144,True,0.3332351293340527,False,False
p04,Exercise_Duration,mood,Previous 7 days,7-day history → current well-being,-0.10604620310012539,0.2058591596407046,144,True,0.5824026645297244,False,False
p04,Exercise_Duration,readiness,Previous 7 days,7-day history → current well-being,-0.22404994794381006,0.0069427984101723345,144,True,0.09475981613883863,True,False
p04,Exercise_Duration,sleep_quality,Previous 7 days,7-day history → current well-being,0.040973369939169564,0.6258331368877728,144,True,0.8720271341922531,False,False
p04,Exercise_Duration,stress,Previous 7 days,7-day history → current well-being,-0.004919973913620271,0.9533300649073605,144,True,0.9937742115046837,False,False
p04,Exercise_Distance,fatigue,Previous 7 days,7-day history → current well-being,-0.1602136243226549,0.055083426889851225,144,True,0.3197371330962629,False,False
p04,Exercise_Distance,mood,Previous 7 days,7-day history → current well-being,-0.04020112398508363,0.6323637376776328,144,True,0.8749142124033001,False,False
p04,Exercise_Distance,readiness,Previous 7 days,7-day history → current well-being,-0.21244318116474578,0.010577686167194298,144,True,0.11740069262490374,True,False
p04,Exercise_Distance,sleep_quality,Previous 7 days,7-day history → current well-being,0.007229921011620177,0.9314632128497062,144,True,0.9910519371129481,False,False
p04,Exercise_Distance,stress,Previous 7 days,7-day history → current well-being,0.06815740168704194,0.416960894395191,144,True,0.741426942498491,False,False
p04,Exercise_Calories,fatigue,Previous 7 days,7-day history → current well-being,-0.16983080804119888,0.04184929694916842,144,True,0.2762600648278438,True,False
p04,Exercise_Calories,mood,Previous 7 days,7-day history → current well-being,-0.0818016745030769,0.32970932862373964,144,True,0.6971661180725064,False,False
p04,Exercise_Calories,readiness,Previous 7 days,7-day history → current well-being,-0.22463117293166684,0.006794272591207346,144,True,0.09451506740581181,True,False
p04,Exercise_Calories,sleep_quality,Previous 7 days,7-day history → current well-being,0.00857523409244243,0.9187504526114948,144,True,0.9882193366747707,False,False
p04,Exercise_Calories,stress,Previous 7 days,7-day history → current well-being,0.009665805965081056,0.9084598216403665,144,True,0.9882193366747707,False,False
p04,Exercise_Avg_HR,fatigue,Previous 7 days,7-day history → current well-being,0.046800149940841064,0.5843217338181899,139,True,0.8528395247924446,False,False
p04,Exercise_Avg_HR,mood,Previous 7 days,7-day history → current well-being,0.13963176524036916,0.10112790035780662,139,True,0.41791008041014766,False,False
p04,Exercise_Avg_HR,readiness,Previous 7 days,7-day history → current well-being,0.09020463268429504,0.29094632133730197,139,True,0.6740568101325118,False,False
p04,Exercise_Avg_HR,sleep_quality,Previous 7 days,7-day history → current well-being,-0.07932876338464619,0.353256859445146,139,True,0.719333524273382,False,False
p04,Exercise_Avg_HR,stress,Previous 7 days,7-day history → current well-being,0.055320743587116014,0.5177433797080426,139,True,0.8139044932268543,False,False
p04,Sleep_Hours,fatigue,Previous 7 days,7-day history → current well-being,-0.15849363357764645,0.06335428039344075,138,True,0.34393318538707973,False,False
p04,Sleep_Hours,mood,Previous 7 days,7-day history → current well-being,-0.07281294723864733,0.3960452092632704,138,True,0.7366586765302082,False,False
p04,Sleep_Hours,readiness,Previous 7 days,7-day history → current well-being,-0.1867696868550674,0.02827652147692268,138,True,0.2251051515628835,True,False
p04,Sleep_Hours,sleep_quality,Previous 7 days,7-day history → current well-being,-0.05273292648897992,0.5390405232025058,138,True,0.8224032151579016,False,False
p04,Sleep_Hours,stress,Previous 7 days,7-day history → current well-being,-0.05024282400457446,0.5583993072284535,138,True,0.8380138191690015,False,False
p04,Sleep_Duration_Score,fatigue,Previous 7 days,7-day history → current well-being,-0.07625605334877947,0.37402841772124484,138,True,0.7307641902781732,False,False
p04,Sleep_Duration_Score,mood,Previous 7 days,7-day history → current well-being,-0.09484748099497438,0.26848092788074407,138,True,0.6524960735141266,False,False
p04,Sleep_Duration_Score,readiness,Previous 7 days,7-day history → current well-being,-0.1390630019977314,0.1038061343534328,138,True,0.4197948982512376,False,False
p04,Sleep_Duration_Score,sleep_quality,Previous 7 days,7-day history → current well-being,0.06617721114879689,0.4405997399307447,138,True,0.7516988806250882,False,False
p04,Sleep_Duration_Score,stress,Previous 7 days,7-day history → current well-being,-0.027486365450869,0.7489568419768293,138,True,0.9379797958420278,False,False
p04,Deep_Sleep_Minutes,fatigue,Previous 7 days,7-day history → current well-being,-0.009183366249649928,0.9148674367278775,138,True,0.9882193366747707,False,False
p04,Deep_Sleep_Minutes,mood,Previous 7 days,7-day history → current well-being,-0.011286787262979677,0.8954684757221048,138,True,0.9838603187912556,False,False
p04,Deep_Sleep_Minutes,readiness,Previous 7 days,7-day history → current well-being,-0.10079778274693642,0.23946147250482328,138,True,0.6202938008424393,False,False
p04,Deep_Sleep_Minutes,sleep_quality,Previous 7 days,7-day history → current well-being,-0.030650478070927478,0.7211888585061799,138,True,0.9259553220470421,False,False
p04,Deep_Sleep_Minutes,stress,Previous 7 days,7-day history → current well-being,0.0042077899117146855,0.9609344869948058,138,True,0.9937742115046837,False,False
p04,Sleep_Restlessness,fatigue,Previous 7 days,7-day history → current well-being,-0.10078542324486542,0.23951938844411025,138,True,0.6202938008424393,False,False
p04,Sleep_Restlessness,mood,Previous 7 days,7-day history → current well-being,-0.14004069828945045,0.10137472379283122,138,True,0.41791008041014766,False,False
p04,Sleep_Restlessness,readiness,Previous 7 days,7-day history → current well-being,-0.007569907380868893,0.9297823601956737,138,True,0.9910519371129481,False,False
p04,Sleep_Restlessness,sleep_quality,Previous 7 days,7-day history → current well-being,-0.06450834491495475,0.4522363324998211,138,True,0.7574771075038463,False,False
p04,Sleep_Restlessness,stress,Previous 7 days,7-day history → current well-being,-0.14796827937412635,0.08327889295010595,138,True,0.39224837355424197,False,False
p04,Sleep_Composition,fatigue,Previous 7 days,7-day history → current well-being,0.028199266764540896,0.742670854160983,138,True,0.9360470396032395,False,False
p04,Sleep_Composition,mood,Previous 7 days,7-day history → current well-being,0.07397218792925135,0.3885475412720484,138,True,0.7347829168755551,False,False
p04,Sleep_Composition,readiness,Previous 7 days,7-day history → current well-being,0.012099567520591735,0.8879884353121064,138,True,0.9801839559182813,False,False
p04,Sleep_Composition,sleep_quality,Previous 7 days,7-day history → current well-being,0.11152894491734654,0.19280761930719742,138,True,0.564364274289191,False,False
p04,Sleep_Composition,stress,Previous 7 days,7-day history → current well-being,-0.011308994448710877,0.8952639771067854,138,True,0.9838603187912556,False,False
p04,Sleep_Revitalization,fatigue,Previous 7 days,7-day history → current well-being,-0.001953931442249063,0.9818538924767111,138,True,0.9937742115046837,False,False
p04,Sleep_Revitalization,mood,Previous 7 days,7-day history → current well-being,0.13232009063552091,0.1218436883643558,138,True,0.46208345958306046,False,False
p04,Sleep_Revitalization,readiness,Previous 7 days,7-day history → current well-being,0.051266385400148176,0.5504015158405645,138,True,0.8294798239747866,False,False
p04,Sleep_Revitalization,sleep_quality,Previous 7 days,7-day history → current well-being,-0.017746934714371193,0.8363228615789016,138,True,0.9642535276195098,False,False
p04,Sleep_Revitalization,stress,Previous 7 days,7-day history → current well-being,0.02142721161083415,0.8030113065489617,138,True,0.9479863049660642,False,False
p04,Sleep_Score,fatigue,Previous 7 days,7-day history → current well-being,-0.045087891338805475,0.5995052067904791,138,True,0.854020111224801,False,False
p04,Sleep_Score,mood,Previous 7 days,7-day history → current well-being,-0.0002161674399236242,0.9979922898553715,138,True,0.9989813803309466,False,False
p04,Sleep_Score,readiness,Previous 7 days,7-day history → current well-being,-0.07782717137053034,0.36423583652399566,138,True,0.7268045220237974,False,False
p04,Sleep_Score,sleep_quality,Previous 7 days,7-day history → current well-being,0.07814466273130881,0.3622763781073669,138,True,0.7268045220237974,False,False
p04,Sleep_Score,stress,Previous 7 days,7-day history → current well-being,-0.016338815149384938,0.8491489182059486,138,True,0.9692448887571409,False,False
p05,Steps,fatigue,Previous 7 days,7-day history → current well-being,-0.1489553839160891,0.08349841615263566,136,True,0.39224837355424197,False,False
p05,Steps,mood,Previous 7 days,7-day history → current well-being,-0.05708102798126449,0.509210461471381,136,True,0.8061168747430953,False,False
p05,Steps,readiness,Previous 7 days,7-day history → current well-being,-0.07097847003273143,0.41156646031885097,136,True,0.7384213907984712,False,False
p05,Steps,sleep_quality,Previous 7 days,7-day history → current well-being,-0.13210296502531893,0.12525635458143997,136,True,0.4646235742651079,False,False
p05,Steps,stress,Previous 7 days,7-day history → current well-being,-0.12022576469045786,0.16326255304957155,136,True,0.5251438808282397,False,False
p05,Exercise_Count,fatigue,Previous 7 days,7-day history → current well-being,0.013165878076883655,0.8790855211507488,136,True,0.9746173176314558,False,False
p05,Exercise_Count,mood,Previous 7 days,7-day history → current well-being,-0.0729512885304176,0.39865622157839686,136,True,0.7384213907984712,False,False
p05,Exercise_Count,readiness,Previous 7 days,7-day history → current well-being,0.023060048119377476,0.7898716725065794,136,True,0.9451440538934149,False,False
p05,Exercise_Count,sleep_quality,Previous 7 days,7-day history → current well-being,-0.01391742850893166,0.8722403809144302,136,True,0.974359597230247,False,False
p05,Exercise_Count,stress,Previous 7 days,7-day history → current well-being,-0.0468957849650914,0.5877189185096069,136,True,0.8534972561229454,False,False
p05,Exercise_Duration,fatigue,Previous 7 days,7-day history → current well-being,0.05970380828730585,0.48991145319246177,136,True,0.7916969083590182,False,False
p05,Exercise_Duration,mood,Previous 7 days,7-day history → current well-being,-0.018341613043873644,0.8321525850749363,136,True,0.9627423951038782,False,False
p05,Exercise_Duration,readiness,Previous 7 days,7-day history → current well-being,0.1421225834316839,0.09883850191982438,136,True,0.41791008041014766,False,False
p05,Exercise_Duration,sleep_quality,Previous 7 days,7-day history → current well-being,0.06796650376125289,0.4317430324400296,136,True,0.7492054375945603,False,False
p05,Exercise_Duration,stress,Previous 7 days,7-day history → current well-being,-0.03248974770452486,0.7072929642204551,136,True,0.9199951621165341,False,False
p05,Exercise_Distance,fatigue,Previous 7 days,7-day history → current well-being,0.037014331038541466,0.6687822410413101,136,True,0.8911214557410596,False,False
p05,Exercise_Distance,mood,Previous 7 days,7-day history → current well-being,-0.19299092471744975,0.02438087763192637,136,True,0.21046740519868062,True,False
p05,Exercise_Distance,readiness,Previous 7 days,7-day history → current well-being,-0.03243559289174069,0.7077586544203436,136,True,0.9199951621165341,False,False
p05,Exercise_Distance,sleep_quality,Previous 7 days,7-day history → current well-being,-0.024803534985409305,0.7743951621495205,136,True,0.9379797958420278,False,False
p05,Exercise_Distance,stress,Previous 7 days,7-day history → current well-being,-0.10334576190428446,0.23119246949076674,136,True,0.6128724256841848,False,False
p05,Exercise_Calories,fatigue,Previous 7 days,7-day history → current well-being,0.05473024920616035,0.5268367137903216,136,True,0.8207341203718918,False,False
p05,Exercise_Calories,mood,Previous 7 days,7-day history → current well-being,-0.0420158810289757,0.6271961751923933,136,True,0.8720271341922531,False,False
p05,Exercise_Calories,readiness,Previous 7 days,7-day history → current well-being,0.1411721196228667,0.10113820258666913,136,True,0.41791008041014766,False,False
p05,Exercise_Calories,sleep_quality,Previous 7 days,7-day history → current well-being,0.05957869546269955,0.490823136818983,136,True,0.7919031440689661,False,False
p05,Exercise_Calories,stress,Previous 7 days,7-day history → current well-being,-0.05252403617631361,0.5436545952398147,136,True,0.8269444897473085,False,False
p05,Exercise_Avg_HR,fatigue,Previous 7 days,7-day history → current well-being,-0.10174305506154074,0.24938801304122493,130,True,0.628134396936751,False,False
p05,Exercise_Avg_HR,mood,Previous 7 days,7-day history → current well-being,-0.2779645269529231,0.0013646763256676313,130,True,0.04446203512659057,True,True
p05,Exercise_Avg_HR,readiness,Previous 7 days,7-day history → current well-being,-0.11474931601206272,0.19359892262774508,130,True,0.564364274289191,False,False
p05,Exercise_Avg_HR,sleep_quality,Previous 7 days,7-day history → current well-being,-0.1709485821693119,0.05181973806476466,130,True,0.3096919257124989,False,False
p05,Exercise_Avg_HR,stress,Previous 7 days,7-day history → current well-being,-0.26118812127719787,0.002686332524951513,130,True,0.056524913545854746,True,False
p05,Sleep_Hours,fatigue,Previous 7 days,7-day history → current well-being,-0.002940840359340133,0.9734059046030472,131,True,0.9937742115046837,False,False
p05,Sleep_Hours,mood,Previous 7 days,7-day history → current well-being,-0.07371995178575647,0.40269594109715295,131,True,0.7384213907984712,False,False
p05,Sleep_Hours,readiness,Previous 7 days,7-day history → current well-being,-0.025688436859548195,0.7708618349711842,131,True,0.9379797958420278,False,False
p05,Sleep_Hours,sleep_quality,Previous 7 days,7-day history → current well-being,-0.06816215424416287,0.43918233139680485,131,True,0.7516988806250882,False,False
p05,Sleep_Hours,stress,Previous 7 days,7-day history → current well-being,-0.04417244471802642,0.6163881095103777,131,True,0.8658581232343275,False,False
p05,Sleep_Duration_Score,fatigue,Previous 7 days,7-day history → current well-being,0.22374824348720693,0.01049697921155915,130,True,0.11740069262490374,True,False
p05,Sleep_Duration_Score,mood,Previous 7 days,7-day history → current well-being,0.2729990871247417,0.0016749875172193736,130,True,0.0468998675262801,True,True
p05,Sleep_Duration_Score,readiness,Previous 7 days,7-day history → current well-being,0.43601102137826164,2.1585959210047897e-07,130,True,0.00021801818802148374,True,True
p05,Sleep_Duration_Score,sleep_quality,Previous 7 days,7-day history → current well-being,0.22113188721417854,0.011460929455306966,130,True,0.12582107336804388,True,False
p05,Sleep_Duration_Score,stress,Previous 7 days,7-day history → current well-being,0.2180460644015601,0.01269691127439876,130,True,0.12823880387142747,True,False
p05,Deep_Sleep_Minutes,fatigue,Previous 7 days,7-day history → current well-being,-0.02216010551881889,0.8016332074590775,131,True,0.9479863049660642,False,False
p05,Deep_Sleep_Minutes,mood,Previous 7 days,7-day history → current well-being,0.0019069731374459584,0.9827533632510049,131,True,0.9937742115046837,False,False
p05,Deep_Sleep_Minutes,readiness,Previous 7 days,7-day history → current well-being,-0.09636409727571812,0.27355292902728473,131,True,0.6547119865344967,False,False
p05,Deep_Sleep_Minutes,sleep_quality,Previous 7 days,7-day history → current well-being,-0.10389300278323248,0.23763773041879652,131,True,0.6202938008424393,False,False
p05,Deep_Sleep_Minutes,stress,Previous 7 days,7-day history → current well-being,-0.005383663110081616,0.9513363396950978,131,True,0.9937742115046837,False,False
p05,Sleep_Restlessness,fatigue,Previous 7 days,7-day history → current well-being,-0.23979158604839151,0.005998766082883566,130,True,0.08655362491017717,True,False
p05,Sleep_Restlessness,mood,Previous 7 days,7-day history → current well-being,-0.2755506445394705,0.0015083124119550687,130,True,0.04545857573050431,True,True
p05,Sleep_Restlessness,readiness,Previous 7 days,7-day history → current well-being,-0.3926797417542018,3.818904963149599e-06,130,True,0.0019285470063905475,True,True
p05,Sleep_Restlessness,sleep_quality,Previous 7 days,7-day history → current well-being,-0.15715349746390525,0.07415879314226076,130,True,0.37272066663197223,False,False
p05,Sleep_Restlessness,stress,Previous 7 days,7-day history → current well-being,-0.25018990909414773,0.004093610343191104,130,True,0.07222611971952028,True,False
p05,Sleep_Composition,fatigue,Previous 7 days,7-day history → current well-being,-0.14576225525839193,0.09797639118143257,130,True,0.41791008041014766,False,False
p05,Sleep_Composition,mood,Previous 7 days,7-day history → current well-being,-0.09011925886541326,0.30788489697559446,130,True,0.6740568101325118,False,False
p05,Sleep_Composition,readiness,Previous 7 days,7-day history → current well-being,-0.277170747843297,0.001410471530800113,130,True,0.04451800769087857,True,True
p05,Sleep_Composition,sleep_quality,Previous 7 days,7-day history → current well-being,-0.16229659391499193,0.06506013889289786,130,True,0.34952521426503635,False,False
p05,Sleep_Composition,stress,Previous 7 days,7-day history → current well-being,-0.10836437110240012,0.21973679731118603,130,True,0.599205168394815,False,False
p05,Sleep_Revitalization,fatigue,Previous 7 days,7-day history → current well-being,0.07567299077708078,0.3921640008161388,130,True,0.7347829168755551,False,False
p05,Sleep_Revitalization,mood,Previous 7 days,7-day history → current well-being,-0.018982109623217495,0.8302676238190467,130,True,0.9616631881390335,False,False
p05,Sleep_Revitalization,readiness,Previous 7 days,7-day history → current well-being,0.05628089373529688,0.5247714367992267,130,True,0.8207341203718918,False,False
p05,Sleep_Revitalization,sleep_quality,Previous 7 days,7-day history → current well-being,0.007171687721456585,0.9354569758618936,130,True,0.9910519371129481,False,False
p05,Sleep_Revitalization,stress,Previous 7 days,7-day history → current well-being,-0.0540440181974427,0.5414036205660134,130,True,0.8247626798969435,False,False
p05,Sleep_Score,fatigue,Previous 7 days,7-day history → current well-being,0.15750690291048686,0.07350234899804949,130,True,0.37272066663197223,False,False
p05,Sleep_Score,mood,Previous 7 days,7-day history → current well-being,0.16785198250546873,0.05627635353321074,130,True,0.32294952879853894,False,False
p05,Sleep_Score,readiness,Previous 7 days,7-day history → current well-being,0.2689069559663546,0.001977515580990647,130,True,0.04889439209355558,True,True
p05,Sleep_Score,sleep_quality,Previous 7 days,7-day history → current well-being,0.12097223228908494,0.17037031175664613,130,True,0.5325614803359957,False,False
p05,Sleep_Score,stress,Previous 7 days,7-day history → current well-being,0.10690330923103383,0.22605428048110227,130,True,0.6064505268164979,False,False
p06,Steps,fatigue,Previous 7 days,7-day history → current well-being,0.09741151334102872,0.24212386240155714,146,True,0.6222521654594725,False,False
p06,Steps,mood,Previous 7 days,7-day history → current well-being,0.07657820723625854,0.35825541064752925,146,True,0.7265822585421778,False,False
p06,Steps,readiness,Previous 7 days,7-day history → current well-being,-0.029826441922596373,0.7208103325689358,146,True,0.9259553220470421,False,False
p06,Steps,sleep_quality,Previous 7 days,7-day history → current well-being,0.04775479460585152,0.5670576138608158,146,True,0.8442624906130899,False,False
p06,Steps,stress,Previous 7 days,7-day history → current well-being,0.04238863295107062,0.6114465253036865,146,True,0.8632321494812749,False,False
p06,Exercise_Count,fatigue,Previous 7 days,7-day history → current well-being,0.10190607696274703,0.2209745313945838,146,True,0.5999577330874453,False,False
p06,Exercise_Count,mood,Previous 7 days,7-day history → current well-being,-0.07138485029798132,0.39187313283720054,146,True,0.7347829168755551,False,False
p06,Exercise_Count,readiness,Previous 7 days,7-day history → current well-being,-0.016489798600006114,0.843398891590785,146,True,0.9692448887571409,False,False
p06,Exercise_Count,sleep_quality,Previous 7 days,7-day history → current well-being,-0.0006805800892426446,0.993495082262581,146,True,0.9964548491412183,False,False
p06,Exercise_Count,stress,Previous 7 days,7-day history → current well-being,0.2646630002242924,0.0012456659098615916,146,True,0.04446203512659057,True,True
p06,Exercise_Duration,fatigue,Previous 7 days,7-day history → current well-being,0.06981824200869861,0.40237441921720857,146,True,0.7384213907984712,False,False
p06,Exercise_Duration,mood,Previous 7 days,7-day history → current well-being,-0.10251610685450713,0.21820829807236575,146,True,0.599205168394815,False,False
p06,Exercise_Duration,readiness,Previous 7 days,7-day history → current well-being,-0.016037874236126435,0.8476380074488393,146,True,0.9692448887571409,False,False
p06,Exercise_Duration,sleep_quality,Previous 7 days,7-day history → current well-being,-0.006902545083194794,0.9340997465667045,146,True,0.9910519371129481,False,False
p06,Exercise_Duration,stress,Previous 7 days,7-day history → current well-being,0.3456265491953731,1.9306893245513046e-05,146,True,0.004874990544492044,True,True
p06,Exercise_Distance,fatigue,Previous 7 days,7-day history → current well-being,-0.0743847395996437,0.37222917103962455,146,True,0.7307641902781732,False,False
p06,Exercise_Distance,mood,Previous 7 days,7-day history → current well-being,-0.16505451951982122,0.046492391511494355,146,True,0.29909118106120575,True,False
p06,Exercise_Distance,readiness,Previous 7 days,7-day history → current well-being,0.0027301416490526564,0.9739098903373523,146,True,0.9937742115046837,False,False
p06,Exercise_Distance,sleep_quality,Previous 7 days,7-day history → current well-being,-0.04898040286181555,0.5571379728372353,146,True,0.8373651079845352,False,False
p06,Exercise_Distance,stress,Previous 7 days,7-day history → current well-being,0.3008053101656609,0.0002249410919614667,146,True,0.017865177139519392,True,True
p06,Exercise_Calories,fatigue,Previous 7 days,7-day history → current well-being,0.03412536699120945,0.6826033323918359,146,True,0.9012148571447768,False,False
p06,Exercise_Calories,mood,Previous 7 days,7-day history → current well-being,-0.14186942051476514,0.08761205604736848,146,True,0.40082865967612447,False,False
p06,Exercise_Calories,readiness,Previous 7 days,7-day history → current well-being,0.024224087022589016,0.7716422554318926,146,True,0.9379797958420278,False,False
p06,Exercise_Calories,sleep_quality,Previous 7 days,7-day history → current well-being,-0.014711051645934035,0.8601085795237434,146,True,0.9704238296534385,False,False
p06,Exercise_Calories,stress,Previous 7 days,7-day history → current well-being,0.3564899526397838,1.003364397968142e-05,146,True,0.003377993473159411,True,True
p06,Exercise_Avg_HR,fatigue,Previous 7 days,7-day history → current well-being,-0.0480119897921014,0.5649690391965052,146,True,0.8428637069253623,False,False
p06,Exercise_Avg_HR,mood,Previous 7 days,7-day history → current well-being,-0.00316663035864402,0.9697405071839776,146,True,0.9937742115046837,False,False
p06,Exercise_Avg_HR,readiness,Previous 7 days,7-day history → current well-being,0.10582296673840134,0.20364126575101202,146,True,0.5788174190446047,False,False
p06,Exercise_Avg_HR,sleep_quality,Previous 7 days,7-day history → current well-being,0.044149236623412726,0.5967152683781677,146,True,0.8534972561229454,False,False
p06,Exercise_Avg_HR,stress,Previous 7 days,7-day history → current well-being,-0.253911232924554,0.0019848218572631475,146,True,0.04889439209355558,True,True
p06,Sleep_Hours,fatigue,Previous 7 days,7-day history → current well-being,0.039384986885149506,0.6369387357702133,146,True,0.8764415846429366,False,False
p06,Sleep_Hours,mood,Previous 7 days,7-day history → current well-being,-0.17667576248504316,0.0329048428319708,146,True,0.24238784699333352,True,False
p06,Sleep_Hours,readiness,Previous 7 days,7-day history → current well-being,0.014161339178183553,0.8652855463659185,146,True,0.9704238296534385,False,False
p06,Sleep_Hours,sleep_quality,Previous 7 days,7-day history → current well-being,-0.024575173190841144,0.7684255004773092,146,True,0.9379797958420278,False,False
p06,Sleep_Hours,stress,Previous 7 days,7-day history → current well-being,0.2295127175614965,0.005325186197615025,146,True,0.08149148575138145,True,False
p06,Sleep_Duration_Score,fatigue,Previous 7 days,7-day history → current well-being,0.09495509307949578,0.2559216155614618,145,True,0.6366522948696464,False,False
p06,Sleep_Duration_Score,mood,Previous 7 days,7-day history → current well-being,-0.060198347718210324,0.47197899134965293,145,True,0.7828089185850565,False,False
p06,Sleep_Duration_Score,readiness,Previous 7 days,7-day history → current well-being,-0.12433541513818036,0.13621726904652307,145,True,0.47141205031734124,False,False
p06,Sleep_Duration_Score,sleep_quality,Previous 7 days,7-day history → current well-being,-0.09432508637162486,0.25910378446657917,145,True,0.6414088782138356,False,False
p06,Sleep_Duration_Score,stress,Previous 7 days,7-day history → current well-being,0.09197064137840812,0.2712355922218061,145,True,0.6538137187208214,False,False
p06,Deep_Sleep_Minutes,fatigue,Previous 7 days,7-day history → current well-being,0.07835498772514216,0.3471789801290856,146,True,0.7112591682157737,False,False
p06,Deep_Sleep_Minutes,mood,Previous 7 days,7-day history → current well-being,0.07091986533748207,0.39497271379663246,146,True,0.7366586765302082,False,False
p06,Deep_Sleep_Minutes,readiness,Previous 7 days,7-day history → current well-being,-0.1363418384621158,0.10081066245535567,146,True,0.41791008041014766,False,False
p06,Deep_Sleep_Minutes,sleep_quality,Previous 7 days,7-day history → current well-being,-0.045708549129547006,0.5838033853014267,146,True,0.8528395247924446,False,False
p06,Deep_Sleep_Minutes,stress,Previous 7 days,7-day history → current well-being,0.10209744829636798,0.2201040767074023,146,True,0.599205168394815,False,False
p06,Sleep_Restlessness,fatigue,Previous 7 days,7-day history → current well-being,-0.05218068130029706,0.5330708742217436,145,True,0.8207341203718918,False,False
p06,Sleep_Restlessness,mood,Previous 7 days,7-day history → current well-being,-0.14238843824288822,0.08755096533723371,145,True,0.40082865967612447,False,False
p06,Sleep_Restlessness,readiness,Previous 7 days,7-day history → current well-being,0.1006037003366669,0.2285891176149216,145,True,0.6097153321911359,False,False
p06,Sleep_Restlessness,sleep_quality,Previous 7 days,7-day history → current well-being,0.11258621398787921,0.1775700713637659,145,True,0.5383733592925657,False,False
p06,Sleep_Restlessness,stress,Previous 7 days,7-day history → current well-being,0.17705181080390162,0.03313908363546405,145,True,0.24238784699333352,True,False
p06,Sleep_Composition,fatigue,Previous 7 days,7-day history → current well-being,0.06364897391560843,0.4469120197158519,145,True,0.7544350921208938,False,False
p06,Sleep_Composition,mood,Previous 7 days,7-day history → current well-being,0.04638649465608555,0.5795574355141582,145,True,0.8495689548175612,False,False
p06,Sleep_Composition,readiness,Previous 7 days,7-day history → current well-being,-0.21519641747665183,0.009338444760170239,145,True,0.11228368104490406,True,False
p06,Sleep_Composition,sleep_quality,Previous 7 days,7-day history → current well-being,-0.02307868530918388,0.7829047833966157,145,True,0.9424717893093945,False,False
p06,Sleep_Composition,stress,Previous 7 days,7-day history → current well-being,0.017386592197294985,0.8355679045873406,145,True,0.9642535276195098,False,False
p06,Sleep_Revitalization,fatigue,Previous 7 days,7-day history → current well-being,-0.02008973181035121,0.8104520932983437,145,True,0.95070454614556,False,False
p06,Sleep_Revitalization,mood,Previous 7 days,7-day history → current well-being,-0.03967214366737861,0.635665506216512,145,True,0.8758828939681816,False,False
p06,Sleep_Revitalization,readiness,Previous 7 days,7-day history → current well-being,-0.13363183010615873,0.10906528889756172,145,True,0.4319840854374013,False,False
p06,Sleep_Revitalization,sleep_quality,Previous 7 days,7-day history → current well-being,-0.11232885802496367,0.17856938154753416,145,True,0.5383733592925657,False,False
p06,Sleep_Revitalization,stress,Previous 7 days,7-day history → current well-being,-0.12505133672972285,0.1339582612875485,145,True,0.4665442893118069,False,False
p06,Sleep_Score,fatigue,Previous 7 days,7-day history → current well-being,0.08128002598884673,0.331110644578865,145,True,0.6981664948322623,False,False
p06,Sleep_Score,mood,Previous 7 days,7-day history → current well-being,-0.04421537728123516,0.5974480792860617,145,True,0.8534972561229454,False,False
p06,Sleep_Score,readiness,Previous 7 days,7-day history → current well-being,-0.23371646568716706,0.0046656705265524945,145,True,0.07717545997798367,True,False
p06,Sleep_Score,sleep_quality,Previous 7 days,7-day history → current well-being,-0.12973131905715957,0.11989103090085908,145,True,0.4569431743768591,False,False
p06,Sleep_Score,stress,Previous 7 days,7-day history → current well-being,0.010831486705902947,0.8971176657341436,145,True,0.9838603187912556,False,False
p07,Steps,fatigue,Previous 7 days,7-day history → current well-being,-0.18628657772152732,0.032462325490793024,132,True,0.24238784699333352,True,False
p07,Steps,mood,Previous 7 days,7-day history → current well-being,-0.11999796414619143,0.17052573368679338,132,True,0.5325614803359957,False,False
p07,Steps,readiness,Previous 7 days,7-day history → current well-being,0.027892340645984736,0.7508851575051363,132,True,0.9379797958420278,False,False
p07,Steps,sleep_quality,Previous 7 days,7-day history → current well-being,-0.08545274374519701,0.32994594498877033,132,True,0.6971661180725064,False,False
p07,Steps,stress,Previous 7 days,7-day history → current well-being,-0.1170880414701884,0.18120688342383684,132,True,0.5430829443859798,False,False
p07,Exercise_Count,fatigue,Previous 7 days,7-day history → current well-being,0.018885173424585875,0.8298222055061585,132,True,0.9616631881390335,False,False
p07,Exercise_Count,mood,Previous 7 days,7-day history → current well-being,-0.07150775101469149,0.4151918254086483,132,True,0.741426942498491,False,False
p07,Exercise_Count,readiness,Previous 7 days,7-day history → current well-being,0.21740186259762231,0.012278919188030559,132,True,0.12823880387142747,True,False
p07,Exercise_Count,sleep_quality,Previous 7 days,7-day history → current well-being,-0.03800455470355813,0.665274519689433,132,True,0.8911214557410596,False,False
p07,Exercise_Count,stress,Previous 7 days,7-day history → current well-being,0.011715413940686703,0.8939369734258105,132,True,0.9838603187912556,False,False
p07,Exercise_Duration,fatigue,Previous 7 days,7-day history → current well-being,-0.04576875142578069,0.6022868490918912,132,True,0.856576465666986,False,False
p07,Exercise_Duration,mood,Previous 7 days,7-day history → current well-being,-0.11419958313775415,0.19228674792211092,132,True,0.564364274289191,False,False
p07,Exercise_Duration,readiness,Previous 7 days,7-day history → current well-being,0.12868494622616553,0.14141641993867868,132,True,0.48069172038068353,False,False
p07,Exercise_Duration,sleep_quality,Previous 7 days,7-day history → current well-being,-0.05975970536643746,0.49608338899109466,132,True,0.7960152633224651,False,False
p07,Exercise_Duration,stress,Previous 7 days,7-day history → current well-being,-0.07143317502008187,0.41567973003149616,132,True,0.741426942498491,False,False
p07,Exercise_Distance,fatigue,Previous 7 days,7-day history → current well-being,-0.19967451501578407,0.02170836279338298,132,True,0.19403049930368857,True,False
p07,Exercise_Distance,mood,Previous 7 days,7-day history → current well-being,-0.1325546621151838,0.12973534720534238,132,True,0.4646235742651079,False,False
p07,Exercise_Distance,readiness,Previous 7 days,7-day history → current well-being,-0.12016473024237995,0.16992804080715124,132,True,0.5325614803359957,False,False
p07,Exercise_Distance,sleep_quality,Previous 7 days,7-day history → current well-being,-0.11350753082341433,0.19501300170982935,132,True,0.564364274289191,False,False
p07,Exercise_Distance,stress,Previous 7 days,7-day history → current well-being,-0.14395385051499832,0.09960695403997297,132,True,0.41791008041014766,False,False
p07,Exercise_Calories,fatigue,Previous 7 days,7-day history → current well-being,-0.1207404159953582,0.1678766985911637,132,True,0.5325614803359957,False,False
p07,Exercise_Calories,mood,Previous 7 days,7-day history → current well-being,-0.23091081488737167,0.007725643685920669,132,True,0.09919153071431255,True,False
p07,Exercise_Calories,readiness,Previous 7 days,7-day history → current well-being,0.1339009536038808,0.12584989600360796,132,True,0.4646235742651079,False,False
p07,Exercise_Calories,sleep_quality,Previous 7 days,7-day history → current well-being,-0.12695281458900184,0.14689681483102252,132,True,0.49042890081451007,False,False
p07,Exercise_Calories,stress,Previous 7 days,7-day history → current well-being,-0.018368654464497966,0.8344090795458952,132,True,0.9642484786514349,False,False
p07,Exercise_Avg_HR,fatigue,Previous 7 days,7-day history → current well-being,-0.1488475256113492,0.0884997931760156,132,True,0.40082865967612447,False,False
p07,Exercise_Avg_HR,mood,Previous 7 days,7-day history → current well-being,-0.03892054939933402,0.6577093497085187,132,True,0.8857152576074718,False,False
p07,Exercise_Avg_HR,readiness,Previous 7 days,7-day history → current well-being,-0.08942019412952984,0.30790271856336293,132,True,0.6740568101325118,False,False
p07,Exercise_Avg_HR,sleep_quality,Previous 7 days,7-day history → current well-being,-0.12097299894217116,0.16705316879886833,132,True,0.5322514210941862,False,False
p07,Exercise_Avg_HR,stress,Previous 7 days,7-day history → current well-being,0.07771174264013184,0.37578550312131304,132,True,0.7307641902781732,False,False
p07,Sleep_Hours,fatigue,Previous 7 days,7-day history → current well-being,0.019082469107740696,0.8287264132729737,131,True,0.9616631881390335,False,False
p07,Sleep_Hours,mood,Previous 7 days,7-day history → current well-being,0.13242419720232543,0.13160919910081462,131,True,0.4647737450763034,False,False
p07,Sleep_Hours,readiness,Previous 7 days,7-day history → current well-being,0.013688905987863409,0.876677566848765,131,True,0.9746173176314558,False,False
p07,Sleep_Hours,sleep_quality,Previous 7 days,7-day history → current well-being,0.07313033944686384,0.4064793128559615,131,True,0.7384213907984712,False,False
p07,Sleep_Hours,stress,Previous 7 days,7-day history → current well-being,0.08326228057764623,0.34440883894437835,131,True,0.7070181449874434,False,False
p07,Sleep_Duration_Score,fatigue,Previous 7 days,7-day history → current well-being,-0.039850410936364676,0.6525985796459417,130,True,0.8835449938906181,False,False
p07,Sleep_Duration_Score,mood,Previous 7 days,7-day history → current well-being,-0.07070225975900202,0.42409036864849076,130,True,0.7468371342626539,False,False
p07,Sleep_Duration_Score,readiness,Previous 7 days,7-day history → current well-being,0.09140952384541219,0.3009818431499481,130,True,0.6740568101325118,False,False
p07,Sleep_Duration_Score,sleep_quality,Previous 7 days,7-day history → current well-being,-0.14250939540261776,0.10578539405810289,130,True,0.42567031075172873,False,False
p07,Sleep_Duration_Score,stress,Previous 7 days,7-day history → current well-being,-0.0781413529908658,0.3768604662964457,130,True,0.7307641902781732,False,False
p07,Deep_Sleep_Minutes,fatigue,Previous 7 days,7-day history → current well-being,-0.07345682523677709,0.404381763813301,131,True,0.7384213907984712,False,False
p07,Deep_Sleep_Minutes,mood,Previous 7 days,7-day history → current well-being,0.0734693640170383,0.40430133466947793,131,True,0.7384213907984712,False,False
p07,Deep_Sleep_Minutes,readiness,Previous 7 days,7-day history → current well-being,-0.11557682450308267,0.188654804411173,131,True,0.5571384574715927,False,False
p07,Deep_Sleep_Minutes,sleep_quality,Previous 7 days,7-day history → current well-being,0.042549489271167605,0.6294136443823292,131,True,0.8720271341922531,False,False
p07,Deep_Sleep_Minutes,stress,Previous 7 days,7-day history → current well-being,-0.07652440531976064,0.384988122824462,131,True,0.7347829168755551,False,False
p07,Sleep_Restlessness,fatigue,Previous 7 days,7-day history → current well-being,0.19886729110061463,0.02331447043153464,130,True,0.20655802750745603,True,False
p07,Sleep_Restlessness,mood,Previous 7 days,7-day history → current well-being,0.25686433635980116,0.0031768925918067405,130,True,0.06208829166381821,True,False
p07,Sleep_Restlessness,readiness,Previous 7 days,7-day history → current well-being,-0.12404020443575844,0.15970842160743973,130,True,0.5170048263574171,False,False
p07,Sleep_Restlessness,sleep_quality,Previous 7 days,7-day history → current well-being,0.15483827394050115,0.07857724009591115,130,True,0.3833961956370544,False,False
p07,Sleep_Restlessness,stress,Previous 7 days,7-day history → current well-being,0.14414999561742853,0.10178799978306566,130,True,0.41791008041014766,False,False
p07,Sleep_Composition,fatigue,Previous 7 days,7-day history → current well-being,-0.1360365119040408,0.12276822279278964,130,True,0.46267128739073704,False,False
p07,Sleep_Composition,mood,Previous 7 days,7-day history → current well-being,0.21867042059967987,0.012437822923933953,130,True,0.12823880387142747,True,False
p07,Sleep_Composition,readiness,Previous 7 days,7-day history → current well-being,0.11049186197525758,0.21076327188774116,130,True,0.5913080683517182,False,False
p07,Sleep_Composition,sleep_quality,Previous 7 days,7-day history → current well-being,0.04007877605512911,0.6507382404196504,130,True,0.8831268156953378,False,False
p07,Sleep_Composition,stress,Previous 7 days,7-day history → current well-being,0.007506394532567693,0.9324516788527649,130,True,0.9910519371129481,False,False
p07,Sleep_Revitalization,fatigue,Previous 7 days,7-day history → current well-being,0.0050998530084932535,0.9540783663136942,130,True,0.9937742115046837,False,False
p07,Sleep_Revitalization,mood,Previous 7 days,7-day history → current well-being,0.1011810339266732,0.252026320301852,130,True,0.6300655278630797,False,False
p07,Sleep_Revitalization,readiness,Previous 7 days,7-day history → current well-being,-0.007099805050981178,0.9361025227779728,130,True,0.9910519371129481,False,False
p07,Sleep_Revitalization,sleep_quality,Previous 7 days,7-day history → current well-being,-0.058241457359463435,0.5104094597855094,130,True,0.8067504763432934,False,False
p07,Sleep_Revitalization,stress,Previous 7 days,7-day history → current well-being,-0.1378570429411816,0.1177919816771841,130,True,0.45408359348838145,False,False
p07,Sleep_Score,fatigue,Previous 7 days,7-day history → current well-being,-0.06720403014824743,0.447432297208332,130,True,0.7544350921208938,False,False
p07,Sleep_Score,mood,Previous 7 days,7-day history → current well-being,0.06954818226334492,0.43171206976174303,130,True,0.7492054375945603,False,False
p07,Sleep_Score,readiness,Previous 7 days,7-day history → current well-being,0.08777344943912557,0.3206983698382178,130,True,0.6855069140657413,False,False
p07,Sleep_Score,sleep_quality,Previous 7 days,7-day history → current well-being,-0.090320672816924,0.3068005458142125,130,True,0.6740568101325118,False,False
p07,Sleep_Score,stress,Previous 7 days,7-day history → current well-being,-0.0928795853297596,0.2932419891525513,130,True,0.6740568101325118,False,False
p08,Steps,fatigue,Previous 7 days,7-day history → current well-being,0.28877951687784403,0.0030931760922156977,103,True,0.06208829166381821,True,False
p08,Steps,mood,Previous 7 days,7-day history → current well-being,-0.03354944250468747,0.736547403294538,103,True,0.9336693999816424,False,False
p08,Steps,readiness,Previous 7 days,7-day history → current well-being,0.3548918251007475,0.00023480573232343712,103,True,0.017865177139519392,True,True
p08,Steps,sleep_quality,Previous 7 days,7-day history → current well-being,-0.06626310094299817,0.5060369538600354,103,True,0.8048776746435209,False,False
p08,Steps,stress,Previous 7 days,7-day history → current well-being,0.10968860214895552,0.2700429294345593,103,True,0.6524960735141266,False,False
p08,Exercise_Count,fatigue,Previous 7 days,7-day history → current well-being,0.27115836667392923,0.0055974169448725205,103,True,0.08313810462237126,True,False
p08,Exercise_Count,mood,Previous 7 days,7-day history → current well-being,0.01121950851621811,0.9104432534941265,103,True,0.9882193366747707,False,False
p08,Exercise_Count,readiness,Previous 7 days,7-day history → current well-being,0.2741606826877912,0.005072760462327241,103,True,0.0813252074119129,True,False
p08,Exercise_Count,sleep_quality,Previous 7 days,7-day history → current well-being,0.006182338251182361,0.950579774835835,103,True,0.9937742115046837,False,False
p08,Exercise_Count,stress,Previous 7 days,7-day history → current well-being,-0.00962127811698306,0.9231585416240489,103,True,0.9910519371129481,False,False
p08,Exercise_Duration,fatigue,Previous 7 days,7-day history → current well-being,0.2161611479270906,0.02830598338791605,103,True,0.2251051515628835,True,False
p08,Exercise_Duration,mood,Previous 7 days,7-day history → current well-being,-0.08551628691160468,0.3904076439719432,103,True,0.7347829168755551,False,False
p08,Exercise_Duration,readiness,Previous 7 days,7-day history → current well-being,0.16794498118171802,0.08993879508584797,103,True,0.4055276028424395,False,False
p08,Exercise_Duration,sleep_quality,Previous 7 days,7-day history → current well-being,-0.11703519405750032,0.23906279503495234,103,True,0.6202938008424393,False,False
p08,Exercise_Duration,stress,Previous 7 days,7-day history → current well-being,-0.011523176457963226,0.908029768593415,103,True,0.9882193366747707,False,False
p08,Exercise_Distance,fatigue,Previous 7 days,7-day history → current well-being,0.12353797895419269,0.21377912711762856,103,True,0.5949499044218831,False,False
p08,Exercise_Distance,mood,Previous 7 days,7-day history → current well-being,0.018709241797075185,0.8512081349778059,103,True,0.9692448887571409,False,False
p08,Exercise_Distance,readiness,Previous 7 days,7-day history → current well-being,0.21582842581824202,0.028556027172739022,103,True,0.2251051515628835,True,False
p08,Exercise_Distance,sleep_quality,Previous 7 days,7-day history → current well-being,-0.09474730627372877,0.34110277437767667,103,True,0.7070181449874434,False,False
p08,Exercise_Distance,stress,Previous 7 days,7-day history → current well-being,0.02878239148826878,0.7728842820917281,103,True,0.9379797958420278,False,False
p08,Exercise_Calories,fatigue,Previous 7 days,7-day history → current well-being,0.20480765106461452,0.037962822550401815,103,True,0.2608329984755499,True,False
p08,Exercise_Calories,mood,Previous 7 days,7-day history → current well-being,-0.04935954356664333,0.6205062456948645,103,True,0.868021202426334,False,False
p08,Exercise_Calories,readiness,Previous 7 days,7-day history → current well-being,0.1789646895008469,0.07048842089399678,103,True,0.3632592557252363,False,False
p08,Exercise_Calories,sleep_quality,Previous 7 days,7-day history → current well-being,-0.1245535361894265,0.21000888704548154,103,True,0.5908328019942517,False,False
p08,Exercise_Calories,stress,Previous 7 days,7-day history → current well-being,-0.0027103941484515493,0.978322679886173,103,True,0.9937742115046837,False,False
p08,Exercise_Avg_HR,fatigue,Previous 7 days,7-day history → current well-being,-0.26218934542337496,0.007463300970335794,103,True,0.09789524649401497,True,False
p08,Exercise_Avg_HR,mood,Previous 7 days,7-day history → current well-being,0.010855435899224896,0.9133378927104094,103,True,0.9882193366747707,False,False
p08,Exercise_Avg_HR,readiness,Previous 7 days,7-day history → current well-being,-0.07195313377972833,0.47012884938090205,103,True,0.7828089185850565,False,False
p08,Exercise_Avg_HR,sleep_quality,Previous 7 days,7-day history → current well-being,-0.1896373371112518,0.05503901288493641,103,True,0.3197371330962629,False,False
p08,Exercise_Avg_HR,stress,Previous 7 days,7-day history → current well-being,0.015935774915860536,0.8730647876172015,103,True,0.974359597230247,False,False
p08,Sleep_Hours,fatigue,Previous 7 days,7-day history → current well-being,0.027779236696357647,0.7816631718176341,102,True,0.9421000042193443,False,False
p08,Sleep_Hours,mood,Previous 7 days,7-day history → current well-being,0.06948858690288244,0.4876881666211973,102,True,0.7904143039900685,False,False
p08,Sleep_Hours,readiness,Previous 7 days,7-day history → current well-being,-0.016934926619291434,0.8658449744577605,102,True,0.9704238296534385,False,False
p08,Sleep_Hours,sleep_quality,Previous 7 days,7-day history → current well-being,0.18513628031131377,0.062479282604002435,102,True,0.3431441195305956,False,False
p08,Sleep_Hours,stress,Previous 7 days,7-day history → current well-being,0.048423446052463265,0.6288762389358671,102,True,0.8720271341922531,False,False
p08,Sleep_Duration_Score,fatigue,Previous 7 days,7-day history → current well-being,0.10212345613647358,0.30708482085950817,102,True,0.6740568101325118,False,False
p08,Sleep_Duration_Score,mood,Previous 7 days,7-day history → current well-being,0.03722161059981739,0.7103280472520791,102,True,0.9209644771817713,False,False
p08,Sleep_Duration_Score,readiness,Previous 7 days,7-day history → current well-being,0.23876851677319383,0.015658080107709325,102,True,0.1520640471998694,True,False
p08,Sleep_Duration_Score,sleep_quality,Previous 7 days,7-day history → current well-being,0.02151326276296617,0.8300633394512898,102,True,0.9616631881390335,False,False
p08,Sleep_Duration_Score,stress,Previous 7 days,7-day history → current well-being,0.12765132970561952,0.2010506654070704,102,True,0.5781607185154652,False,False
p08,Deep_Sleep_Minutes,fatigue,Previous 7 days,7-day history → current well-being,0.1843103493389309,0.06367871848255832,102,True,0.34393318538707973,False,False
p08,Deep_Sleep_Minutes,mood,Previous 7 days,7-day history → current well-being,0.06942240116632253,0.48810380165003736,102,True,0.7904143039900685,False,False
p08,Deep_Sleep_Minutes,readiness,Previous 7 days,7-day history → current well-being,0.14543267293966153,0.1447132456066625,102,True,0.48720126020909704,False,False
p08,Deep_Sleep_Minutes,sleep_quality,Previous 7 days,7-day history → current well-being,0.025043548202625367,0.8027038146727927,102,True,0.9479863049660642,False,False
p08,Deep_Sleep_Minutes,stress,Previous 7 days,7-day history → current well-being,0.25674675594527635,0.009190723602902276,102,True,0.11183892577025661,True,False
p08,Sleep_Restlessness,fatigue,Previous 7 days,7-day history → current well-being,-0.09465819497978685,0.3439722956583059,102,True,0.7070181449874434,False,False
p08,Sleep_Restlessness,mood,Previous 7 days,7-day history → current well-being,0.0712735208348574,0.4765503740457021,102,True,0.7828089185850565,False,False
p08,Sleep_Restlessness,readiness,Previous 7 days,7-day history → current well-being,-0.2892113289445799,0.003196624917345096,102,True,0.06208829166381821,True,False
p08,Sleep_Restlessness,sleep_quality,Previous 7 days,7-day history → current well-being,0.08125412949279419,0.41687412537545226,102,True,0.741426942498491,False,False
p08,Sleep_Restlessness,stress,Previous 7 days,7-day history → current well-being,0.0038523673303809576,0.9693467327278846,102,True,0.9937742115046837,False,False
p08,Sleep_Composition,fatigue,Previous 7 days,7-day history → current well-being,0.007580239966937104,0.9397260224271122,102,True,0.9925140323527736,False,False
p08,Sleep_Composition,mood,Previous 7 days,7-day history → current well-being,0.05210444753014111,0.6029959080091356,102,True,0.856576465666986,False,False
p08,Sleep_Composition,readiness,Previous 7 days,7-day history → current well-being,-0.11639338008459138,0.24402209788485582,102,True,0.6233559774191354,False,False
p08,Sleep_Composition,sleep_quality,Previous 7 days,7-day history → current well-being,-0.015546747195386759,0.87675141023233,102,True,0.9746173176314558,False,False
p08,Sleep_Composition,stress,Previous 7 days,7-day history → current well-being,0.12946607786263187,0.1946676393869426,102,True,0.564364274289191,False,False
p08,Sleep_Revitalization,fatigue,Previous 7 days,7-day history → current well-being,0.07613001405381949,0.44695336728069895,102,True,0.7544350921208938,False,False
p08,Sleep_Revitalization,mood,Previous 7 days,7-day history → current well-being,0.11040484508484694,0.2693013174810723,102,True,0.6524960735141266,False,False
p08,Sleep_Revitalization,readiness,Previous 7 days,7-day history → current well-being,0.2823634449709153,0.004035949797859002,102,True,0.07222611971952028,True,False
p08,Sleep_Revitalization,sleep_quality,Previous 7 days,7-day history → current well-being,0.047575738143934475,0.6349020254330275,102,True,0.8758828939681816,False,False
p08,Sleep_Revitalization,stress,Previous 7 days,7-day history → current well-being,0.07887032275226993,0.4307185771942532,102,True,0.7492054375945603,False,False
p08,Sleep_Score,fatigue,Previous 7 days,7-day history → current well-being,0.10158530075928325,0.30965426400725193,102,True,0.6754877033419534,False,False
p08,Sleep_Score,mood,Previous 7 days,7-day history → current well-being,0.09070400360744904,0.3645939439067809,102,True,0.7268045220237974,False,False
p08,Sleep_Score,readiness,Previous 7 days,7-day history → current well-being,0.2529239874491824,0.01032442736786104,102,True,0.11740069262490374,True,False
p08,Sleep_Score,sleep_quality,Previous 7 days,7-day history → current well-being,0.03229167571921018,0.7473052939187399,102,True,0.9379797958420278,False,False
p08,Sleep_Score,stress,Previous 7 days,7-day history → current well-being,0.15098137231017442,0.1298378507769154,102,True,0.4646235742651079,False,False
p09,Steps,fatigue,Previous 7 days,7-day history → current well-being,-0.002165165386156919,0.9828557245306813,101,True,0.9937742115046837,False,False
p09,Steps,mood,Previous 7 days,7-day history → current well-being,0.18073921156708864,0.0704938753684617,101,True,0.3632592557252363,False,False
p09,Steps,readiness,Previous 7 days,7-day history → current well-being,0.016554942053968697,0.8694828309569381,101,True,0.9725112505719906,False,False
p09,Steps,sleep_quality,Previous 7 days,7-day history → current well-being,0.1738332928732021,0.08211926435883408,101,True,0.39122857076614354,False,False
p09,Steps,stress,Previous 7 days,7-day history → current well-being,0.16848851658908856,0.09212839744766134,101,True,0.4081126378163945,False,False
p09,Exercise_Count,fatigue,Previous 7 days,7-day history → current well-being,-0.05578212548844474,0.5795397561313922,101,True,0.8495689548175612,False,False
p09,Exercise_Count,mood,Previous 7 days,7-day history → current well-being,0.10380217803107011,0.30160032793010305,101,True,0.6740568101325118,False,False
p09,Exercise_Count,readiness,Previous 7 days,7-day history → current well-being,-0.05613407735551119,0.5771459720936484,101,True,0.8484969895408804,False,False
p09,Exercise_Count,sleep_quality,Previous 7 days,7-day history → current well-being,0.1100068343522011,0.2734634431563593,101,True,0.6547119865344967,False,False
p09,Exercise_Count,stress,Previous 7 days,7-day history → current well-being,0.10057359280061821,0.3169665235022786,101,True,0.6838605368490737,False,False
p09,Exercise_Duration,fatigue,Previous 7 days,7-day history → current well-being,-0.025913054340689065,0.7970053920712403,101,True,0.9479863049660642,False,False
p09,Exercise_Duration,mood,Previous 7 days,7-day history → current well-being,0.07573382915564335,0.45161596926139624,101,True,0.7574771075038463,False,False
p09,Exercise_Duration,readiness,Previous 7 days,7-day history → current well-being,-0.10313185693043463,0.30474979339361696,101,True,0.6740568101325118,False,False
p09,Exercise_Duration,sleep_quality,Previous 7 days,7-day history → current well-being,0.09550222081248315,0.3421059522383069,101,True,0.7070181449874434,False,False
p09,Exercise_Duration,stress,Previous 7 days,7-day history → current well-being,0.14809529638688282,0.13941407022475677,101,True,0.477400613642878,False,False
p09,Exercise_Distance,fatigue,Previous 7 days,7-day history → current well-being,0.22057358376336145,0.0266558888370242,101,True,0.2206758010278233,True,False
p09,Exercise_Distance,mood,Previous 7 days,7-day history → current well-being,0.03164903630902156,0.7533778709924965,101,True,0.9379797958420278,False,False
p09,Exercise_Distance,readiness,Previous 7 days,7-day history → current well-being,0.12754886724583903,0.20369541640158828,101,True,0.5788174190446047,False,False
p09,Exercise_Distance,sleep_quality,Previous 7 days,7-day history → current well-being,0.004220152576896107,0.9665909522430283,101,True,0.9937742115046837,False,False
p09,Exercise_Distance,stress,Previous 7 days,7-day history → current well-being,-0.0018293760671009547,0.9855142671727175,101,True,0.9943750348096351,False,False
p09,Exercise_Calories,fatigue,Previous 7 days,7-day history → current well-being,-0.006183629130904568,0.9510631507288909,101,True,0.9937742115046837,False,False
p09,Exercise_Calories,mood,Previous 7 days,7-day history → current well-being,0.06184422924079467,0.5389649010120122,101,True,0.8224032151579016,False,False
p09,Exercise_Calories,readiness,Previous 7 days,7-day history → current well-being,-0.08912545474202768,0.3754471369411894,101,True,0.7307641902781732,False,False
p09,Exercise_Calories,sleep_quality,Previous 7 days,7-day history → current well-being,0.10045197995197408,0.31755504136853024,101,True,0.6838605368490737,False,False
p09,Exercise_Calories,stress,Previous 7 days,7-day history → current well-being,0.13073851897437516,0.19252273293705363,101,True,0.564364274289191,False,False
p09,Exercise_Avg_HR,fatigue,Previous 7 days,7-day history → current well-being,0.06979754468686651,0.518158999153334,88,True,0.8139044932268543,False,False
p09,Exercise_Avg_HR,mood,Previous 7 days,7-day history → current well-being,-0.040280702265800244,0.7094350548940456,88,True,0.9209644771817713,False,False
p09,Exercise_Avg_HR,readiness,Previous 7 days,7-day history → current well-being,-0.05675784492680325,0.5994117790091094,88,True,0.854020111224801,False,False
p09,Exercise_Avg_HR,sleep_quality,Previous 7 days,7-day history → current well-being,-0.08547830002950706,0.4284521582400318,88,True,0.747789829376049,False,False
p09,Exercise_Avg_HR,stress,Previous 7 days,7-day history → current well-being,-0.02531298929791811,0.8149079959725393,88,True,0.9528751013087892,False,False
p09,Sleep_Hours,fatigue,Previous 7 days,7-day history → current well-being,0.024984051843834884,0.8041344283425749,101,True,0.9479863049660642,False,False
p09,Sleep_Hours,mood,Previous 7 days,7-day history → current well-being,-0.1101032344469932,0.27304071612825315,101,True,0.6547119865344967,False,False
p09,Sleep_Hours,readiness,Previous 7 days,7-day history → current well-being,-0.05742366340793726,0.5684143501157437,101,True,0.8442624906130899,False,False
p09,Sleep_Hours,sleep_quality,Previous 7 days,7-day history → current well-being,-0.1711334455958475,0.0870609072824334,101,True,0.40082865967612447,False,False
p09,Sleep_Hours,stress,Previous 7 days,7-day history → current well-being,-0.1704381960338251,0.08837098104941692,101,True,0.40082865967612447,False,False
p09,Sleep_Duration_Score,fatigue,Previous 7 days,7-day history → current well-being,0.0026225085479591884,0.9792351116293537,101,True,0.9937742115046837,False,False
p09,Sleep_Duration_Score,mood,Previous 7 days,7-day history → current well-being,-0.10521881294429045,0.29501479496741817,101,True,0.6740568101325118,False,False
p09,Sleep_Duration_Score,readiness,Previous 7 days,7-day history → current well-being,0.00444996099057655,0.9647727969837929,101,True,0.9937742115046837,False,False
p09,Sleep_Duration_Score,sleep_quality,Previous 7 days,7-day history → current well-being,-0.1557537607420007,0.11986741778728975,101,True,0.4569431743768591,False,False
p09,Sleep_Duration_Score,stress,Previous 7 days,7-day history → current well-being,-0.1681513606019077,0.09279079544824485,101,True,0.40925197992457335,False,False
p09,Deep_Sleep_Minutes,fatigue,Previous 7 days,7-day history → current well-being,-0.20092717620702633,0.043930319886836586,101,True,0.2862556328109997,True,False
p09,Deep_Sleep_Minutes,mood,Previous 7 days,7-day history → current well-being,-0.13631808554187783,0.17405731664605625,101,True,0.5346201122064945,False,False
p09,Deep_Sleep_Minutes,readiness,Previous 7 days,7-day history → current well-being,-0.15880699548447286,0.11269200210608885,101,True,0.44287518337412346,False,False
p09,Deep_Sleep_Minutes,sleep_quality,Previous 7 days,7-day history → current well-being,-0.17101102948339758,0.08729045214797651,101,True,0.40082865967612447,False,False
p09,Deep_Sleep_Minutes,stress,Previous 7 days,7-day history → current well-being,-0.13628948233142246,0.17414853159993732,101,True,0.5346201122064945,False,False
p09,Sleep_Restlessness,fatigue,Previous 7 days,7-day history → current well-being,0.06280607502852945,0.5326584163869944,101,True,0.8207341203718918,False,False
p09,Sleep_Restlessness,mood,Previous 7 days,7-day history → current well-being,-0.10012867164973235,0.31912304670439046,101,True,0.6843190598119625,False,False
p09,Sleep_Restlessness,readiness,Previous 7 days,7-day history → current well-being,-0.03176454072759666,0.7525067598840997,101,True,0.9379797958420278,False,False
p09,Sleep_Restlessness,sleep_quality,Previous 7 days,7-day history → current well-being,-0.12320067619412313,0.21966402324517245,101,True,0.599205168394815,False,False
p09,Sleep_Restlessness,stress,Previous 7 days,7-day history → current well-being,0.06895509729298656,0.49323002374005254,101,True,0.7945172631219347,False,False
p09,Sleep_Composition,fatigue,Previous 7 days,7-day history → current well-being,-0.010305133287216394,0.9185352995019159,101,True,0.9882193366747707,False,False
p09,Sleep_Composition,mood,Previous 7 days,7-day history → current well-being,0.13661717860602904,0.17310562007429436,101,True,0.5346201122064945,False,False
p09,Sleep_Composition,readiness,Previous 7 days,7-day history → current well-being,-0.04676203491189606,0.6423918758040571,101,True,0.8792771372329603,False,False
p09,Sleep_Composition,sleep_quality,Previous 7 days,7-day history → current well-being,-0.0789425797453743,0.43262149785911325,101,True,0.7492054375945603,False,False
p09,Sleep_Composition,stress,Previous 7 days,7-day history → current well-being,0.03683112584839364,0.7146150625655875,101,True,0.9253348887067222,False,False
p09,Sleep_Revitalization,fatigue,Previous 7 days,7-day history → current well-being,0.1774710619406373,0.07581799596597204,101,True,0.37501139797577315,False,False
p09,Sleep_Revitalization,mood,Previous 7 days,7-day history → current well-being,0.11208641717508036,0.264441811319474,101,True,0.6458629948423915,False,False
p09,Sleep_Revitalization,readiness,Previous 7 days,7-day history → current well-being,0.11201694788084544,0.264739881054208,101,True,0.6458629948423915,False,False
p09,Sleep_Revitalization,sleep_quality,Previous 7 days,7-day history → current well-being,0.23608675680210658,0.01746299414952987,101,True,0.16749956983256498,True,False
p09,Sleep_Revitalization,stress,Previous 7 days,7-day history → current well-being,0.003821354106311187,0.9697464920136646,101,True,0.9937742115046837,False,False
p09,Sleep_Score,fatigue,Previous 7 days,7-day history → current well-being,0.04997354676505482,0.6196920608039533,101,True,0.868021202426334,False,False
p09,Sleep_Score,mood,Previous 7 days,7-day history → current well-being,-0.006799562069332454,0.9461956491846042,101,True,0.9934070745077446,False,False
p09,Sleep_Score,readiness,Previous 7 days,7-day history → current well-being,0.02217985833029609,0.8257486272443967,101,True,0.9616631881390335,False,False
p09,Sleep_Score,sleep_quality,Previous 7 days,7-day history → current well-being,-0.06973602811063336,0.48833517395029974,101,True,0.7904143039900685,False,False
p09,Sleep_Score,stress,Previous 7 days,7-day history → current well-being,-0.11272839473227382,0.26169807900746567,101,True,0.6448067580146011,False,False
p10,Steps,fatigue,Previous 7 days,7-day history → current well-being,0.009738120591259567,0.9253783312197068,95,True,0.9910519371129481,False,False
p10,Steps,mood,Previous 7 days,7-day history → current well-being,-0.048098807721547045,0.6434568116168586,95,True,0.8794199996387378,False,False
p10,Steps,readiness,Previous 7 days,7-day history → current well-being,-0.08674636659253535,0.4032205535614355,95,True,0.7384213907984712,False,False
p10,Steps,sleep_quality,Previous 7 days,7-day history → current well-being,0.15381525646479982,0.13669008072938543,95,True,0.47141205031734124,False,False
p10,Steps,stress,Previous 7 days,7-day history → current well-being,0.1475846216751243,0.15350419176780794,95,True,0.5033949255760443,False,False
p10,Exercise_Count,fatigue,Previous 7 days,7-day history → current well-being,-0.15167375852384318,0.14230378652853898,95,True,0.48069172038068353,False,False
p10,Exercise_Count,mood,Previous 7 days,7-day history → current well-being,-0.33416863910126493,0.0009341613187739666,95,True,0.04302449806283052,True,True
p10,Exercise_Count,readiness,Previous 7 days,7-day history → current well-being,-0.08945316021074902,0.38864934537636786,95,True,0.7347829168755551,False,False
p10,Exercise_Count,sleep_quality,Previous 7 days,7-day history → current well-being,0.009508184906279575,0.9271354065970111,95,True,0.9910519371129481,False,False
p10,Exercise_Count,stress,Previous 7 days,7-day history → current well-being,-0.03404345908568203,0.7432769561998002,95,True,0.9360470396032395,False,False
p10,Exercise_Duration,fatigue,Previous 7 days,7-day history → current well-being,-0.12854871768234535,0.21441758931640142,95,True,0.5949499044218831,False,False
p10,Exercise_Duration,mood,Previous 7 days,7-day history → current well-being,-0.27084553255398325,0.007936872300276168,95,True,0.09919153071431255,True,False
p10,Exercise_Duration,readiness,Previous 7 days,7-day history → current well-being,-0.15875955128931493,0.12437282272848788,95,True,0.4641536911848926,False,False
p10,Exercise_Duration,sleep_quality,Previous 7 days,7-day history → current well-being,0.053118377420649,0.6091821910442757,95,True,0.8617283094603901,False,False
p10,Exercise_Duration,stress,Previous 7 days,7-day history → current well-being,-0.09003460342682301,0.3855609894243625,95,True,0.7347829168755551,False,False
p10,Exercise_Distance,fatigue,Previous 7 days,7-day history → current well-being,-0.28472385971658387,0.00516534429513645,95,True,0.08149148575138145,True,False
p10,Exercise_Distance,mood,Previous 7 days,7-day history → current well-being,-0.18360017153729585,0.0749131636893964,95,True,0.37272066663197223,False,False
p10,Exercise_Distance,readiness,Previous 7 days,7-day history → current well-being,-0.2884459168989875,0.004586589854340243,95,True,0.07717545997798367,True,False
p10,Exercise_Distance,sleep_quality,Previous 7 days,7-day history → current well-being,-0.04752247713134549,0.6474421405676214,95,True,0.8812891670799159,False,False
p10,Exercise_Distance,stress,Previous 7 days,7-day history → current well-being,-0.09437118406887159,0.36299546427255797,95,True,0.7268045220237974,False,False
p10,Exercise_Calories,fatigue,Previous 7 days,7-day history → current well-being,-0.1758537873512381,0.08826317117134592,95,True,0.40082865967612447,False,False
p10,Exercise_Calories,mood,Previous 7 days,7-day history → current well-being,-0.27311411065816354,0.00740940043584293,95,True,0.09789524649401497,True,False
p10,Exercise_Calories,readiness,Previous 7 days,7-day history → current well-being,-0.20928057808848494,0.041809672694872804,95,True,0.2762600648278438,True,False
p10,Exercise_Calories,sleep_quality,Previous 7 days,7-day history → current well-being,0.030994827769158004,0.76557144689402,95,True,0.9379797958420278,False,False
p10,Exercise_Calories,stress,Previous 7 days,7-day history → current well-being,-0.07970992029942897,0.4425738655319805,95,True,0.7528562577441534,False,False
p10,Exercise_Avg_HR,fatigue,Previous 7 days,7-day history → current well-being,-0.2191940194524842,0.03282781402387775,95,True,0.24238784699333352,True,False
p10,Exercise_Avg_HR,mood,Previous 7 days,7-day history → current well-being,-0.17131443293685555,0.09692293319162615,95,True,0.41791008041014766,False,False
p10,Exercise_Avg_HR,readiness,Previous 7 days,7-day history → current well-being,-0.21141938398477467,0.03971587037331974,95,True,0.26825638696534415,True,False
p10,Exercise_Avg_HR,sleep_quality,Previous 7 days,7-day history → current well-being,0.039533388647314746,0.7036696261276195,95,True,0.9170404159856719,False,False
p10,Exercise_Avg_HR,stress,Previous 7 days,7-day history → current well-being,-0.18931575994103272,0.06614376067655622,95,True,0.35346665758371315,False,False
p10,Sleep_Hours,fatigue,Previous 7 days,7-day history → current well-being,0.05259393634427225,0.6127256476876062,95,True,0.8632321494812749,False,False
p10,Sleep_Hours,mood,Previous 7 days,7-day history → current well-being,0.15782174199287308,0.1266411567887576,95,True,0.4646235742651079,False,False
p10,Sleep_Hours,readiness,Previous 7 days,7-day history → current well-being,-0.01594448072042121,0.8781144014222312,95,True,0.9746173176314558,False,False
p10,Sleep_Hours,sleep_quality,Previous 7 days,7-day history → current well-being,0.004055939411268956,0.9688830363943719,95,True,0.9937742115046837,False,False
p10,Sleep_Hours,stress,Previous 7 days,7-day history → current well-being,0.1246413768586874,0.22879416920835696,95,True,0.6097153321911359,False,False
p10,Sleep_Duration_Score,fatigue,Previous 7 days,7-day history → current well-being,-0.10772177056099305,0.2987723183983094,95,True,0.6740568101325118,False,False
p10,Sleep_Duration_Score,mood,Previous 7 days,7-day history → current well-being,-0.09440192164470096,0.36283848113773126,95,True,0.7268045220237974,False,False
p10,Sleep_Duration_Score,readiness,Previous 7 days,7-day history → current well-being,-0.10369928935361293,0.31728410682026403,95,True,0.6838605368490737,False,False
p10,Sleep_Duration_Score,sleep_quality,Previous 7 days,7-day history → current well-being,-0.1038802703295486,0.316435655582096,95,True,0.6838605368490737,False,False
p10,Sleep_Duration_Score,stress,Previous 7 days,7-day history → current well-being,-0.18102713884012503,0.07915464580630982,95,True,0.384356693578716,False,False
p10,Deep_Sleep_Minutes,fatigue,Previous 7 days,7-day history → current well-being,0.031777587698384235,0.7598280831977581,95,True,0.9379797958420278,False,False
p10,Deep_Sleep_Minutes,mood,Previous 7 days,7-day history → current well-being,0.055177760392886036,0.5953553430307991,95,True,0.8534972561229454,False,False
p10,Deep_Sleep_Minutes,readiness,Previous 7 days,7-day history → current well-being,-0.002714540304791636,0.9791713146165462,95,True,0.9937742115046837,False,False
p10,Deep_Sleep_Minutes,sleep_quality,Previous 7 days,7-day history → current well-being,0.06239014192915245,0.5480802914082128,95,True,0.8294798239747866,False,False
p10,Deep_Sleep_Minutes,stress,Previous 7 days,7-day history → current well-being,0.06042281276036869,0.5607928925101844,95,True,0.8385062577069424,False,False
p10,Sleep_Restlessness,fatigue,Previous 7 days,7-day history → current well-being,0.04364763179336522,0.6744906609221186,95,True,0.8928382274329486,False,False
p10,Sleep_Restlessness,mood,Previous 7 days,7-day history → current well-being,0.073927702947804,0.4764682919373789,95,True,0.7828089185850565,False,False
p10,Sleep_Restlessness,readiness,Previous 7 days,7-day history → current well-being,0.08866593845631554,0.39285423278495024,95,True,0.7347829168755551,False,False
p10,Sleep_Restlessness,sleep_quality,Previous 7 days,7-day history → current well-being,0.02980672509967533,0.7743131245681603,95,True,0.9379797958420278,False,False
p10,Sleep_Restlessness,stress,Previous 7 days,7-day history → current well-being,0.09843595786131737,0.3425996499753905,95,True,0.7070181449874434,False,False
p10,Sleep_Composition,fatigue,Previous 7 days,7-day history → current well-being,-0.06510831534284924,0.530749663223462,95,True,0.8207341203718918,False,False
p10,Sleep_Composition,mood,Previous 7 days,7-day history → current well-being,-0.08565065617203832,0.40920932392102916,95,True,0.7384213907984712,False,False
p10,Sleep_Composition,readiness,Previous 7 days,7-day history → current well-being,-0.0463128968826583,0.6558386917525466,95,True,0.8843752719226596,False,False
p10,Sleep_Composition,sleep_quality,Previous 7 days,7-day history → current well-being,0.10704941248714736,0.30181614842058924,95,True,0.6740568101325118,False,False
p10,Sleep_Composition,stress,Previous 7 days,7-day history → current well-being,0.05245527266896424,0.6136640428985697,95,True,0.8632321494812749,False,False
p10,Sleep_Revitalization,fatigue,Previous 7 days,7-day history → current well-being,-0.21895384401381796,0.03302444930524007,95,True,0.24238784699333352,True,False
p10,Sleep_Revitalization,mood,Previous 7 days,7-day history → current well-being,-0.11949740718663147,0.24873134060832375,95,True,0.628134396936751,False,False
p10,Sleep_Revitalization,readiness,Previous 7 days,7-day history → current well-being,-0.14209663320986346,0.16955561191682783,95,True,0.5325614803359957,False,False
p10,Sleep_Revitalization,sleep_quality,Previous 7 days,7-day history → current well-being,-0.10465042852351326,0.31284149641576375,95,True,0.6809696365946581,False,False
p10,Sleep_Revitalization,stress,Previous 7 days,7-day history → current well-being,0.0026670954240899268,0.9795352802509331,95,True,0.9937742115046837,False,False
p10,Sleep_Score,fatigue,Previous 7 days,7-day history → current well-being,-0.20185755079229065,0.04980189167893364,95,True,0.3087954873142188,True,False
p10,Sleep_Score,mood,Previous 7 days,7-day history → current well-being,-0.14738824207463685,0.15405822218518175,95,True,0.5033949255760443,False,False
p10,Sleep_Score,readiness,Previous 7 days,7-day history → current well-being,-0.15378966093300436,0.1367561690524564,95,True,0.47141205031734124,False,False
p10,Sleep_Score,sleep_quality,Previous 7 days,7-day history → current well-being,-0.09019813048000547,0.38469507465138686,95,True,0.7347829168755551,False,False
p10,Sleep_Score,stress,Previous 7 days,7-day history → current well-being,-0.09931956643686622,0.33826324781602946,95,True,0.7070181449874434,False,False
p11,Steps,fatigue,Previous 7 days,7-day history → current well-being,0.18883271870799007,0.052552675492159494,106,True,0.312224719100477,False,False
p11,Steps,mood,Previous 7 days,7-day history → current well-being,0.04225777800009037,0.6671199421799027,106,True,0.8911214557410596,False,False
p11,Steps,readiness,Previous 7 days,7-day history → current well-being,0.269011305635673,0.005296947406377139,106,True,0.08149148575138145,True,False
p11,Steps,sleep_quality,Previous 7 days,7-day history → current well-being,0.06707436752117181,0.49450907793284893,106,True,0.7953091858474163,False,False
p11,Steps,stress,Previous 7 days,7-day history → current well-being,0.06498086953740581,0.5081081025188017,106,True,0.8056345110580686,False,False
p11,Exercise_Count,fatigue,Previous 7 days,7-day history → current well-being,0.05301244546211342,0.5894006316433902,106,True,0.8534972561229454,False,False
p11,Exercise_Count,mood,Previous 7 days,7-day history → current well-being,-0.10045903367001652,0.3055423843300759,106,True,0.6740568101325118,False,False
p11,Exercise_Count,readiness,Previous 7 days,7-day history → current well-being,0.26672443468790213,0.005713395620421176,106,True,0.08363086342935344,True,False
p11,Exercise_Count,sleep_quality,Previous 7 days,7-day history → current well-being,0.02900000052320208,0.7679211641899572,106,True,0.9379797958420278,False,False
p11,Exercise_Count,stress,Previous 7 days,7-day history → current well-being,-0.2938798891541623,0.002231022282905651,106,True,0.051212102403061545,True,False
p11,Exercise_Duration,fatigue,Previous 7 days,7-day history → current well-being,0.05489522795519454,0.5762290451307553,106,True,0.8483838711108788,False,False
p11,Exercise_Duration,mood,Previous 7 days,7-day history → current well-being,0.0015356951974200136,0.9875347674609241,106,True,0.9952174604138944,False,False
p11,Exercise_Duration,readiness,Previous 7 days,7-day history → current well-being,0.19419164341792325,0.04608102275322682,106,True,0.29834508320999414,True,False
p11,Exercise_Duration,sleep_quality,Previous 7 days,7-day history → current well-being,0.033020372393705186,0.7368510704630453,106,True,0.9336693999816424,False,False
p11,Exercise_Duration,stress,Previous 7 days,7-day history → current well-being,-0.1096549359109619,0.26315776534437024,106,True,0.6451197645578008,False,False
p11,Exercise_Distance,fatigue,Previous 7 days,7-day history → current well-being,0.03284093495728926,0.7382292116916199,106,True,0.9336693999816424,False,False
p11,Exercise_Distance,mood,Previous 7 days,7-day history → current well-being,-0.044566163015582104,0.6501010370250017,106,True,0.8831268156953378,False,False
p11,Exercise_Distance,readiness,Previous 7 days,7-day history → current well-being,0.10468066289653162,0.28556032909158124,106,True,0.666965702023653,False,False
p11,Exercise_Distance,sleep_quality,Previous 7 days,7-day history → current well-being,-0.022963966521418293,0.8152520531685973,106,True,0.9528751013087892,False,False
p11,Exercise_Distance,stress,Previous 7 days,7-day history → current well-being,-0.21202992217819117,0.029111673643081402,106,True,0.2251051515628835,True,False
p11,Exercise_Calories,fatigue,Previous 7 days,7-day history → current well-being,0.08297821194515996,0.39775187433964065,106,True,0.7384213907984712,False,False
p11,Exercise_Calories,mood,Previous 7 days,7-day history → current well-being,0.010367452446683696,0.9159975755255679,106,True,0.9882193366747707,False,False
p11,Exercise_Calories,readiness,Previous 7 days,7-day history → current well-being,0.2198198064641109,0.02356687170539715,106,True,0.2067142062194144,True,False
p11,Exercise_Calories,sleep_quality,Previous 7 days,7-day history → current well-being,0.04105978154267502,0.6760200264217007,106,True,0.8936913961857561,False,False
p11,Exercise_Calories,stress,Previous 7 days,7-day history → current well-being,-0.13530178198320408,0.16670529150433414,106,True,0.5322514210941862,False,False
p11,Exercise_Avg_HR,fatigue,Previous 7 days,7-day history → current well-being,0.11546221687696313,0.25265003840054184,100,True,0.6300655278630797,False,False
p11,Exercise_Avg_HR,mood,Previous 7 days,7-day history → current well-being,0.09157859069968273,0.36484147788719334,100,True,0.7268045220237974,False,False
p11,Exercise_Avg_HR,readiness,Previous 7 days,7-day history → current well-being,0.06399863191786805,0.5270020173727561,100,True,0.8207341203718918,False,False
p11,Exercise_Avg_HR,sleep_quality,Previous 7 days,7-day history → current well-being,0.1696675992760621,0.09148733707389137,100,True,0.4081126378163945,False,False
p11,Exercise_Avg_HR,stress,Previous 7 days,7-day history → current well-being,0.03627122210930587,0.7201412985459444,100,True,0.9259553220470421,False,False
p11,Sleep_Hours,fatigue,Previous 7 days,7-day history → current well-being,-0.10125236835626643,0.3017192586244833,106,True,0.6740568101325118,False,False
p11,Sleep_Hours,mood,Previous 7 days,7-day history → current well-being,-0.07671599624302089,0.4344336382969478,106,True,0.7494265078704027,False,False
p11,Sleep_Hours,readiness,Previous 7 days,7-day history → current well-being,-0.2602308518751462,0.007058839024296106,106,True,0.09505903219385423,True,False
p11,Sleep_Hours,sleep_quality,Previous 7 days,7-day history → current well-being,0.003412932526808507,0.9723016128679,106,True,0.9937742115046837,False,False
p11,Sleep_Hours,stress,Previous 7 days,7-day history → current well-being,0.08472410919200674,0.38786293718740994,106,True,0.7347829168755551,False,False
p11,Sleep_Duration_Score,fatigue,Previous 7 days,7-day history → current well-being,-0.18555475795672413,0.05686797688914876,106,True,0.32372818398372116,False,False
p11,Sleep_Duration_Score,mood,Previous 7 days,7-day history → current well-being,0.012629214220071308,0.8977619040706676,106,True,0.9838603187912556,False,False
p11,Sleep_Duration_Score,readiness,Previous 7 days,7-day history → current well-being,-0.2172252775341289,0.02530377179734571,106,True,0.21658313148575564,True,False
p11,Sleep_Duration_Score,sleep_quality,Previous 7 days,7-day history → current well-being,-0.0014389594980547225,0.9883199136585505,106,True,0.9952174604138944,False,False
p11,Sleep_Duration_Score,stress,Previous 7 days,7-day history → current well-being,0.1699705573456743,0.08152533524385276,106,True,0.39023975638052744,False,False
p11,Deep_Sleep_Minutes,fatigue,Previous 7 days,7-day history → current well-being,-0.09802922863896124,0.3174478996210138,106,True,0.6838605368490737,False,False
p11,Deep_Sleep_Minutes,mood,Previous 7 days,7-day history → current well-being,-0.04762026816390176,0.6278589439432406,106,True,0.8720271341922531,False,False
p11,Deep_Sleep_Minutes,readiness,Previous 7 days,7-day history → current well-being,-0.17752921751659265,0.06866864777463626,106,True,0.35935406348384774,False,False
p11,Deep_Sleep_Minutes,sleep_quality,Previous 7 days,7-day history → current well-being,-0.07907616031473197,0.42038786215681,106,True,0.7435932412931316,False,False
p11,Deep_Sleep_Minutes,stress,Previous 7 days,7-day history → current well-being,0.3247850562360153,0.0006818028596514577,106,True,0.03443104441239861,True,True
p11,Sleep_Restlessness,fatigue,Previous 7 days,7-day history → current well-being,-0.10588534036460555,0.28002170317671765,106,True,0.6636894679622124,False,False
p11,Sleep_Restlessness,mood,Previous 7 days,7-day history → current well-being,0.12339068718790679,0.20761752251063487,106,True,0.5857365858540258,False,False
p11,Sleep_Restlessness,readiness,Previous 7 days,7-day history → current well-being,-0.17302468633329948,0.07611617483666683,106,True,0.37501139797577315,False,False
p11,Sleep_Restlessness,sleep_quality,Previous 7 days,7-day history → current well-being,-0.012078927748638642,0.902194114245665,106,True,0.9872329960868056,False,False
p11,Sleep_Restlessness,stress,Previous 7 days,7-day history → current well-being,0.21248975217753968,0.02875610326813527,106,True,0.2251051515628835,True,False
p11,Sleep_Composition,fatigue,Previous 7 days,7-day history → current well-being,-0.08668057636895554,0.3769585575593349,106,True,0.7307641902781732,False,False
p11,Sleep_Composition,mood,Previous 7 days,7-day history → current well-being,0.08406372492532098,0.39158592918074525,106,True,0.7347829168755551,False,False
p11,Sleep_Composition,readiness,Previous 7 days,7-day history → current well-being,-0.04140670091094088,0.6734380530353542,106,True,0.8928382274329486,False,False
p11,Sleep_Composition,sleep_quality,Previous 7 days,7-day history → current well-being,-0.016807615645244967,0.864219614945515,106,True,0.9704238296534385,False,False
p11,Sleep_Composition,stress,Previous 7 days,7-day history → current well-being,0.18946833398186952,0.05174796467168508,106,True,0.3096919257124989,False,False
p11,Sleep_Revitalization,fatigue,Previous 7 days,7-day history → current well-being,0.20976092251456277,0.030921282669197834,106,True,0.23659466284765007,True,False
p11,Sleep_Revitalization,mood,Previous 7 days,7-day history → current well-being,0.03301334594662726,0.7369050203385409,106,True,0.9336693999816424,False,False
p11,Sleep_Revitalization,readiness,Previous 7 days,7-day history → current well-being,0.24182728065774403,0.012509766360015676,106,True,0.12823880387142747,True,False
p11,Sleep_Revitalization,sleep_quality,Previous 7 days,7-day history → current well-being,0.1483685009123675,0.12905241250960967,106,True,0.4646235742651079,False,False
p11,Sleep_Revitalization,stress,Previous 7 days,7-day history → current well-being,-0.15573357974537003,0.11091216462442598,106,True,0.4375831494948056,False,False
p11,Sleep_Score,fatigue,Previous 7 days,7-day history → current well-being,-0.0814585928573766,0.40647984741853316,106,True,0.7384213907984712,False,False
p11,Sleep_Score,mood,Previous 7 days,7-day history → current well-being,0.0560280801903148,0.5683703738798573,106,True,0.8442624906130899,False,False
p11,Sleep_Score,readiness,Previous 7 days,7-day history → current well-being,-0.07438913698607026,0.4485390434977137,106,True,0.7550407232211513,False,False
p11,Sleep_Score,sleep_quality,Previous 7 days,7-day history → current well-being,0.05854839881495,0.5510702592941404,106,True,0.8294798239747866,False,False
p11,Sleep_Score,stress,Previous 7 days,7-day history → current well-being,0.1322838872021907,0.17645654445006148,106,True,0.5377483366707002,False,False
p12,Steps,fatigue,Previous 7 days,7-day history → current well-being,0.0037736281773521913,0.9731585091765784,82,True,0.9937742115046837,False,False
p12,Steps,mood,Previous 7 days,7-day history → current well-being,-0.10278110233488424,0.35816322633394965,82,True,0.7265822585421778,False,False
p12,Steps,readiness,Previous 7 days,7-day history → current well-being,0.17120267253917537,0.12407689440811975,82,True,0.4641536911848926,False,False
p12,Steps,sleep_quality,Previous 7 days,7-day history → current well-being,-0.022543658844022298,0.8406727136977057,82,True,0.9681635585344159,False,False
p12,Steps,stress,Previous 7 days,7-day history → current well-being,0.02955013340456182,0.7921364061392374,82,True,0.9456947638305317,False,False
p12,Exercise_Count,fatigue,Previous 7 days,7-day history → current well-being,0.09188895113675018,0.4116150920985538,82,True,0.7384213907984712,False,False
p12,Exercise_Count,mood,Previous 7 days,7-day history → current well-being,0.009028879083488699,0.9358344842846654,82,True,0.9910519371129481,False,False
p12,Exercise_Count,readiness,Previous 7 days,7-day history → current well-being,0.3133705047471699,0.00414763855815067,82,True,0.07222611971952028,True,False
p12,Exercise_Count,sleep_quality,Previous 7 days,7-day history → current well-being,0.019047683791858137,0.8651268983058046,82,True,0.9704238296534385,False,False
p12,Exercise_Count,stress,Previous 7 days,7-day history → current well-being,-0.13163144331537255,0.23847314801484273,82,True,0.6202938008424393,False,False
p12,Exercise_Duration,fatigue,Previous 7 days,7-day history → current well-being,0.015795904664733493,0.8879877679404482,82,True,0.9801839559182813,False,False
p12,Exercise_Duration,mood,Previous 7 days,7-day history → current well-being,-0.06144196658527476,0.583446337252187,82,True,0.8528395247924446,False,False
p12,Exercise_Duration,readiness,Previous 7 days,7-day history → current well-being,0.208440371130653,0.0602132445765029,82,True,0.33415042319927435,False,False
p12,Exercise_Duration,sleep_quality,Previous 7 days,7-day history → current well-being,0.009463464075219549,0.9327530401175893,82,True,0.9910519371129481,False,False
p12,Exercise_Duration,stress,Previous 7 days,7-day history → current well-being,-0.13104534039390786,0.24058851113012933,82,True,0.6214690440957304,False,False
p12,Exercise_Distance,fatigue,Previous 7 days,7-day history → current well-being,-0.1675644319644326,0.1323942655101645,82,True,0.4659171016211365,False,False
p12,Exercise_Distance,mood,Previous 7 days,7-day history → current well-being,0.028765865766718076,0.7975338137218204,82,True,0.9479863049660642,False,False
p12,Exercise_Distance,readiness,Previous 7 days,7-day history → current well-being,-0.04340443856348101,0.698613710467792,82,True,0.9139894398607122,False,False
p12,Exercise_Distance,sleep_quality,Previous 7 days,7-day history → current well-being,0.20045215947101694,0.07096838276375202,82,True,0.3638480537633986,False,False
p12,Exercise_Distance,stress,Previous 7 days,7-day history → current well-being,-0.39280062019239737,0.00026200770750781625,82,True,0.017865177139519392,True,True
p12,Exercise_Calories,fatigue,Previous 7 days,7-day history → current well-being,-0.001358908456318959,0.9903326443598701,82,True,0.9952596724412626,False,False
p12,Exercise_Calories,mood,Previous 7 days,7-day history → current well-being,-0.048080077128729096,0.6679611671690394,82,True,0.8911214557410596,False,False
p12,Exercise_Calories,readiness,Previous 7 days,7-day history → current well-being,0.21963355405103402,0.04741061284680509,82,True,0.30116175456146627,True,False
p12,Exercise_Calories,sleep_quality,Previous 7 days,7-day history → current well-being,0.02975336440332117,0.790739332217758,82,True,0.9451440538934149,False,False
p12,Exercise_Calories,stress,Previous 7 days,7-day history → current well-being,-0.15230373866257219,0.1719452809047176,82,True,0.5332974231226792,False,False
p12,Exercise_Avg_HR,fatigue,Previous 7 days,7-day history → current well-being,0.019923932088019715,0.8661970747744191,74,True,0.9704238296534385,False,False
p12,Exercise_Avg_HR,mood,Previous 7 days,7-day history → current well-being,0.052049449424963444,0.6596312864573337,74,True,0.8861602710041245,False,False
p12,Exercise_Avg_HR,readiness,Previous 7 days,7-day history → current well-being,0.05202283727560036,0.6597945780149521,74,True,0.8861602710041245,False,False
p12,Exercise_Avg_HR,sleep_quality,Previous 7 days,7-day history → current well-being,0.18128856073108238,0.1221547363452249,74,True,0.46208345958306046,False,False
p12,Exercise_Avg_HR,stress,Previous 7 days,7-day history → current well-being,-0.08386827214723203,0.4774359345033612,74,True,0.7828089185850565,False,False
p12,Sleep_Hours,fatigue,Previous 7 days,7-day history → current well-being,0.14231731177778345,0.49737671987514,25,True,0.7960152633224651,False,False
p12,Sleep_Hours,mood,Previous 7 days,7-day history → current well-being,0.33305100631391116,0.103772660897983,25,True,0.4197948982512376,False,False
p12,Sleep_Hours,readiness,Previous 7 days,7-day history → current well-being,0.06381176936860955,0.7618646237529648,25,True,0.9379797958420278,False,False
p12,Sleep_Hours,sleep_quality,Previous 7 days,7-day history → current well-being,0.28354679986887504,0.16958604527692153,25,True,0.5325614803359957,False,False
p12,Sleep_Hours,stress,Previous 7 days,7-day history → current well-being,0.06076502418652188,0.7729357261242438,25,True,0.9379797958420278,False,False
p12,Sleep_Duration_Score,fatigue,Previous 7 days,7-day history → current well-being,,,7,False,,False,False
p12,Sleep_Duration_Score,mood,Previous 7 days,7-day history → current well-being,,,7,False,,False,False
p12,Sleep_Duration_Score,readiness,Previous 7 days,7-day history → current well-being,,,7,False,,False,False
p12,Sleep_Duration_Score,sleep_quality,Previous 7 days,7-day history → current well-being,,,7,False,,False,False
p12,Sleep_Duration_Score,stress,Previous 7 days,7-day history → current well-being,,,7,False,,False,False
p12,Deep_Sleep_Minutes,fatigue,Previous 7 days,7-day history → current well-being,0.17603644719998945,0.39994335534488384,25,True,0.7384213907984712,False,False
p12,Deep_Sleep_Minutes,mood,Previous 7 days,7-day history → current well-being,0.11121806186367177,0.5966200029941299,25,True,0.8534972561229454,False,False
p12,Deep_Sleep_Minutes,readiness,Previous 7 days,7-day history → current well-being,0.015113327620866708,0.9428392575534486,25,True,0.9925140323527736,False,False
p12,Deep_Sleep_Minutes,sleep_quality,Previous 7 days,7-day history → current well-being,0.2445978157775053,0.2386445595542248,25,True,0.6202938008424393,False,False
p12,Deep_Sleep_Minutes,stress,Previous 7 days,7-day history → current well-being,0.37688802973806595,0.06329397425521112,25,True,0.34393318538707973,False,False
p12,Sleep_Restlessness,fatigue,Previous 7 days,7-day history → current well-being,,,7,False,,False,False
p12,Sleep_Restlessness,mood,Previous 7 days,7-day history → current well-being,,,7,False,,False,False
p12,Sleep_Restlessness,readiness,Previous 7 days,7-day history → current well-being,,,7,False,,False,False
p12,Sleep_Restlessness,sleep_quality,Previous 7 days,7-day history → current well-being,,,7,False,,False,False
p12,Sleep_Restlessness,stress,Previous 7 days,7-day history → current well-being,,,7,False,,False,False
p12,Sleep_Composition,fatigue,Previous 7 days,7-day history → current well-being,,,7,False,,False,False
p12,Sleep_Composition,mood,Previous 7 days,7-day history → current well-being,,,7,False,,False,False
p12,Sleep_Composition,readiness,Previous 7 days,7-day history → current well-being,,,7,False,,False,False
p12,Sleep_Composition,sleep_quality,Previous 7 days,7-day history → current well-being,,,7,False,,False,False
p12,Sleep_Composition,stress,Previous 7 days,7-day history → current well-being,,,7,False,,False,False
p12,Sleep_Revitalization,fatigue,Previous 7 days,7-day history → current well-being,,,7,False,,False,False
p12,Sleep_Revitalization,mood,Previous 7 days,7-day history → current well-being,,,7,False,,False,False
p12,Sleep_Revitalization,readiness,Previous 7 days,7-day history → current well-being,,,7,False,,False,False
p12,Sleep_Revitalization,sleep_quality,Previous 7 days,7-day history → current well-being,,,7,False,,False,False
p12,Sleep_Revitalization,stress,Previous 7 days,7-day history → current well-being,,,7,False,,False,False
p12,Sleep_Score,fatigue,Previous 7 days,7-day history → current well-being,,,7,False,,False,False
p12,Sleep_Score,mood,Previous 7 days,7-day history → current well-being,,,7,False,,False,False
p12,Sleep_Score,readiness,Previous 7 days,7-day history → current well-being,,,7,False,,False,False
p12,Sleep_Score,sleep_quality,Previous 7 days,7-day history → current well-being,,,7,False,,False,False
p12,Sleep_Score,stress,Previous 7 days,7-day history → current well-being,,,7,False,,False,False
p13,Steps,fatigue,Previous 7 days,7-day history → current well-being,-0.40718452815806955,0.0005687316275913175,68,True,0.030232575993012142,True,True
p13,Steps,mood,Previous 7 days,7-day history → current well-being,-0.023841783505019493,0.8469693334466524,68,True,0.9692448887571409,False,False
p13,Steps,readiness,Previous 7 days,7-day history → current well-being,-0.4289769561015947,0.0002622200579667643,68,True,0.017865177139519392,True,True
p13,Steps,sleep_quality,Previous 7 days,7-day history → current well-being,-0.3620236051397236,0.002416596276965339,68,True,0.05306004868989114,True,False
p13,Steps,stress,Previous 7 days,7-day history → current well-being,-0.2836526718815072,0.01907502951009855,68,True,0.1800540168710237,True,False
p13,Exercise_Count,fatigue,Previous 7 days,7-day history → current well-being,-0.3795133457214646,0.0010980710017225422,71,True,0.04302449806283052,True,True
p13,Exercise_Count,mood,Previous 7 days,7-day history → current well-being,0.02660512258087596,0.8256853896663325,71,True,0.9616631881390335,False,False
p13,Exercise_Count,readiness,Previous 7 days,7-day history → current well-being,-0.3485851861659744,0.0028905641501690673,71,True,0.059581016156546075,True,False
p13,Exercise_Count,sleep_quality,Previous 7 days,7-day history → current well-being,-0.38042225127407037,0.0010657258886851576,71,True,0.04302449806283052,True,True
p13,Exercise_Count,stress,Previous 7 days,7-day history → current well-being,-0.36253567139343734,0.0018900278296882433,71,True,0.04889439209355558,True,True
p13,Exercise_Duration,fatigue,Previous 7 days,7-day history → current well-being,-0.3599676556192489,0.0020466864200251985,71,True,0.049217935338701196,True,True
p13,Exercise_Duration,mood,Previous 7 days,7-day history → current well-being,-0.029918928467454562,0.8043804587682346,71,True,0.9479863049660642,False,False
p13,Exercise_Duration,readiness,Previous 7 days,7-day history → current well-being,-0.3574774684967304,0.002209622908238763,71,True,0.051212102403061545,True,False
p13,Exercise_Duration,sleep_quality,Previous 7 days,7-day history → current well-being,-0.29154858058238814,0.013629795075465455,71,True,0.13365138860407874,True,False
p13,Exercise_Duration,stress,Previous 7 days,7-day history → current well-being,-0.33920185444475154,0.0038066677028266954,71,True,0.07082269590001142,True,False
p13,Exercise_Distance,fatigue,Previous 7 days,7-day history → current well-being,-0.005552895722173601,0.9633426444454383,71,True,0.9937742115046837,False,False
p13,Exercise_Distance,mood,Previous 7 days,7-day history → current well-being,0.14203724256700054,0.23737031018253965,71,True,0.6202938008424393,False,False
p13,Exercise_Distance,readiness,Previous 7 days,7-day history → current well-being,-0.04714438794785221,0.6962320844680767,71,True,0.9126407812833419,False,False
p13,Exercise_Distance,sleep_quality,Previous 7 days,7-day history → current well-being,-0.17964425889300534,0.13385657020157163,71,True,0.4665442893118069,False,False
p13,Exercise_Distance,stress,Previous 7 days,7-day history → current well-being,0.005264638054922926,0.9652443631086143,71,True,0.9937742115046837,False,False
p13,Exercise_Calories,fatigue,Previous 7 days,7-day history → current well-being,-0.3129109536346443,0.007885983232496173,71,True,0.09919153071431255,True,False
p13,Exercise_Calories,mood,Previous 7 days,7-day history → current well-being,-0.074260159302943,0.5382435287922257,71,True,0.8224032151579016,False,False
p13,Exercise_Calories,readiness,Previous 7 days,7-day history → current well-being,-0.3045449924763816,0.009815953063732933,71,True,0.1166366187572972,True,False
p13,Exercise_Calories,sleep_quality,Previous 7 days,7-day history → current well-being,-0.26074915281855243,0.02807350638625404,71,True,0.2251051515628835,True,False
p13,Exercise_Calories,stress,Previous 7 days,7-day history → current well-being,-0.2734219403813849,0.021046286368515185,71,True,0.19233992099312008,True,False
p13,Exercise_Avg_HR,fatigue,Previous 7 days,7-day history → current well-being,0.21623575432746941,0.09703172861134762,60,True,0.41791008041014766,False,False
p13,Exercise_Avg_HR,mood,Previous 7 days,7-day history → current well-being,-0.03594902694694828,0.7850912083559392,60,True,0.9428562668721743,False,False
p13,Exercise_Avg_HR,readiness,Previous 7 days,7-day history → current well-being,0.2279344932058914,0.07984778467539506,60,True,0.3858672847949714,False,False
p13,Exercise_Avg_HR,sleep_quality,Previous 7 days,7-day history → current well-being,0.09441245974628792,0.4730428565291386,60,True,0.7828089185850565,False,False
p13,Exercise_Avg_HR,stress,Previous 7 days,7-day history → current well-being,0.1996301207006599,0.12620542896213469,60,True,0.4646235742651079,False,False
p13,Sleep_Hours,fatigue,Previous 7 days,7-day history → current well-being,-0.041434529717974074,0.7617340363432242,56,True,0.9379797958420278,False,False
p13,Sleep_Hours,mood,Previous 7 days,7-day history → current well-being,0.08775025404779867,0.5201627931214605,56,True,0.8157832625041539,False,False
p13,Sleep_Hours,readiness,Previous 7 days,7-day history → current well-being,-0.17595917237255534,0.19455984575143204,56,True,0.564364274289191,False,False
p13,Sleep_Hours,sleep_quality,Previous 7 days,7-day history → current well-being,-0.04278095290717057,0.754230467290446,56,True,0.9379797958420278,False,False
p13,Sleep_Hours,stress,Previous 7 days,7-day history → current well-being,0.14174916337502153,0.29736426125167503,56,True,0.6740568101325118,False,False
p13,Sleep_Duration_Score,fatigue,Previous 7 days,7-day history → current well-being,0.18741689985429288,0.1878561815689423,51,True,0.5571384574715927,False,False
p13,Sleep_Duration_Score,mood,Previous 7 days,7-day history → current well-being,0.2517892415062742,0.07468468579428567,51,True,0.37272066663197223,False,False
p13,Sleep_Duration_Score,readiness,Previous 7 days,7-day history → current well-being,0.10668103028818426,0.45621257863672154,51,True,0.7628720271905444,False,False
p13,Sleep_Duration_Score,sleep_quality,Previous 7 days,7-day history → current well-being,0.25604731241943823,0.06974297433867321,51,True,0.3630948664023709,False,False
p13,Sleep_Duration_Score,stress,Previous 7 days,7-day history → current well-being,0.12151897917072346,0.39562580936242936,51,True,0.7366586765302082,False,False
p13,Deep_Sleep_Minutes,fatigue,Previous 7 days,7-day history → current well-being,0.04559600143027831,0.7386156936488439,56,True,0.9336693999816424,False,False
p13,Deep_Sleep_Minutes,mood,Previous 7 days,7-day history → current well-being,-0.12956508162469144,0.3412350819226413,56,True,0.7070181449874434,False,False
p13,Deep_Sleep_Minutes,readiness,Previous 7 days,7-day history → current well-being,0.009964807329443494,0.9418939018734116,56,True,0.9925140323527736,False,False
p13,Deep_Sleep_Minutes,sleep_quality,Previous 7 days,7-day history → current well-being,0.28109482620396875,0.03585262264763063,56,True,0.25163689567917763,True,False
p13,Deep_Sleep_Minutes,stress,Previous 7 days,7-day history → current well-being,0.284837191262198,0.03335832745749838,56,True,0.24238784699333352,True,False
p13,Sleep_Restlessness,fatigue,Previous 7 days,7-day history → current well-being,-0.2757123745042459,0.05019393675449816,51,True,0.3087954873142188,False,False
p13,Sleep_Restlessness,mood,Previous 7 days,7-day history → current well-being,0.15488443055254336,0.2778154686641508,51,True,0.6617774135631894,False,False
p13,Sleep_Restlessness,readiness,Previous 7 days,7-day history → current well-being,-0.1649579604333384,0.2473638628278017,51,True,0.628134396936751,False,False
p13,Sleep_Restlessness,sleep_quality,Previous 7 days,7-day history → current well-being,-0.05142682307248317,0.7200488955118186,51,True,0.9259553220470421,False,False
p13,Sleep_Restlessness,stress,Previous 7 days,7-day history → current well-being,-0.0854598661501842,0.5509963357012283,51,True,0.8294798239747866,False,False
p13,Sleep_Composition,fatigue,Previous 7 days,7-day history → current well-being,0.2682042895806673,0.05705308589020036,51,True,0.32372818398372116,False,False
p13,Sleep_Composition,mood,Previous 7 days,7-day history → current well-being,0.18851864405334792,0.18522721436871725,51,True,0.5518568923669747,False,False
p13,Sleep_Composition,readiness,Previous 7 days,7-day history → current well-being,0.19136346681850055,0.1785611235256828,51,True,0.5383733592925657,False,False
p13,Sleep_Composition,sleep_quality,Previous 7 days,7-day history → current well-being,0.2752562748164463,0.050590553625925634,51,True,0.3087954873142188,False,False
p13,Sleep_Composition,stress,Previous 7 days,7-day history → current well-being,0.34500516801288683,0.01316051269934941,51,True,0.13160512699349408,True,False
p13,Sleep_Revitalization,fatigue,Previous 7 days,7-day history → current well-being,0.04098105403328467,0.7752398516303679,51,True,0.9379797958420278,False,False
p13,Sleep_Revitalization,mood,Previous 7 days,7-day history → current well-being,0.23237552236407605,0.10081803996654796,51,True,0.41791008041014766,False,False
p13,Sleep_Revitalization,readiness,Previous 7 days,7-day history → current well-being,0.019093430948593133,0.8942044252497235,51,True,0.9838603187912556,False,False
p13,Sleep_Revitalization,sleep_quality,Previous 7 days,7-day history → current well-being,-0.031027371323976212,0.8288797899298221,51,True,0.9616631881390335,False,False
p13,Sleep_Revitalization,stress,Previous 7 days,7-day history → current well-being,-0.07822856427081756,0.5853057789047762,51,True,0.8530430543922423,False,False
p13,Sleep_Score,fatigue,Previous 7 days,7-day history → current well-being,0.20568594823207909,0.1476142434134763,51,True,0.49042890081451007,False,False
p13,Sleep_Score,mood,Previous 7 days,7-day history → current well-being,0.27542816005805726,0.05044078735734594,51,True,0.3087954873142188,False,False
p13,Sleep_Score,readiness,Previous 7 days,7-day history → current well-being,0.12673373553617678,0.37550806127098013,51,True,0.7307641902781732,False,False
p13,Sleep_Score,sleep_quality,Previous 7 days,7-day history → current well-being,0.23259462088379526,0.10048814802660848,51,True,0.41791008041014766,False,False
p13,Sleep_Score,stress,Previous 7 days,7-day history → current well-being,0.1532672144795291,0.2829250647956173,51,True,0.6645449196362174,False,False
p14,Steps,fatigue,Previous 7 days,7-day history → current well-being,-0.14853905614508808,0.09966987974224811,124,True,0.41791008041014766,False,False
p14,Steps,mood,Previous 7 days,7-day history → current well-being,-0.06475078759999248,0.4749291178464109,124,True,0.7828089185850565,False,False
p14,Steps,readiness,Previous 7 days,7-day history → current well-being,0.1102469579977419,0.22286531179205826,124,True,0.602765161006588,False,False
p14,Steps,sleep_quality,Previous 7 days,7-day history → current well-being,0.10642625470015717,0.23941322061227477,124,True,0.6202938008424393,False,False
p14,Steps,stress,Previous 7 days,7-day history → current well-being,0.1467304962700195,0.10390962828000931,124,True,0.4197948982512376,False,False
p14,Exercise_Count,fatigue,Previous 7 days,7-day history → current well-being,-0.20647600207166952,0.02140381524746512,124,True,0.19301654821374797,True,False
p14,Exercise_Count,mood,Previous 7 days,7-day history → current well-being,-0.06140405149405501,0.4981006400196019,124,True,0.7960152633224651,False,False
p14,Exercise_Count,readiness,Previous 7 days,7-day history → current well-being,0.08830103596429868,0.3294477138351808,124,True,0.6971661180725064,False,False
p14,Exercise_Count,sleep_quality,Previous 7 days,7-day history → current well-being,0.015475370231959953,0.8645450870149209,124,True,0.9704238296534385,False,False
p14,Exercise_Count,stress,Previous 7 days,7-day history → current well-being,0.10593268229799185,0.24161177026989855,124,True,0.6222521654594725,False,False
p14,Exercise_Duration,fatigue,Previous 7 days,7-day history → current well-being,-0.16476533001790739,0.06744657972490599,124,True,0.3566546885976704,False,False
p14,Exercise_Duration,mood,Previous 7 days,7-day history → current well-being,-0.07359669884861113,0.41659624685433577,124,True,0.741426942498491,False,False
p14,Exercise_Duration,readiness,Previous 7 days,7-day history → current well-being,-0.023319027785421883,0.7971210285214209,124,True,0.9479863049660642,False,False
p14,Exercise_Duration,sleep_quality,Previous 7 days,7-day history → current well-being,0.03225226365482586,0.7221392283983022,124,True,0.9259553220470421,False,False
p14,Exercise_Duration,stress,Previous 7 days,7-day history → current well-being,0.10134684307315421,0.2627105415789711,124,True,0.6451197645578008,False,False
p14,Exercise_Distance,fatigue,Previous 7 days,7-day history → current well-being,-0.1727292058002853,0.055060767639811735,124,True,0.3197371330962629,False,False
p14,Exercise_Distance,mood,Previous 7 days,7-day history → current well-being,-0.2765054679188439,0.0018791654011088615,124,True,0.04889439209355558,True,True
p14,Exercise_Distance,readiness,Previous 7 days,7-day history → current well-being,-0.3368290416832118,0.00013067627915117676,124,True,0.014664782438076505,True,True
p14,Exercise_Distance,sleep_quality,Previous 7 days,7-day history → current well-being,0.026897528397799644,0.7668189248698678,124,True,0.9379797958420278,False,False
p14,Exercise_Distance,stress,Previous 7 days,7-day history → current well-being,-0.2030062809498258,0.02374143358559611,124,True,0.2067142062194144,True,False
p14,Exercise_Calories,fatigue,Previous 7 days,7-day history → current well-being,-0.1575535758430801,0.08053226042968423,124,True,0.38732182397133846,False,False
p14,Exercise_Calories,mood,Previous 7 days,7-day history → current well-being,-0.09739661724102494,0.2818648472649131,124,True,0.6636894679622124,False,False
p14,Exercise_Calories,readiness,Previous 7 days,7-day history → current well-being,-0.04802494924058185,0.5963387697714327,124,True,0.8534972561229454,False,False
p14,Exercise_Calories,sleep_quality,Previous 7 days,7-day history → current well-being,0.029789100131427385,0.7425859968461597,124,True,0.9360470396032395,False,False
p14,Exercise_Calories,stress,Previous 7 days,7-day history → current well-being,0.031631105607547706,0.7272776762838773,124,True,0.929263624226062,False,False
p14,Exercise_Avg_HR,fatigue,Previous 7 days,7-day history → current well-being,0.05639041432923284,0.5338940019536496,124,True,0.8207502921966302,False,False
p14,Exercise_Avg_HR,mood,Previous 7 days,7-day history → current well-being,-0.05486463282540402,0.545035940244207,124,True,0.8277989468370662,False,False
p14,Exercise_Avg_HR,readiness,Previous 7 days,7-day history → current well-being,-0.151193376038802,0.0936956014833942,124,True,0.4114459021662093,False,False
p14,Exercise_Avg_HR,sleep_quality,Previous 7 days,7-day history → current well-being,0.09473808455858061,0.29527002073945435,124,True,0.6740568101325118,False,False
p14,Exercise_Avg_HR,stress,Previous 7 days,7-day history → current well-being,-0.18827845153674386,0.03624988957723826,124,True,0.25163689567917763,True,False
p14,Sleep_Hours,fatigue,Previous 7 days,7-day history → current well-being,0.09419704559043086,0.2980489213137112,124,True,0.6740568101325118,False,False
p14,Sleep_Hours,mood,Previous 7 days,7-day history → current well-being,0.11556494482499037,0.20120335484377674,124,True,0.5781607185154652,False,False
p14,Sleep_Hours,readiness,Previous 7 days,7-day history → current well-being,0.02523289481254328,0.7808740164690171,124,True,0.9421000042193443,False,False
p14,Sleep_Hours,sleep_quality,Previous 7 days,7-day history → current well-being,-0.08735520653043463,0.33467480830625945,124,True,0.7027475184809191,False,False
p14,Sleep_Hours,stress,Previous 7 days,7-day history → current well-being,0.09390081165516186,0.299577733525825,124,True,0.6740568101325118,False,False
p14,Sleep_Duration_Score,fatigue,Previous 7 days,7-day history → current well-being,-0.03893022537468278,0.6677187453451854,124,True,0.8911214557410596,False,False
p14,Sleep_Duration_Score,mood,Previous 7 days,7-day history → current well-being,-0.24174684674456626,0.006831287050123031,124,True,0.09451506740581181,True,False
p14,Sleep_Duration_Score,readiness,Previous 7 days,7-day history → current well-being,-0.1981762868242293,0.027357436998337026,124,True,0.22464236884813332,True,False
p14,Sleep_Duration_Score,sleep_quality,Previous 7 days,7-day history → current well-being,-0.22349578640116288,0.012589136901801848,124,True,0.12823880387142747,True,False
p14,Sleep_Duration_Score,stress,Previous 7 days,7-day history → current well-being,-0.015877834607878786,0.8610572793287065,124,True,0.9704238296534385,False,False
p14,Deep_Sleep_Minutes,fatigue,Previous 7 days,7-day history → current well-being,0.0756569836335721,0.403635528359295,124,True,0.7384213907984712,False,False
p14,Deep_Sleep_Minutes,mood,Previous 7 days,7-day history → current well-being,0.046727438821020456,0.606310853835578,124,True,0.8600757898510307,False,False
p14,Deep_Sleep_Minutes,readiness,Previous 7 days,7-day history → current well-being,0.00043097685189332456,0.9962096233303124,124,True,0.9981862297258091,False,False
p14,Deep_Sleep_Minutes,sleep_quality,Previous 7 days,7-day history → current well-being,-0.10392681740208005,0.2506908505698948,124,True,0.6298451718298352,False,False
p14,Deep_Sleep_Minutes,stress,Previous 7 days,7-day history → current well-being,-0.14825101534349738,0.10033584842611003,124,True,0.41791008041014766,False,False
p14,Sleep_Restlessness,fatigue,Previous 7 days,7-day history → current well-being,0.19320212130166536,0.031561693574147204,124,True,0.2396790263901404,True,False
p14,Sleep_Restlessness,mood,Previous 7 days,7-day history → current well-being,0.2578755770170121,0.003833209023640105,124,True,0.07082269590001142,True,False
p14,Sleep_Restlessness,readiness,Previous 7 days,7-day history → current well-being,0.30805951890351885,0.0005000838658823844,124,True,0.02806026136340046,True,True
p14,Sleep_Restlessness,sleep_quality,Previous 7 days,7-day history → current well-being,0.0935927595011052,0.3011730074971232,124,True,0.6740568101325118,False,False
p14,Sleep_Restlessness,stress,Previous 7 days,7-day history → current well-being,0.16129863702702787,0.07350328177809422,124,True,0.37272066663197223,False,False
p14,Sleep_Composition,fatigue,Previous 7 days,7-day history → current well-being,0.06360928167488486,0.48276614853645927,124,True,0.7889867476081293,False,False
p14,Sleep_Composition,mood,Previous 7 days,7-day history → current well-being,0.07101047241463576,0.4332039361932903,124,True,0.7492054375945603,False,False
p14,Sleep_Composition,readiness,Previous 7 days,7-day history → current well-being,-0.07447446466872178,0.4110450556320174,124,True,0.7384213907984712,False,False
p14,Sleep_Composition,sleep_quality,Previous 7 days,7-day history → current well-being,-0.05098467341604904,0.5738725945088522,124,True,0.8483045864120758,False,False
p14,Sleep_Composition,stress,Previous 7 days,7-day history → current well-being,-0.25319255860882267,0.004550218050522753,124,True,0.07717545997798367,True,False
p14,Sleep_Revitalization,fatigue,Previous 7 days,7-day history → current well-being,-0.284836336869636,0.0013442120454410585,124,True,0.04446203512659057,True,True
p14,Sleep_Revitalization,mood,Previous 7 days,7-day history → current well-being,-0.3163943844415999,0.00034364832124678216,124,True,0.02041675320348529,True,True
p14,Sleep_Revitalization,readiness,Previous 7 days,7-day history → current well-being,-0.17374246980058858,0.05362865705553792,124,True,0.31675405629294323,False,False
p14,Sleep_Revitalization,sleep_quality,Previous 7 days,7-day history → current well-being,-0.1100261776066969,0.22379894591828758,124,True,0.602765161006588,False,False
p14,Sleep_Revitalization,stress,Previous 7 days,7-day history → current well-being,-0.04154196387070617,0.6468773084148455,124,True,0.8812891670799159,False,False
p14,Sleep_Score,fatigue,Previous 7 days,7-day history → current well-being,-0.12987076588301863,0.1505392821251801,124,True,0.4985071309719079,False,False
p14,Sleep_Score,mood,Previous 7 days,7-day history → current well-being,-0.2790914422795806,0.0016954100108045557,124,True,0.0468998675262801,True,True
p14,Sleep_Score,readiness,Previous 7 days,7-day history → current well-being,-0.22356450810072728,0.012561232008067332,124,True,0.12823880387142747,True,False
p14,Sleep_Score,sleep_quality,Previous 7 days,7-day history → current well-being,-0.20905046926524679,0.01979986720654496,124,True,0.18516542480194825,True,False
p14,Sleep_Score,stress,Previous 7 days,7-day history → current well-being,-0.08564565502904675,0.344255712685893,124,True,0.7070181449874434,False,False
p15,Steps,fatigue,Previous 7 days,7-day history → current well-being,-0.07387354684161579,0.47918425268459913,94,True,0.7844020992081768,False,False
p15,Steps,mood,Previous 7 days,7-day history → current well-being,-0.05049157926833763,0.6288880389752048,94,True,0.8720271341922531,False,False
p15,Steps,readiness,Previous 7 days,7-day history → current well-being,-0.0815080884457474,0.4348157758535207,94,True,0.7494265078704027,False,False
p15,Steps,sleep_quality,Previous 7 days,7-day history → current well-being,-0.04402385183487947,0.6735210453348448,94,True,0.8928382274329486,False,False
p15,Steps,stress,Previous 7 days,7-day history → current well-being,0.06598627796164808,0.5274587772594769,94,True,0.8207341203718918,False,False
p15,Exercise_Count,fatigue,Previous 7 days,7-day history → current well-being,0.01909625255753725,0.8550456201966398,94,True,0.9704238296534385,False,False
p15,Exercise_Count,mood,Previous 7 days,7-day history → current well-being,0.04002752006904943,0.7016884215413004,94,True,0.9164096196929444,False,False
p15,Exercise_Count,readiness,Previous 7 days,7-day history → current well-being,0.14051042510177064,0.17676479977690343,94,True,0.5377483366707002,False,False
p15,Exercise_Count,sleep_quality,Previous 7 days,7-day history → current well-being,0.03205074484538313,0.759098703449761,94,True,0.9379797958420278,False,False
p15,Exercise_Count,stress,Previous 7 days,7-day history → current well-being,-0.029891967626423894,0.7748784255708205,94,True,0.9379797958420278,False,False
p15,Exercise_Duration,fatigue,Previous 7 days,7-day history → current well-being,-0.18967104862019202,0.06710312004016772,94,True,0.3566546885976704,False,False
p15,Exercise_Duration,mood,Previous 7 days,7-day history → current well-being,-0.1097686941121145,0.29225214767935237,94,True,0.6740568101325118,False,False
p15,Exercise_Duration,readiness,Previous 7 days,7-day history → current well-being,-0.2021145541100014,0.0507525256377825,94,True,0.3087954873142188,False,False
p15,Exercise_Duration,sleep_quality,Previous 7 days,7-day history → current well-being,-0.12157898215775807,0.24308259016941697,94,True,0.623130497642414,False,False
p15,Exercise_Duration,stress,Previous 7 days,7-day history → current well-being,0.07874813893419598,0.45057980833100847,94,True,0.7572139873782339,False,False
p15,Exercise_Distance,fatigue,Previous 7 days,7-day history → current well-being,-0.20421330354144576,0.048348961046217095,94,True,0.30330714693589605,True,False
p15,Exercise_Distance,mood,Previous 7 days,7-day history → current well-being,-0.03210095783569836,0.758732811961472,94,True,0.9379797958420278,False,False
p15,Exercise_Distance,readiness,Previous 7 days,7-day history → current well-being,-0.08572786926465106,0.4113298910369374,94,True,0.7384213907984712,False,False
p15,Exercise_Distance,sleep_quality,Previous 7 days,7-day history → current well-being,-0.1676568355731182,0.10626755076982243,94,True,0.42591359633936765,False,False
p15,Exercise_Distance,stress,Previous 7 days,7-day history → current well-being,0.043979211427356744,0.6738332985734273,94,True,0.8928382274329486,False,False
p15,Exercise_Calories,fatigue,Previous 7 days,7-day history → current well-being,-0.19800457754060102,0.05574470330913408,94,True,0.3217265733841453,False,False
p15,Exercise_Calories,mood,Previous 7 days,7-day history → current well-being,-0.032121191959324544,0.7585853851772065,94,True,0.9379797958420278,False,False
p15,Exercise_Calories,readiness,Previous 7 days,7-day history → current well-being,-0.09281660208721981,0.37358799084753674,94,True,0.7307641902781732,False,False
p15,Exercise_Calories,sleep_quality,Previous 7 days,7-day history → current well-being,-0.14504433007439554,0.1630673004955779,94,True,0.5251438808282397,False,False
p15,Exercise_Calories,stress,Previous 7 days,7-day history → current well-being,0.12011723422822271,0.2488370945779482,94,True,0.628134396936751,False,False
p15,Exercise_Avg_HR,fatigue,Previous 7 days,7-day history → current well-being,-0.08441172374720778,0.41857442609351225,94,True,0.7429879971079919,False,False
p15,Exercise_Avg_HR,mood,Previous 7 days,7-day history → current well-being,0.17561368068185423,0.09044764430115824,94,True,0.4060094255296437,False,False
p15,Exercise_Avg_HR,readiness,Previous 7 days,7-day history → current well-being,0.10864766475580603,0.2972385664332735,94,True,0.6740568101325118,False,False
p15,Exercise_Avg_HR,sleep_quality,Previous 7 days,7-day history → current well-being,-0.06550314093599463,0.5304931417220874,94,True,0.8207341203718918,False,False
p15,Exercise_Avg_HR,stress,Previous 7 days,7-day history → current well-being,-0.05615995206553908,0.590832325929716,94,True,0.8534972561229454,False,False
p15,Sleep_Hours,fatigue,Previous 7 days,7-day history → current well-being,-0.06830950377605899,0.5129902831600158,94,True,0.8095627906119,False,False
p15,Sleep_Hours,mood,Previous 7 days,7-day history → current well-being,-0.09093799075143774,0.3833787405175204,94,True,0.7347829168755551,False,False
p15,Sleep_Hours,readiness,Previous 7 days,7-day history → current well-being,-0.09026641354741169,0.38691595730208567,94,True,0.7347829168755551,False,False
p15,Sleep_Hours,sleep_quality,Previous 7 days,7-day history → current well-being,-0.16218870439401709,0.11833556450645712,94,True,0.45444456331377064,False,False
p15,Sleep_Hours,stress,Previous 7 days,7-day history → current well-being,-0.07689303171470097,0.4613520387332064,94,True,0.7701910068108074,False,False
p15,Sleep_Duration_Score,fatigue,Previous 7 days,7-day history → current well-being,-0.0025479325535167335,0.9805553787525305,94,True,0.9937742115046837,False,False
p15,Sleep_Duration_Score,mood,Previous 7 days,7-day history → current well-being,0.03343929759166479,0.7490004292945586,94,True,0.9379797958420278,False,False
p15,Sleep_Duration_Score,readiness,Previous 7 days,7-day history → current well-being,-0.019263625417661488,0.8537891617105888,94,True,0.9704238296534385,False,False
p15,Sleep_Duration_Score,sleep_quality,Previous 7 days,7-day history → current well-being,-0.12044869542706504,0.24752407975463664,94,True,0.628134396936751,False,False
p15,Sleep_Duration_Score,stress,Previous 7 days,7-day history → current well-being,0.09561010750154293,0.3593136112926457,94,True,0.7268045220237974,False,False
p15,Deep_Sleep_Minutes,fatigue,Previous 7 days,7-day history → current well-being,0.05880236153728316,0.5734556604049138,94,True,0.8483045864120758,False,False
p15,Deep_Sleep_Minutes,mood,Previous 7 days,7-day history → current well-being,-0.009513830820087027,0.9274863210380347,94,True,0.9910519371129481,False,False
p15,Deep_Sleep_Minutes,readiness,Previous 7 days,7-day history → current well-being,0.1134543837599691,0.2762494549585191,94,True,0.659602717513249,False,False
p15,Deep_Sleep_Minutes,sleep_quality,Previous 7 days,7-day history → current well-being,-0.049559846345972526,0.6352409751655408,94,True,0.8758828939681816,False,False
p15,Deep_Sleep_Minutes,stress,Previous 7 days,7-day history → current well-being,-0.014966109870112815,0.8861572145319181,94,True,0.9801839559182813,False,False
p15,Sleep_Restlessness,fatigue,Previous 7 days,7-day history → current well-being,0.15781253752498664,0.12873388302042058,94,True,0.4646235742651079,False,False
p15,Sleep_Restlessness,mood,Previous 7 days,7-day history → current well-being,0.08618213750923505,0.4088465326665257,94,True,0.7384213907984712,False,False
p15,Sleep_Restlessness,readiness,Previous 7 days,7-day history → current well-being,-0.013382106017358408,0.8981378355698393,94,True,0.9838603187912556,False,False
p15,Sleep_Restlessness,sleep_quality,Previous 7 days,7-day history → current well-being,0.01773025089179653,0.8653133612928778,94,True,0.9704238296534385,False,False
p15,Sleep_Restlessness,stress,Previous 7 days,7-day history → current well-being,0.03731558709056863,0.7210381018118333,94,True,0.9259553220470421,False,False
p15,Sleep_Composition,fatigue,Previous 7 days,7-day history → current well-being,0.053494008895781146,0.6086012349173407,94,True,0.8617283094603901,False,False
p15,Sleep_Composition,mood,Previous 7 days,7-day history → current well-being,0.028125974433490523,0.7878557511417984,94,True,0.9444989760838159,False,False
p15,Sleep_Composition,readiness,Previous 7 days,7-day history → current well-being,0.031067605278394906,0.7662732287318211,94,True,0.9379797958420278,False,False
p15,Sleep_Composition,sleep_quality,Previous 7 days,7-day history → current well-being,-0.0065799531385132195,0.9498126027145083,94,True,0.9937742115046837,False,False
p15,Sleep_Composition,stress,Previous 7 days,7-day history → current well-being,0.14846256654787185,0.15327282874048642,94,True,0.5033949255760443,False,False
p15,Sleep_Revitalization,fatigue,Previous 7 days,7-day history → current well-being,-0.2705329220493305,0.008359623738660305,94,True,0.10296609726886473,True,False
p15,Sleep_Revitalization,mood,Previous 7 days,7-day history → current well-being,0.02526042024819624,0.8090354547842303,94,True,0.9501462899210147,False,False
p15,Sleep_Revitalization,readiness,Previous 7 days,7-day history → current well-being,-0.09729555254952181,0.3508666041097908,94,True,0.7173588464592889,False,False
p15,Sleep_Revitalization,sleep_quality,Previous 7 days,7-day history → current well-being,-0.21213787682519777,0.04010565785323462,94,True,0.26825638696534415,True,False
p15,Sleep_Revitalization,stress,Previous 7 days,7-day history → current well-being,0.16314189467305154,0.11615907496933456,94,True,0.45123332968856883,False,False
p15,Sleep_Score,fatigue,Previous 7 days,7-day history → current well-being,-0.0837081929445333,0.42247701088792367,94,True,0.7459821346097953,False,False
p15,Sleep_Score,mood,Previous 7 days,7-day history → current well-being,0.04123572260887606,0.6931278968706049,94,True,0.9126407812833419,False,False
p15,Sleep_Score,readiness,Previous 7 days,7-day history → current well-being,-0.037121686685637825,0.7224285086862071,94,True,0.9259553220470421,False,False
p15,Sleep_Score,sleep_quality,Previous 7 days,7-day history → current well-being,-0.15840413243200924,0.12728870321662739,94,True,0.4646235742651079,False,False
p15,Sleep_Score,stress,Previous 7 days,7-day history → current well-being,0.17818816889153138,0.08574863727224684,94,True,0.40082865967612447,False,False
p16,Steps,fatigue,Previous 7 days,7-day history → current well-being,0.0528844526715862,0.6391477951408128,81,True,0.8770914036579088,False,False
p16,Steps,mood,Previous 7 days,7-day history → current well-being,0.22032637998979873,0.04810073310212165,81,True,0.30330714693589605,True,False
p16,Steps,readiness,Previous 7 days,7-day history → current well-being,0.002233716573465341,0.9842100937026553,81,True,0.9940521946396819,False,False
p16,Steps,sleep_quality,Previous 7 days,7-day history → current well-being,-0.0037413908897079504,0.9735555604795467,81,True,0.9937742115046837,False,False
p16,Steps,stress,Previous 7 days,7-day history → current well-being,0.3176495868766482,0.003856681459901612,81,True,0.07082269590001142,True,False
p16,Exercise_Count,fatigue,Previous 7 days,7-day history → current well-being,-0.03853521082127332,0.732687095675919,81,True,0.9336693999816424,False,False
p16,Exercise_Count,mood,Previous 7 days,7-day history → current well-being,0.011872134894557101,0.9162233311130744,81,True,0.9882193366747707,False,False
p16,Exercise_Count,readiness,Previous 7 days,7-day history → current well-being,-0.1008049673597036,0.3705587144108912,81,True,0.7307641902781732,False,False
p16,Exercise_Count,sleep_quality,Previous 7 days,7-day history → current well-being,-0.116041180452568,0.30224632258340317,81,True,0.6740568101325118,False,False
p16,Exercise_Count,stress,Previous 7 days,7-day history → current well-being,0.10257536080589211,0.3621709780266931,81,True,0.7268045220237974,False,False
p16,Exercise_Duration,fatigue,Previous 7 days,7-day history → current well-being,-0.06375665926632296,0.5717560919662166,81,True,0.8479789322846971,False,False
p16,Exercise_Duration,mood,Previous 7 days,7-day history → current well-being,0.03795931222446456,0.7365352067450384,81,True,0.9336693999816424,False,False
p16,Exercise_Duration,readiness,Previous 7 days,7-day history → current well-being,-0.12736781675571032,0.2571657456154001,81,True,0.6381754375222459,False,False
p16,Exercise_Duration,sleep_quality,Previous 7 days,7-day history → current well-being,-0.10742237612949077,0.33981020357884395,81,True,0.7070181449874434,False,False
p16,Exercise_Duration,stress,Previous 7 days,7-day history → current well-being,0.10919169815943211,0.3318689374452867,81,True,0.6983075558744575,False,False
p16,Exercise_Calories,fatigue,Previous 7 days,7-day history → current well-being,-0.060644947233401116,0.5907036675781716,81,True,0.8534972561229454,False,False
p16,Exercise_Calories,mood,Previous 7 days,7-day history → current well-being,0.03422592138824773,0.7616349806527384,81,True,0.9379797958420278,False,False
p16,Exercise_Calories,readiness,Previous 7 days,7-day history → current well-being,-0.1308151294799678,0.24440491787918578,81,True,0.6233559774191354,False,False
p16,Exercise_Calories,sleep_quality,Previous 7 days,7-day history → current well-being,-0.11743332970486783,0.2964434836746399,81,True,0.6740568101325118,False,False
p16,Exercise_Calories,stress,Previous 7 days,7-day history → current well-being,0.08712708308428561,0.43926890299880916,81,True,0.7516988806250882,False,False
p16,Exercise_Avg_HR,fatigue,Previous 7 days,7-day history → current well-being,0.05809005134020885,0.6949234268485042,48,True,0.9126407812833419,False,False
p16,Exercise_Avg_HR,mood,Previous 7 days,7-day history → current well-being,0.08830256173696054,0.5506278887822413,48,True,0.8294798239747866,False,False
p16,Exercise_Avg_HR,readiness,Previous 7 days,7-day history → current well-being,0.044823834032896887,0.7622597025085247,48,True,0.9379797958420278,False,False
p16,Exercise_Avg_HR,sleep_quality,Previous 7 days,7-day history → current well-being,-0.17481819329370313,0.23466490114767413,48,True,0.6202938008424393,False,False
p16,Exercise_Avg_HR,stress,Previous 7 days,7-day history → current well-being,-0.3337977882086041,0.020416838980385012,48,True,0.1891835538549437,True,False
p16,Sleep_Hours,fatigue,Previous 7 days,7-day history → current well-being,-0.24636368814315218,0.026616000573418112,81,True,0.2206758010278233,True,False
p16,Sleep_Hours,mood,Previous 7 days,7-day history → current well-being,-0.03089169628852498,0.7842619145422373,81,True,0.9428562668721743,False,False
p16,Sleep_Hours,readiness,Previous 7 days,7-day history → current well-being,-0.07889713222577995,0.48384603483292127,81,True,0.7894741440731026,False,False
p16,Sleep_Hours,sleep_quality,Previous 7 days,7-day history → current well-being,-0.11460003874277876,0.3083309369120995,81,True,0.6740568101325118,False,False
p16,Sleep_Hours,stress,Previous 7 days,7-day history → current well-being,-0.05186329935135771,0.6456422365688705,81,True,0.8812144039656207,False,False
p16,Sleep_Duration_Score,fatigue,Previous 7 days,7-day history → current well-being,0.007876532439087976,0.9443623614762529,81,True,0.9925140323527736,False,False
p16,Sleep_Duration_Score,mood,Previous 7 days,7-day history → current well-being,0.12157739239297807,0.2796053435348359,81,True,0.6636894679622124,False,False
p16,Sleep_Duration_Score,readiness,Previous 7 days,7-day history → current well-being,0.021911154134919206,0.8460516820390075,81,True,0.9692448887571409,False,False
p16,Sleep_Duration_Score,sleep_quality,Previous 7 days,7-day history → current well-being,0.05695605801779665,0.6135254787860649,81,True,0.8632321494812749,False,False
p16,Sleep_Duration_Score,stress,Previous 7 days,7-day history → current well-being,0.08989068206697531,0.4248361213137599,81,True,0.7468371342626539,False,False
p16,Deep_Sleep_Minutes,fatigue,Previous 7 days,7-day history → current well-being,-0.20792330606110784,0.0625133841521085,81,True,0.3431441195305956,False,False
p16,Deep_Sleep_Minutes,mood,Previous 7 days,7-day history → current well-being,-0.012050450589858132,0.9149696807532284,81,True,0.9882193366747707,False,False
p16,Deep_Sleep_Minutes,readiness,Previous 7 days,7-day history → current well-being,-0.05040107979706271,0.6549880455267673,81,True,0.8843752719226596,False,False
p16,Deep_Sleep_Minutes,sleep_quality,Previous 7 days,7-day history → current well-being,-0.15365007729319508,0.1708415045830323,81,True,0.5325614803359957,False,False
p16,Deep_Sleep_Minutes,stress,Previous 7 days,7-day history → current well-being,-0.016220669398973313,0.885716508258501,81,True,0.9801839559182813,False,False
p16,Sleep_Restlessness,fatigue,Previous 7 days,7-day history → current well-being,0.009305198466364926,0.9342913491551729,81,True,0.9910519371129481,False,False
p16,Sleep_Restlessness,mood,Previous 7 days,7-day history → current well-being,-0.019453367306014165,0.8631424509986664,81,True,0.9704238296534385,False,False
p16,Sleep_Restlessness,readiness,Previous 7 days,7-day history → current well-being,0.0734812750211818,0.5144432900387508,81,True,0.81058927135591,False,False
p16,Sleep_Restlessness,sleep_quality,Previous 7 days,7-day history → current well-being,-0.07554304951651543,0.5026800766458795,81,True,0.8007994911866535,False,False
p16,Sleep_Restlessness,stress,Previous 7 days,7-day history → current well-being,0.0026770571776001603,0.981076694538466,81,True,0.9937742115046837,False,False
p16,Sleep_Composition,fatigue,Previous 7 days,7-day history → current well-being,-0.1645526650747882,0.14210891451641378,81,True,0.48069172038068353,False,False
p16,Sleep_Composition,mood,Previous 7 days,7-day history → current well-being,0.1395276313328228,0.21411925900253703,81,True,0.5949499044218831,False,False
p16,Sleep_Composition,readiness,Previous 7 days,7-day history → current well-being,-0.0894345338179837,0.4271994315959258,81,True,0.747789829376049,False,False
p16,Sleep_Composition,sleep_quality,Previous 7 days,7-day history → current well-being,-0.05046318971165767,0.6545899754441704,81,True,0.8843752719226596,False,False
p16,Sleep_Composition,stress,Previous 7 days,7-day history → current well-being,0.0898243047275746,0.42517955663467916,81,True,0.7468371342626539,False,False
p16,Sleep_Revitalization,fatigue,Previous 7 days,7-day history → current well-being,-0.12100215112717534,0.28190374431266246,81,True,0.6636894679622124,False,False
p16,Sleep_Revitalization,mood,Previous 7 days,7-day history → current well-being,-0.08056236768348056,0.4746367636901113,81,True,0.7828089185850565,False,False
p16,Sleep_Revitalization,readiness,Previous 7 days,7-day history → current well-being,-0.08012252056338545,0.477060039360345,81,True,0.7828089185850565,False,False
p16,Sleep_Revitalization,sleep_quality,Previous 7 days,7-day history → current well-being,-0.07467733837894482,0.5076022413062857,81,True,0.8056345110580686,False,False
p16,Sleep_Revitalization,stress,Previous 7 days,7-day history → current well-being,-0.1380522693860718,0.21905166549895508,81,True,0.599205168394815,False,False
p16,Sleep_Score,fatigue,Previous 7 days,7-day history → current well-being,-0.07601934781228623,0.49998258581209054,81,True,0.797760523965579,False,False
p16,Sleep_Score,mood,Previous 7 days,7-day history → current well-being,0.09644852520486574,0.39169678586233486,81,True,0.7347829168755551,False,False
p16,Sleep_Score,readiness,Previous 7 days,7-day history → current well-being,-0.033666458531051165,0.7654182866322785,81,True,0.9379797958420278,False,False
p16,Sleep_Score,sleep_quality,Previous 7 days,7-day history → current well-being,0.0024118698622114625,0.9829509280130485,81,True,0.9937742115046837,False,False
p16,Sleep_Score,stress,Previous 7 days,7-day history → current well-being,0.04406964889582477,0.6960544630655882,81,True,0.9126407812833419,False,False
