Participant,Target,Behavior_Variable,Mean_Importance,Total_Importance,Max_Importance,Feature_Count,Relative_Importance,Behavior_Rank
p01,fatigue_next_day_change,Exercise_Avg_HR,0.03363127024145206,0.2354188916901644,0.0526258829775793,7,0.23541889169016536,1.0
p01,fatigue_next_day_change,Steps,0.023022650419267997,0.161158552934876,0.0444362680234384,7,0.16115855293487666,2.0
p01,fatigue_next_day_change,Exercise_Calories,0.015765445581206957,0.1103581190684487,0.0320109549037279,7,0.11035811906844915,3.0
p01,fatigue_next_day_change,Exercise_Duration,0.009978469741468128,0.0698492881902769,0.0166367658609924,7,0.06984928819027719,4.0
p01,fatigue_next_day_change,Sleep_Restlessness,0.009790513139423428,0.068533591975964,0.0239018272524649,7,0.06853359197596427,5.0
p01,fatigue_next_day_change,Sleep_Hours,0.009402243049933144,0.065815701349532,0.0169667185378013,7,0.06581570134953227,6.0
p01,fatigue_next_day_change,Deep_Sleep_Minutes,0.009162733454114272,0.0641391341787999,0.0180891741095148,7,0.06413913417880017,7.0
p01,fatigue_next_day_change,Sleep_Composition,0.007704653863385628,0.0539325770436994,0.0254731810895254,7,0.05393257704369962,8.0
p01,fatigue_next_day_change,Sleep_Score,0.007482739233792286,0.052379174636546004,0.0182990517127076,7,0.05237917463654622,9.0
p01,fatigue_next_day_change,Sleep_Revitalization,0.0072173128237197,0.0505211897660379,0.0243694585539342,7,0.05052118976603811,10.0
p01,fatigue_next_day_change,Sleep_Duration_Score,0.004295818524486643,0.0300707296714065,0.0078929760123027,7,0.030070729671406626,11.0
p01,fatigue_next_day_change,Exercise_Count,0.0033541833460341143,0.0234792834222388,0.0090138371012665,7,0.023479283422238897,12.0
p01,fatigue_next_day_change,Exercise_Distance,0.0020491094388579143,0.014343766072005399,0.0031706797309018,7,0.014343766072005458,13.0
p01,mood_next_day_change,Deep_Sleep_Minutes,0.029883113652643057,0.2091817955685014,0.1695377696485889,7,0.2091817955685023,1.0
p01,mood_next_day_change,Sleep_Restlessness,0.022754342330099212,0.1592803963106945,0.0494590930173531,7,0.15928039631069518,2.0
p01,mood_next_day_change,Sleep_Composition,0.017952613849273127,0.12566829694491188,0.060100865677654,7,0.12566829694491244,3.0
p01,mood_next_day_change,Sleep_Score,0.015781107405201115,0.11046775183640781,0.0671246028421238,7,0.11046775183640828,4.0
p01,mood_next_day_change,Exercise_Avg_HR,0.011859693151307684,0.0830178520591538,0.0288942404739726,7,0.08301785205915416,5.0
p01,mood_next_day_change,Sleep_Hours,0.008772666061816986,0.0614086624327189,0.0287087624712924,7,0.06140866243271916,6.0
p01,mood_next_day_change,Exercise_Count,0.0075397005412498426,0.0527779037887489,0.0120244681463398,7,0.05277790378874913,7.0
p01,mood_next_day_change,Steps,0.006578071302666085,0.0460464991186626,0.0179190513668649,7,0.0460464991186628,8.0
p01,mood_next_day_change,Exercise_Calories,0.005872669684016957,0.0411086877881187,0.0085316451101464,7,0.04110868778811888,9.0
p01,mood_next_day_change,Sleep_Revitalization,0.004854064694554486,0.0339784528618814,0.0089771500331903,7,0.033978452861881545,10.0
p01,mood_next_day_change,Exercise_Distance,0.004152721218989543,0.029069048532926803,0.0162226466125117,7,0.02906904853292693,11.0
p01,mood_next_day_change,Sleep_Duration_Score,0.003478350739377757,0.0243484551756443,0.0095637043865067,7,0.024348455175644403,12.0
p01,mood_next_day_change,Exercise_Duration,0.0033780282259463857,0.0236461975816247,0.0049815035039817,7,0.023646197581624805,13.0
p01,readiness_next_day_change,Exercise_Calories,0.046752781721611195,0.3272694720512784,0.2890296746477525,7,0.3272694720512799,1.0
p01,readiness_next_day_change,Exercise_Avg_HR,0.041343120152446525,0.2894018410671257,0.0813953645956099,7,0.289401841067127,2.0
p01,readiness_next_day_change,Steps,0.01685556226768494,0.1179889358737946,0.0962387216297041,7,0.11798893587379514,3.0
p01,readiness_next_day_change,Sleep_Revitalization,0.006452999146976757,0.0451709940288373,0.0134146352820589,7,0.04517099402883751,4.0
p01,readiness_next_day_change,Exercise_Duration,0.006019931585801286,0.042139521100609,0.027905911260429,7,0.042139521100609194,5.0
p01,readiness_next_day_change,Sleep_Restlessness,0.004991481475004828,0.0349403703250338,0.0139396693233207,7,0.034940370325033956,6.0
p01,readiness_next_day_change,Sleep_Duration_Score,0.0040594010690578565,0.028415807483404998,0.0157701832009059,7,0.028415807483405126,7.0
p01,readiness_next_day_change,Sleep_Hours,0.003573057001555628,0.025011399010889397,0.0063381886603153,7,0.02501139901088951,8.0
p01,readiness_next_day_change,Deep_Sleep_Minutes,0.0035016132503159145,0.0245112927522114,0.0062166896297406,7,0.024511292752211512,9.0
p01,readiness_next_day_change,Sleep_Score,0.0034515219798345004,0.024160653858841502,0.0083872542530143,7,0.024160653858841613,10.0
p01,readiness_next_day_change,Sleep_Composition,0.003417692766655843,0.0239238493665909,0.0096805376760938,7,0.023923849366591008,11.0
p01,readiness_next_day_change,Exercise_Count,0.001540135188433843,0.0107809463190369,0.004133914396661,7,0.01078094631903695,12.0
p01,readiness_next_day_change,Exercise_Distance,0.0008978452517630857,0.0062849167623416,0.0026796482010809,7,0.006284916762341629,13.0
p01,sleep_quality_next_day_change,Sleep_Hours,0.027961279712813,0.195728957989691,0.0955635345745468,7,0.19572895798969175,1.0
p01,sleep_quality_next_day_change,Sleep_Score,0.024195252731717198,0.1693667691220204,0.0355271549965633,7,0.16936676912202106,2.0
p01,sleep_quality_next_day_change,Sleep_Restlessness,0.015850255298490157,0.1109517870894311,0.0240225308325375,7,0.11095178708943153,3.0
p01,sleep_quality_next_day_change,Exercise_Avg_HR,0.015294489732541843,0.1070614281277929,0.0581067053198162,7,0.10706142812779332,4.0
p01,sleep_quality_next_day_change,Deep_Sleep_Minutes,0.014869558363307157,0.1040869085431501,0.0342982141848664,7,0.1040869085431505,5.0
p01,sleep_quality_next_day_change,Sleep_Duration_Score,0.011438493840026872,0.0800694568801881,0.0247771541010432,7,0.0800694568801884,6.0
p01,sleep_quality_next_day_change,Exercise_Calories,0.006529344764257442,0.0457054133498021,0.0141122773164645,7,0.04570541334980228,7.0
p01,sleep_quality_next_day_change,Sleep_Composition,0.006381966982966843,0.0446737688807679,0.0234233788982558,7,0.04467376888076807,8.0
p01,sleep_quality_next_day_change,Steps,0.006259021203056143,0.043813148421393,0.017895578339543,7,0.043813148421393174,9.0
p01,sleep_quality_next_day_change,Sleep_Revitalization,0.004367319937637872,0.0305712395634651,0.0084666770942657,7,0.03057123956346522,10.0
p01,sleep_quality_next_day_change,Exercise_Duration,0.004345597046290958,0.0304191793240367,0.010043385480596,7,0.03041917932403682,11.0
p01,sleep_quality_next_day_change,Exercise_Count,0.003375350272744257,0.0236274519092098,0.0108878770044558,7,0.02362745190920989,12.0
p01,sleep_quality_next_day_change,Exercise_Distance,0.001989212971292557,0.0139244907990479,0.0049009062336837,7,0.013924490799047954,13.0
p01,stress_next_day_change,Deep_Sleep_Minutes,0.02191026425439087,0.1533718497807361,0.0426023917805903,7,0.15337184978073679,1.0
p01,stress_next_day_change,Exercise_Avg_HR,0.01786193792839863,0.1250335654987904,0.0481264412785447,7,0.12503356549879097,2.0
p01,stress_next_day_change,Sleep_Composition,0.01727071932470842,0.12089503527295895,0.0376752694116381,7,0.12089503527295949,3.0
p01,stress_next_day_change,Sleep_Restlessness,0.013443672821239159,0.0941057097486741,0.0246663613629985,7,0.09410570974867452,4.0
p01,stress_next_day_change,Steps,0.012856581395283001,0.089996069766981,0.0311024853280533,7,0.0899960697669814,5.0
p01,stress_next_day_change,Sleep_Hours,0.011705597479291743,0.0819391823550422,0.0186988851060031,7,0.08193918235504256,6.0
p01,stress_next_day_change,Exercise_Count,0.009460798191529543,0.0662255873407068,0.0566211936157724,7,0.06622558734070709,7.0
p01,stress_next_day_change,Sleep_Revitalization,0.008156261662103714,0.057093831634726,0.0356032659306144,7,0.057093831634726255,8.0
p01,stress_next_day_change,Sleep_Score,0.008144157807914557,0.057009104655401904,0.0294630364176904,7,0.057009104655402154,9.0
p01,stress_next_day_change,Exercise_Calories,0.007470491623290215,0.052293441363031504,0.0115126264109922,7,0.05229344136303173,10.0
p01,stress_next_day_change,Exercise_Duration,0.006180848558700372,0.0432659399109026,0.0170082026158395,7,0.043265939910902794,11.0
p01,stress_next_day_change,Exercise_Distance,0.005938263585337514,0.041567845097362596,0.02137871428631,7,0.041567845097362784,12.0
p01,stress_next_day_change,Sleep_Duration_Score,0.0024575482249544855,0.0172028375746814,0.0047029647051133,7,0.017202837574681475,13.0
p02,fatigue_next_day_change,Exercise_Duration,0.027312695185583383,0.1911888662990837,0.0587190429649749,7,0.19118886629908438,1.0
p02,fatigue_next_day_change,Exercise_Calories,0.019285518956881402,0.1349986326981698,0.0345854538930217,7,0.1349986326981703,2.0
p02,fatigue_next_day_change,Exercise_Distance,0.015696907923771358,0.1098783554663995,0.0471059905262775,7,0.1098783554663999,3.0
p02,fatigue_next_day_change,Deep_Sleep_Minutes,0.014759915080246344,0.1033194055617244,0.035345155777117,7,0.10331940556172478,4.0
p02,fatigue_next_day_change,Exercise_Count,0.013300940043282887,0.0931065803029802,0.0283699861362563,7,0.09310658030298055,5.0
p02,fatigue_next_day_change,Steps,0.009775176923503043,0.0684262384645213,0.0158671522644347,7,0.06842623846452155,6.0
p02,fatigue_next_day_change,Sleep_Duration_Score,0.00845957311684197,0.059217011817893794,0.0328216569218189,7,0.05921701181789401,7.0
p02,fatigue_next_day_change,Exercise_Avg_HR,0.0082446089717023,0.0577122628019161,0.0199986672715315,7,0.05771226280191631,8.0
p02,fatigue_next_day_change,Sleep_Hours,0.007934352767947144,0.05554046937563,0.0375200969621607,7,0.0555404693756302,9.0
p02,fatigue_next_day_change,Sleep_Revitalization,0.006348956776836757,0.044442697437857295,0.0165636605514136,7,0.044442697437857455,10.0
p02,fatigue_next_day_change,Sleep_Restlessness,0.005329691782243428,0.037307842475704,0.0100674693393859,7,0.03730784247570414,11.0
p02,fatigue_next_day_change,Sleep_Score,0.004455977586969543,0.0311918431087868,0.0131708960369664,7,0.031191843108786914,12.0
p02,fatigue_next_day_change,Sleep_Composition,0.0019528277413327774,0.013669794189329442,0.0058674756604308,7,0.013669794189329492,13.0
p02,mood_next_day_change,Sleep_Restlessness,0.02311647535634439,0.16181532749441072,0.109479116959437,7,0.16181532749441147,1.0
p02,mood_next_day_change,Steps,0.01794102549261187,0.1255871784482831,0.0493333491213399,7,0.12558717844828368,2.0
p02,mood_next_day_change,Exercise_Calories,0.015287743904435899,0.1070142073310513,0.0383426742772329,7,0.10701420733105178,3.0
p02,mood_next_day_change,Exercise_Duration,0.013477346715354744,0.0943414270074832,0.0318412717857321,7,0.09434142700748363,4.0
p02,mood_next_day_change,Sleep_Composition,0.013301666516133142,0.093111665612932,0.0278266078343318,7,0.09311166561293242,5.0
p02,mood_next_day_change,Exercise_Distance,0.010563353534078699,0.0739434747385509,0.0190258490990704,7,0.07394347473855123,6.0
p02,mood_next_day_change,Deep_Sleep_Minutes,0.01030739105425603,0.0721517373797922,0.0136809083252923,7,0.07215173737979254,7.0
p02,mood_next_day_change,Exercise_Avg_HR,0.009453168885443786,0.0661721821981065,0.014811685227679,7,0.0661721821981068,8.0
p02,mood_next_day_change,Exercise_Count,0.009175258615902971,0.0642268103113208,0.0153506727427042,7,0.06422681031132109,9.0
p02,mood_next_day_change,Sleep_Revitalization,0.0070398419344729285,0.0492788935413105,0.035461137342997,7,0.04927889354131072,10.0
p02,mood_next_day_change,Sleep_Score,0.0057313051002535285,0.0401191357017747,0.0121343180548134,7,0.04011913570177488,11.0
p02,mood_next_day_change,Sleep_Duration_Score,0.0042271291120089425,0.0295899037840626,0.0070699800894594,7,0.029589903784062736,12.0
p02,mood_next_day_change,Sleep_Hours,0.0032354366358452714,0.0226480564509169,0.0055811956738401,7,0.022648056450917005,13.0
p02,readiness_next_day_change,Steps,0.03811566897987913,0.2668096828591539,0.0683730358331442,7,0.2668096828591552,1.0
p02,readiness_next_day_change,Deep_Sleep_Minutes,0.019866416368715913,0.1390649145810114,0.0352127333887117,7,0.13906491458101206,2.0
p02,readiness_next_day_change,Sleep_Restlessness,0.01851531587092284,0.1296072110964599,0.0447458412071995,7,0.12960721109646053,3.0
p02,readiness_next_day_change,Sleep_Hours,0.011763383501857029,0.0823436845129992,0.0390073842025836,7,0.0823436845129996,4.0
p02,readiness_next_day_change,Sleep_Score,0.009906456105993958,0.0693451927419577,0.0299241750443527,7,0.06934519274195804,5.0
p02,readiness_next_day_change,Sleep_Revitalization,0.009237163000964286,0.06466014100675,0.0266113199856452,7,0.06466014100675031,6.0
p02,readiness_next_day_change,Exercise_Avg_HR,0.008731716219927058,0.0611220135394894,0.0259318472193958,7,0.0611220135394897,7.0
p02,readiness_next_day_change,Sleep_Duration_Score,0.006128231971325486,0.0428976237992784,0.0095552302231565,7,0.04289762379927861,8.0
p02,readiness_next_day_change,Exercise_Calories,0.005866715816794385,0.0410670107175607,0.0140076814265008,7,0.0410670107175609,9.0
p02,readiness_next_day_change,Exercise_Duration,0.004908041810703814,0.0343562926749267,0.008714147814239,7,0.03435629267492687,10.0
p02,readiness_next_day_change,Sleep_Composition,0.003997648203067172,0.027983537421470202,0.0076996531806622,7,0.027983537421470337,11.0
p02,readiness_next_day_change,Exercise_Count,0.0037596076308824716,0.0263172534161773,0.0066228466428577,7,0.026317253416177428,12.0
p02,readiness_next_day_change,Exercise_Distance,0.0020607773761086184,0.01442544163276033,0.0072789535200223,7,0.0144254416327604,13.0
p02,sleep_quality_next_day_change,Exercise_Duration,0.029234255356263915,0.2046397874938474,0.0846527014373162,7,0.20463978749384823,1.0
p02,sleep_quality_next_day_change,Exercise_Calories,0.024329800166618325,0.1703086011663283,0.0512796686872296,7,0.17030860116632898,2.0
p02,sleep_quality_next_day_change,Exercise_Count,0.0237788992630483,0.1664522948413381,0.0720329580196805,7,0.1664522948413388,3.0
p02,sleep_quality_next_day_change,Steps,0.012518176746332543,0.0876272372243278,0.0234825298097797,7,0.08762723722432816,4.0
p02,sleep_quality_next_day_change,Exercise_Avg_HR,0.012210985044339628,0.0854768953103774,0.02735654378642,7,0.08547689531037775,5.0
p02,sleep_quality_next_day_change,Exercise_Distance,0.011481448984126886,0.0803701428888882,0.0192823007974331,7,0.08037014288888854,6.0
p02,sleep_quality_next_day_change,Deep_Sleep_Minutes,0.0097610690812926,0.0683274835690482,0.0270188132921167,7,0.06832748356904848,7.0
p02,sleep_quality_next_day_change,Sleep_Restlessness,0.0051632731755316425,0.0361429122287215,0.0250056392841604,7,0.036142912228721645,8.0
p02,sleep_quality_next_day_change,Sleep_Hours,0.004835547346087272,0.0338488314226109,0.0107380343543601,7,0.03384883142261104,9.0
p02,sleep_quality_next_day_change,Sleep_Composition,0.002985843635675914,0.0209009054497314,0.007422111777573,7,0.020900905449731486,10.0
p02,sleep_quality_next_day_change,Sleep_Score,0.0025922059411869576,0.018145441588308702,0.0123289612461833,7,0.018145441588308775,11.0
p02,sleep_quality_next_day_change,Sleep_Duration_Score,0.0022958770840552714,0.0160711395883869,0.0089716033219507,7,0.016071139588386966,12.0
p02,sleep_quality_next_day_change,Sleep_Revitalization,0.0016697610325830145,0.011688327228081101,0.0041255968902028,7,0.01168832722808115,13.0
p02,stress_next_day_change,Exercise_Duration,0.030987795027161657,0.2169145651901316,0.066071606952867,7,0.21691456519013247,1.0
p02,stress_next_day_change,Exercise_Calories,0.030320536202549115,0.2122437534178438,0.0692119378916338,7,0.21224375341784465,2.0
p02,stress_next_day_change,Exercise_Count,0.025113552881278645,0.1757948701689505,0.0564896232330878,7,0.1757948701689512,3.0
p02,stress_next_day_change,Steps,0.013772574401215185,0.0964080208085063,0.025223546571929,7,0.09640802080850669,4.0
p02,stress_next_day_change,Sleep_Restlessness,0.01059599597180223,0.0741719718026156,0.0160159351177333,7,0.0741719718026159,5.0
p02,stress_next_day_change,Deep_Sleep_Minutes,0.010221514563045028,0.0715506019413152,0.0310371022005393,7,0.07155060194131549,6.0
p02,stress_next_day_change,Sleep_Hours,0.004826389849530099,0.033784728946710696,0.0084262446798922,7,0.03378472894671083,7.0
p02,stress_next_day_change,Sleep_Score,0.003844452204646243,0.0269111654325237,0.0103239970359076,7,0.02691116543252381,8.0
p02,stress_next_day_change,Sleep_Revitalization,0.0037558135710041144,0.0262906949970288,0.0130753676386122,7,0.026290694997028904,9.0
p02,stress_next_day_change,Exercise_Avg_HR,0.0031311365127393853,0.021917955589175697,0.021380594467979,7,0.021917955589175784,10.0
p02,stress_next_day_change,Sleep_Composition,0.0027935869102627803,0.019555108371839464,0.00839882696758,7,0.019555108371839543,11.0
p02,stress_next_day_change,Sleep_Duration_Score,0.002707132734129714,0.018949929138908,0.0062507187502652,7,0.018949929138908077,12.0
p02,stress_next_day_change,Exercise_Distance,0.0007866620277781,0.0055066341944467,0.0043293354587152,7,0.005506634194446722,13.0
p03,fatigue_next_day_change,Deep_Sleep_Minutes,0.029240072217740415,0.2046805055241829,0.1215113772478346,7,0.2046805055241837,1.0
p03,fatigue_next_day_change,Sleep_Duration_Score,0.020062685074127257,0.1404387955188908,0.0739977207377631,7,0.14043879551889135,2.0
p03,fatigue_next_day_change,Steps,0.019306415842882684,0.1351449109001788,0.0694181979192488,7,0.13514491090017933,3.0
p03,fatigue_next_day_change,Sleep_Revitalization,0.01421639189273013,0.0995147432491109,0.0803925937502234,7,0.09951474324911129,4.0
p03,fatigue_next_day_change,Exercise_Duration,0.0122466516725203,0.0857265617076421,0.0235119850016922,7,0.08572656170764244,5.0
p03,fatigue_next_day_change,Sleep_Hours,0.011937188432182529,0.0835603190252777,0.0208653993985125,7,0.08356031902527802,6.0
p03,fatigue_next_day_change,Exercise_Calories,0.008739125435807257,0.061173878050650804,0.0234334317759766,7,0.06117387805065104,7.0
p03,fatigue_next_day_change,Sleep_Score,0.0075241514448430285,0.0526690601139012,0.0414454306373202,7,0.0526690601139014,8.0
p03,fatigue_next_day_change,Sleep_Composition,0.0064531428137963006,0.0451719996965741,0.0217161052275106,7,0.045171999696574275,9.0
p03,fatigue_next_day_change,Sleep_Restlessness,0.005484586370196757,0.038392104591377305,0.011946950342775,7,0.03839210459137745,10.0
p03,fatigue_next_day_change,Exercise_Count,0.005048751953470915,0.0353412636742964,0.0200482248521692,7,0.03534126367429654,11.0
p03,fatigue_next_day_change,Exercise_Avg_HR,0.0025979797068447284,0.0181858579479131,0.0082092647392371,7,0.018185857947913168,12.0
p03,fatigue_next_day_change,Exercise_Distance,0.0,0.0,0.0,7,0.0,13.0
p03,mood_next_day_change,Sleep_Restlessness,0.02244626145998391,0.15712383021988738,0.0666521935624216,7,0.2356857453298323,1.0
p03,mood_next_day_change,Steps,0.0144547326996899,0.1011831288978293,0.0240063965676138,7,0.15177469334674473,2.0
p03,mood_next_day_change,Sleep_Revitalization,0.011320974983632243,0.0792468248854257,0.0519110173923856,7,0.11887023732813917,3.0
p03,mood_next_day_change,Sleep_Hours,0.010951421737904157,0.0766599521653291,0.0585638717842734,7,0.11498992824799426,4.0
p03,mood_next_day_change,Sleep_Duration_Score,0.008232097721315028,0.0576246840492052,0.0177625418171068,7,0.08643702607380825,5.0
p03,mood_next_day_change,Sleep_Score,0.007783431267421199,0.0544840188719484,0.0233412789454275,7,0.08172602830792303,6.0
p03,mood_next_day_change,Sleep_Composition,0.0062922646572944,0.0440458526010608,0.0251040902888934,7,0.06606877890159155,7.0
p03,mood_next_day_change,Exercise_Avg_HR,0.004551911177364272,0.0318633782415499,0.0104580370552064,7,0.047795067362325104,8.0
p03,mood_next_day_change,Exercise_Calories,0.0037976953946645855,0.0265838677626521,0.0181146768453389,7,0.03987580164397835,9.0
p03,mood_next_day_change,Exercise_Duration,0.003152749437138614,0.0220692460599703,0.0095916006600435,7,0.03310386908995562,10.0
p03,mood_next_day_change,Deep_Sleep_Minutes,0.0013527665575802286,0.0094693659030616,0.0033691144807111,7,0.014204048854592474,11.0
p03,mood_next_day_change,Exercise_Count,0.0009017881441062,0.0063125170087434,0.0048443087557021,7,0.00946877551311515,12.0
p03,mood_next_day_change,Exercise_Distance,0.0,0.0,0.0,7,0.0,13.0
p03,readiness_next_day_change,Sleep_Composition,0.02971791722180156,0.20802542055261092,0.1732206909949328,7,0.2080254205526116,1.0
p03,readiness_next_day_change,Sleep_Revitalization,0.019773409722715105,0.13841386805900574,0.0923888741074021,7,0.1384138680590062,2.0
p03,readiness_next_day_change,Sleep_Restlessness,0.012884149681572827,0.09018904777100979,0.0569286755653367,7,0.0901890477710101,3.0
p03,readiness_next_day_change,Steps,0.012589158966299127,0.08812411276409389,0.0363939916293502,7,0.08812411276409418,4.0
p03,readiness_next_day_change,Deep_Sleep_Minutes,0.010408904976973585,0.0728623348388151,0.0370806656254369,7,0.07286233483881534,5.0
p03,readiness_next_day_change,Exercise_Avg_HR,0.010049159245531385,0.0703441147187197,0.0529783477304719,7,0.07034411471871993,6.0
p03,readiness_next_day_change,Exercise_Calories,0.009923509000942587,0.0694645630065981,0.0355068336898964,7,0.06946456300659834,7.0
p03,readiness_next_day_change,Exercise_Duration,0.009350324207386271,0.0654522694517039,0.0331844633656335,7,0.06545226945170413,8.0
p03,readiness_next_day_change,Exercise_Count,0.008322772739154828,0.058259409174083794,0.0304645760336753,7,0.05825940917408399,9.0
p03,readiness_next_day_change,Sleep_Score,0.007113282424407313,0.049792976970851194,0.0219575140743022,7,0.04979297697085136,10.0
p03,readiness_next_day_change,Sleep_Duration_Score,0.00642670550145757,0.044986938510202995,0.0202625323343828,7,0.04498693851020315,11.0
p03,readiness_next_day_change,Sleep_Hours,0.006297849168900222,0.04408494418230156,0.0249786406271391,7,0.0440849441823017,12.0
p03,readiness_next_day_change,Exercise_Distance,0.0,0.0,0.0,7,0.0,13.0
p03,sleep_quality_next_day_change,Deep_Sleep_Minutes,0.06802516418319199,0.4761761492823439,0.2696892908932809,7,0.47617614928234564,1.0
p03,sleep_quality_next_day_change,Sleep_Duration_Score,0.017448839956884146,0.12214187969818902,0.0635447532661828,7,0.12214187969818946,2.0
p03,sleep_quality_next_day_change,Sleep_Revitalization,0.013715675176962585,0.0960097262387381,0.072125833977022,7,0.09600972623873845,3.0
p03,sleep_quality_next_day_change,Steps,0.012383292542349772,0.0866830477964484,0.0325255764665607,7,0.08668304779644873,4.0
p03,sleep_quality_next_day_change,Sleep_Hours,0.007882922892232072,0.0551804602456245,0.0181803132163412,7,0.0551804602456247,5.0
p03,sleep_quality_next_day_change,Sleep_Score,0.007210184861821315,0.050471294032749206,0.0374722362950384,7,0.05047129403274939,6.0
p03,sleep_quality_next_day_change,Sleep_Composition,0.0037207695766710356,0.02604538703669725,0.019011633257349,7,0.026045387036697346,7.0
p03,sleep_quality_next_day_change,Exercise_Avg_HR,0.0032345316702144175,0.022641721691500923,0.009697786865436,7,0.022641721691501006,8.0
p03,sleep_quality_next_day_change,Sleep_Restlessness,0.0030565646328034996,0.0213959524296245,0.0142510751919916,7,0.02139595242962458,9.0
p03,sleep_quality_next_day_change,Exercise_Duration,0.0028046451416381,0.0196325159914667,0.0075321336533803,7,0.019632515991466773,10.0
p03,sleep_quality_next_day_change,Exercise_Calories,0.0021878118575038145,0.0153146830025267,0.0059107499847713,7,0.015314683002526756,11.0
p03,sleep_quality_next_day_change,Exercise_Count,0.0011867403648695898,0.008307182554087128,0.0028794199506721,7,0.00830718255408716,12.0
p03,sleep_quality_next_day_change,Exercise_Distance,0.0,0.0,0.0,7,0.0,13.0
p03,stress_next_day_change,Sleep_Restlessness,0.030410239953727557,0.2128716796760929,0.107389301827777,7,0.21287167967609358,1.0
p03,stress_next_day_change,Sleep_Composition,0.02519348398050383,0.1763543878635268,0.0985223380966731,7,0.17635438786352736,2.0
p03,stress_next_day_change,Deep_Sleep_Minutes,0.017243637652114344,0.1207054635648004,0.0582160285592036,7,0.12070546356480077,3.0
p03,stress_next_day_change,Steps,0.013950221433363743,0.0976515500335462,0.0595553420787198,7,0.0976515500335465,4.0
p03,stress_next_day_change,Sleep_Hours,0.011211674634799313,0.07848172244359519,0.0279465354689719,7,0.07848172244359544,5.0
p03,stress_next_day_change,Sleep_Duration_Score,0.011178582619784572,0.078250078338492,0.039292229337123,7,0.07825007833849225,6.0
p03,stress_next_day_change,Sleep_Revitalization,0.009608730797589915,0.0672611155831294,0.0492723125637622,7,0.06726111558312961,7.0
p03,stress_next_day_change,Exercise_Avg_HR,0.008506912169993485,0.059548385189954395,0.0231619427718908,7,0.05954838518995458,8.0
p03,stress_next_day_change,Sleep_Score,0.008258791852332642,0.0578115429663285,0.0426553267919265,7,0.05781154296632868,9.0
p03,stress_next_day_change,Exercise_Calories,0.0025102555741006284,0.0175717890187044,0.0095197111341407,7,0.017571789018704456,10.0
p03,stress_next_day_change,Exercise_Duration,0.0024224943667432,0.0169574605672024,0.0086800214824767,7,0.016957460567202452,11.0
p03,stress_next_day_change,Exercise_Count,0.0014539102800268146,0.010177371960187701,0.005942770133398,7,0.010177371960187732,12.0
p03,stress_next_day_change,Exercise_Distance,0.0009082075420623713,0.006357452794436599,0.0036053468832657,7,0.006357452794436619,13.0
p04,fatigue_next_day_change,Sleep_Duration_Score,0.019854963897220485,0.13898474728054339,0.090273639207915,7,0.138984747280544,1.0
p04,fatigue_next_day_change,Steps,0.016177768657236486,0.1132443806006554,0.0353373047076481,7,0.1132443806006559,2.0
p04,fatigue_next_day_change,Exercise_Avg_HR,0.013885655042979785,0.0971995853008585,0.0235498396248152,7,0.09719958530085893,3.0
p04,fatigue_next_day_change,Exercise_Calories,0.012137320333774801,0.0849612423364236,0.020968981637855,7,0.08496124233642398,4.0
p04,fatigue_next_day_change,Sleep_Hours,0.011147948315228728,0.0780356382066011,0.0197593460034391,7,0.07803563820660145,5.0
p04,fatigue_next_day_change,Sleep_Restlessness,0.011028252326101131,0.07719776628270791,0.037696240724914,7,0.07719776628270826,6.0
p04,fatigue_next_day_change,Deep_Sleep_Minutes,0.010657364848519557,0.0746015539396369,0.016197648915496,7,0.07460155393963723,7.0
p04,fatigue_next_day_change,Sleep_Revitalization,0.010610971670443115,0.0742768016931018,0.0425428515718588,7,0.07427680169310213,8.0
p04,fatigue_next_day_change,Exercise_Duration,0.009578157923002614,0.0670471054610183,0.0208184886991238,7,0.0670471054610186,9.0
p04,fatigue_next_day_change,Sleep_Score,0.008757660003405787,0.0613036200238405,0.0226544609160556,7,0.06130362002384077,10.0
p04,fatigue_next_day_change,Exercise_Distance,0.008136288325236584,0.056954018276656096,0.0111787195345047,7,0.056954018276656346,11.0
p04,fatigue_next_day_change,Sleep_Composition,0.007249035506210443,0.050743248543473105,0.0304664668102304,7,0.05074324854347333,12.0
p04,fatigue_next_day_change,Exercise_Count,0.0036357560077827145,0.025450292054479,0.0112401602966712,7,0.025450292054479115,13.0
p04,mood_next_day_change,Deep_Sleep_Minutes,0.02876991451369917,0.2013894015958942,0.1516266557720529,7,0.20138940159589505,1.0
p04,mood_next_day_change,Exercise_Duration,0.018686342088436586,0.1308043946190561,0.0761234670439244,7,0.13080439461905666,2.0
p04,mood_next_day_change,Steps,0.01550204269317887,0.1085142988522521,0.0440175351812062,7,0.10851429885225257,3.0
p04,mood_next_day_change,Sleep_Restlessness,0.013036085362751401,0.09125259753925981,0.0351083420169921,7,0.0912525975392602,4.0
p04,mood_next_day_change,Exercise_Calories,0.012806880424954101,0.0896481629746787,0.048860160046369,7,0.08964816297467909,5.0
p04,mood_next_day_change,Exercise_Avg_HR,0.011070665988626485,0.0774946619203854,0.0361581023124852,7,0.07749466192038573,6.0
p04,mood_next_day_change,Sleep_Duration_Score,0.010143600292918286,0.071005202050428,0.0386391753639316,7,0.0710052020504283,7.0
p04,mood_next_day_change,Sleep_Hours,0.008116884416005157,0.0568181909120361,0.015741322083354,7,0.05681819091203634,8.0
p04,mood_next_day_change,Exercise_Distance,0.0071696816694164995,0.0501877716859155,0.0289659682129493,7,0.05018777168591571,9.0
p04,mood_next_day_change,Sleep_Composition,0.005867649064936685,0.0410735434545568,0.0185234197529904,7,0.04107354345455698,10.0
p04,mood_next_day_change,Sleep_Score,0.0047085912992783,0.0329601390949481,0.0088996748579054,7,0.03296013909494824,11.0
p04,mood_next_day_change,Sleep_Revitalization,0.004667161385780628,0.0326701297004644,0.0112127098078735,7,0.03267012970046454,12.0
p04,mood_next_day_change,Exercise_Count,0.0023116436571600646,0.016181505600120452,0.0061824056106606,7,0.01618150560012052,13.0
p04,readiness_next_day_change,Sleep_Score,0.030075377272626602,0.21052764090838622,0.1168182092118914,7,0.2105276409083871,1.0
p04,readiness_next_day_change,Deep_Sleep_Minutes,0.017242439592090486,0.1206970771446334,0.0520212152256433,7,0.12069707714463392,2.0
p04,readiness_next_day_change,Sleep_Duration_Score,0.0142083575888651,0.0994585031220557,0.0386571362272371,7,0.09945850312205612,3.0
p04,readiness_next_day_change,Steps,0.013125053526591744,0.09187537468614221,0.026059555408603,7,0.0918753746861426,4.0
p04,readiness_next_day_change,Sleep_Restlessness,0.011552518973105514,0.0808676328117386,0.0248170809487162,7,0.08086763281173895,5.0
p04,readiness_next_day_change,Sleep_Revitalization,0.009997648181542801,0.0699835372707996,0.0171904503795108,7,0.0699835372707999,6.0
p04,readiness_next_day_change,Sleep_Hours,0.00887756147088467,0.062142930296192694,0.0312773791308073,7,0.06214293029619296,7.0
p04,readiness_next_day_change,Exercise_Calories,0.008850164832978543,0.0619511538308498,0.0289827581715438,7,0.061951153830850064,8.0
p04,readiness_next_day_change,Exercise_Duration,0.007219690411509028,0.0505378328805632,0.0136311000207808,7,0.05053783288056341,9.0
p04,readiness_next_day_change,Exercise_Avg_HR,0.007071742034652885,0.0495021942425702,0.0153083087417336,7,0.04950219424257041,10.0
p04,readiness_next_day_change,Exercise_Distance,0.006495753539913972,0.0454702747793978,0.0280822012087905,7,0.045470274779397996,11.0
p04,readiness_next_day_change,Sleep_Composition,0.0059141710249605,0.0413991971747235,0.0104967524014765,7,0.04139919717472367,12.0
p04,readiness_next_day_change,Exercise_Count,0.0022266644074204,0.0155866508519428,0.0050975246335721,7,0.015586650851942866,13.0
p04,sleep_quality_next_day_change,Sleep_Hours,0.02500771260766607,0.1750539882536625,0.1066872431529173,7,0.17505398825366325,1.0
p04,sleep_quality_next_day_change,Sleep_Score,0.01873877568405861,0.1311714297884103,0.0467126684254769,7,0.13117142978841084,2.0
p04,sleep_quality_next_day_change,Deep_Sleep_Minutes,0.014295346629651028,0.1000674264075572,0.0311914130291021,7,0.10006742640755763,3.0
p04,sleep_quality_next_day_change,Sleep_Duration_Score,0.013475360756455787,0.0943275252951905,0.0195247741232373,7,0.09432752529519091,4.0
p04,sleep_quality_next_day_change,Steps,0.010652870573357757,0.0745700940135043,0.0201997683786696,7,0.07457009401350462,5.0
p04,sleep_quality_next_day_change,Sleep_Restlessness,0.010330113183651972,0.07231079228556381,0.0352359672475226,7,0.07231079228556413,6.0
p04,sleep_quality_next_day_change,Exercise_Duration,0.009891917996458856,0.06924342597521199,0.0155690902419826,7,0.0692434259752123,7.0
p04,sleep_quality_next_day_change,Sleep_Revitalization,0.009040724440202656,0.06328507108141859,0.0187187799859748,7,0.06328507108141887,8.0
p04,sleep_quality_next_day_change,Exercise_Calories,0.008366789460700928,0.0585675262249065,0.0157475241126652,7,0.058567526224906755,9.0
p04,sleep_quality_next_day_change,Exercise_Avg_HR,0.007870488020583858,0.055093416144087,0.0224119352011187,7,0.055093416144087234,10.0
p04,sleep_quality_next_day_change,Exercise_Distance,0.006127448274375086,0.0428921379206256,0.018500169566396,7,0.04289213792062579,11.0
p04,sleep_quality_next_day_change,Sleep_Composition,0.005902036183420128,0.0413142532839409,0.012525744167388,7,0.04131425328394108,12.0
p04,sleep_quality_next_day_change,Exercise_Count,0.0031575590465595,0.0221029133259165,0.007618350177829,7,0.022102913325916598,13.0
p04,stress_next_day_change,Steps,0.022378503130224242,0.1566495219115697,0.0596133262619699,7,0.15664952191157036,1.0
p04,stress_next_day_change,Sleep_Restlessness,0.0161284046172509,0.1128988323207563,0.0338900100085282,7,0.11289883232075679,2.0
p04,stress_next_day_change,Exercise_Duration,0.0153529361936733,0.10747055335571311,0.0326298414626235,7,0.10747055335571358,3.0
p04,stress_next_day_change,Deep_Sleep_Minutes,0.0147282495574376,0.1030977469020632,0.0396607260657396,7,0.10309774690206365,4.0
p04,stress_next_day_change,Sleep_Hours,0.013369243519561485,0.0935847046369304,0.0269976468492993,7,0.0935847046369308,5.0
p04,stress_next_day_change,Exercise_Calories,0.011126130096410728,0.0778829106748751,0.0155338288395356,7,0.07788291067487543,6.0
p04,stress_next_day_change,Sleep_Composition,0.008656349298202628,0.0605944450874184,0.0226712337261003,7,0.060594445087418666,7.0
p04,stress_next_day_change,Sleep_Duration_Score,0.008249174791881728,0.057744223543172095,0.0200031182030338,7,0.057744223543172345,8.0
p04,stress_next_day_change,Exercise_Distance,0.008106884971539972,0.0567481948007798,0.0350565071760141,7,0.05674819480078004,9.0
p04,stress_next_day_change,Sleep_Score,0.007424870498181186,0.0519740934872683,0.0123704053742117,7,0.05197409348726852,10.0
p04,stress_next_day_change,Exercise_Avg_HR,0.007319386223450428,0.051235703564152996,0.0169441331218488,7,0.05123570356415322,11.0
p04,stress_next_day_change,Sleep_Revitalization,0.0064309886202560855,0.045016920341792596,0.013579051092644,7,0.04501692034179279,12.0
p04,stress_next_day_change,Exercise_Count,0.003586021339071957,0.0251021493735037,0.0088808312794192,7,0.02510214937350381,13.0
p05,fatigue_next_day_change,Steps,0.035876985671475674,0.2511388997003297,0.1297802950815139,7,0.2511388997003309,1.0
p05,fatigue_next_day_change,Exercise_Avg_HR,0.013306614931603301,0.0931463045212231,0.0267543901567478,7,0.09314630452122354,2.0
p05,fatigue_next_day_change,Deep_Sleep_Minutes,0.013134170746830471,0.0919391952278133,0.0424002991298895,7,0.09193919522781373,3.0
p05,fatigue_next_day_change,Sleep_Hours,0.011472105553461601,0.0803047388742312,0.0276634494878672,7,0.08030473887423158,4.0
p05,fatigue_next_day_change,Exercise_Duration,0.010772177994173985,0.0754052459592179,0.0223499874736039,7,0.07540524595921824,5.0
p05,fatigue_next_day_change,Sleep_Restlessness,0.009796593246364714,0.068576152724553,0.0206973245235843,7,0.06857615272455332,6.0
p05,fatigue_next_day_change,Exercise_Calories,0.009129495553991956,0.0639064688779437,0.0223878227632438,7,0.06390646887794399,7.0
p05,fatigue_next_day_change,Sleep_Score,0.008911992119756072,0.0623839448382925,0.015825278462675,7,0.06238394483829279,8.0
p05,fatigue_next_day_change,Sleep_Revitalization,0.008166830733325628,0.0571678151332794,0.0150212664349016,7,0.05716781513327966,9.0
p05,fatigue_next_day_change,Sleep_Duration_Score,0.0080355512082652,0.056248858457856404,0.0109503397113772,7,0.05624885845785667,10.0
p05,fatigue_next_day_change,Exercise_Count,0.006735205459904058,0.0471464382193284,0.0184763258310963,7,0.047146438219328624,11.0
p05,fatigue_next_day_change,Sleep_Composition,0.006424317600650971,0.0449702232045568,0.0258074502558487,7,0.04497022320455701,12.0
p05,fatigue_next_day_change,Exercise_Distance,0.001095102037338557,0.0076657142613699,0.0015012588344846,7,0.007665714261369936,13.0
p05,mood_next_day_change,Deep_Sleep_Minutes,0.021809833668946416,0.1526688356826249,0.0726860462123098,7,0.15266883568262557,1.0
p05,mood_next_day_change,Steps,0.018681664940268343,0.1307716545818784,0.0330749874584406,7,0.13077165458187898,2.0
p05,mood_next_day_change,Exercise_Avg_HR,0.015913779505785243,0.11139645654049671,0.0271397436456965,7,0.11139645654049721,3.0
p05,mood_next_day_change,Sleep_Restlessness,0.015512369667355143,0.108586587671486,0.0312451575300009,7,0.10858658767148649,4.0
p05,mood_next_day_change,Exercise_Count,0.012977302233807655,0.09084111563665359,0.0376082087809455,7,0.090841115636654,5.0
p05,mood_next_day_change,Sleep_Hours,0.011178462894198814,0.0782492402593917,0.0331734978217653,7,0.07824924025939205,6.0
p05,mood_next_day_change,Sleep_Score,0.010367430583786827,0.07257201408650779,0.0236355992789704,7,0.07257201408650811,7.0
p05,mood_next_day_change,Sleep_Revitalization,0.009253073190187672,0.0647715123313137,0.0199661924116187,7,0.064771512331314,8.0
p05,mood_next_day_change,Sleep_Composition,0.0067629502672180855,0.0473406518705266,0.0253859576536776,7,0.04734065187052681,9.0
p05,mood_next_day_change,Sleep_Duration_Score,0.006716406853474572,0.047014847974322004,0.0128536937804626,7,0.04701484797432221,10.0
p05,mood_next_day_change,Exercise_Calories,0.006531320764268214,0.0457192453498775,0.0118162558455848,7,0.0457192453498777,11.0
p05,mood_next_day_change,Exercise_Duration,0.006199171141294614,0.0433941979890623,0.0126548762316657,7,0.043394197989062494,12.0
p05,mood_next_day_change,Exercise_Distance,0.0009533771465506329,0.00667364002585443,0.0038556434645222,7,0.00667364002585446,13.0
p05,readiness_next_day_change,Exercise_Avg_HR,0.04297921369979856,0.3008544958985899,0.0980410783418162,7,0.3008544958985912,1.0
p05,readiness_next_day_change,Sleep_Score,0.040177788810199344,0.2812445216713954,0.096747121167139,7,0.2812445216713966,2.0
p05,readiness_next_day_change,Steps,0.017922887715131446,0.1254602140059201,0.0416914072864914,7,0.12546021400592064,3.0
p05,readiness_next_day_change,Exercise_Duration,0.0108171600385914,0.0757201202701398,0.0534431196711302,7,0.07572012027014012,4.0
p05,readiness_next_day_change,Sleep_Duration_Score,0.009905189641199857,0.069336327488399,0.0199048733526492,7,0.0693363274883993,5.0
p05,readiness_next_day_change,Sleep_Composition,0.0097715899266654,0.0684011294866578,0.0228910824896609,7,0.0684011294866581,6.0
p05,readiness_next_day_change,Sleep_Restlessness,0.004179376646262872,0.0292556365238401,0.0083798898382669,7,0.029255636523840226,7.0
p05,readiness_next_day_change,Exercise_Calories,0.0024214000951440426,0.016949800666008298,0.0042121717419224,7,0.01694980066600837,8.0
p05,readiness_next_day_change,Deep_Sleep_Minutes,0.0015993723006146143,0.0111956061043023,0.0026304596805767,7,0.011195606104302347,9.0
p05,readiness_next_day_change,Sleep_Revitalization,0.0011509832688720856,0.008056882882104599,0.0033418727831968,7,0.008056882882104634,10.0
p05,readiness_next_day_change,Sleep_Hours,0.0008632589483492713,0.006042812638444899,0.0014663367274512,7,0.006042812638444924,11.0
p05,readiness_next_day_change,Exercise_Count,0.0005973724934052857,0.004181607453837,0.0024011150433121,7,0.004181607453837017,12.0
p05,readiness_next_day_change,Exercise_Distance,0.00047154927290807145,0.0033008449103565,0.0017648455561735,7,0.003300844910356514,13.0
p05,sleep_quality_next_day_change,Steps,0.026488268782098683,0.1854178814746908,0.0597437379333155,7,0.18541788147469163,1.0
p05,sleep_quality_next_day_change,Exercise_Avg_HR,0.02292533023600463,0.1604773116520324,0.0449180667719765,7,0.16047731165203313,2.0
p05,sleep_quality_next_day_change,Deep_Sleep_Minutes,0.015111283630850486,0.1057789854159534,0.0263570727409,7,0.10577898541595387,3.0
p05,sleep_quality_next_day_change,Sleep_Hours,0.011679652634245186,0.08175756843971631,0.0288601979918747,7,0.08175756843971667,4.0
p05,sleep_quality_next_day_change,Sleep_Duration_Score,0.010501348408952229,0.0735094388626656,0.0281156809228734,7,0.07350943886266594,5.0
p05,sleep_quality_next_day_change,Sleep_Restlessness,0.009930649212327586,0.0695145444862931,0.0147831603406201,7,0.0695145444862934,6.0
p05,sleep_quality_next_day_change,Sleep_Composition,0.008828899586013371,0.0618022971020936,0.023697520179812,7,0.061802297102093874,7.0
p05,sleep_quality_next_day_change,Exercise_Calories,0.008778334028937757,0.061448338202564304,0.0307027385938997,7,0.061448338202564574,8.0
p05,sleep_quality_next_day_change,Sleep_Revitalization,0.008413940545850143,0.058897583820951,0.018976956316015,7,0.05889758382095126,9.0
p05,sleep_quality_next_day_change,Exercise_Duration,0.006732115494168171,0.0471248084591772,0.0151136660506296,7,0.04712480845917741,10.0
p05,sleep_quality_next_day_change,Exercise_Count,0.006508700866886729,0.045560906068207105,0.0204654669730548,7,0.045560906068207306,11.0
p05,sleep_quality_next_day_change,Sleep_Score,0.005491771598099215,0.0384424011866945,0.0135068830318927,7,0.038442401186694675,12.0
p05,sleep_quality_next_day_change,Exercise_Distance,0.0014668478327080285,0.0102679348289562,0.0031616440097584,7,0.010267934828956245,13.0
p05,stress_next_day_change,Exercise_Avg_HR,0.021939598633740502,0.1535771904361835,0.0479917484665725,7,0.15357719043618412,1.0
p05,stress_next_day_change,Sleep_Restlessness,0.019367703767653798,0.1355739263735766,0.0295837656745054,7,0.13557392637357712,2.0
p05,stress_next_day_change,Steps,0.0178953021459512,0.1252671150216584,0.0402061119995367,7,0.1252671150216589,3.0
p05,stress_next_day_change,Deep_Sleep_Minutes,0.01747275337660766,0.1223092736362536,0.0410934046873664,7,0.12230927363625407,4.0
p05,stress_next_day_change,Exercise_Duration,0.011362976269565945,0.0795408338869616,0.0149674776537455,7,0.07954083388696191,5.0
p05,stress_next_day_change,Exercise_Calories,0.011062724092513214,0.0774390686475925,0.01748422168378,7,0.0774390686475928,6.0
p05,stress_next_day_change,Sleep_Hours,0.0108437422079566,0.0759061954556962,0.0195931834282066,7,0.07590619545569649,7.0
p05,stress_next_day_change,Sleep_Score,0.0077281418453254425,0.0540969929172781,0.0147117176954864,7,0.054096992917278305,8.0
p05,stress_next_day_change,Sleep_Revitalization,0.007388488138338057,0.0517194169683664,0.0144224183516754,7,0.0517194169683666,9.0
p05,stress_next_day_change,Sleep_Duration_Score,0.006973816271947128,0.0488167139036299,0.0107571444877153,7,0.048816713903630085,10.0
p05,stress_next_day_change,Exercise_Count,0.0060693768530862,0.0424856379716034,0.0145701176831123,7,0.04248563797160357,11.0
p05,stress_next_day_change,Sleep_Composition,0.0039660751718096285,0.0277625262026674,0.0117716525230466,7,0.027762526202667507,12.0
p05,stress_next_day_change,Exercise_Distance,0.0007864440826469284,0.005505108578528499,0.0019999640069225,7,0.005505108578528521,13.0
p06,fatigue_next_day_change,Sleep_Hours,0.027952914128491786,0.1956703988994425,0.0513958318205452,7,0.19567039889944343,1.0
p06,fatigue_next_day_change,Sleep_Composition,0.019416487589736214,0.1359154131281535,0.0381310525307974,7,0.13591541312815414,2.0
p06,fatigue_next_day_change,Sleep_Score,0.014783504799229671,0.1034845335946077,0.0228251743453399,7,0.1034845335946082,3.0
p06,fatigue_next_day_change,Deep_Sleep_Minutes,0.014534632969691486,0.1017424307878404,0.0182308628466445,7,0.10174243078784088,4.0
p06,fatigue_next_day_change,Sleep_Restlessness,0.011575723549615915,0.0810300648473114,0.0249148383436872,7,0.08103006484731179,5.0
p06,fatigue_next_day_change,Steps,0.010593379840538228,0.0741536588837676,0.0202413808079884,7,0.07415365888376796,6.0
p06,fatigue_next_day_change,Exercise_Duration,0.009425010594845101,0.06597507416391571,0.0197405288853736,7,0.06597507416391603,7.0
p06,fatigue_next_day_change,Exercise_Avg_HR,0.008430765880062271,0.0590153611604359,0.0225364067439216,7,0.05901536116043619,8.0
p06,fatigue_next_day_change,Exercise_Calories,0.007485733276005542,0.052400132932038795,0.0192884381712557,7,0.052400132932039045,9.0
p06,fatigue_next_day_change,Sleep_Duration_Score,0.006962161703337085,0.0487351319233596,0.014657000212829,7,0.048735131923359834,10.0
p06,fatigue_next_day_change,Sleep_Revitalization,0.004800272106293157,0.0336019047440521,0.0111713632556713,7,0.03360190474405226,11.0
p06,fatigue_next_day_change,Exercise_Distance,0.003655677447094843,0.0255897421296639,0.0105866978458041,7,0.02558974212966402,12.0
p06,fatigue_next_day_change,Exercise_Count,0.0032408789722008714,0.0226861528054061,0.0075444065362452,7,0.022686152805406208,13.0
p06,mood_next_day_change,Deep_Sleep_Minutes,0.03292267633497389,0.2304587343448172,0.1289791618707441,7,0.2304587343448182,1.0
p06,mood_next_day_change,Steps,0.021148915569704198,0.1480424089879294,0.049639992873012,7,0.14804240898793003,2.0
p06,mood_next_day_change,Sleep_Restlessness,0.015998990816706585,0.1119929357169461,0.0382825315308717,7,0.11199293571694659,3.0
p06,mood_next_day_change,Exercise_Duration,0.012988738197632672,0.0909211673834287,0.0752453288682954,7,0.09092116738342909,4.0
p06,mood_next_day_change,Sleep_Hours,0.010342537729480558,0.07239776410636391,0.0342825174800917,7,0.07239776410636423,5.0
p06,mood_next_day_change,Sleep_Duration_Score,0.0100068967328999,0.0700482771302993,0.0262759418108743,7,0.07004827713029961,6.0
p06,mood_next_day_change,Exercise_Distance,0.009689583643962186,0.0678270855077353,0.0351956716388355,7,0.06782708550773558,7.0
p06,mood_next_day_change,Sleep_Composition,0.008262529932390057,0.057837709526730396,0.0220644299984719,7,0.057837709526730646,8.0
p06,mood_next_day_change,Sleep_Score,0.006364989755220827,0.044554928286545795,0.0174380368802099,7,0.04455492828654599,9.0
p06,mood_next_day_change,Sleep_Revitalization,0.005411312379983643,0.0378791866598855,0.0141812350073626,7,0.03787918665988567,10.0
p06,mood_next_day_change,Exercise_Avg_HR,0.004292183832719928,0.0300452868290395,0.0145981094479536,7,0.03004528682903963,11.0
p06,mood_next_day_change,Exercise_Calories,0.004124580270968214,0.0288720618967775,0.0105278363155333,7,0.028872061896777625,12.0
p06,mood_next_day_change,Exercise_Count,0.001303207660499581,0.009122453623497067,0.0045665773392472,7,0.009122453623497107,13.0
p06,readiness_next_day_change,Steps,0.030158857070752727,0.2111119994952691,0.0635028424116842,7,0.21111199949527004,1.0
p06,readiness_next_day_change,Exercise_Calories,0.026335042139651713,0.184345294977562,0.1104111944557948,7,0.1843452949775628,2.0
p06,readiness_next_day_change,Exercise_Duration,0.018106167544054485,0.1267431728083814,0.0659588792260619,7,0.12674317280838196,3.0
p06,readiness_next_day_change,Sleep_Hours,0.011183490651948316,0.0782844345636382,0.0145398278369931,7,0.07828443456363855,4.0
p06,readiness_next_day_change,Sleep_Restlessness,0.01002334395347417,0.0701634076743192,0.0188173670881442,7,0.0701634076743195,5.0
p06,readiness_next_day_change,Sleep_Revitalization,0.008674087907170572,0.060718615350194,0.0278287038902076,7,0.06071861535019427,6.0
p06,readiness_next_day_change,Deep_Sleep_Minutes,0.006885039354446472,0.0481952754811253,0.0122065520056682,7,0.04819527548112552,7.0
p06,readiness_next_day_change,Sleep_Duration_Score,0.006585019285763142,0.046095135000342,0.0145206683192931,7,0.04609513500034221,8.0
p06,readiness_next_day_change,Exercise_Avg_HR,0.006254488711304057,0.0437814209791284,0.0103177933191655,7,0.04378142097912859,9.0
p06,readiness_next_day_change,Sleep_Score,0.005539302774658357,0.0387751194226085,0.0075044425332286,7,0.038775119422608674,10.0
p06,readiness_next_day_change,Exercise_Distance,0.004732590403929143,0.033128132827504,0.0118019421786338,7,0.033128132827504146,11.0
p06,readiness_next_day_change,Sleep_Composition,0.004349684485549571,0.030447791398847,0.009114899849366,7,0.030447791398847134,12.0
p06,readiness_next_day_change,Exercise_Count,0.004030028574439486,0.028210200021076402,0.0151121325543155,7,0.028210200021076527,13.0
p06,sleep_quality_next_day_change,Sleep_Score,0.026970906795679483,0.18879634756975638,0.0446511150967601,7,0.1887963475697572,1.0
p06,sleep_quality_next_day_change,Sleep_Hours,0.02201911396241677,0.1541337977369174,0.1049169968378455,7,0.15413379773691804,2.0
p06,sleep_quality_next_day_change,Sleep_Restlessness,0.015573689548630571,0.109015826840414,0.054322325800021,7,0.10901582684041446,3.0
p06,sleep_quality_next_day_change,Sleep_Composition,0.013834268178591859,0.09683987725014301,0.0196715485135788,7,0.09683987725014341,4.0
p06,sleep_quality_next_day_change,Sleep_Duration_Score,0.0136572155679198,0.0956005089754386,0.0159922041148873,7,0.09560050897543901,5.0
p06,sleep_quality_next_day_change,Steps,0.012621693242475529,0.0883518526973287,0.0294649833519573,7,0.08835185269732908,6.0
p06,sleep_quality_next_day_change,Deep_Sleep_Minutes,0.009554449416292101,0.0668811459140447,0.0234211011133093,7,0.06688114591404498,7.0
p06,sleep_quality_next_day_change,Exercise_Avg_HR,0.0091652991830109,0.0641570942810763,0.0357431252676091,7,0.06415709428107658,8.0
p06,sleep_quality_next_day_change,Sleep_Revitalization,0.005138542760469758,0.0359697993232883,0.0084600207692444,7,0.035969799323288455,9.0
p06,sleep_quality_next_day_change,Exercise_Duration,0.004839297489999586,0.0338750824299971,0.0097619137612592,7,0.03387508242999725,10.0
p06,sleep_quality_next_day_change,Exercise_Distance,0.003822681116437757,0.0267587678150643,0.0115397857024418,7,0.026758767815064415,11.0
p06,sleep_quality_next_day_change,Exercise_Calories,0.0036170193825756855,0.0253191356780298,0.0061603431001764,7,0.025319135678029906,12.0
p06,sleep_quality_next_day_change,Exercise_Count,0.0020429662126424573,0.0143007634884972,0.0048412034797017,7,0.014300763488497261,13.0
p06,stress_next_day_change,Steps,0.023000507055540916,0.16100354938878642,0.0509266175394219,7,0.1610035493887871,1.0
p06,stress_next_day_change,Deep_Sleep_Minutes,0.01601402534397554,0.11209817740782879,0.0519408550896049,7,0.11209817740782928,2.0
p06,stress_next_day_change,Exercise_Avg_HR,0.01555263802269567,0.10886846615886969,0.0623668621239133,7,0.10886846615887016,3.0
p06,stress_next_day_change,Sleep_Score,0.013455248377598743,0.0941867386431912,0.0207920125681014,7,0.0941867386431916,4.0
p06,stress_next_day_change,Exercise_Duration,0.012887537780827898,0.09021276446579529,0.0404958440550989,7,0.09021276446579568,5.0
p06,stress_next_day_change,Sleep_Restlessness,0.011689317594841585,0.0818252231638911,0.0222007939637943,7,0.08182522316389146,6.0
p06,stress_next_day_change,Sleep_Revitalization,0.011040773915100886,0.0772854174057062,0.0348416600921737,7,0.07728541740570653,7.0
p06,stress_next_day_change,Sleep_Hours,0.009359685035573998,0.06551779524901799,0.0187315391010698,7,0.06551779524901827,8.0
p06,stress_next_day_change,Sleep_Duration_Score,0.008655296639233286,0.060587076474633,0.0235899120536473,7,0.06058707647463327,9.0
p06,stress_next_day_change,Exercise_Calories,0.008041277548613186,0.0562889428402923,0.0226438158537717,7,0.056288942840292545,10.0
p06,stress_next_day_change,Sleep_Composition,0.007228355364950714,0.050598487554655,0.0223697443653265,7,0.05059848755465522,11.0
p06,stress_next_day_change,Exercise_Distance,0.003953219393039915,0.0276725357512794,0.0112691770227021,7,0.027672535751279523,12.0
p06,stress_next_day_change,Exercise_Count,0.0019792607851498952,0.013854825496049265,0.0053505782158644,7,0.013854825496049326,13.0
p07,fatigue_next_day_change,Exercise_Avg_HR,0.017816072737236302,0.12471250916065411,0.0767559822728889,7,0.12471250916065466,1.0
p07,fatigue_next_day_change,Steps,0.01689098951811264,0.1182369266267885,0.0351655286036291,7,0.11823692662678902,2.0
p07,fatigue_next_day_change,Sleep_Restlessness,0.0146376671090059,0.1024636697630413,0.0203320484471963,7,0.10246366976304175,3.0
p07,fatigue_next_day_change,Sleep_Score,0.011916981208643184,0.0834188684605023,0.0221274007295148,7,0.08341886846050266,4.0
p07,fatigue_next_day_change,Exercise_Count,0.0118240712801498,0.0827684989610486,0.0507696544734651,7,0.08276849896104896,5.0
p07,fatigue_next_day_change,Deep_Sleep_Minutes,0.011327142589779156,0.0792899981284541,0.02728102493343,7,0.07928999812845444,6.0
p07,fatigue_next_day_change,Exercise_Distance,0.010943668656381128,0.0766056805946679,0.0185592816114365,7,0.07660568059466823,7.0
p07,fatigue_next_day_change,Exercise_Calories,0.010208120810725214,0.0714568456750765,0.0222800688008278,7,0.0714568456750768,8.0
p07,fatigue_next_day_change,Exercise_Duration,0.009313513821406386,0.06519459674984471,0.0199581188584566,7,0.06519459674984499,9.0
p07,fatigue_next_day_change,Sleep_Composition,0.008780163111937958,0.0614611417835657,0.0097615421924393,7,0.061461141783565966,10.0
p07,fatigue_next_day_change,Sleep_Hours,0.007487481330054201,0.0524123693103794,0.0158517806581052,7,0.05241236931037963,11.0
p07,fatigue_next_day_change,Sleep_Revitalization,0.005966137965615043,0.0417629657593053,0.0153124112143538,7,0.04176296575930548,12.0
p07,fatigue_next_day_change,Sleep_Duration_Score,0.005745132718095329,0.040215929026667305,0.014578565719275,7,0.04021592902666748,13.0
p07,mood_next_day_change,Deep_Sleep_Minutes,0.02373607280760897,0.16615250965326278,0.1228222196163165,7,0.16615250965326353,1.0
p07,mood_next_day_change,Exercise_Avg_HR,0.021349645538055788,0.1494475187663905,0.0853442472798658,7,0.1494475187663912,2.0
p07,mood_next_day_change,Steps,0.013011957241872643,0.0910837006931085,0.039267775282343,7,0.09108370069310892,3.0
p07,mood_next_day_change,Sleep_Composition,0.011621683691111257,0.0813517858377788,0.0332441691121017,7,0.08135178583777918,4.0
p07,mood_next_day_change,Sleep_Restlessness,0.011609157819479557,0.0812641047363569,0.0415484606128594,7,0.08126410473635727,5.0
p07,mood_next_day_change,Sleep_Hours,0.011336602550569442,0.0793562178539861,0.0191755342227701,7,0.07935621785398646,6.0
p07,mood_next_day_change,Exercise_Duration,0.009503628031664,0.06652539622164799,0.0226221967692887,7,0.0665253962216483,7.0
p07,mood_next_day_change,Exercise_Calories,0.00886208613194103,0.0620346029235872,0.020667505662077,7,0.062034602923587485,8.0
p07,mood_next_day_change,Sleep_Score,0.008720571281847757,0.0610439989729343,0.0125076420241356,7,0.061043998972934575,9.0
p07,mood_next_day_change,Sleep_Duration_Score,0.0075410609739662,0.0527874268177634,0.0152327975109277,7,0.05278742681776364,10.0
p07,mood_next_day_change,Sleep_Revitalization,0.006508502669822272,0.0455595186887559,0.0155895231459732,7,0.04555951868875611,11.0
p07,mood_next_day_change,Exercise_Distance,0.0064415559410535995,0.0450908915873752,0.016515353506099,7,0.045090891587375406,12.0
p07,mood_next_day_change,Exercise_Count,0.0026146181781497,0.0183023272470479,0.0081627626527948,7,0.018302327247047983,13.0
p07,readiness_next_day_change,Exercise_Avg_HR,0.02004744785253013,0.1403321349677109,0.0278630208892579,7,0.14033213496771152,1.0
p07,readiness_next_day_change,Exercise_Duration,0.019706417773649183,0.1379449244155443,0.0438712926820288,7,0.1379449244155449,2.0
p07,readiness_next_day_change,Sleep_Restlessness,0.016208437722651115,0.1134590640585578,0.0546245590343116,7,0.1134590640585583,3.0
p07,readiness_next_day_change,Sleep_Score,0.013043396857962143,0.091303778005735,0.040619533443227,7,0.0913037780057354,4.0
p07,readiness_next_day_change,Exercise_Calories,0.011495364151387041,0.08046754905970929,0.027042597165221,7,0.08046754905970965,5.0
p07,readiness_next_day_change,Steps,0.010788652429462557,0.0755205670062379,0.0233788550974727,7,0.07552056700623823,6.0
p07,readiness_next_day_change,Sleep_Composition,0.010186489345384173,0.07130542541768921,0.0332047260304391,7,0.07130542541768953,7.0
p07,readiness_next_day_change,Sleep_Hours,0.008660161699967042,0.060621131899769296,0.0138105725205964,7,0.060621131899769566,8.0
p07,readiness_next_day_change,Deep_Sleep_Minutes,0.007562388116929543,0.0529367168185068,0.0205828066177359,7,0.052936716818507035,9.0
p07,readiness_next_day_change,Exercise_Distance,0.007433053799116186,0.0520313765938133,0.0178087663589538,7,0.05203137659381353,10.0
p07,readiness_next_day_change,Exercise_Count,0.007126388052434214,0.0498847163670395,0.0147421885062674,7,0.04988471636703972,11.0
p07,readiness_next_day_change,Sleep_Revitalization,0.005558422223590158,0.038908955565131104,0.0182336636370896,7,0.03890895556513128,12.0
p07,readiness_next_day_change,Sleep_Duration_Score,0.005040522832078729,0.0352836598245511,0.0092356433416435,7,0.03528365982455126,13.0
p07,sleep_quality_next_day_change,Sleep_Duration_Score,0.023474447603408558,0.1643211332238599,0.0492748427398624,7,0.1643211332238606,1.0
p07,sleep_quality_next_day_change,Sleep_Score,0.0196037302789816,0.1372261119528712,0.0300157290803665,7,0.1372261119528718,2.0
p07,sleep_quality_next_day_change,Sleep_Hours,0.016113026757230243,0.1127911873006117,0.0292438544346518,7,0.11279118730061218,3.0
p07,sleep_quality_next_day_change,Exercise_Avg_HR,0.012549804584210173,0.0878486320894712,0.0261679668931987,7,0.08784863208947158,4.0
p07,sleep_quality_next_day_change,Deep_Sleep_Minutes,0.012323476369182544,0.0862643345842778,0.0214601055813764,7,0.08626433458427817,5.0
p07,sleep_quality_next_day_change,Sleep_Restlessness,0.010332098583908813,0.0723246900873617,0.0239713067157803,7,0.072324690087362,6.0
p07,sleep_quality_next_day_change,Exercise_Distance,0.009776531133877329,0.0684357179371413,0.0330901312393157,7,0.0684357179371416,7.0
p07,sleep_quality_next_day_change,Steps,0.009644379984623416,0.0675106598923639,0.0254683995202955,7,0.0675106598923642,8.0
p07,sleep_quality_next_day_change,Sleep_Composition,0.009254874566373385,0.0647841219646137,0.0133475384151152,7,0.06478412196461397,9.0
p07,sleep_quality_next_day_change,Exercise_Duration,0.006322599826606443,0.0442581987862451,0.022945555420012,7,0.04425819878624529,10.0
p07,sleep_quality_next_day_change,Exercise_Calories,0.005098542072003329,0.0356897945040233,0.0094184857082606,7,0.03568979450402345,11.0
p07,sleep_quality_next_day_change,Sleep_Revitalization,0.004815809632885871,0.0337106674302011,0.01053974458983,7,0.033710667430201235,12.0
p07,sleep_quality_next_day_change,Exercise_Count,0.0035478214638505574,0.0248347502469539,0.0104439495950551,7,0.024834750246954005,13.0
p07,stress_next_day_change,Sleep_Duration_Score,0.016513074601012114,0.1155915222070848,0.0675621112669587,7,0.11559152220708528,1.0
p07,stress_next_day_change,Sleep_Hours,0.014419465988584,0.100936261920088,0.0518120191777233,7,0.10093626192008844,2.0
p07,stress_next_day_change,Deep_Sleep_Minutes,0.014355838436491143,0.100490869055438,0.0400426093004729,7,0.10049086905543843,3.0
p07,stress_next_day_change,Steps,0.014056090784990843,0.0983926354949359,0.0342691260267101,7,0.09839263549493632,4.0
p07,stress_next_day_change,Exercise_Duration,0.013760156797101372,0.09632109757970961,0.0243844694046186,7,0.09632109757971001,5.0
p07,stress_next_day_change,Sleep_Restlessness,0.013522649500068528,0.0946585465004797,0.0353716436023463,7,0.0946585465004801,6.0
p07,stress_next_day_change,Exercise_Calories,0.0133019005166365,0.09311330361645549,0.0454864590049318,7,0.09311330361645588,7.0
p07,stress_next_day_change,Exercise_Avg_HR,0.010742558847638015,0.0751979119334661,0.02316034875908,7,0.07519791193346642,8.0
p07,stress_next_day_change,Exercise_Distance,0.008134461819320829,0.0569412327352458,0.0170311110379995,7,0.056941232735246046,9.0
p07,stress_next_day_change,Sleep_Score,0.00812302146247267,0.0568611502373087,0.0178238814311397,7,0.05686115023730894,10.0
p07,stress_next_day_change,Sleep_Composition,0.007379471017261586,0.0516562971208311,0.0199505755930065,7,0.051656297120831314,11.0
p07,stress_next_day_change,Sleep_Revitalization,0.006014054080425628,0.0420983785629794,0.0197656890230313,7,0.04209837856297958,12.0
p07,stress_next_day_change,Exercise_Count,0.0025343990051390286,0.0177407930359732,0.0067558348348591,7,0.017740793035973278,13.0
p08,fatigue_next_day_change,Exercise_Distance,0.023097149027030802,0.1616800431892156,0.0532082745452644,7,0.16168004318921625,1.0
p08,fatigue_next_day_change,Sleep_Revitalization,0.016501898721641355,0.1155132910514895,0.0316983223653693,7,0.11551329105148996,2.0
p08,fatigue_next_day_change,Deep_Sleep_Minutes,0.013458583746337084,0.09421008622435958,0.04085252376255,7,0.09421008622435996,3.0
p08,fatigue_next_day_change,Exercise_Calories,0.012421786287855587,0.08695250401498911,0.0286269114561458,7,0.08695250401498945,4.0
p08,fatigue_next_day_change,Sleep_Score,0.011630266725503342,0.0814118670785234,0.0188735827041681,7,0.08141186707852371,5.0
p08,fatigue_next_day_change,Steps,0.010587864638650187,0.07411505247055131,0.0247259269262848,7,0.0741150524705516,6.0
p08,fatigue_next_day_change,Exercise_Avg_HR,0.010303183856715572,0.07212228699700901,0.0229280253634372,7,0.0721222869970093,7.0
p08,fatigue_next_day_change,Sleep_Hours,0.01014516895327103,0.07101618267289721,0.0200821199470192,7,0.07101618267289748,8.0
p08,fatigue_next_day_change,Sleep_Composition,0.009812600449586642,0.0686882031471065,0.0216784387927549,7,0.06868820314710677,9.0
p08,fatigue_next_day_change,Exercise_Duration,0.008034999296175972,0.0562449950732318,0.0271939263030796,7,0.056244995073232024,10.0
p08,fatigue_next_day_change,Sleep_Restlessness,0.007640080122251772,0.0534805608557624,0.012906461336238,7,0.05348056085576262,11.0
p08,fatigue_next_day_change,Sleep_Duration_Score,0.005968593223366457,0.041780152563565195,0.013365263483311,7,0.04178015256356536,12.0
p08,fatigue_next_day_change,Exercise_Count,0.003254967808756486,0.0227847746612954,0.0073246702906513,7,0.02278477466129549,13.0
p08,mood_next_day_change,Sleep_Score,0.018066583782770058,0.1264660864793904,0.0381449404534477,7,0.12646608647939098,1.0
p08,mood_next_day_change,Sleep_Hours,0.017986569778765813,0.1259059884513607,0.0334189222427754,7,0.12590598845136128,2.0
p08,mood_next_day_change,Exercise_Calories,0.016230571147462257,0.11361399803223579,0.0559189536580801,7,0.11361399803223632,3.0
p08,mood_next_day_change,Steps,0.013556109597219016,0.0948927671805331,0.0326083546891777,7,0.09489276718053355,4.0
p08,mood_next_day_change,Deep_Sleep_Minutes,0.013056991318346913,0.0913989392284284,0.0475556776806979,7,0.09139893922842883,5.0
p08,mood_next_day_change,Exercise_Distance,0.012177863790929671,0.0852450465365077,0.0251929944005063,7,0.0852450465365081,6.0
p08,mood_next_day_change,Sleep_Restlessness,0.010315335286298629,0.0722073470040904,0.0357614867211657,7,0.07220734700409073,7.0
p08,mood_next_day_change,Exercise_Count,0.009738031603130857,0.068166221221916,0.0330769556735657,7,0.06816622122191632,8.0
p08,mood_next_day_change,Exercise_Duration,0.009158935302022914,0.0641125471141604,0.0185329635829184,7,0.0641125471141607,9.0
p08,mood_next_day_change,Exercise_Avg_HR,0.007732440372432857,0.05412708260703,0.0104066694246214,7,0.05412708260703025,10.0
p08,mood_next_day_change,Sleep_Revitalization,0.0061753261073292575,0.0432272827513048,0.0228181508024717,7,0.043227282751305,11.0
p08,mood_next_day_change,Sleep_Duration_Score,0.004479245773155585,0.031354720412089095,0.0164184309201834,7,0.03135472041208924,12.0
p08,mood_next_day_change,Sleep_Composition,0.004183138997278357,0.0292819729809485,0.0116627585697111,7,0.029281972980948635,13.0
p08,readiness_next_day_change,Sleep_Revitalization,0.01882122730111594,0.1317485911078116,0.0329846505254226,7,0.1317485911078122,1.0
p08,readiness_next_day_change,Sleep_Hours,0.017088431273658843,0.1196190189156119,0.0273881852312995,7,0.11961901891561245,2.0
p08,readiness_next_day_change,Exercise_Calories,0.013338214761263985,0.0933675033288479,0.0241534480754687,7,0.09336750332884833,3.0
p08,readiness_next_day_change,Steps,0.01264123551358447,0.0884886485950913,0.0234033714180296,7,0.08848864859509172,4.0
p08,readiness_next_day_change,Exercise_Duration,0.012359609532130085,0.0865172667249106,0.0260389065376814,7,0.086517266724911,5.0
p08,readiness_next_day_change,Exercise_Distance,0.0120453274084948,0.0843172918594636,0.0337933061260102,7,0.08431729185946399,6.0
p08,readiness_next_day_change,Sleep_Restlessness,0.010628644388064356,0.0744005107164505,0.0203233047645249,7,0.07440051071645085,7.0
p08,readiness_next_day_change,Deep_Sleep_Minutes,0.009405612534000888,0.06583928773800621,0.021024695750884,7,0.06583928773800651,8.0
p08,readiness_next_day_change,Exercise_Avg_HR,0.009066283276587686,0.0634639829361138,0.0221156922847842,7,0.06346398293611409,9.0
p08,readiness_next_day_change,Sleep_Score,0.008810856491216271,0.0616759954385139,0.0238212813589535,7,0.06167599543851419,10.0
p08,readiness_next_day_change,Sleep_Duration_Score,0.007963287604534415,0.055743013231740905,0.0153563179812364,7,0.05574301323174116,11.0
p08,readiness_next_day_change,Exercise_Count,0.005544374136449329,0.0388106189551453,0.0131018706743441,7,0.03881061895514548,12.0
p08,readiness_next_day_change,Sleep_Composition,0.005144038636041114,0.0360082704522878,0.012175550265268,7,0.036008270452287966,13.0
p08,sleep_quality_next_day_change,Steps,0.016469832920594642,0.11528883044416251,0.0612933023441131,7,0.115288830444163,1.0
p08,sleep_quality_next_day_change,Sleep_Restlessness,0.015677079291453972,0.1097395550401778,0.0292891846012969,7,0.10973955504017827,2.0
p08,sleep_quality_next_day_change,Exercise_Avg_HR,0.014048390561872058,0.09833873393310441,0.055084307932158,7,0.09833873393310484,3.0
p08,sleep_quality_next_day_change,Exercise_Calories,0.012269287408525056,0.0858850118596754,0.0439482260087323,7,0.08588501185967577,4.0
p08,sleep_quality_next_day_change,Exercise_Distance,0.012241245241504314,0.0856887166905302,0.0222474921210152,7,0.08568871669053058,5.0
p08,sleep_quality_next_day_change,Exercise_Count,0.011590365074114513,0.0811325555188016,0.0338262189573517,7,0.08113255551880194,6.0
p08,sleep_quality_next_day_change,Sleep_Duration_Score,0.011398686385192314,0.0797908046963462,0.0452104079548966,7,0.07979080469634654,7.0
p08,sleep_quality_next_day_change,Exercise_Duration,0.0109221527003481,0.0764550689024367,0.0381453223681161,7,0.07645506890243703,8.0
p08,sleep_quality_next_day_change,Sleep_Score,0.009961835456062159,0.06973284819243511,0.0124914512729634,7,0.06973284819243541,9.0
p08,sleep_quality_next_day_change,Sleep_Revitalization,0.0097796003512092,0.0684572024584644,0.0141036587464238,7,0.06845720245846469,10.0
p08,sleep_quality_next_day_change,Deep_Sleep_Minutes,0.0081708176986305,0.0571957238904135,0.0286139973621025,7,0.05719572389041375,11.0
p08,sleep_quality_next_day_change,Sleep_Hours,0.005383778641102186,0.0376864504877153,0.0075958864467329,7,0.03768645048771547,12.0
p08,sleep_quality_next_day_change,Sleep_Composition,0.004944071126533229,0.0346084978857326,0.0118684681332629,7,0.03460849788573275,13.0
p08,stress_next_day_change,Sleep_Duration_Score,0.02654457586645616,0.18581203106519312,0.1219586305353002,7,0.1858120310651939,1.0
p08,stress_next_day_change,Exercise_Distance,0.013715605301190542,0.0960092371083338,0.02774053339731,7,0.0960092371083342,2.0
p08,stress_next_day_change,Exercise_Avg_HR,0.013154265200528028,0.0920798564036962,0.024561548741215,7,0.09207985640369659,3.0
p08,stress_next_day_change,Deep_Sleep_Minutes,0.012895245153529999,0.09026671607471,0.0448470594600032,7,0.09026671607471037,4.0
p08,stress_next_day_change,Sleep_Restlessness,0.0123326286318515,0.0863284004229605,0.041442722542861,7,0.08632840042296086,5.0
p08,stress_next_day_change,Steps,0.01133777782902993,0.0793644448032095,0.0207266088612534,7,0.07936444480320984,6.0
p08,stress_next_day_change,Sleep_Score,0.010399660294473215,0.0727976220613125,0.0240312393193984,7,0.07279762206131281,7.0
p08,stress_next_day_change,Exercise_Count,0.009406569639941643,0.0658459874795915,0.0256997610791671,7,0.06584598747959178,8.0
p08,stress_next_day_change,Exercise_Duration,0.008156439909632586,0.0570950793674281,0.0157788113049232,7,0.057095079367428345,9.0
p08,stress_next_day_change,Sleep_Hours,0.008035267592284243,0.0562468731459897,0.0117451986965814,7,0.05624687314598994,10.0
p08,stress_next_day_change,Sleep_Revitalization,0.005957234632289786,0.0417006424260285,0.0129991324482728,7,0.041700642426028674,11.0
p08,stress_next_day_change,Exercise_Calories,0.0056127893414926,0.0392895253904482,0.0103972829314356,7,0.03928952539044837,12.0
p08,stress_next_day_change,Sleep_Composition,0.005309083464442014,0.0371635842510941,0.0171819068345677,7,0.03716358425109426,13.0
p09,fatigue_next_day_change,Sleep_Hours,0.0266520492549071,0.1865643447843497,0.0527574529084804,7,0.18656434478435047,1.0
p09,fatigue_next_day_change,Sleep_Revitalization,0.01796038012234461,0.1257226608564123,0.0799596859889324,7,0.12572266085641282,2.0
p09,fatigue_next_day_change,Sleep_Duration_Score,0.017947097835367343,0.1256296848475714,0.0247288147166946,7,0.12562968484757192,3.0
p09,fatigue_next_day_change,Sleep_Score,0.015352041381615457,0.1074642896713082,0.0281023581051441,7,0.10746428967130864,4.0
p09,fatigue_next_day_change,Sleep_Restlessness,0.014446975595459785,0.1011288291682185,0.0267584112943771,7,0.10112882916821891,5.0
p09,fatigue_next_day_change,Deep_Sleep_Minutes,0.014352651771847871,0.1004685624029351,0.021779075054234,7,0.10046856240293552,6.0
p09,fatigue_next_day_change,Sleep_Composition,0.012906935305407027,0.09034854713784919,0.0510693586515342,7,0.09034854713784957,7.0
p09,fatigue_next_day_change,Steps,0.011904171594391857,0.083329201160743,0.0213333619026002,7,0.08332920116074334,8.0
p09,fatigue_next_day_change,Exercise_Calories,0.004201951021293957,0.0294136571490577,0.0111097578923995,7,0.02941365714905782,9.0
p09,fatigue_next_day_change,Exercise_Avg_HR,0.0027224596935605003,0.0190572178549235,0.0109830541686576,7,0.01905721785492358,10.0
p09,fatigue_next_day_change,Exercise_Duration,0.002323018892897014,0.0162611322502791,0.0062293965237807,7,0.016261132250279167,11.0
p09,fatigue_next_day_change,Exercise_Count,0.0012520214819981142,0.0087641503739868,0.005029008734016,7,0.008764150373986836,12.0
p09,fatigue_next_day_change,Exercise_Distance,0.0008353889060516286,0.0058477223423614,0.0030286169823212,7,0.0058477223423614244,13.0
p09,mood_next_day_change,Sleep_Hours,0.021727654195236146,0.15209357936665302,0.040103823724225,7,0.1520935793666537,1.0
p09,mood_next_day_change,Sleep_Revitalization,0.020357891905278928,0.1425052433369525,0.0411333444210716,7,0.1425052433369531,2.0
p09,mood_next_day_change,Deep_Sleep_Minutes,0.019859880528436617,0.13901916369905631,0.0415706258310463,7,0.13901916369905692,3.0
p09,mood_next_day_change,Steps,0.019554144637421444,0.1368790124619501,0.0517534061474211,7,0.1368790124619507,4.0
p09,mood_next_day_change,Sleep_Restlessness,0.015329168690138744,0.10730418083097121,0.0331206005007942,7,0.10730418083097167,5.0
p09,mood_next_day_change,Sleep_Duration_Score,0.014360549530742787,0.10052384671519951,0.0439184171648065,7,0.10052384671519994,6.0
p09,mood_next_day_change,Sleep_Score,0.014005179067592629,0.0980362534731484,0.0346688721213146,7,0.09803625347314883,7.0
p09,mood_next_day_change,Sleep_Composition,0.008276508282958615,0.0579355579807103,0.0151157510802616,7,0.05793555798071055,8.0
p09,mood_next_day_change,Exercise_Calories,0.0036920674794394003,0.0258444723560758,0.0093374623159813,7,0.025844472356075912,9.0
p09,mood_next_day_change,Exercise_Duration,0.002434906597062914,0.0170443461794404,0.0056858920834616,7,0.01704434617944047,10.0
p09,mood_next_day_change,Exercise_Avg_HR,0.0020753247957655714,0.014527273570359,0.0038092526270657,7,0.014527273570359062,11.0
p09,mood_next_day_change,Exercise_Count,0.0010936887215095713,0.0076558210505669995,0.0033313613879433,7,0.0076558210505670325,12.0
p09,mood_next_day_change,Exercise_Distance,9.017842555887144e-05,0.0006312489789121001,0.0004324809530791,7,0.0006312489789121028,13.0
p09,readiness_next_day_change,Sleep_Hours,0.03360616961593858,0.2352431873115701,0.0716825450485548,7,0.23524318731157104,1.0
p09,readiness_next_day_change,Sleep_Duration_Score,0.02488780010623837,0.1742146007436686,0.049948179825199,7,0.1742146007436693,2.0
p09,readiness_next_day_change,Deep_Sleep_Minutes,0.018004444014864784,0.1260311081040535,0.0532330288445985,7,0.126031108104054,3.0
p09,readiness_next_day_change,Steps,0.017038541736833387,0.1192697921578337,0.0459448807308472,7,0.11926979215783418,4.0
p09,readiness_next_day_change,Sleep_Revitalization,0.01401434033444533,0.0981003823411173,0.0350748331623245,7,0.09810038234111769,5.0
p09,readiness_next_day_change,Sleep_Score,0.011684319216632443,0.0817902345164271,0.018486175172861,7,0.08179023451642743,6.0
p09,readiness_next_day_change,Sleep_Composition,0.008076432573897115,0.056535028017279804,0.0241771526609945,7,0.05653502801728003,7.0
p09,readiness_next_day_change,Sleep_Restlessness,0.007829991666437315,0.0548099416650612,0.0161813757620418,7,0.054809941665061424,8.0
p09,readiness_next_day_change,Exercise_Calories,0.002493942790038529,0.0174575995302697,0.006702689702655,7,0.01745759953026977,9.0
p09,readiness_next_day_change,Exercise_Count,0.0020079752468423846,0.014055826727896693,0.0055605978777767,7,0.014055826727896749,10.0
p09,readiness_next_day_change,Exercise_Duration,0.0017145264039859,0.0120016848279013,0.0050112701682919,7,0.012001684827901348,11.0
p09,readiness_next_day_change,Exercise_Avg_HR,0.0014055222584950107,0.009838655809465075,0.0060833249503134,7,0.009838655809465115,12.0
p09,readiness_next_day_change,Exercise_Distance,9.313689249312858e-05,0.0006519582474519,0.0003824074924308,7,0.0006519582474519026,13.0
p09,sleep_quality_next_day_change,Sleep_Hours,0.02891787146017707,0.2024251002212395,0.05685311622868,7,0.2024251002212403,1.0
p09,sleep_quality_next_day_change,Sleep_Duration_Score,0.023746825714180856,0.166227779999266,0.0418856371183583,7,0.16622777999926666,2.0
p09,sleep_quality_next_day_change,Deep_Sleep_Minutes,0.01976090237406431,0.13832631661845018,0.0370106782892585,7,0.13832631661845074,3.0
p09,sleep_quality_next_day_change,Sleep_Score,0.0150487046938466,0.1053409328569262,0.0244486792202208,7,0.10534093285692661,4.0
p09,sleep_quality_next_day_change,Sleep_Restlessness,0.01494151168803813,0.1045905818162669,0.0535267342406988,7,0.10459058181626732,5.0
p09,sleep_quality_next_day_change,Sleep_Revitalization,0.014188455516472144,0.099319188615305,0.0532043057724938,7,0.0993191886153054,6.0
p09,sleep_quality_next_day_change,Steps,0.011021556332094644,0.0771508943246625,0.0357098379933194,7,0.07715089432466281,7.0
p09,sleep_quality_next_day_change,Sleep_Composition,0.0073277463570728145,0.051294224499509704,0.0193371103189544,7,0.05129422449950991,8.0
p09,sleep_quality_next_day_change,Exercise_Duration,0.0022917557482507,0.0160422902377549,0.0073339760328072,7,0.016042290237754962,9.0
p09,sleep_quality_next_day_change,Exercise_Calories,0.0020311643196224143,0.0142181502373569,0.0072221783753779,7,0.014218150237356958,10.0
p09,sleep_quality_next_day_change,Exercise_Avg_HR,0.0018483913018572057,0.01293873911300044,0.0076372463335348,7,0.012938739113000492,11.0
p09,sleep_quality_next_day_change,Exercise_Count,0.0015031876541683955,0.010522313579178768,0.0074380964472735,7,0.01052231357917881,12.0
p09,sleep_quality_next_day_change,Exercise_Distance,0.000229069697297,0.001603487881079,0.000806734086888,7,0.0016034878810790064,13.0
p09,stress_next_day_change,Steps,0.0313876059629436,0.2197132417406052,0.0699543938361693,7,0.21971324174060605,1.0
p09,stress_next_day_change,Deep_Sleep_Minutes,0.022702217277407986,0.1589155209418559,0.0587185957387118,7,0.15891552094185651,2.0
p09,stress_next_day_change,Sleep_Score,0.01838068131706963,0.1286647692194874,0.082314431392494,7,0.1286647692194879,3.0
p09,stress_next_day_change,Sleep_Hours,0.015925368879355545,0.11147758215548881,0.0286177959846745,7,0.11147758215548924,4.0
p09,stress_next_day_change,Sleep_Restlessness,0.013967874780438714,0.09777512346307099,0.0199407160366393,7,0.09777512346307136,5.0
p09,stress_next_day_change,Sleep_Revitalization,0.0133740377981192,0.0936182645868344,0.0279192926942955,7,0.09361826458683475,6.0
p09,stress_next_day_change,Sleep_Duration_Score,0.007812682270496028,0.0546887758934722,0.0163788779975066,7,0.054688775893472416,7.0
p09,stress_next_day_change,Sleep_Composition,0.007483045175036971,0.052381316225258795,0.013834691464243,7,0.052381316225258996,8.0
p09,stress_next_day_change,Exercise_Calories,0.003923691092359143,0.027465837646514002,0.010616567982582,7,0.02746583764651411,9.0
p09,stress_next_day_change,Exercise_Count,0.0031906476955389,0.0223345338687723,0.009867466352668,7,0.022334533868772388,10.0
p09,stress_next_day_change,Exercise_Duration,0.0025748465982692284,0.0180239261878846,0.0075413274845318,7,0.01802392618788467,11.0
p09,stress_next_day_change,Exercise_Avg_HR,0.002098670195949,0.014690691371643002,0.003911800886211,7,0.014690691371643059,12.0
p09,stress_next_day_change,Exercise_Distance,3.577381415836487e-05,0.0002504166991085541,0.0002027835412168,7,0.00025041669910855506,13.0
p10,fatigue_next_day_change,Sleep_Score,0.038291839580558984,0.2680428770639129,0.1145302051034458,7,0.268042877063914,1.0
p10,fatigue_next_day_change,Sleep_Duration_Score,0.0234842104732319,0.1643894733126233,0.0671802685890521,7,0.164389473312624,2.0
p10,fatigue_next_day_change,Deep_Sleep_Minutes,0.015322206481388172,0.1072554453697172,0.026553273532626,7,0.10725544536971766,3.0
p10,fatigue_next_day_change,Sleep_Hours,0.013341869572756414,0.0933930870092949,0.0373864112774165,7,0.09339308700929529,4.0
p10,fatigue_next_day_change,Steps,0.01063035420125327,0.0744124794087729,0.0278845689097386,7,0.07441247940877321,5.0
p10,fatigue_next_day_change,Sleep_Revitalization,0.008906142151377172,0.0623429950596402,0.04026355337616,7,0.062342995059640464,6.0
p10,fatigue_next_day_change,Exercise_Avg_HR,0.007520952142241029,0.0526466649956872,0.0101226491229009,7,0.052646664995687424,7.0
p10,fatigue_next_day_change,Exercise_Duration,0.005819947404242686,0.0407396318296988,0.0124354634132186,7,0.040739631829698975,8.0
p10,fatigue_next_day_change,Sleep_Restlessness,0.005715805614982686,0.0400106393048788,0.0135959984687132,7,0.04001063930487897,9.0
p10,fatigue_next_day_change,Exercise_Calories,0.005364880614300972,0.0375541643001068,0.0124821674204174,7,0.03755416430010696,10.0
p10,fatigue_next_day_change,Sleep_Composition,0.0034576274803962237,0.024203392362773565,0.0073528178794817,7,0.024203392362773666,11.0
p10,fatigue_next_day_change,Exercise_Count,0.0031891422909067443,0.02232399603634721,0.0089939885718178,7,0.022323996036347302,12.0
p10,fatigue_next_day_change,Exercise_Distance,0.001812164849506,0.012685153946542,0.0051188539408489,7,0.012685153946542054,13.0
p10,mood_next_day_change,Sleep_Score,0.0258426206615792,0.18089834463105442,0.1060976942722928,7,0.18089834463105517,1.0
p10,mood_next_day_change,Sleep_Hours,0.016816678824236656,0.1177167517696566,0.0524670945752669,7,0.1177167517696571,2.0
p10,mood_next_day_change,Sleep_Restlessness,0.015554828510136329,0.1088837995709543,0.0464382826386568,7,0.10888379957095476,3.0
p10,mood_next_day_change,Steps,0.013235216476022913,0.0926465153321604,0.0271674436074792,7,0.09264651533216078,4.0
p10,mood_next_day_change,Exercise_Calories,0.013143742835553971,0.0920061998488778,0.0216874099245585,7,0.09200619984887819,5.0
p10,mood_next_day_change,Deep_Sleep_Minutes,0.011076967725727157,0.0775387740800901,0.0235071866710725,7,0.07753877408009044,6.0
p10,mood_next_day_change,Sleep_Revitalization,0.010596524979757715,0.07417567485830401,0.0299857809451687,7,0.07417567485830433,7.0
p10,mood_next_day_change,Exercise_Avg_HR,0.008044096243443872,0.056308673704107096,0.0157957677265179,7,0.05630867370410733,8.0
p10,mood_next_day_change,Sleep_Duration_Score,0.0076724757682748,0.0537073303779236,0.0175494459787056,7,0.05370733037792383,9.0
p10,mood_next_day_change,Exercise_Duration,0.0067007854003862,0.0469054978027034,0.01481304643493,7,0.0469054978027036,10.0
p10,mood_next_day_change,Sleep_Composition,0.0053117144100075855,0.0371820008700531,0.0149296235988165,7,0.03718200087005326,11.0
p10,mood_next_day_change,Exercise_Count,0.0050631910595550994,0.0354423374168857,0.0137486389707703,7,0.03544233741688585,12.0
p10,mood_next_day_change,Exercise_Distance,0.0037982999624607476,0.026588099737225233,0.0145611573322311,7,0.026588099737225344,13.0
p10,readiness_next_day_change,Deep_Sleep_Minutes,0.02465614362843403,0.1725930053990382,0.0976515315574554,7,0.17259300539903893,1.0
p10,readiness_next_day_change,Sleep_Score,0.016899786610591442,0.1182985062741401,0.0270002244882431,7,0.1182985062741406,2.0
p10,readiness_next_day_change,Sleep_Hours,0.016898017946631014,0.1182861256264171,0.041278856885244,7,0.1182861256264176,3.0
p10,readiness_next_day_change,Sleep_Restlessness,0.015151966748340445,0.10606376723838311,0.0285093372203195,7,0.10606376723838355,4.0
p10,readiness_next_day_change,Exercise_Calories,0.013262656242254728,0.0928385936957831,0.0289774395614446,7,0.09283859369578348,5.0
p10,readiness_next_day_change,Exercise_Avg_HR,0.010041423901716471,0.0702899673120153,0.0163825800922139,7,0.07028996731201559,6.0
p10,readiness_next_day_change,Steps,0.009533628804980557,0.0667354016348639,0.0175139268426938,7,0.06673540163486417,7.0
p10,readiness_next_day_change,Sleep_Duration_Score,0.0084850356836894,0.059395249785825804,0.0196373350016616,7,0.059395249785826054,8.0
p10,readiness_next_day_change,Sleep_Revitalization,0.008250558385397056,0.057753908697779396,0.0215313483135832,7,0.05775390869777964,9.0
p10,readiness_next_day_change,Exercise_Duration,0.007201162922831557,0.0504081404598209,0.0170025582880638,7,0.050408140459821116,10.0
p10,readiness_next_day_change,Sleep_Composition,0.006234318896230557,0.043640232273613896,0.0205770487083853,7,0.043640232273614084,11.0
p10,readiness_next_day_change,Exercise_Count,0.003722847890693486,0.026059935234854403,0.0112993225410136,7,0.026059935234854514,12.0
p10,readiness_next_day_change,Exercise_Distance,0.002519595195351502,0.017637166367460513,0.0098443499551016,7,0.017637166367460586,13.0
p10,sleep_quality_next_day_change,Sleep_Score,0.029253424572446483,0.20477397200712538,0.1098035691818422,7,0.20477397200712624,1.0
p10,sleep_quality_next_day_change,Sleep_Duration_Score,0.018101329066162956,0.1267093034631407,0.056693714011252,7,0.12670930346314122,2.0
p10,sleep_quality_next_day_change,Sleep_Hours,0.015566070521832984,0.1089624936528309,0.0638959253835287,7,0.10896249365283135,3.0
p10,sleep_quality_next_day_change,Deep_Sleep_Minutes,0.013912670266297786,0.0973886918640845,0.0378360263964682,7,0.09738869186408491,4.0
p10,sleep_quality_next_day_change,Sleep_Restlessness,0.013235980481268431,0.09265186336887901,0.0329425751466562,7,0.0926518633688794,5.0
p10,sleep_quality_next_day_change,Sleep_Revitalization,0.011366979085025857,0.079568853595181,0.0514794264879871,7,0.07956885359518133,6.0
p10,sleep_quality_next_day_change,Steps,0.01125011963110493,0.0787508374177345,0.0222285558455835,7,0.07875083741773484,7.0
p10,sleep_quality_next_day_change,Exercise_Avg_HR,0.007470115120508914,0.052290805843562396,0.0156077605387797,7,0.05229080584356262,8.0
p10,sleep_quality_next_day_change,Exercise_Calories,0.006947250132777757,0.0486307509294443,0.0134384597548702,7,0.04863075092944451,9.0
p10,sleep_quality_next_day_change,Exercise_Duration,0.005964598578965685,0.0417521900527598,0.0152136540842042,7,0.04175219005275997,10.0
p10,sleep_quality_next_day_change,Sleep_Composition,0.005375022314366785,0.0376251562005675,0.0140603237372511,7,0.03762515620056766,11.0
p10,sleep_quality_next_day_change,Exercise_Count,0.002713357060949663,0.01899349942664764,0.0073162865607006,7,0.01899349942664772,12.0
p10,sleep_quality_next_day_change,Exercise_Distance,0.0017002260254340323,0.011901582178038226,0.0054906089448259,7,0.011901582178038276,13.0
p10,stress_next_day_change,Sleep_Score,0.03056167461544967,0.2139317223081477,0.0492641100122671,7,0.2139317223081485,1.0
p10,stress_next_day_change,Sleep_Restlessness,0.018613174709277598,0.1302922229649432,0.0384089322410851,7,0.1302922229649437,2.0
p10,stress_next_day_change,Steps,0.0179668273908384,0.1257677917358688,0.0484168660789502,7,0.12576779173586927,3.0
p10,stress_next_day_change,Sleep_Hours,0.012773846168681987,0.0894169231807739,0.0383963080019686,7,0.08941692318077424,4.0
p10,stress_next_day_change,Deep_Sleep_Minutes,0.012618139756160598,0.08832697829312419,0.0264616708180429,7,0.08832697829312453,5.0
p10,stress_next_day_change,Sleep_Duration_Score,0.010907605049998586,0.0763532353499901,0.0190520593964247,7,0.07635323534999039,6.0
p10,stress_next_day_change,Sleep_Revitalization,0.010613484609894185,0.0742943922692593,0.0336824988089499,7,0.07429439226925957,7.0
p10,stress_next_day_change,Exercise_Duration,0.008961925553483286,0.062733478874383,0.0204745941748171,7,0.06273347887438324,8.0
p10,stress_next_day_change,Exercise_Calories,0.007398372181651571,0.051788605271561,0.0155346153577673,7,0.05178860527156119,9.0
p10,stress_next_day_change,Sleep_Composition,0.005385823084199015,0.0377007615893931,0.0111131106796342,7,0.03770076158939325,10.0
p10,stress_next_day_change,Exercise_Avg_HR,0.003316027452248029,0.023212192165736202,0.0080075092858442,7,0.02321219216573629,11.0
p10,stress_next_day_change,Exercise_Count,0.0028165869400489144,0.019716108580342402,0.0078180837398278,7,0.019716108580342475,12.0
p10,stress_next_day_change,Exercise_Distance,0.00092365534521047,0.00646558741647329,0.0031986581370546,7,0.006465587416473314,13.0
p11,fatigue_next_day_change,Steps,0.05947616268526073,0.4163331387968251,0.1455610388630331,7,0.4163331387968269,1.0
p11,fatigue_next_day_change,Sleep_Score,0.013922865160380543,0.0974600561226638,0.0326141472743842,7,0.09746005612266422,2.0
p11,fatigue_next_day_change,Sleep_Duration_Score,0.010959919035291157,0.0767194332470381,0.0139497447471755,7,0.07671943324703842,3.0
p11,fatigue_next_day_change,Sleep_Restlessness,0.009400546127895143,0.065803822895266,0.0226024421944433,7,0.06580382289526628,4.0
p11,fatigue_next_day_change,Sleep_Revitalization,0.008935104522471028,0.0625457316572972,0.0135487804696669,7,0.06254573165729746,5.0
p11,fatigue_next_day_change,Exercise_Calories,0.006671134105007757,0.046697938735054303,0.0198947582397078,7,0.0466979387350545,6.0
p11,fatigue_next_day_change,Exercise_Avg_HR,0.006630210133492929,0.0464114709344505,0.0208601149763036,7,0.046411470934450694,7.0
p11,fatigue_next_day_change,Deep_Sleep_Minutes,0.006478108474438186,0.0453467593210673,0.0157539595138925,7,0.04534675932106749,8.0
p11,fatigue_next_day_change,Sleep_Hours,0.0061742159860775,0.0432195119025425,0.0212961241827722,7,0.04321951190254268,9.0
p11,fatigue_next_day_change,Exercise_Duration,0.006124902598781901,0.042874318191473304,0.0181993040528895,7,0.042874318191473484,10.0
p11,fatigue_next_day_change,Sleep_Composition,0.004885593167121785,0.0341991521698525,0.0147112462115182,7,0.03419915216985264,11.0
p11,fatigue_next_day_change,Exercise_Count,0.0022974752940362005,0.016082327058253403,0.0087422298252394,7,0.016082327058253472,12.0
p11,fatigue_next_day_change,Exercise_Distance,0.0009009055668873961,0.006306338968211773,0.0034837389111976,7,0.0063063389682118,13.0
p11,mood_next_day_change,Steps,0.04623003933680547,0.3236102753576383,0.1296981263732005,7,0.3236102753576398,1.0
p11,mood_next_day_change,Exercise_Distance,0.022509915925297413,0.1575694114770819,0.1412316314267785,7,0.15756941147708262,2.0
p11,mood_next_day_change,Exercise_Calories,0.015171460959898988,0.10620022671929291,0.0670256863651793,7,0.1062002267192934,3.0
p11,mood_next_day_change,Sleep_Composition,0.01311331497619793,0.09179320483338552,0.0346089201068986,7,0.09179320483338593,4.0
p11,mood_next_day_change,Exercise_Duration,0.010524822649624871,0.0736737585473741,0.0458673124398995,7,0.07367375854737443,5.0
p11,mood_next_day_change,Deep_Sleep_Minutes,0.008660303465194686,0.0606221242563628,0.0200553899210285,7,0.060622124256363076,6.0
p11,mood_next_day_change,Sleep_Score,0.0084360607930272,0.059052425551190404,0.0318136155966279,7,0.059052425551190675,7.0
p11,mood_next_day_change,Sleep_Hours,0.0052558125268123285,0.0367906876876863,0.0159764856367164,7,0.036790687687686466,8.0
p11,mood_next_day_change,Sleep_Restlessness,0.004061561429489971,0.028430930006429798,0.0135457343922291,7,0.028430930006429926,9.0
p11,mood_next_day_change,Sleep_Revitalization,0.0026439196570162715,0.0185074375991139,0.006740406218069,7,0.018507437599113982,10.0
p11,mood_next_day_change,Sleep_Duration_Score,0.0025984114666901003,0.0181888802668307,0.0065724122667733,7,0.018188880266830784,11.0
p11,mood_next_day_change,Exercise_Count,0.0019595627596561446,0.013716939317593014,0.008666350867888,7,0.013716939317593076,12.0
p11,mood_next_day_change,Exercise_Avg_HR,0.0016919569114308285,0.0118436983800158,0.004526747284938,7,0.011843698380015854,13.0
p11,readiness_next_day_change,Steps,0.0363134911167756,0.2541944378174292,0.1007546781848086,7,0.2541944378174303,1.0
p11,readiness_next_day_change,Exercise_Avg_HR,0.023107179606443002,0.161750257245101,0.1118282389170696,7,0.1617502572451017,2.0
p11,readiness_next_day_change,Deep_Sleep_Minutes,0.015987187044224943,0.1119103093095746,0.0578271373888221,7,0.11191030930957509,3.0
p11,readiness_next_day_change,Sleep_Score,0.012932724080231358,0.0905290685616195,0.0249203709555376,7,0.0905290685616199,4.0
p11,readiness_next_day_change,Sleep_Duration_Score,0.012668259442836501,0.0886778160998555,0.0445247975427584,7,0.0886778160998559,5.0
p11,readiness_next_day_change,Exercise_Duration,0.008031144766921499,0.056218013368450497,0.0280232930556934,7,0.05621801336845074,6.0
p11,readiness_next_day_change,Exercise_Calories,0.007915336190138815,0.0554073533309717,0.0115614720421273,7,0.055407353330971944,7.0
p11,readiness_next_day_change,Sleep_Restlessness,0.006480764614419857,0.045365352300939,0.0117149536729591,7,0.045365352300939195,8.0
p11,readiness_next_day_change,Sleep_Hours,0.005908987161619557,0.0413629101313369,0.0112383342106461,7,0.04136291013133708,9.0
p11,readiness_next_day_change,Sleep_Revitalization,0.0056553273060327425,0.0395872911422292,0.0070666218746707,7,0.03958729114222937,10.0
p11,readiness_next_day_change,Sleep_Composition,0.0037750307023011426,0.026425214916107997,0.011119251931918,7,0.026425214916108112,11.0
p11,readiness_next_day_change,Exercise_Count,0.002642754188743586,0.0184992793212051,0.00642822453426,7,0.01849927932120518,12.0
p11,readiness_next_day_change,Exercise_Distance,0.001438956636453643,0.0100726964551755,0.0054140079863704,7,0.010072696455175544,13.0
p11,sleep_quality_next_day_change,Sleep_Composition,0.026616054064417284,0.186312378450921,0.056763509541869,7,0.18631237845092177,1.0
p11,sleep_quality_next_day_change,Sleep_Revitalization,0.016844521307949514,0.1179116491556466,0.043137992373098,7,0.11791164915564709,2.0
p11,sleep_quality_next_day_change,Deep_Sleep_Minutes,0.016636520314599557,0.1164556422021969,0.0397815534834821,7,0.11645564220219737,3.0
p11,sleep_quality_next_day_change,Sleep_Hours,0.015735902065628398,0.1101513144593988,0.040819168914076,7,0.11015131445939925,4.0
p11,sleep_quality_next_day_change,Steps,0.012383374612723744,0.0866836222890662,0.0275484834753004,7,0.08668362228906656,5.0
p11,sleep_quality_next_day_change,Sleep_Restlessness,0.0116993979398077,0.0818957855786539,0.0382371821799198,7,0.08189578557865423,6.0
p11,sleep_quality_next_day_change,Sleep_Score,0.010177757826028814,0.0712443047822017,0.032850348699761,7,0.07124430478220199,7.0
p11,sleep_quality_next_day_change,Exercise_Duration,0.009258249704241115,0.0648077479296878,0.0223167275665858,7,0.06480774792968806,8.0
p11,sleep_quality_next_day_change,Sleep_Duration_Score,0.007919924725013657,0.0554394730750956,0.0231094008179953,7,0.05543947307509583,9.0
p11,sleep_quality_next_day_change,Exercise_Calories,0.007120278824550629,0.0498419517718544,0.0205930510600105,7,0.04984195177185461,10.0
p11,sleep_quality_next_day_change,Exercise_Avg_HR,0.005072854294723115,0.0355099800630618,0.0086954349482408,7,0.03550998006306195,11.0
p11,sleep_quality_next_day_change,Exercise_Distance,0.0017220606139969428,0.0120544242979786,0.0046570272398663,7,0.01205442429797865,12.0
p11,sleep_quality_next_day_change,Exercise_Count,0.0016702465634618,0.0116917259442326,0.0032589950176846,7,0.011691725944232649,13.0
p11,stress_next_day_change,Sleep_Restlessness,0.034727815033413614,0.2430947052338953,0.070130361483131,7,0.2430947052338963,1.0
p11,stress_next_day_change,Exercise_Duration,0.0233148472798245,0.1632039309587715,0.1038586057420324,7,0.1632039309587722,2.0
p11,stress_next_day_change,Exercise_Distance,0.01696822071027223,0.1187775449719056,0.0890360324343799,7,0.1187775449719061,3.0
p11,stress_next_day_change,Steps,0.010549471641153942,0.0738463014880776,0.0214665061096008,7,0.0738463014880779,4.0
p11,stress_next_day_change,Sleep_Composition,0.00994412176737167,0.06960885237160169,0.0340012583501345,7,0.06960885237160198,5.0
p11,stress_next_day_change,Exercise_Calories,0.008491067780334472,0.0594374744623413,0.037028567290174,7,0.05943747446234155,6.0
p11,stress_next_day_change,Sleep_Hours,0.007936077664789614,0.0555525436535273,0.0285542544613421,7,0.055552543653527534,7.0
p11,stress_next_day_change,Sleep_Revitalization,0.007826676847184513,0.054786737930291596,0.0215734149212273,7,0.054786737930291825,8.0
p11,stress_next_day_change,Exercise_Avg_HR,0.007661722794234971,0.0536320595596448,0.032332355116269,7,0.05363205955964503,9.0
p11,stress_next_day_change,Sleep_Score,0.0066873542310387285,0.0468114796172711,0.0240414106517631,7,0.04681147961727129,10.0
p11,stress_next_day_change,Deep_Sleep_Minutes,0.004757123595544844,0.033299865168813905,0.0157263770694088,7,0.033299865168814044,11.0
p11,stress_next_day_change,Exercise_Count,0.002616787929642212,0.018317515507495483,0.009590670892111,7,0.01831751550749556,12.0
p11,stress_next_day_change,Sleep_Duration_Score,0.001375855582336948,0.009630989076358636,0.0042816727044178,7,0.009630989076358676,13.0
p12,fatigue_next_day_change,Exercise_Avg_HR,0.04732352020667697,0.3312646414467388,0.2086223057668589,7,0.3312646414467394,1.0
p12,fatigue_next_day_change,Steps,0.04342422686947333,0.3039695880863133,0.1043850133446707,7,0.30396958808631386,2.0
p12,fatigue_next_day_change,Exercise_Calories,0.02512563785168383,0.1758794649617868,0.0327345708248115,7,0.1758794649617871,3.0
p12,fatigue_next_day_change,Exercise_Duration,0.014376424073531185,0.1006349685147183,0.0205396601552639,7,0.10063496851471848,4.0
p12,fatigue_next_day_change,Exercise_Count,0.010600940280721257,0.0742065819650488,0.0263759699788456,7,0.07420658196504892,5.0
p12,fatigue_next_day_change,Exercise_Distance,0.0015988028165690859,0.0111916197159836,0.0043586097156489,7,0.01119161971598362,6.0
p12,fatigue_next_day_change,Sleep_Hours,0.00071328382735215,0.0028531353094086,0.0028531353094086,4,0.002853135309408605,7.0
p12,fatigue_next_day_change,Deep_Sleep_Minutes,0.0,0.0,0.0,4,0.0,8.0
p12,fatigue_next_day_change,Sleep_Composition,0.0,0.0,0.0,2,0.0,8.0
p12,fatigue_next_day_change,Sleep_Duration_Score,0.0,0.0,0.0,2,0.0,8.0
p12,fatigue_next_day_change,Sleep_Restlessness,0.0,0.0,0.0,2,0.0,8.0
p12,fatigue_next_day_change,Sleep_Revitalization,0.0,0.0,0.0,2,0.0,8.0
p12,fatigue_next_day_change,Sleep_Score,0.0,0.0,0.0,2,0.0,8.0
p12,mood_next_day_change,Exercise_Avg_HR,0.04863746931222141,0.3404622851855499,0.1953663001415122,7,0.34046228518555066,1.0
p12,mood_next_day_change,Steps,0.024297564566895417,0.17008295196826792,0.0743223936444764,7,0.1700829519682683,2.0
p12,mood_next_day_change,Exercise_Calories,0.023435279970978044,0.1640469597968463,0.0320748611975508,7,0.16404695979684666,3.0
p12,mood_next_day_change,Exercise_Duration,0.019647829094542657,0.1375348036617986,0.0336240638112015,7,0.1375348036617989,4.0
p12,mood_next_day_change,Exercise_Count,0.016822822375798886,0.11775975663059221,0.086947388068715,7,0.11775975663059247,5.0
p12,mood_next_day_change,Exercise_Distance,0.00978160002292813,0.0684712001604969,0.0340949154075534,7,0.06847120016049706,6.0
p12,mood_next_day_change,Sleep_Hours,0.000410510649111475,0.0016420425964459,0.0016420425964459,4,0.0016420425964459038,7.0
p12,mood_next_day_change,Deep_Sleep_Minutes,0.0,0.0,0.0,4,0.0,8.0
p12,mood_next_day_change,Sleep_Composition,0.0,0.0,0.0,2,0.0,8.0
p12,mood_next_day_change,Sleep_Duration_Score,0.0,0.0,0.0,2,0.0,8.0
p12,mood_next_day_change,Sleep_Restlessness,0.0,0.0,0.0,2,0.0,8.0
p12,mood_next_day_change,Sleep_Revitalization,0.0,0.0,0.0,2,0.0,8.0
p12,mood_next_day_change,Sleep_Score,0.0,0.0,0.0,2,0.0,8.0
p12,readiness_next_day_change,Steps,0.05571303289568696,0.3899912302698087,0.0882521484612043,7,0.3899912302698095,1.0
p12,readiness_next_day_change,Exercise_Calories,0.02925108614394927,0.2047576030076449,0.0423224144580821,7,0.2047576030076453,2.0
p12,readiness_next_day_change,Exercise_Avg_HR,0.020054011822383755,0.14037808275668628,0.0540436421537025,7,0.14037808275668656,3.0
p12,readiness_next_day_change,Exercise_Count,0.017665105265256144,0.123655736856793,0.038370823009526,7,0.12365573685679325,4.0
p12,readiness_next_day_change,Exercise_Duration,0.013944071721718973,0.09760850205203281,0.0269031656177658,7,0.097608502052033,5.0
p12,readiness_next_day_change,Exercise_Distance,0.006209997265815801,0.043469980860710605,0.017515026595242,7,0.043469980860710696,6.0
p12,readiness_next_day_change,Sleep_Hours,3.4716049080425e-05,0.0001388641963217,0.0001388641963217,4,0.00013886419632170026,7.0
p12,readiness_next_day_change,Deep_Sleep_Minutes,0.0,0.0,0.0,4,0.0,8.0
p12,readiness_next_day_change,Sleep_Composition,0.0,0.0,0.0,2,0.0,8.0
p12,readiness_next_day_change,Sleep_Duration_Score,0.0,0.0,0.0,2,0.0,8.0
p12,readiness_next_day_change,Sleep_Restlessness,0.0,0.0,0.0,2,0.0,8.0
p12,readiness_next_day_change,Sleep_Revitalization,0.0,0.0,0.0,2,0.0,8.0
p12,readiness_next_day_change,Sleep_Score,0.0,0.0,0.0,2,0.0,8.0
p12,sleep_quality_next_day_change,Steps,0.04655287156701403,0.3258701009690982,0.0887312711820738,7,0.32587010096909885,1.0
p12,sleep_quality_next_day_change,Exercise_Calories,0.030066788317374575,0.21046751822162202,0.072943129495194,7,0.21046751822162243,2.0
p12,sleep_quality_next_day_change,Exercise_Duration,0.023134660842897368,0.16194262590028158,0.0339421647946417,7,0.1619426259002819,3.0
p12,sleep_quality_next_day_change,Exercise_Count,0.02101980133798224,0.1471386093658757,0.1034621918807695,7,0.147138609365876,4.0
p12,sleep_quality_next_day_change,Exercise_Avg_HR,0.018951244380100485,0.1326587106607034,0.0568573414349324,7,0.13265871066070367,5.0
p12,sleep_quality_next_day_change,Exercise_Distance,0.0029310956376388,0.0205176694634716,0.0108868326071881,7,0.020517669463471642,6.0
p12,sleep_quality_next_day_change,Sleep_Hours,0.0003511913547364,0.0014047654189456,0.0014047654189456,4,0.001404765418945603,7.0
p12,sleep_quality_next_day_change,Deep_Sleep_Minutes,0.0,0.0,0.0,4,0.0,8.0
p12,sleep_quality_next_day_change,Sleep_Composition,0.0,0.0,0.0,2,0.0,8.0
p12,sleep_quality_next_day_change,Sleep_Duration_Score,0.0,0.0,0.0,2,0.0,8.0
p12,sleep_quality_next_day_change,Sleep_Restlessness,0.0,0.0,0.0,2,0.0,8.0
p12,sleep_quality_next_day_change,Sleep_Revitalization,0.0,0.0,0.0,2,0.0,8.0
p12,sleep_quality_next_day_change,Sleep_Score,0.0,0.0,0.0,2,0.0,8.0
p12,stress_next_day_change,Exercise_Avg_HR,0.041625316422360115,0.2913772149565208,0.1220556210267538,7,0.29137721495652136,1.0
p12,stress_next_day_change,Steps,0.040921605038070685,0.2864512352664948,0.0808593339801346,7,0.28645123526649535,2.0
p12,stress_next_day_change,Exercise_Duration,0.02343584915836681,0.1640509441085677,0.0685630318646259,7,0.16405094410856802,3.0
p12,stress_next_day_change,Exercise_Calories,0.021307965399295244,0.1491557577950667,0.0747551033918145,7,0.149155757795067,4.0
p12,stress_next_day_change,Exercise_Distance,0.008489818569467665,0.05942872998627365,0.0355915014051922,7,0.05942872998627377,5.0
p12,stress_next_day_change,Exercise_Count,0.007067704127261128,0.0494739288908279,0.0173408934795482,7,0.049473928890827995,6.0
p12,stress_next_day_change,Sleep_Hours,1.5547249061601277e-05,6.218899624640511e-05,6.218899624640511e-05,4,6.218899624640523e-05,7.0
p12,stress_next_day_change,Deep_Sleep_Minutes,0.0,0.0,0.0,4,0.0,8.0
p12,stress_next_day_change,Sleep_Composition,0.0,0.0,0.0,2,0.0,8.0
p12,stress_next_day_change,Sleep_Duration_Score,0.0,0.0,0.0,2,0.0,8.0
p12,stress_next_day_change,Sleep_Restlessness,0.0,0.0,0.0,2,0.0,8.0
p12,stress_next_day_change,Sleep_Revitalization,0.0,0.0,0.0,2,0.0,8.0
p12,stress_next_day_change,Sleep_Score,0.0,0.0,0.0,2,0.0,8.0
p13,fatigue_next_day_change,Sleep_Hours,0.025945567643826557,0.1816189735067859,0.0663114269697004,7,0.18161897350678669,1.0
p13,fatigue_next_day_change,Steps,0.02191056521007653,0.1533739564705357,0.0497840912688187,7,0.15337395647053634,2.0
p13,fatigue_next_day_change,Exercise_Avg_HR,0.01583712774188347,0.1108598941931843,0.042550069173221,7,0.11085989419318477,3.0
p13,fatigue_next_day_change,Sleep_Restlessness,0.015526793917310029,0.1086875574211702,0.0298708049425589,7,0.10868755742117066,4.0
p13,fatigue_next_day_change,Deep_Sleep_Minutes,0.011668338126955528,0.0816783668886887,0.0203490296196214,7,0.08167836688868904,5.0
p13,fatigue_next_day_change,Exercise_Calories,0.011469811876153601,0.0802886831330752,0.0351563034866084,7,0.08028868313307554,6.0
p13,fatigue_next_day_change,Sleep_Duration_Score,0.010093576261624427,0.07065503383137099,0.0174249379804508,7,0.07065503383137128,7.0
p13,fatigue_next_day_change,Exercise_Duration,0.007183917525233071,0.0502874226766315,0.017850312254555,7,0.050287422676631714,8.0
p13,fatigue_next_day_change,Sleep_Score,0.006633692675023929,0.046435848725167504,0.0183869565157009,7,0.0464358487251677,9.0
p13,fatigue_next_day_change,Sleep_Revitalization,0.005724616148007242,0.040072313036050695,0.0162945043795939,7,0.04007231303605086,10.0
p13,fatigue_next_day_change,Exercise_Count,0.004963109218704957,0.0347417645309347,0.0190099000712704,7,0.034741764530934846,11.0
p13,fatigue_next_day_change,Sleep_Composition,0.004707482972650515,0.0329523808085536,0.0139540724454621,7,0.03295238080855374,12.0
p13,fatigue_next_day_change,Exercise_Distance,0.0011925435396923998,0.0083478047778468,0.0056940546343442,7,0.008347804777846834,13.0
p13,mood_next_day_change,Steps,0.0287817645585177,0.2014723519096239,0.0777396894160322,7,0.2014723519096248,1.0
p13,mood_next_day_change,Exercise_Calories,0.023359856991835914,0.1635189989428514,0.1140018348329509,7,0.16351899894285213,2.0
p13,mood_next_day_change,Sleep_Hours,0.012157615959952243,0.0851033117196657,0.020006829354992,7,0.08510331171966608,3.0
p13,mood_next_day_change,Exercise_Avg_HR,0.0110596320612812,0.0774174244289684,0.0439683446329367,7,0.07741742442896875,4.0
p13,mood_next_day_change,Exercise_Duration,0.009752177687687855,0.06826524381381499,0.0339697090497106,7,0.0682652438138153,5.0
p13,mood_next_day_change,Sleep_Score,0.009735883239194458,0.06815118267436121,0.0234463974989745,7,0.06815118267436152,6.0
p13,mood_next_day_change,Sleep_Composition,0.009373328756139315,0.0656133012929752,0.0375743274206529,7,0.06561330129297549,7.0
p13,mood_next_day_change,Sleep_Restlessness,0.0091329365205523,0.0639305556438661,0.0182432789027752,7,0.06393055564386638,8.0
p13,mood_next_day_change,Sleep_Duration_Score,0.009065519463909714,0.063458636247368,0.0225539479588285,7,0.06345863624736828,9.0
p13,mood_next_day_change,Deep_Sleep_Minutes,0.008838631641363856,0.061870421489546995,0.0181136166565392,7,0.06187042148954727,10.0
p13,mood_next_day_change,Exercise_Count,0.005611617232390128,0.0392813206267309,0.0139423890477727,7,0.03928132062673107,11.0
p13,mood_next_day_change,Sleep_Revitalization,0.005367039882560785,0.0375692791779255,0.0119514884511574,7,0.037569279177925664,12.0
p13,mood_next_day_change,Exercise_Distance,0.0006211388617567571,0.0043479720322973,0.0031190171108053,7,0.004347972032297319,13.0
p13,readiness_next_day_change,Sleep_Restlessness,0.02733478152365623,0.1913434706655936,0.130455160139375,7,0.19134347066559437,1.0
p13,readiness_next_day_change,Sleep_Hours,0.025840650829982572,0.180884555809878,0.0614568490432201,7,0.18088455580987875,2.0
p13,readiness_next_day_change,Steps,0.017552326392209314,0.1228662847454652,0.0361403850471898,7,0.1228662847454657,3.0
p13,readiness_next_day_change,Deep_Sleep_Minutes,0.013359781664695715,0.09351847165287,0.0268942809967014,7,0.09351847165287039,4.0
p13,readiness_next_day_change,Exercise_Avg_HR,0.01102590178742203,0.0771813125119542,0.0272935695491241,7,0.07718131251195452,5.0
p13,readiness_next_day_change,Exercise_Count,0.008735192164953172,0.0611463451546722,0.0366292863114391,7,0.06114634515467245,6.0
p13,readiness_next_day_change,Exercise_Duration,0.008427510499396286,0.058992573495774,0.0225165514088241,7,0.05899257349577424,7.0
p13,readiness_next_day_change,Sleep_Duration_Score,0.007742197225422072,0.054195380577954505,0.0198583107589038,7,0.05419538057795473,8.0
p13,readiness_next_day_change,Exercise_Calories,0.007426833754951386,0.0519878362846597,0.0191241095336358,7,0.051987836284659916,9.0
p13,readiness_next_day_change,Sleep_Revitalization,0.005913672242006471,0.0413957056940453,0.0118102775596278,7,0.04139570569404547,10.0
p13,readiness_next_day_change,Sleep_Composition,0.004871542970468728,0.0341008007932811,0.0150266126185959,7,0.03410080079328124,11.0
p13,readiness_next_day_change,Sleep_Score,0.003924910654759904,0.027474374583319326,0.0093034765070962,7,0.02747437458331944,12.0
p13,readiness_next_day_change,Exercise_Distance,0.0007018411472184,0.004912888030528801,0.0035783266693991,7,0.004912888030528821,13.0
p13,sleep_quality_next_day_change,Steps,0.026995453118363297,0.18896817182854309,0.0811072783411105,7,0.18896817182854383,1.0
p13,sleep_quality_next_day_change,Deep_Sleep_Minutes,0.020860777106354974,0.14602543974448481,0.0556242458305009,7,0.1460254397444854,2.0
p13,sleep_quality_next_day_change,Sleep_Hours,0.014399708157575814,0.1007979571030307,0.0308414080778493,7,0.1007979571030311,3.0
p13,sleep_quality_next_day_change,Sleep_Revitalization,0.013774454301262385,0.0964211801088367,0.0245998119652133,7,0.09642118010883709,4.0
p13,sleep_quality_next_day_change,Sleep_Composition,0.013371191437425243,0.0935983400619767,0.0216932721600236,7,0.09359834006197708,5.0
p13,sleep_quality_next_day_change,Exercise_Calories,0.010907564162821444,0.0763529491397501,0.0247271058612196,7,0.07635294913975041,6.0
p13,sleep_quality_next_day_change,Sleep_Restlessness,0.009053007386418786,0.0633710517049315,0.0233355394573655,7,0.06337105170493175,7.0
p13,sleep_quality_next_day_change,Exercise_Avg_HR,0.007696638211373043,0.0538764674796113,0.0254882577003276,7,0.053876467479611514,8.0
p13,sleep_quality_next_day_change,Sleep_Score,0.0072965436825665,0.0510758057779655,0.0247363777223482,7,0.0510758057779657,9.0
p13,sleep_quality_next_day_change,Exercise_Duration,0.006761563429771329,0.0473309440083993,0.0125972570756888,7,0.04733094400839949,10.0
p13,sleep_quality_next_day_change,Sleep_Duration_Score,0.005985960138688371,0.041901720970818596,0.0215263257089846,7,0.04190172097081876,11.0
p13,sleep_quality_next_day_change,Exercise_Count,0.005419296317157629,0.0379350742201034,0.0080119186585538,7,0.03793507422010355,12.0
p13,sleep_quality_next_day_change,Exercise_Distance,0.0003349854073634714,0.0023448978515443,0.0017003202472867,7,0.0023448978515443093,13.0
p13,stress_next_day_change,Exercise_Calories,0.028319394107005902,0.1982357587490413,0.1323807885776089,7,0.1982357587490422,1.0
p13,stress_next_day_change,Exercise_Duration,0.01977739904847154,0.1384417933393008,0.0749287105378469,7,0.1384417933393014,2.0
p13,stress_next_day_change,Deep_Sleep_Minutes,0.019067464945706856,0.133472254619948,0.0383335627814833,7,0.13347225461994858,3.0
p13,stress_next_day_change,Steps,0.012053899566660444,0.0843772969666231,0.0159566240575059,7,0.08437729696662348,4.0
p13,stress_next_day_change,Sleep_Composition,0.011886984874519101,0.08320889412163371,0.0453981319300768,7,0.08320889412163408,5.0
p13,stress_next_day_change,Exercise_Avg_HR,0.009168145657615286,0.064177019603307,0.0351141997069583,7,0.0641770196033073,6.0
p13,stress_next_day_change,Sleep_Score,0.008227074572393415,0.0575895220067539,0.0265775514670252,7,0.05758952200675416,7.0
p13,stress_next_day_change,Sleep_Hours,0.007870011871128244,0.0550900830978977,0.0322124798795351,7,0.055090083097897945,8.0
p13,stress_next_day_change,Sleep_Restlessness,0.007613715729982799,0.053296010109879596,0.0341924612170716,7,0.05329601010987983,9.0
p13,stress_next_day_change,Sleep_Revitalization,0.007132828397283629,0.0499297987809854,0.0312442035786038,7,0.04992979878098562,10.0
p13,stress_next_day_change,Sleep_Duration_Score,0.005941282354817043,0.0415889764837193,0.0263986745319467,7,0.04158897648371949,11.0
p13,stress_next_day_change,Exercise_Count,0.0047789527284621,0.0334526690992347,0.018200070891638,7,0.03345266909923485,12.0
p13,stress_next_day_change,Exercise_Distance,0.0010199890030958571,0.0071399230216709995,0.0038711902590001,7,0.0071399230216710316,13.0
p14,fatigue_next_day_change,Deep_Sleep_Minutes,0.02609456474517027,0.18266195321619189,0.0460711677941665,7,0.18266195321619264,1.0
p14,fatigue_next_day_change,Sleep_Duration_Score,0.01609706679123157,0.112679467538621,0.0545509071268991,7,0.11267946753862146,2.0
p14,fatigue_next_day_change,Exercise_Avg_HR,0.01559164287443807,0.10914150012106649,0.0401923562362763,7,0.10914150012106694,3.0
p14,fatigue_next_day_change,Sleep_Score,0.014381404880583084,0.1006698341640816,0.0300912340518283,7,0.10066983416408201,4.0
p14,fatigue_next_day_change,Sleep_Restlessness,0.014241250457594685,0.0996887532031628,0.0252422477579464,7,0.09968875320316321,5.0
p14,fatigue_next_day_change,Sleep_Hours,0.011752466525416486,0.0822672656779154,0.0245624595906151,7,0.08226726567791573,6.0
p14,fatigue_next_day_change,Sleep_Composition,0.009950558118243172,0.0696539068277022,0.0188493035227488,7,0.06965390682770249,7.0
p14,fatigue_next_day_change,Steps,0.009493208991179886,0.0664524629382592,0.0284538575561837,7,0.06645246293825947,8.0
p14,fatigue_next_day_change,Exercise_Calories,0.007144245236120728,0.05000971665284509,0.0190065672165468,7,0.0500097166528453,9.0
p14,fatigue_next_day_change,Exercise_Duration,0.007036177009515943,0.0492532390666116,0.0179810291060453,7,0.049253239066611804,10.0
p14,fatigue_next_day_change,Exercise_Distance,0.004089430749005729,0.0286260152430401,0.0190215937280674,7,0.028626015243040218,11.0
p14,fatigue_next_day_change,Sleep_Revitalization,0.003668290886511843,0.0256780362055829,0.0067034625383059,7,0.025678036205583003,12.0
p14,fatigue_next_day_change,Exercise_Count,0.0033168355921308,0.0232178491449156,0.0065714880383993,7,0.023217849144915693,13.0
p14,mood_next_day_change,Sleep_Restlessness,0.0216583845928858,0.1516086921502006,0.0885592066985792,7,0.15160869215020126,1.0
p14,mood_next_day_change,Exercise_Duration,0.019585824709463486,0.1371007729662444,0.0442471379276316,7,0.13710077296624498,2.0
p14,mood_next_day_change,Sleep_Score,0.017589870207678715,0.123129091453751,0.0904826161301555,7,0.12312909145375153,3.0
p14,mood_next_day_change,Deep_Sleep_Minutes,0.012740375452882842,0.0891826281701799,0.0332025950537111,7,0.08918262817018029,4.0
p14,mood_next_day_change,Steps,0.012501715961952344,0.0875120117336664,0.0327024214258515,7,0.08751201173366678,5.0
p14,mood_next_day_change,Exercise_Calories,0.0112889689757282,0.0790227828300974,0.0220810621740797,7,0.07902278283009774,6.0
p14,mood_next_day_change,Sleep_Duration_Score,0.010991224001746442,0.0769385680122251,0.0369156800299289,7,0.07693856801222543,7.0
p14,mood_next_day_change,Exercise_Avg_HR,0.009962317722877785,0.0697362240601445,0.0229461503489756,7,0.0697362240601448,8.0
p14,mood_next_day_change,Sleep_Revitalization,0.009881117248620215,0.0691678207403415,0.0280152082921676,7,0.0691678207403418,9.0
p14,mood_next_day_change,Sleep_Composition,0.007564331708117885,0.0529503219568252,0.0199595067097906,7,0.052950321956825426,10.0
p14,mood_next_day_change,Sleep_Hours,0.0053723819951896,0.0376066739663272,0.0130920272819263,7,0.03760667396632736,11.0
p14,mood_next_day_change,Exercise_Count,0.002721328714906629,0.019049301004346403,0.0087941756995098,7,0.019049301004346486,12.0
p14,mood_next_day_change,Exercise_Distance,0.0009993015650922932,0.0069951109556460524,0.0028415678206816,7,0.006995110955646083,13.0
p14,readiness_next_day_change,Exercise_Avg_HR,0.0218204040759437,0.1527428285316059,0.0280941823991314,7,0.15274282853160648,1.0
p14,readiness_next_day_change,Deep_Sleep_Minutes,0.02141514064274277,0.1499059844991994,0.0322144743647507,7,0.14990598449919995,2.0
p14,readiness_next_day_change,Sleep_Restlessness,0.017589938254732786,0.1231295677831295,0.0353850052385501,7,0.12312956778312996,3.0
p14,readiness_next_day_change,Sleep_Duration_Score,0.012738647233315215,0.0891705306332065,0.0495262578483337,7,0.08917053063320683,4.0
p14,readiness_next_day_change,Sleep_Hours,0.011509387423145558,0.08056571196201891,0.0149808433777107,7,0.08056571196201921,5.0
p14,readiness_next_day_change,Exercise_Calories,0.009464734425321529,0.0662531409772507,0.0257237165789979,7,0.06625314097725095,6.0
p14,readiness_next_day_change,Steps,0.009395972770660942,0.0657718093946266,0.0183112471736754,7,0.06577180939462685,7.0
p14,readiness_next_day_change,Sleep_Composition,0.008510069230983944,0.0595704846168876,0.0297281285958829,7,0.059570484616887825,8.0
p14,readiness_next_day_change,Exercise_Duration,0.008357793745520757,0.0585045562186453,0.0178830442224252,7,0.058504556218645525,9.0
p14,readiness_next_day_change,Sleep_Score,0.008285633460265257,0.0579994342218568,0.011818069068394,7,0.05799943422185702,10.0
p14,readiness_next_day_change,Sleep_Revitalization,0.006704594592112028,0.0469321621447842,0.0264868868781614,7,0.04693216214478438,11.0
p14,readiness_next_day_change,Exercise_Count,0.004385016640412386,0.0306951164828867,0.0112831947678561,7,0.030695116482886815,12.0
p14,readiness_next_day_change,Exercise_Distance,0.002679810361985443,0.0187586725338981,0.0059963505441315,7,0.01875867253389817,13.0
p14,sleep_quality_next_day_change,Deep_Sleep_Minutes,0.020053887407773568,0.14037721185441498,0.0283998134502244,7,0.14037721185441565,1.0
p14,sleep_quality_next_day_change,Sleep_Score,0.017281924138098873,0.1209734689666921,0.034313252363984,7,0.12097346896669267,2.0
p14,sleep_quality_next_day_change,Sleep_Restlessness,0.0164350535850599,0.1150453750954193,0.0439531236396814,7,0.11504537509541984,3.0
p14,sleep_quality_next_day_change,Exercise_Avg_HR,0.014344202224428015,0.1004094155709961,0.0546776860342432,7,0.10040941557099657,4.0
p14,sleep_quality_next_day_change,Sleep_Hours,0.011776662333318972,0.0824366363332328,0.0273103347983219,7,0.08243663633323318,5.0
p14,sleep_quality_next_day_change,Exercise_Calories,0.011759904741055871,0.0823193331873911,0.0283476015711344,7,0.08231933318739149,6.0
p14,sleep_quality_next_day_change,Exercise_Duration,0.011037310821865114,0.0772611757530558,0.0204368460253258,7,0.07726117575305616,7.0
p14,sleep_quality_next_day_change,Steps,0.010328369880056743,0.0722985891603972,0.0293019798908712,7,0.07229858916039754,8.0
p14,sleep_quality_next_day_change,Sleep_Revitalization,0.008326308816484714,0.058284161715392996,0.0186378178802496,7,0.058284161715393266,9.0
p14,sleep_quality_next_day_change,Sleep_Composition,0.008117966007573158,0.056825762053012104,0.021601940616486,7,0.05682576205301237,10.0
p14,sleep_quality_next_day_change,Sleep_Duration_Score,0.007448945939027886,0.0521426215731952,0.0189432942160679,7,0.05214262157319544,11.0
p14,sleep_quality_next_day_change,Exercise_Count,0.005012521123441414,0.035087647864089896,0.0138222184200253,7,0.03508764786409006,12.0
p14,sleep_quality_next_day_change,Exercise_Distance,0.0009340858389579677,0.006538600872705774,0.0028328207682552,7,0.006538600872705805,13.0
p14,stress_next_day_change,Deep_Sleep_Minutes,0.021438537920422572,0.150069765442958,0.0603717504003743,7,0.1500697654429587,1.0
p14,stress_next_day_change,Sleep_Score,0.01854396332358203,0.12980774326507422,0.0690653798012274,7,0.1298077432650748,2.0
p14,stress_next_day_change,Sleep_Revitalization,0.018009600937931084,0.1260672065655176,0.1018815202031022,7,0.12606720656551818,3.0
p14,stress_next_day_change,Sleep_Restlessness,0.0160561674542565,0.1123931721797955,0.0625400121723197,7,0.11239317217979601,4.0
p14,stress_next_day_change,Sleep_Hours,0.014214646493359472,0.0995025254535163,0.0482958542326811,7,0.09950252545351676,5.0
p14,stress_next_day_change,Steps,0.013111200667001973,0.09177840466901381,0.0415879214633041,7,0.09177840466901423,6.0
p14,stress_next_day_change,Sleep_Duration_Score,0.010848938045206443,0.07594256631644511,0.0369822402486748,7,0.07594256631644546,7.0
p14,stress_next_day_change,Exercise_Calories,0.009921232511964171,0.0694486275837492,0.0400040076946109,7,0.06944862758374952,8.0
p14,stress_next_day_change,Exercise_Avg_HR,0.0079238213121008,0.0554667491847056,0.0152157221209381,7,0.05546674918470585,9.0
p14,stress_next_day_change,Sleep_Composition,0.004740861177808485,0.033186028244659396,0.0152503577448649,7,0.03318602824465955,10.0
p14,stress_next_day_change,Exercise_Duration,0.004311864197510543,0.0301830493825738,0.0116014571876967,7,0.030183049382573938,11.0
p14,stress_next_day_change,Exercise_Count,0.002957674465145471,0.020703721256018298,0.008720159505051,7,0.020703721256018392,12.0
p14,stress_next_day_change,Exercise_Distance,0.0007786343508526704,0.005450440455968693,0.0035252287649143,7,0.0054504404559687185,13.0
p15,fatigue_next_day_change,Steps,0.0283460526575299,0.1984223686027093,0.10228546062613,7,0.19842236860271018,1.0
p15,fatigue_next_day_change,Sleep_Revitalization,0.0144311239003317,0.1010178673023219,0.0380483300150559,7,0.10101786730232235,2.0
p15,fatigue_next_day_change,Sleep_Hours,0.014212749131093657,0.0994892439176556,0.0303719028570641,7,0.09948924391765604,3.0
p15,fatigue_next_day_change,Exercise_Duration,0.011234647251278942,0.0786425307589526,0.0292213675918471,7,0.07864253075895294,4.0
p15,fatigue_next_day_change,Exercise_Calories,0.01067033597701667,0.0746923518391167,0.02595053030283,7,0.07469235183911703,5.0
p15,fatigue_next_day_change,Sleep_Restlessness,0.010579857407477215,0.0740590018523405,0.0198907027231416,7,0.07405900185234084,6.0
p15,fatigue_next_day_change,Sleep_Score,0.009679048002162443,0.0677533360151371,0.0203444394188621,7,0.0677533360151374,7.0
p15,fatigue_next_day_change,Sleep_Duration_Score,0.009125316006738557,0.0638772120471699,0.0344322075357086,7,0.06387721204717017,8.0
p15,fatigue_next_day_change,Deep_Sleep_Minutes,0.00897237670640313,0.0628066369448219,0.0173488025775041,7,0.06280663694482218,9.0
p15,fatigue_next_day_change,Exercise_Distance,0.008346534689119457,0.058425742823836196,0.0201895055362789,7,0.05842574282383645,10.0
p15,fatigue_next_day_change,Exercise_Avg_HR,0.008098128701733428,0.056686900912134,0.0222596816666324,7,0.05668690091213425,11.0
p15,fatigue_next_day_change,Sleep_Composition,0.006248755527557443,0.0437412886929021,0.0119852781287337,7,0.043741288692902294,12.0
p15,fatigue_next_day_change,Exercise_Count,0.002912216898699686,0.0203855182908978,0.0072671554932696,7,0.02038551829089789,13.0
p15,mood_next_day_change,Sleep_Restlessness,0.02625119528719833,0.1837583670103883,0.0748674089612808,7,0.18375836701038908,1.0
p15,mood_next_day_change,Steps,0.016729707653493544,0.1171079535744548,0.0302611884685682,7,0.1171079535744553,2.0
p15,mood_next_day_change,Deep_Sleep_Minutes,0.0125312192784849,0.0877185349493943,0.0197446290848668,7,0.08771853494939467,3.0
p15,mood_next_day_change,Exercise_Avg_HR,0.01193097563537423,0.08351682944761961,0.0332942778831886,7,0.08351682944761996,4.0
p15,mood_next_day_change,Sleep_Hours,0.010868892758674472,0.0760822493107213,0.0208976583605913,7,0.07608224931072162,5.0
p15,mood_next_day_change,Exercise_Distance,0.010291128038479914,0.0720378962693594,0.0150672816996827,7,0.0720378962693597,6.0
p15,mood_next_day_change,Exercise_Calories,0.010090558158518,0.070633907109626,0.0316005409519348,7,0.07063390710962629,7.0
p15,mood_next_day_change,Sleep_Duration_Score,0.009290747150908772,0.0650352300563614,0.0251770562317548,7,0.06503523005636168,8.0
p15,mood_next_day_change,Exercise_Duration,0.008224144568747557,0.057569011981232904,0.0239122443422228,7,0.05756901198123315,9.0
p15,mood_next_day_change,Sleep_Composition,0.007651193094705772,0.0535583516629404,0.0153273985568524,7,0.05355835166294063,10.0
p15,mood_next_day_change,Sleep_Revitalization,0.007327955992305757,0.0512956919461403,0.0153623282736416,7,0.05129569194614052,11.0
p15,mood_next_day_change,Sleep_Score,0.0068142182496893,0.0476995277478251,0.0147274613612304,7,0.0476995277478253,12.0
p15,mood_next_day_change,Exercise_Count,0.004855206990561715,0.033986448933932004,0.0140706278673216,7,0.03398644893393215,13.0
p15,readiness_next_day_change,Steps,0.04160209804007477,0.2912146862805234,0.1438385046900927,7,0.2912146862805247,1.0
p15,readiness_next_day_change,Sleep_Revitalization,0.01745197799895613,0.12216384599269291,0.0407950651012703,7,0.12216384599269348,2.0
p15,readiness_next_day_change,Sleep_Score,0.013280256243022657,0.09296179370115859,0.0239030641675924,7,0.09296179370115902,3.0
p15,readiness_next_day_change,Sleep_Hours,0.009267580192359742,0.0648730613465182,0.0283220629839932,7,0.0648730613465185,4.0
p15,readiness_next_day_change,Exercise_Duration,0.009031055477391485,0.0632173883417404,0.0215332792137223,7,0.06321738834174069,5.0
p15,readiness_next_day_change,Deep_Sleep_Minutes,0.0085792114270727,0.0600544799895089,0.0148226502848686,7,0.06005447998950918,6.0
p15,readiness_next_day_change,Sleep_Composition,0.0085369012597433,0.0597583088182031,0.0127734568138046,7,0.059758308818203376,7.0
p15,readiness_next_day_change,Sleep_Duration_Score,0.007735764093737671,0.0541503486561637,0.0275745613572187,7,0.05415034865616395,8.0
p15,readiness_next_day_change,Sleep_Restlessness,0.007295484739566886,0.0510683931769682,0.0131732612664709,7,0.05106839317696844,9.0
p15,readiness_next_day_change,Exercise_Avg_HR,0.006222381560040842,0.043556670920285895,0.0167546360639117,7,0.043556670920286096,10.0
p15,readiness_next_day_change,Exercise_Distance,0.005520950010379929,0.0386466500726595,0.013403800132618,7,0.03864665007265968,11.0
p15,readiness_next_day_change,Exercise_Calories,0.004980315957759829,0.0348622117043188,0.0124803473572557,7,0.03486221170431896,12.0
p15,readiness_next_day_change,Exercise_Count,0.0033531658570362427,0.0234721609992537,0.00839326732234,7,0.02347216099925381,13.0
p15,sleep_quality_next_day_change,Deep_Sleep_Minutes,0.0263919541751735,0.18474367922621449,0.097733670751317,7,0.18474367922621526,1.0
p15,sleep_quality_next_day_change,Sleep_Revitalization,0.019464376427720344,0.1362506349940424,0.0270490413041453,7,0.136250634994043,2.0
p15,sleep_quality_next_day_change,Exercise_Avg_HR,0.012202654059729059,0.08541857841810341,0.0416953977690402,7,0.08541857841810377,3.0
p15,sleep_quality_next_day_change,Sleep_Restlessness,0.0113671927542376,0.0795703492796632,0.0168728266716094,7,0.07957034927966353,4.0
p15,sleep_quality_next_day_change,Exercise_Distance,0.011239638129729014,0.0786774669081031,0.0253616595044572,7,0.07867746690810343,5.0
p15,sleep_quality_next_day_change,Sleep_Duration_Score,0.011030946958338941,0.07721662870837259,0.0288753823176874,7,0.07721662870837291,6.0
p15,sleep_quality_next_day_change,Steps,0.010945354050900729,0.0766174783563051,0.0219869108138863,7,0.07661747835630542,7.0
p15,sleep_quality_next_day_change,Exercise_Duration,0.009075343088291858,0.063527401618043,0.0228943857000566,7,0.06352740161804327,8.0
p15,sleep_quality_next_day_change,Exercise_Calories,0.008877758005465215,0.062144306038256505,0.0224393662393048,7,0.06214430603825677,9.0
p15,sleep_quality_next_day_change,Sleep_Hours,0.00798335078676717,0.0558834555073702,0.0144461688403618,7,0.055883455507370436,10.0
p15,sleep_quality_next_day_change,Sleep_Score,0.006077577522597672,0.042543042658183705,0.0137928181639289,7,0.042543042658183886,11.0
p15,sleep_quality_next_day_change,Exercise_Count,0.004323008498225457,0.0302610594875782,0.0077876778815529,7,0.03026105948757833,12.0
p15,sleep_quality_next_day_change,Sleep_Composition,0.0038779883999657005,0.027145918799759902,0.0063272302831265,7,0.027145918799760017,13.0
p15,stress_next_day_change,Sleep_Score,0.018318943324944516,0.1282326032746116,0.0253058678330477,7,0.1282326032746122,1.0
p15,stress_next_day_change,Sleep_Revitalization,0.016420034656768057,0.1149402425973764,0.0416319296282232,7,0.11494024259737691,2.0
p15,stress_next_day_change,Sleep_Hours,0.014435264743105128,0.1010468532017359,0.0440016960070015,7,0.10104685320173634,3.0
p15,stress_next_day_change,Deep_Sleep_Minutes,0.014128722596342486,0.0989010581743974,0.0248915855317339,7,0.09890105817439784,4.0
p15,stress_next_day_change,Steps,0.01332540511212067,0.09327783578484469,0.0377336376240436,7,0.09327783578484511,5.0
p15,stress_next_day_change,Sleep_Restlessness,0.011182320319095886,0.0782762422336712,0.0340543520334017,7,0.07827624223367155,6.0
p15,stress_next_day_change,Exercise_Avg_HR,0.010890212750092642,0.0762314892506485,0.03097068142142,7,0.07623148925064883,7.0
p15,stress_next_day_change,Sleep_Duration_Score,0.009688131374187444,0.0678169196193121,0.0219613220950151,7,0.06781691961931241,8.0
p15,stress_next_day_change,Exercise_Distance,0.0094516765520369,0.0661617358642583,0.0311235198347288,7,0.0661617358642586,9.0
p15,stress_next_day_change,Exercise_Calories,0.008892752488929628,0.0622492674225074,0.018347541639984,7,0.06224926742250768,10.0
p15,stress_next_day_change,Sleep_Composition,0.006039522914619728,0.0422766604023381,0.0121757231017599,7,0.04227666040233829,11.0
p15,stress_next_day_change,Exercise_Duration,0.0060070781626808565,0.042049547138766,0.0098018923384067,7,0.042049547138766186,12.0
p15,stress_next_day_change,Exercise_Count,0.004077077862218286,0.028539545035528,0.0150203162818617,7,0.02853954503552813,13.0
p16,fatigue_next_day_change,Sleep_Restlessness,0.029427122419770527,0.2059898569383937,0.1249819717020518,7,0.20598985693839428,1.0
p16,fatigue_next_day_change,Sleep_Hours,0.02685995442559131,0.18801968097913918,0.0460343166604678,7,0.18801968097913974,2.0
p16,fatigue_next_day_change,Steps,0.021521244706944602,0.1506487129486122,0.0588784797782616,7,0.15064871294861265,3.0
p16,fatigue_next_day_change,Deep_Sleep_Minutes,0.0174416595484433,0.1220916168391031,0.0570744181137378,7,0.12209161683910345,4.0
p16,fatigue_next_day_change,Sleep_Revitalization,0.0169034213294698,0.1183239493062886,0.0277967604546444,7,0.11832394930628895,5.0
p16,fatigue_next_day_change,Sleep_Score,0.014310276589841242,0.1001719361288887,0.0378541060899679,7,0.10017193612888899,6.0
p16,fatigue_next_day_change,Sleep_Duration_Score,0.008229444400427086,0.05760611080298961,0.0298380418411299,7,0.057606110802989774,7.0
p16,fatigue_next_day_change,Sleep_Composition,0.004384082583021428,0.030688578081149998,0.0174622015317794,7,0.030688578081150088,8.0
p16,fatigue_next_day_change,Exercise_Avg_HR,0.0015897280549337384,0.00953836832960243,0.0094928299603407,6,0.009538368329602458,9.0
p16,fatigue_next_day_change,Exercise_Calories,0.0011436468184735148,0.008005527729314604,0.0040637700006582,7,0.008005527729314626,10.0
p16,fatigue_next_day_change,Exercise_Duration,0.0010443257762519735,0.0073102804337638145,0.004692897929675,7,0.007310280433763835,11.0
p16,fatigue_next_day_change,Exercise_Count,0.0002293402118216,0.0016053814827512,0.0012629454264737,7,0.0016053814827512046,12.0
p16,mood_next_day_change,Deep_Sleep_Minutes,0.030325922095604616,0.21228145466923232,0.1174129027349565,7,0.21228145466923318,1.0
p16,mood_next_day_change,Steps,0.02670530477565874,0.18693713342961119,0.040301047720042,7,0.18693713342961193,2.0
p16,mood_next_day_change,Sleep_Restlessness,0.02519087667645584,0.17633613673519088,0.049141211229871,7,0.17633613673519158,3.0
p16,mood_next_day_change,Sleep_Revitalization,0.014649639198573514,0.1025474743900146,0.047660881322027,7,0.10254747439001502,4.0
p16,mood_next_day_change,Sleep_Hours,0.013586132418263699,0.09510292692784589,0.0394314621912096,7,0.09510292692784626,5.0
p16,mood_next_day_change,Sleep_Duration_Score,0.012959452972144358,0.0907161708050105,0.0401837989650974,7,0.09071617080501086,6.0
p16,mood_next_day_change,Sleep_Score,0.010454500271257185,0.0731815018988003,0.0282183014713924,7,0.07318150189880059,7.0
p16,mood_next_day_change,Sleep_Composition,0.0078912953422171,0.055239067395519696,0.0193750880964002,7,0.05523906739551992,8.0
p16,mood_next_day_change,Exercise_Avg_HR,0.00049317871861025,0.0029590723116615,0.0021719366708009,6,0.002959072311661512,9.0
p16,mood_next_day_change,Exercise_Calories,0.00031943985196821427,0.0022360789637775,0.000831639380777,7,0.002236078963777509,10.0
p16,mood_next_day_change,Exercise_Duration,0.0002286084804970878,0.0016002593634796146,0.0008158354282589,7,0.001600259363479621,11.0
p16,mood_next_day_change,Exercise_Count,0.00012324615855029285,0.0008627231098520499,0.0004795787213645,7,0.0008627231098520534,12.0
p16,readiness_next_day_change,Steps,0.028603829506161384,0.2002268065431297,0.0672958236754416,7,0.20022680654313038,1.0
p16,readiness_next_day_change,Sleep_Restlessness,0.025455095098780658,0.1781856656914646,0.0363206422914334,7,0.1781856656914652,2.0
p16,readiness_next_day_change,Sleep_Score,0.0177673882004717,0.1243717174033019,0.0253106191263759,7,0.12437171740330233,3.0
p16,readiness_next_day_change,Deep_Sleep_Minutes,0.017101287522373443,0.1197090126566141,0.0353105563140789,7,0.11970901265661452,4.0
p16,readiness_next_day_change,Sleep_Hours,0.014884717061020528,0.1041930194271437,0.0273917304141958,7,0.10419301942714405,5.0
p16,readiness_next_day_change,Sleep_Duration_Score,0.013905382445504929,0.0973376771185345,0.0339470089317755,7,0.09733767711853483,6.0
p16,readiness_next_day_change,Sleep_Revitalization,0.0135180712771649,0.0946264989401543,0.0401777495551266,7,0.09462649894015462,7.0
p16,readiness_next_day_change,Sleep_Composition,0.007695237571183199,0.0538666629982824,0.0189203799242763,7,0.053866662998282584,8.0
p16,readiness_next_day_change,Exercise_Count,0.0019026506620957405,0.013318554634670184,0.006384875801086,7,0.01331855463467023,9.0
p16,readiness_next_day_change,Exercise_Duration,0.0010034918329735285,0.0070244428308147,0.0024926844677196,7,0.007024442830814724,10.0
p16,readiness_next_day_change,Exercise_Calories,0.0009530520644372714,0.0066713644510608995,0.0018818970336295,7,0.006671364451060922,11.0
p16,readiness_next_day_change,Exercise_Avg_HR,7.809621747092501e-05,0.00046857730482555,0.0004351310909119,6,0.00046857730482555165,12.0
p16,sleep_quality_next_day_change,Sleep_Hours,0.025622801851914314,0.1793596129634002,0.0716942409901837,7,0.17935961296340086,1.0
p16,sleep_quality_next_day_change,Sleep_Revitalization,0.025584577771869586,0.1790920444030871,0.0688435653435395,7,0.17909204440308776,2.0
p16,sleep_quality_next_day_change,Steps,0.022132757029711816,0.1549292992079827,0.0374152839515448,7,0.15492929920798326,3.0
p16,sleep_quality_next_day_change,Sleep_Score,0.017684811543138158,0.1237936808019671,0.0351834035106541,7,0.12379368080196755,4.0
p16,sleep_quality_next_day_change,Deep_Sleep_Minutes,0.01707410759988264,0.1195187531991785,0.0351417661764254,7,0.11951875319917894,5.0
p16,sleep_quality_next_day_change,Sleep_Restlessness,0.0125298374142523,0.0877088618997661,0.0231070582051961,7,0.08770886189976641,6.0
p16,sleep_quality_next_day_change,Sleep_Duration_Score,0.011787426254712529,0.0825119837829877,0.0254621647924557,7,0.082511983782988,7.0
p16,sleep_quality_next_day_change,Sleep_Composition,0.008457084223342758,0.0591995895633993,0.0232441368285583,7,0.05919958956339952,8.0
p16,sleep_quality_next_day_change,Exercise_Duration,0.0009199490158329088,0.0064396431108303615,0.0032416187258065,7,0.006439643110830385,9.0
p16,sleep_quality_next_day_change,Exercise_Calories,0.0005720393301126248,0.004004275310788374,0.0021628949523717,7,0.004004275310788389,10.0
p16,sleep_quality_next_day_change,Exercise_Avg_HR,0.00042086686921198336,0.0025252012152719,0.0023737070293696,6,0.002525201215271909,11.0
p16,sleep_quality_next_day_change,Exercise_Count,0.00013100779161957698,0.0009170545413370388,0.0004921548184869,7,0.0009170545413370422,12.0
p16,stress_next_day_change,Sleep_Restlessness,0.035889419388891126,0.2512259357222379,0.1471050915197889,7,0.2512259357222387,1.0
p16,stress_next_day_change,Steps,0.027832594957849944,0.1948281647049496,0.1074522859745602,7,0.19482816470495024,2.0
p16,stress_next_day_change,Deep_Sleep_Minutes,0.020110000722562516,0.1407700050579376,0.0633338223682246,7,0.14077000505793807,3.0
p16,stress_next_day_change,Sleep_Hours,0.0173872021562897,0.12171041509402791,0.0282196395838352,7,0.12171041509402832,4.0
p16,stress_next_day_change,Sleep_Score,0.011686857964059385,0.0818080057484157,0.0254585091822023,7,0.08180800574841597,5.0
p16,stress_next_day_change,Sleep_Duration_Score,0.011380263971781228,0.0796618478024686,0.0339792236753061,7,0.07966184780246886,6.0
p16,stress_next_day_change,Sleep_Revitalization,0.009830068951259586,0.0688104826588171,0.0236987664258226,7,0.06881048265881734,7.0
p16,stress_next_day_change,Sleep_Composition,0.006550819633666771,0.0458557374356674,0.0132016540553713,7,0.04585573743566755,8.0
p16,stress_next_day_change,Exercise_Calories,0.0006871768454348142,0.004810237918043699,0.0026193352950032,7,0.004810237918043715,9.0
p16,stress_next_day_change,Exercise_Avg_HR,0.0007634310939424833,0.0045805865636549,0.0044047790446011,6,0.0045805865636549155,10.0
p16,stress_next_day_change,Exercise_Duration,0.0005773931526235429,0.0040417520683648,0.0011377472721985,7,0.004041752068364814,11.0
p16,stress_next_day_change,Exercise_Count,0.0002709756036302111,0.0018968292254114775,0.0004749807818659,7,0.0018968292254114838,12.0
