Participant,Wellbeing,Feature,Importance,Behavioral_Variable,Relative_Importance
p01_daily_merged,fatigue,Exercise_Calories__change,0.0689013683761225,Exercise_Calories,0.06890136837612282
p01_daily_merged,fatigue,Exercise_Avg_HR__zscore,0.0531344104964948,Exercise_Avg_HR,0.053134410496495046
p01_daily_merged,fatigue,Exercise_Avg_HR__change,0.0508791614418676,Exercise_Avg_HR,0.05087916144186783
p01_daily_merged,fatigue,Exercise_Avg_HR__raw,0.0389744207510081,Exercise_Avg_HR,0.03897442075100828
p01_daily_merged,fatigue,Sleep_Restlessness__abs_zscore,0.0345560370117145,Sleep_Restlessness,0.03455603701171466
p01_daily_merged,fatigue,Steps__abs_zscore,0.0299987440675678,Steps,0.029998744067567938
p01_daily_merged,fatigue,Steps__change,0.0298909429457074,Steps,0.02989094294570754
p01_daily_merged,fatigue,Deep_Sleep_Minutes__abs_zscore,0.0274672277822299,Deep_Sleep_Minutes,0.027467227782230028
p01_daily_merged,fatigue,Sleep_Restlessness__rolling_3,0.0273465396938205,Sleep_Restlessness,0.02734653969382063
p01_daily_merged,fatigue,Exercise_Count__rolling_7,0.023408100940494,Exercise_Count,0.023408100940494107
p01_daily_merged,fatigue,Exercise_Avg_HR__deviation,0.0228439689524033,Exercise_Avg_HR,0.02284396895240341
p01_daily_merged,fatigue,Sleep_Composition__change,0.0188440737124479,Sleep_Composition,0.018844073712447985
p01_daily_merged,fatigue,Sleep_Hours__rolling_3,0.0183599765512298,Sleep_Hours,0.018359976551229888
p01_daily_merged,fatigue,Sleep_Hours__rolling_7,0.0181668444838323,Sleep_Hours,0.018166844483832382
p01_daily_merged,fatigue,Exercise_Calories__raw,0.0178077381451006,Exercise_Calories,0.017807738145100685
p01_daily_merged,fatigue,Exercise_Calories__zscore,0.0171040763850782,Exercise_Calories,0.01710407638507828
p01_daily_merged,fatigue,Exercise_Count__change,0.0161068375039642,Exercise_Count,0.016106837503964275
p01_daily_merged,fatigue,Deep_Sleep_Minutes__rolling_3,0.0149637427097979,Deep_Sleep_Minutes,0.014963742709797969
p01_daily_merged,fatigue,Sleep_Hours__change,0.0147892473470067,Sleep_Hours,0.014789247347006769
p01_daily_merged,fatigue,Sleep_Duration_Score__rolling_3,0.0143893721159166,Sleep_Duration_Score,0.014389372115916668
p01_daily_merged,fatigue,Exercise_Calories__abs_zscore,0.0142837275260488,Exercise_Calories,0.014283727526048865
p01_daily_merged,fatigue,Sleep_Score__abs_zscore,0.0142062392945648,Sleep_Score,0.014206239294564866
p01_daily_merged,fatigue,Sleep_Revitalization__abs_zscore,0.01194408423119,Sleep_Revitalization,0.011944084231190056
p01_daily_merged,fatigue,Deep_Sleep_Minutes__change,0.011755029782079,Deep_Sleep_Minutes,0.011755029782079056
p01_daily_merged,fatigue,Sleep_Hours__abs_zscore,0.0115971238732898,Sleep_Hours,0.011597123873289854
p01_daily_merged,fatigue,Sleep_Composition__rolling_3,0.0115153116225571,Sleep_Composition,0.011515311622557154
p01_daily_merged,fatigue,Sleep_Restlessness__rolling_7,0.0114172929069817,Sleep_Restlessness,0.011417292906981754
p01_daily_merged,fatigue,Steps__rolling_3,0.011026390704345,Steps,0.011026390704345052
p01_daily_merged,fatigue,Exercise_Distance__rolling_7,0.0103858096011733,Exercise_Distance,0.010385809601173348
p01_daily_merged,fatigue,Exercise_Duration__abs_zscore,0.0101109884884526,Exercise_Duration,0.010110988488452648
p01_daily_merged,fatigue,Steps__zscore,0.0100697249830964,Steps,0.010069724983096447
p01_daily_merged,fatigue,Exercise_Distance__change,0.0099932392087581,Exercise_Distance,0.009993239208758147
p01_daily_merged,fatigue,Sleep_Duration_Score__rolling_7,0.0099921239331602,Sleep_Duration_Score,0.009992123933160247
p01_daily_merged,fatigue,Exercise_Duration__change,0.0098206310957794,Exercise_Duration,0.009820631095779445
p01_daily_merged,fatigue,Sleep_Revitalization__change,0.0097600524985122,Sleep_Revitalization,0.009760052498512245
p01_daily_merged,fatigue,Sleep_Score__change,0.0095924371191404,Sleep_Score,0.009592437119140445
p01_daily_merged,fatigue,Sleep_Composition__rolling_7,0.0092355630948932,Sleep_Composition,0.009235563094893243
p01_daily_merged,fatigue,Sleep_Score__rolling_3,0.0089269773001866,Sleep_Score,0.008926977300186642
p01_daily_merged,fatigue,Sleep_Restlessness__zscore,0.0089261538884521,Sleep_Restlessness,0.008926153888452141
p01_daily_merged,fatigue,Deep_Sleep_Minutes__zscore,0.0088963381261792,Deep_Sleep_Minutes,0.00889633812617924
p01_daily_merged,fatigue,Sleep_Restlessness__raw,0.008877183616382,Sleep_Restlessness,0.008877183616382041
p01_daily_merged,fatigue,Sleep_Restlessness__change,0.0086567096885951,Sleep_Restlessness,0.00865670968859514
p01_daily_merged,fatigue,Deep_Sleep_Minutes__rolling_7,0.0085310897009396,Deep_Sleep_Minutes,0.00853108970093964
p01_daily_merged,fatigue,Exercise_Avg_HR__abs_zscore,0.0084769220966081,Exercise_Avg_HR,0.00847692209660814
p01_daily_merged,fatigue,Sleep_Duration_Score__change,0.0083656914273646,Sleep_Duration_Score,0.008365691427364638
p01_daily_merged,fatigue,Exercise_Calories__deviation,0.0082647373025841,Exercise_Calories,0.008264737302584138
p01_daily_merged,fatigue,Steps__deviation,0.0082135064398662,Steps,0.008213506439866238
p01_daily_merged,fatigue,Sleep_Composition__abs_zscore,0.0081817647085457,Sleep_Composition,0.008181764708545739
p01_daily_merged,fatigue,Sleep_Revitalization__rolling_7,0.0081663088290732,Sleep_Revitalization,0.008166308829073238
p01_daily_merged,fatigue,Exercise_Avg_HR__rolling_3,0.008118273751973,Exercise_Avg_HR,0.008118273751973038
p01_daily_merged,fatigue,Deep_Sleep_Minutes__deviation,0.007958015824496,Deep_Sleep_Minutes,0.007958015824496036
p01_daily_merged,fatigue,Sleep_Revitalization__rolling_3,0.0076196870632141,Sleep_Revitalization,0.007619687063214135
p01_daily_merged,fatigue,Exercise_Calories__rolling_3,0.0073178807842634,Exercise_Calories,0.007317880784263433
p01_daily_merged,fatigue,Exercise_Count__rolling_3,0.0072628998430637,Exercise_Count,0.007262899843063734
p01_daily_merged,fatigue,Steps__rolling_7,0.0072079565097808,Steps,0.007207956509780834
p01_daily_merged,fatigue,Exercise_Duration__rolling_7,0.0071350990847515,Exercise_Duration,0.007135099084751533
p01_daily_merged,fatigue,Sleep_Duration_Score__abs_zscore,0.0067211375681415,Sleep_Duration_Score,0.0067211375681415315
p01_daily_merged,fatigue,Sleep_Score__rolling_7,0.006478788505549,Sleep_Score,0.006478788505549031
p01_daily_merged,fatigue,Exercise_Calories__rolling_7,0.0064675261649371,Exercise_Calories,0.00646752616493713
p01_daily_merged,fatigue,Sleep_Hours__deviation,0.0059768595613868,Sleep_Hours,0.005976859561386828
p01_daily_merged,fatigue,Sleep_Revitalization__raw,0.0055745304645879,Sleep_Revitalization,0.005574530464587926
p01_daily_merged,fatigue,Sleep_Restlessness__deviation,0.0054081190018405,Sleep_Restlessness,0.005408119001840525
p01_daily_merged,fatigue,Steps__raw,0.0042414379413209,Steps,0.00424143794132092
p01_daily_merged,fatigue,Sleep_Score__deviation,0.0041987758037484,Sleep_Score,0.00419877580374842
p01_daily_merged,fatigue,Exercise_Distance__abs_zscore,0.0039131843327077,Exercise_Distance,0.003913184332707718
p01_daily_merged,fatigue,Exercise_Duration__deviation,0.003889727053471,Exercise_Duration,0.0038897270534710184
p01_daily_merged,fatigue,Sleep_Hours__zscore,0.0037520561589513,Sleep_Hours,0.0037520561589513175
p01_daily_merged,fatigue,Deep_Sleep_Minutes__raw,0.0035442587756642,Deep_Sleep_Minutes,0.0035442587756642167
p01_daily_merged,fatigue,Sleep_Composition__deviation,0.0033340213024503,Sleep_Composition,0.0033340213024503156
p01_daily_merged,fatigue,Sleep_Duration_Score__zscore,0.0031004422929542,Sleep_Duration_Score,0.0031004422929542144
p01_daily_merged,fatigue,Exercise_Distance__raw,0.0027068413171681,Exercise_Distance,0.0027068413171681127
p01_daily_merged,fatigue,Exercise_Distance__rolling_3,0.0025185563797186,Exercise_Distance,0.0025185563797186115
p01_daily_merged,fatigue,Exercise_Duration__rolling_3,0.0023766716816965,Exercise_Duration,0.002376671681696511
p01_daily_merged,fatigue,Sleep_Score__zscore,0.0023752902918074,Sleep_Score,0.002375290291807411
p01_daily_merged,fatigue,Exercise_Distance__deviation,0.0022446889126545,Exercise_Distance,0.0022446889126545105
p01_daily_merged,fatigue,Exercise_Duration__zscore,0.0022242328209075,Exercise_Duration,0.0022242328209075104
p01_daily_merged,fatigue,Exercise_Avg_HR__rolling_7,0.0020473111952821,Exercise_Avg_HR,0.0020473111952821095
p01_daily_merged,fatigue,Exercise_Count__raw,0.0019905179871992,Exercise_Count,0.001990517987199209
p01_daily_merged,fatigue,Sleep_Hours__raw,0.0019641733573815,Sleep_Hours,0.001964173357381509
p01_daily_merged,fatigue,Exercise_Count__abs_zscore,0.0018988405095908,Exercise_Count,0.001898840509590809
p01_daily_merged,fatigue,Sleep_Composition__zscore,0.0017483536855781,Sleep_Composition,0.0017483536855781082
p01_daily_merged,fatigue,Exercise_Duration__raw,0.0014780968504505,Exercise_Duration,0.001478096850450507
p01_daily_merged,fatigue,Sleep_Revitalization__zscore,0.0014437932145999,Sleep_Revitalization,0.0014437932145999067
p01_daily_merged,fatigue,Sleep_Revitalization__deviation,0.0012870488032859,Sleep_Revitalization,0.0012870488032859062
p01_daily_merged,fatigue,Exercise_Distance__zscore,0.0011842011174935,Exercise_Distance,0.0011842011174935053
p01_daily_merged,fatigue,Sleep_Duration_Score__deviation,0.0011801904323659,Sleep_Duration_Score,0.0011801904323659055
p01_daily_merged,fatigue,Sleep_Composition__raw,0.0009595436306569,Sleep_Composition,0.0009595436306569044
p01_daily_merged,fatigue,Sleep_Duration_Score__raw,0.0007523366469522,Sleep_Duration_Score,0.0007523366469522034
p01_daily_merged,fatigue,Sleep_Score__raw,0.0007381419124642,Sleep_Score,0.0007381419124642035
p01_daily_merged,fatigue,Exercise_Count__deviation,0.0004027886678267,Exercise_Count,0.0004027886678267019
p01_daily_merged,fatigue,Exercise_Count__zscore,0.0001357182930589,Exercise_Count,0.0001357182930589006
p01_daily_merged,mood,Deep_Sleep_Minutes__rolling_7,0.0775464460465826,Deep_Sleep_Minutes,0.07754644604658294
p01_daily_merged,mood,Sleep_Restlessness__rolling_3,0.0721196087821491,Sleep_Restlessness,0.0721196087821494
p01_daily_merged,mood,Sleep_Duration_Score__change,0.0439661668294026,Sleep_Duration_Score,0.04396616682940279
p01_daily_merged,mood,Exercise_Calories__rolling_3,0.0392275512243563,Exercise_Calories,0.03922755122435646
p01_daily_merged,mood,Sleep_Composition__rolling_7,0.0380287679955846,Sleep_Composition,0.03802876799558476
p01_daily_merged,mood,Steps__rolling_3,0.0365644909272133,Steps,0.03656449092721345
p01_daily_merged,mood,Sleep_Hours__rolling_7,0.0360536779544956,Sleep_Hours,0.03605367795449575
p01_daily_merged,mood,Sleep_Hours__change,0.0359717068613254,Sleep_Hours,0.03597170686132555
p01_daily_merged,mood,Exercise_Distance__rolling_7,0.032477980711334,Exercise_Distance,0.03247798071133414
p01_daily_merged,mood,Sleep_Duration_Score__rolling_7,0.0314497322363971,Sleep_Duration_Score,0.03144973223639723
p01_daily_merged,mood,Sleep_Composition__change,0.0308660937510009,Sleep_Composition,0.030866093751001033
p01_daily_merged,mood,Sleep_Score__rolling_7,0.0294665028442303,Sleep_Score,0.029466502844230424
p01_daily_merged,mood,Steps__abs_zscore,0.0277065707302195,Steps,0.027706570730219617
p01_daily_merged,mood,Sleep_Restlessness__rolling_7,0.0178957736646827,Sleep_Restlessness,0.017895773664682778
p01_daily_merged,mood,Steps__rolling_7,0.0169037245460137,Steps,0.016903724546013774
p01_daily_merged,mood,Exercise_Duration__abs_zscore,0.0163017846357854,Exercise_Duration,0.01630178463578547
p01_daily_merged,mood,Exercise_Distance__rolling_3,0.0159974915367611,Exercise_Distance,0.015997491536761166
p01_daily_merged,mood,Sleep_Restlessness__deviation,0.0157570598044793,Sleep_Restlessness,0.015757059804479365
p01_daily_merged,mood,Deep_Sleep_Minutes__rolling_3,0.0148233001626786,Deep_Sleep_Minutes,0.014823300162678663
p01_daily_merged,mood,Exercise_Duration__change,0.0147135068341211,Exercise_Duration,0.014713506834121162
p01_daily_merged,mood,Sleep_Score__abs_zscore,0.0140890802508644,Sleep_Score,0.01408908025086446
p01_daily_merged,mood,Exercise_Count__deviation,0.0137785277549624,Exercise_Count,0.01377852775496246
p01_daily_merged,mood,Exercise_Duration__rolling_3,0.0122458942255258,Exercise_Duration,0.012245894225525852
p01_daily_merged,mood,Sleep_Hours__abs_zscore,0.0121809847993517,Sleep_Hours,0.012180984799351752
p01_daily_merged,mood,Exercise_Avg_HR__deviation,0.0119829442991835,Exercise_Avg_HR,0.01198294429918355
p01_daily_merged,mood,Exercise_Count__rolling_3,0.0105933577033884,Exercise_Count,0.010593357703388446
p01_daily_merged,mood,Exercise_Count__rolling_7,0.0105843493531034,Exercise_Count,0.010584349353103446
p01_daily_merged,mood,Exercise_Avg_HR__abs_zscore,0.010143508196304,Exercise_Avg_HR,0.010143508196304043
p01_daily_merged,mood,Exercise_Calories__zscore,0.0099472173762283,Exercise_Calories,0.009947217376228341
p01_daily_merged,mood,Sleep_Duration_Score__rolling_3,0.0092286616562184,Sleep_Duration_Score,0.009228661656218438
p01_daily_merged,mood,Steps__zscore,0.0091314379189435,Steps,0.009131437918943539
p01_daily_merged,mood,Sleep_Restlessness__zscore,0.0088420874941925,Sleep_Restlessness,0.008842087494192538
p01_daily_merged,mood,Sleep_Duration_Score__raw,0.0087891172848299,Sleep_Duration_Score,0.008789117284829936
p01_daily_merged,mood,Exercise_Calories__rolling_7,0.0087126988530631,Exercise_Calories,0.008712698853063137
p01_daily_merged,mood,Exercise_Calories__abs_zscore,0.0084187856821172,Exercise_Calories,0.008418785682117234
p01_daily_merged,mood,Sleep_Duration_Score__zscore,0.0084091676314815,Sleep_Duration_Score,0.008409167631481534
p01_daily_merged,mood,Sleep_Restlessness__abs_zscore,0.0081378429593664,Sleep_Restlessness,0.008137842959366435
p01_daily_merged,mood,Sleep_Score__rolling_3,0.0081162455391605,Sleep_Score,0.008116245539160535
p01_daily_merged,mood,Deep_Sleep_Minutes__zscore,0.0080371408045297,Deep_Sleep_Minutes,0.008037140804529734
p01_daily_merged,mood,Sleep_Restlessness__raw,0.0078853039530881,Sleep_Restlessness,0.007885303953088132
p01_daily_merged,mood,Steps__deviation,0.0078017035728619,Steps,0.007801703572861933
p01_daily_merged,mood,Exercise_Avg_HR__raw,0.0076937330408263,Exercise_Avg_HR,0.007693733040826332
p01_daily_merged,mood,Sleep_Revitalization__deviation,0.0074070402388898,Sleep_Revitalization,0.007407040238889831
p01_daily_merged,mood,Sleep_Score__change,0.0071543675920398,Sleep_Score,0.00715436759203983
p01_daily_merged,mood,Exercise_Count__raw,0.0066560744449565,Exercise_Count,0.006656074444956528
p01_daily_merged,mood,Steps__change,0.0060381313019946,Steps,0.006038131301994625
p01_daily_merged,mood,Exercise_Count__abs_zscore,0.0056726054292198,Exercise_Count,0.0056726054292198244
p01_daily_merged,mood,Exercise_Calories__change,0.0055929041174714,Exercise_Calories,0.005592904117471423
p01_daily_merged,mood,Deep_Sleep_Minutes__raw,0.0055877585521268,Deep_Sleep_Minutes,0.005587758552126823
p01_daily_merged,mood,Sleep_Revitalization__raw,0.0055050542333204,Sleep_Revitalization,0.005505054233320423
p01_daily_merged,mood,Exercise_Avg_HR__rolling_3,0.0054059431952747,Exercise_Avg_HR,0.0054059431952747225
p01_daily_merged,mood,Sleep_Restlessness__change,0.0052040965496243,Sleep_Restlessness,0.005204096549624322
p01_daily_merged,mood,Exercise_Count__zscore,0.0045440220187434,Exercise_Count,0.004544022018743419
p01_daily_merged,mood,Exercise_Distance__zscore,0.0045175192394748,Exercise_Distance,0.004517519239474819
p01_daily_merged,mood,Exercise_Duration__deviation,0.0044435354270225,Exercise_Duration,0.004443535427022519
p01_daily_merged,mood,Exercise_Calories__raw,0.0041931255749835,Exercise_Calories,0.004193125574983517
p01_daily_merged,mood,Sleep_Hours__raw,0.0040751221650496,Sleep_Hours,0.004075122165049618
p01_daily_merged,mood,Deep_Sleep_Minutes__abs_zscore,0.0040462843459372,Deep_Sleep_Minutes,0.004046284345937217
p01_daily_merged,mood,Sleep_Hours__zscore,0.0040447095397197,Sleep_Hours,0.004044709539719717
p01_daily_merged,mood,Sleep_Revitalization__zscore,0.0037273075233452,Sleep_Revitalization,0.0037273075233452157
p01_daily_merged,mood,Sleep_Hours__deviation,0.0034042637111246,Sleep_Hours,0.0034042637111246143
p01_daily_merged,mood,Sleep_Composition__zscore,0.0033554194437886,Sleep_Composition,0.0033554194437886145
p01_daily_merged,mood,Exercise_Avg_HR__rolling_7,0.0033204641782709,Exercise_Avg_HR,0.003320464178270914
p01_daily_merged,mood,Sleep_Revitalization__change,0.0032067436779958,Sleep_Revitalization,0.0032067436779958133
p01_daily_merged,mood,Exercise_Calories__deviation,0.0029187454012723,Exercise_Calories,0.002918745401272312
p01_daily_merged,mood,Sleep_Composition__abs_zscore,0.0027820707098844,Sleep_Composition,0.002782070709884412
p01_daily_merged,mood,Sleep_Hours__rolling_3,0.0026622154869454,Sleep_Hours,0.0026622154869454114
p01_daily_merged,mood,Deep_Sleep_Minutes__deviation,0.0025378888024887,Deep_Sleep_Minutes,0.0025378888024887108
p01_daily_merged,mood,Deep_Sleep_Minutes__change,0.0024782532333713,Deep_Sleep_Minutes,0.0024782532333713103
p01_daily_merged,mood,Sleep_Composition__rolling_3,0.002260960835055,Sleep_Composition,0.0022609608350550097
p01_daily_merged,mood,Exercise_Distance__deviation,0.0021915568291058,Exercise_Distance,0.002191556829105809
p01_daily_merged,mood,Exercise_Avg_HR__zscore,0.0021761105172006,Exercise_Avg_HR,0.002176110517200609
p01_daily_merged,mood,Sleep_Duration_Score__abs_zscore,0.0019748402323587,Sleep_Duration_Score,0.001974840232358708
p01_daily_merged,mood,Exercise_Distance__raw,0.0019283277368263,Exercise_Distance,0.0019283277368263082
p01_daily_merged,mood,Exercise_Duration__zscore,0.0014383679621726,Exercise_Duration,0.001438367962172606
p01_daily_merged,mood,Exercise_Duration__raw,0.0013998882997644,Exercise_Duration,0.001399888299764406
p01_daily_merged,mood,Sleep_Revitalization__rolling_7,0.0012645627639816,Sleep_Revitalization,0.0012645627639816055
p01_daily_merged,mood,Sleep_Score__zscore,0.0012577366669021,Sleep_Score,0.0012577366669021051
p01_daily_merged,mood,Sleep_Score__raw,0.0011889595326298,Sleep_Score,0.001188959532629805
p01_daily_merged,mood,Sleep_Score__deviation,0.0008333687395466,Sleep_Score,0.0008333687395466034
p01_daily_merged,mood,Sleep_Duration_Score__deviation,0.0008210751815016,Sleep_Duration_Score,0.0008210751815016035
p01_daily_merged,mood,Exercise_Count__change,0.000658724694657,Exercise_Count,0.0006587246946570028
p01_daily_merged,mood,Sleep_Composition__raw,0.0005685280241076,Sleep_Composition,0.0005685280241076024
p01_daily_merged,mood,Steps__raw,0.0003943287463091,Steps,0.0003943287463091017
p01_daily_merged,mood,Exercise_Avg_HR__change,0.0003879120494983,Exercise_Avg_HR,0.00038791204949830164
p01_daily_merged,mood,Exercise_Duration__rolling_7,0.0001853566256386,Exercise_Duration,0.0001853566256386008
p01_daily_merged,mood,Exercise_Distance__change,0.0,Exercise_Distance,0.0
p01_daily_merged,mood,Exercise_Distance__abs_zscore,0.0,Exercise_Distance,0.0
p01_daily_merged,mood,Sleep_Composition__deviation,0.0,Sleep_Composition,0.0
p01_daily_merged,mood,Sleep_Revitalization__rolling_3,0.0,Sleep_Revitalization,0.0
p01_daily_merged,mood,Sleep_Revitalization__abs_zscore,0.0,Sleep_Revitalization,0.0
p01_daily_merged,readiness,Exercise_Calories__change,0.194740784391241,Exercise_Calories,0.19474078439124184
p01_daily_merged,readiness,Exercise_Avg_HR__zscore,0.1608203621800782,Exercise_Avg_HR,0.16082036218007886
p01_daily_merged,readiness,Exercise_Avg_HR__raw,0.1180836403143091,Exercise_Avg_HR,0.1180836403143096
p01_daily_merged,readiness,Exercise_Avg_HR__deviation,0.0919425738841906,Exercise_Avg_HR,0.09194257388419098
p01_daily_merged,readiness,Exercise_Avg_HR__change,0.0360079085105987,Exercise_Avg_HR,0.03600790851059885
p01_daily_merged,readiness,Steps__change,0.0310040966898855,Steps,0.031004096689885633
p01_daily_merged,readiness,Sleep_Duration_Score__rolling_7,0.0294849620875407,Sleep_Duration_Score,0.029484962087540825
p01_daily_merged,readiness,Sleep_Restlessness__abs_zscore,0.0135752134653171,Sleep_Restlessness,0.013575213465317157
p01_daily_merged,readiness,Exercise_Calories__rolling_7,0.0134320637173036,Exercise_Calories,0.013432063717303657
p01_daily_merged,readiness,Exercise_Duration__change,0.0128692693128894,Exercise_Duration,0.012869269312889453
p01_daily_merged,readiness,Exercise_Count__rolling_7,0.0121368537610023,Exercise_Count,0.012136853761002353
p01_daily_merged,readiness,Sleep_Revitalization__change,0.010202566854598,Sleep_Revitalization,0.010202566854598043
p01_daily_merged,readiness,Sleep_Composition__rolling_3,0.0089326389843308,Sleep_Composition,0.008932638984330839
p01_daily_merged,readiness,Deep_Sleep_Minutes__rolling_7,0.008881925156834,Deep_Sleep_Minutes,0.008881925156834038
p01_daily_merged,readiness,Sleep_Hours__rolling_7,0.0085780038063248,Sleep_Hours,0.008578003806324836
p01_daily_merged,readiness,Sleep_Revitalization__rolling_3,0.0082094645585983,Sleep_Revitalization,0.008209464558598334
p01_daily_merged,readiness,Exercise_Count__change,0.0081547299242702,Exercise_Count,0.008154729924270234
p01_daily_merged,readiness,Sleep_Restlessness__rolling_3,0.0075314332684397,Sleep_Restlessness,0.007531433268439732
p01_daily_merged,readiness,Sleep_Restlessness__change,0.0075264141037493,Sleep_Restlessness,0.007526414103749332
p01_daily_merged,readiness,Exercise_Calories__abs_zscore,0.0073391537775836,Exercise_Calories,0.007339153777583631
p01_daily_merged,readiness,Exercise_Duration__abs_zscore,0.0063695802817769,Exercise_Duration,0.006369580281776927
p01_daily_merged,readiness,Deep_Sleep_Minutes__rolling_3,0.0061875805610159,Deep_Sleep_Minutes,0.006187580561015926
p01_daily_merged,readiness,Exercise_Calories__rolling_3,0.0059884333821793,Exercise_Calories,0.005988433382179325
p01_daily_merged,readiness,Exercise_Duration__rolling_3,0.0058265060719652,Exercise_Duration,0.005826506071965224
p01_daily_merged,readiness,Deep_Sleep_Minutes__abs_zscore,0.0053553371208314,Deep_Sleep_Minutes,0.005355337120831423
p01_daily_merged,readiness,Sleep_Score__rolling_7,0.0053217938753945,Sleep_Score,0.0053217938753945225
p01_daily_merged,readiness,Exercise_Distance__change,0.0053020715554719,Exercise_Distance,0.005302071555471922
p01_daily_merged,readiness,Exercise_Distance__rolling_3,0.0052549700484894,Exercise_Distance,0.005254970048489423
p01_daily_merged,readiness,Steps__rolling_7,0.0052082921681592,Steps,0.005208292168159222
p01_daily_merged,readiness,Exercise_Distance__abs_zscore,0.0051819585806904,Exercise_Distance,0.0051819585806904215
p01_daily_merged,readiness,Sleep_Hours__rolling_3,0.0051709587974453,Sleep_Hours,0.005170958797445321
p01_daily_merged,readiness,Steps__rolling_3,0.0051254757105293,Steps,0.005125475710529322
p01_daily_merged,readiness,Sleep_Composition__change,0.0050348177830304,Sleep_Composition,0.0050348177830304205
p01_daily_merged,readiness,Exercise_Avg_HR__abs_zscore,0.0050324028941536,Exercise_Avg_HR,0.005032402894153621
p01_daily_merged,readiness,Exercise_Calories__deviation,0.0050000838523805,Exercise_Calories,0.005000083852380521
p01_daily_merged,readiness,Deep_Sleep_Minutes__change,0.0049178880022179,Deep_Sleep_Minutes,0.004917888002217921
p01_daily_merged,readiness,Steps__abs_zscore,0.0047781797929659,Steps,0.00477817979296592
p01_daily_merged,readiness,Exercise_Duration__rolling_7,0.004665311621804,Exercise_Duration,0.00466531162180402
p01_daily_merged,readiness,Sleep_Hours__change,0.0045161762613893,Sleep_Hours,0.004516176261389319
p01_daily_merged,readiness,Exercise_Calories__zscore,0.0042825755214921,Exercise_Calories,0.004282575521492118
p01_daily_merged,readiness,Sleep_Composition__rolling_7,0.0042183163930757,Sleep_Composition,0.004218316393075718
p01_daily_merged,readiness,Exercise_Distance__rolling_7,0.0041778251583309,Exercise_Distance,0.004177825158330917
p01_daily_merged,readiness,Sleep_Hours__abs_zscore,0.0041655967896169,Sleep_Hours,0.004165596789616918
p01_daily_merged,readiness,Sleep_Duration_Score__abs_zscore,0.0035500630350328,Sleep_Duration_Score,0.003550063035032815
p01_daily_merged,readiness,Sleep_Hours__deviation,0.0034982227193718,Sleep_Hours,0.0034982227193718148
p01_daily_merged,readiness,Sleep_Revitalization__rolling_7,0.0034463848857979,Sleep_Revitalization,0.003446384885797915
p01_daily_merged,readiness,Steps__raw,0.0034420855006318,Steps,0.0034420855006318143
p01_daily_merged,readiness,Sleep_Revitalization__abs_zscore,0.0033415643464566,Sleep_Revitalization,0.0033415643464566143
p01_daily_merged,readiness,Sleep_Composition__abs_zscore,0.0032947314227778,Sleep_Composition,0.003294731422777814
p01_daily_merged,readiness,Sleep_Restlessness__zscore,0.0032836643331595,Sleep_Restlessness,0.003283664333159514
p01_daily_merged,readiness,Sleep_Score__zscore,0.003129181536342,Sleep_Score,0.003129181536342013
p01_daily_merged,readiness,Deep_Sleep_Minutes__deviation,0.0030149542248735,Deep_Sleep_Minutes,0.0030149542248735124
p01_daily_merged,readiness,Steps__deviation,0.0028156026742082,Steps,0.0028156026742082118
p01_daily_merged,readiness,Deep_Sleep_Minutes__raw,0.0027800016021452,Deep_Sleep_Minutes,0.0027800016021452116
p01_daily_merged,readiness,Sleep_Restlessness__rolling_7,0.0027410147083761,Sleep_Restlessness,0.0027410147083761116
p01_daily_merged,readiness,Sleep_Score__abs_zscore,0.0026925170049557,Sleep_Score,0.0026925170049557114
p01_daily_merged,readiness,Sleep_Duration_Score__zscore,0.0026717958934628,Sleep_Duration_Score,0.0026717958934628114
p01_daily_merged,readiness,Sleep_Restlessness__deviation,0.0026565768739909,Sleep_Restlessness,0.0026565768739909112
p01_daily_merged,readiness,Sleep_Revitalization__raw,0.0026469676334025,Sleep_Revitalization,0.002646967633402511
p01_daily_merged,readiness,Deep_Sleep_Minutes__zscore,0.0026406620050556,Deep_Sleep_Minutes,0.002640662005055611
p01_daily_merged,readiness,Sleep_Score__deviation,0.0025831727425328,Sleep_Score,0.0025831727425328107
p01_daily_merged,readiness,Sleep_Hours__raw,0.0024968044328286,Sleep_Hours,0.0024968044328286102
p01_daily_merged,readiness,Sleep_Hours__zscore,0.0024615367869984,Sleep_Hours,0.0024615367869984103
p01_daily_merged,readiness,Sleep_Duration_Score__deviation,0.0024456686909156,Sleep_Duration_Score,0.0024456686909156105
p01_daily_merged,readiness,Sleep_Revitalization__zscore,0.0023818728766028,Sleep_Revitalization,0.00238187287660281
p01_daily_merged,readiness,Exercise_Avg_HR__rolling_3,0.0022258022869233,Exercise_Avg_HR,0.0022258022869233096
p01_daily_merged,readiness,Sleep_Score__change,0.002043410575341,Sleep_Score,0.0020434105753410086
p01_daily_merged,readiness,Sleep_Score__rolling_3,0.0020304744269987,Sleep_Score,0.0020304744269987085
p01_daily_merged,readiness,Sleep_Restlessness__raw,0.0020275818996006,Sleep_Restlessness,0.0020275818996006085
p01_daily_merged,readiness,Exercise_Duration__raw,0.0018009352764406,Exercise_Duration,0.0018009352764406076
p01_daily_merged,readiness,Sleep_Duration_Score__change,0.0017004324777175,Sleep_Duration_Score,0.0017004324777175072
p01_daily_merged,readiness,Steps__zscore,0.0016189595458515,Steps,0.0016189595458515067
p01_daily_merged,readiness,Exercise_Count__rolling_3,0.0015830638989406,Exercise_Count,0.0015830638989406066
p01_daily_merged,readiness,Exercise_Count__abs_zscore,0.0014758212822823,Exercise_Count,0.0014758212822823062
p01_daily_merged,readiness,Sleep_Revitalization__deviation,0.0014238927216287,Sleep_Revitalization,0.0014238927216287062
p01_daily_merged,readiness,Exercise_Duration__zscore,0.0013221103963592,Exercise_Duration,0.0013221103963592057
p01_daily_merged,readiness,Sleep_Duration_Score__rolling_3,0.0012837830049399,Sleep_Duration_Score,0.0012837830049399054
p01_daily_merged,readiness,Sleep_Composition__deviation,0.0012757487379517,Sleep_Composition,0.0012757487379517053
p01_daily_merged,readiness,Sleep_Duration_Score__raw,0.0011535946115187,Sleep_Duration_Score,0.0011535946115187048
p01_daily_merged,readiness,Exercise_Duration__deviation,0.0011438416359638,Exercise_Duration,0.0011438416359638047
p01_daily_merged,readiness,Exercise_Count__raw,0.0011435553961601,Exercise_Count,0.0011435553961601048
p01_daily_merged,readiness,Exercise_Calories__raw,0.0011085138650874,Exercise_Calories,0.0011085138650874047
p01_daily_merged,readiness,Sleep_Composition__raw,0.001070218410732,Sleep_Composition,0.0010702184107320046
p01_daily_merged,readiness,Sleep_Score__raw,0.0010231157638021,Sleep_Score,0.0010231157638021043
p01_daily_merged,readiness,Sleep_Composition__zscore,0.0003894017062009,Sleep_Composition,0.0003894017062009016
p01_daily_merged,readiness,Exercise_Count__zscore,0.000363409219444,Exercise_Count,0.0003634092194440015
p01_daily_merged,readiness,Exercise_Count__deviation,0.0001164526503139,Exercise_Count,0.00011645265031390048
p01_daily_merged,readiness,Exercise_Distance__deviation,8.050687628724512e-05,Exercise_Distance,8.050687628724546e-05
p01_daily_merged,readiness,Exercise_Distance__raw,3.612314674185394e-05,Exercise_Distance,3.612314674185409e-05
p01_daily_merged,readiness,Exercise_Avg_HR__rolling_7,8.013283358537793e-06,Exercise_Avg_HR,8.013283358537827e-06
p01_daily_merged,readiness,Exercise_Distance__zscore,0.0,Exercise_Distance,0.0
p01_daily_merged,sleep_quality,Steps__rolling_7,0.0532690026134151,Steps,0.05326900261341535
p01_daily_merged,sleep_quality,Sleep_Score__change,0.0353029822091584,Sleep_Score,0.03530298220915857
p01_daily_merged,sleep_quality,Deep_Sleep_Minutes__rolling_3,0.0320134127661959,Deep_Sleep_Minutes,0.032013412766196056
p01_daily_merged,sleep_quality,Sleep_Hours__change,0.0309623433162479,Sleep_Hours,0.030962343316248045
p01_daily_merged,sleep_quality,Exercise_Calories__change,0.0288781323132317,Exercise_Calories,0.028878132313231834
p01_daily_merged,sleep_quality,Sleep_Duration_Score__zscore,0.027254286812591,Sleep_Duration_Score,0.02725428681259113
p01_daily_merged,sleep_quality,Steps__abs_zscore,0.0248735759863887,Steps,0.024873575986388813
p01_daily_merged,sleep_quality,Sleep_Hours__rolling_3,0.0228474480615455,Sleep_Hours,0.022847448061545608
p01_daily_merged,sleep_quality,Exercise_Avg_HR__abs_zscore,0.0201765389543169,Exercise_Avg_HR,0.020176538954316994
p01_daily_merged,sleep_quality,Sleep_Hours__zscore,0.0197433374712285,Sleep_Hours,0.019743337471228594
p01_daily_merged,sleep_quality,Sleep_Score__raw,0.0190130403355454,Sleep_Score,0.01901304033554549
p01_daily_merged,sleep_quality,Sleep_Duration_Score__deviation,0.0187814418908067,Sleep_Duration_Score,0.018781441890806785
p01_daily_merged,sleep_quality,Exercise_Duration__change,0.0185209851778349,Exercise_Duration,0.018520985177834987
p01_daily_merged,sleep_quality,Sleep_Duration_Score__rolling_7,0.0184400828723947,Sleep_Duration_Score,0.01844008287239479
p01_daily_merged,sleep_quality,Steps__rolling_3,0.0179649122084062,Steps,0.017964912208406285
p01_daily_merged,sleep_quality,Deep_Sleep_Minutes__change,0.0178392715809862,Deep_Sleep_Minutes,0.017839271580986284
p01_daily_merged,sleep_quality,Sleep_Revitalization__change,0.0165446695920644,Sleep_Revitalization,0.016544669592064475
p01_daily_merged,sleep_quality,Sleep_Composition__rolling_3,0.0161834264133418,Sleep_Composition,0.016183426413341875
p01_daily_merged,sleep_quality,Exercise_Calories__abs_zscore,0.0161251627159616,Exercise_Calories,0.016125162715961677
p01_daily_merged,sleep_quality,Sleep_Restlessness__abs_zscore,0.0158533228740181,Sleep_Restlessness,0.015853322874018173
p01_daily_merged,sleep_quality,Sleep_Restlessness__raw,0.0154226862314902,Sleep_Restlessness,0.015422686231490271
p01_daily_merged,sleep_quality,Deep_Sleep_Minutes__abs_zscore,0.015338475512512,Deep_Sleep_Minutes,0.015338475512512072
p01_daily_merged,sleep_quality,Sleep_Restlessness__rolling_7,0.0152960722207794,Sleep_Restlessness,0.015296072220779472
p01_daily_merged,sleep_quality,Exercise_Calories__rolling_3,0.0152190098543695,Exercise_Calories,0.015219009854369572
p01_daily_merged,sleep_quality,Exercise_Avg_HR__deviation,0.0151827102169731,Exercise_Avg_HR,0.01518271021697317
p01_daily_merged,sleep_quality,Exercise_Avg_HR__change,0.0146713438999381,Exercise_Avg_HR,0.014671343899938167
p01_daily_merged,sleep_quality,Exercise_Avg_HR__rolling_3,0.013739570189515,Exercise_Avg_HR,0.013739570189515065
p01_daily_merged,sleep_quality,Sleep_Duration_Score__raw,0.0134888951307191,Sleep_Duration_Score,0.013488895130719162
p01_daily_merged,sleep_quality,Sleep_Hours__raw,0.0134795085659734,Sleep_Hours,0.013479508565973462
p01_daily_merged,sleep_quality,Sleep_Score__rolling_7,0.0134458058947285,Sleep_Score,0.013445805894728562
p01_daily_merged,sleep_quality,Sleep_Hours__abs_zscore,0.0132366048605535,Sleep_Hours,0.013236604860553563
p01_daily_merged,sleep_quality,Exercise_Duration__rolling_3,0.0128852290676892,Exercise_Duration,0.01288522906768926
p01_daily_merged,sleep_quality,Sleep_Restlessness__zscore,0.0126324563528158,Sleep_Restlessness,0.012632456352815858
p01_daily_merged,sleep_quality,Sleep_Score__abs_zscore,0.0123261251700396,Sleep_Score,0.012326125170039658
p01_daily_merged,sleep_quality,Sleep_Score__zscore,0.0122468959894038,Sleep_Score,0.012246895989403856
p01_daily_merged,sleep_quality,Exercise_Calories__zscore,0.012245147646481,Exercise_Calories,0.012245147646481058
p01_daily_merged,sleep_quality,Exercise_Calories__rolling_7,0.0121823261163505,Exercise_Calories,0.012182326116350558
p01_daily_merged,sleep_quality,Sleep_Restlessness__deviation,0.0118928497736524,Sleep_Restlessness,0.011892849773652455
p01_daily_merged,sleep_quality,Sleep_Hours__deviation,0.0117735973132395,Sleep_Hours,0.011773597313239556
p01_daily_merged,sleep_quality,Exercise_Duration__abs_zscore,0.0113767371904635,Exercise_Duration,0.011376737190463554
p01_daily_merged,sleep_quality,Exercise_Calories__deviation,0.0112178310539115,Exercise_Calories,0.011217831053911552
p01_daily_merged,sleep_quality,Sleep_Restlessness__change,0.0111383623179842,Sleep_Restlessness,0.011138362317984252
p01_daily_merged,sleep_quality,Sleep_Hours__rolling_7,0.0107543056486183,Sleep_Hours,0.01075430564861835
p01_daily_merged,sleep_quality,Exercise_Avg_HR__zscore,0.0106551867892339,Exercise_Avg_HR,0.01065518678923395
p01_daily_merged,sleep_quality,Exercise_Avg_HR__raw,0.0106550518546162,Exercise_Avg_HR,0.01065505185461625
p01_daily_merged,sleep_quality,Sleep_Score__rolling_3,0.0094201740883492,Sleep_Score,0.009420174088349243
p01_daily_merged,sleep_quality,Sleep_Duration_Score__abs_zscore,0.0092860014319412,Sleep_Duration_Score,0.009286001431941244
p01_daily_merged,sleep_quality,Exercise_Distance__rolling_7,0.0087626524478599,Exercise_Distance,0.008762652447859941
p01_daily_merged,sleep_quality,Sleep_Score__deviation,0.0086121093817191,Sleep_Score,0.00861210938171914
p01_daily_merged,sleep_quality,Sleep_Restlessness__rolling_3,0.0080444216210277,Sleep_Restlessness,0.008044421621027737
p01_daily_merged,sleep_quality,Sleep_Composition__rolling_7,0.0077567227096854,Sleep_Composition,0.007756722709685436
p01_daily_merged,sleep_quality,Sleep_Revitalization__rolling_7,0.00774616626528,Sleep_Revitalization,0.007746166265280036
p01_daily_merged,sleep_quality,Sleep_Duration_Score__change,0.0076800061351883,Sleep_Duration_Score,0.007680006135188336
p01_daily_merged,sleep_quality,Steps__change,0.0076241656155874,Steps,0.007624165615587436
p01_daily_merged,sleep_quality,Exercise_Count__rolling_7,0.0075625932795641,Exercise_Count,0.007562593279564135
p01_daily_merged,sleep_quality,Steps__zscore,0.0071204339642135,Steps,0.007120433964213533
p01_daily_merged,sleep_quality,Deep_Sleep_Minutes__deviation,0.0064046963636375,Deep_Sleep_Minutes,0.0064046963636375295
p01_daily_merged,sleep_quality,Sleep_Composition__abs_zscore,0.0061557953164918,Sleep_Composition,0.006155795316491829
p01_daily_merged,sleep_quality,Sleep_Duration_Score__rolling_3,0.0060135927025445,Sleep_Duration_Score,0.006013592702544528
p01_daily_merged,sleep_quality,Sleep_Composition__deviation,0.0059791182181632,Sleep_Composition,0.005979118218163227
p01_daily_merged,sleep_quality,Sleep_Revitalization__raw,0.0057397269200083,Sleep_Revitalization,0.005739726920008327
p01_daily_merged,sleep_quality,Exercise_Duration__rolling_7,0.0053896776763736,Exercise_Duration,0.005389677676373625
p01_daily_merged,sleep_quality,Steps__raw,0.0053035317299908,Steps,0.005303531729990825
p01_daily_merged,sleep_quality,Deep_Sleep_Minutes__rolling_7,0.0052094549028133,Deep_Sleep_Minutes,0.005209454902813325
p01_daily_merged,sleep_quality,Steps__deviation,0.005182854991521,Steps,0.005182854991521024
p01_daily_merged,sleep_quality,Exercise_Count__abs_zscore,0.005118656026016,Exercise_Count,0.0051186560260160245
p01_daily_merged,sleep_quality,Sleep_Revitalization__zscore,0.0050020854452714,Sleep_Revitalization,0.005002085445271424
p01_daily_merged,sleep_quality,Exercise_Calories__raw,0.0046150575813138,Exercise_Calories,0.004615057581313821
p01_daily_merged,sleep_quality,Sleep_Composition__zscore,0.0044783439996664,Sleep_Composition,0.004478343999666421
p01_daily_merged,sleep_quality,Deep_Sleep_Minutes__zscore,0.0043789485043542,Deep_Sleep_Minutes,0.00437894850435422
p01_daily_merged,sleep_quality,Exercise_Count__rolling_3,0.0043783423462812,Exercise_Count,0.004378342346281221
p01_daily_merged,sleep_quality,Deep_Sleep_Minutes__raw,0.0041083697793547,Deep_Sleep_Minutes,0.004108369779354719
p01_daily_merged,sleep_quality,Exercise_Distance__deviation,0.0035201427999019,Exercise_Distance,0.0035201427999019164
p01_daily_merged,sleep_quality,Sleep_Revitalization__deviation,0.0033830459070035,Sleep_Revitalization,0.0033830459070035156
p01_daily_merged,sleep_quality,Sleep_Revitalization__abs_zscore,0.0031335240261326,Sleep_Revitalization,0.0031335240261326147
p01_daily_merged,sleep_quality,Exercise_Distance__rolling_3,0.0029776774912659,Exercise_Distance,0.002977677491265914
p01_daily_merged,sleep_quality,Sleep_Revitalization__rolling_3,0.0029681779486196,Sleep_Revitalization,0.002968177948619614
p01_daily_merged,sleep_quality,Sleep_Composition__change,0.0025927294902168,Sleep_Composition,0.0025927294902168122
p01_daily_merged,sleep_quality,Exercise_Duration__raw,0.0025819512107967,Exercise_Duration,0.002581951210796712
p01_daily_merged,sleep_quality,Sleep_Composition__raw,0.0019516857844638,Sleep_Composition,0.0019516857844638091
p01_daily_merged,sleep_quality,Exercise_Count__zscore,0.0018152544214933,Exercise_Count,0.0018152544214933084
p01_daily_merged,sleep_quality,Exercise_Distance__raw,0.0017681687677045,Exercise_Distance,0.0017681687677045083
p01_daily_merged,sleep_quality,Exercise_Distance__change,0.0013145113704498,Exercise_Distance,0.001314511370449806
p01_daily_merged,sleep_quality,Exercise_Count__change,0.0010967309109418,Exercise_Count,0.0010967309109418052
p01_daily_merged,sleep_quality,Exercise_Duration__zscore,0.0010878187374964,Exercise_Duration,0.001087818737496405
p01_daily_merged,sleep_quality,Exercise_Count__raw,0.0010141017024583,Exercise_Count,0.0010141017024583047
p01_daily_merged,sleep_quality,Exercise_Count__deviation,0.0007734936269428,Exercise_Count,0.0007734936269428035
p01_daily_merged,sleep_quality,Exercise_Avg_HR__rolling_7,0.0007142660537506,Exercise_Avg_HR,0.0007142660537506033
p01_daily_merged,sleep_quality,Exercise_Distance__abs_zscore,0.0006250551736259,Exercise_Distance,0.000625055173625903
p01_daily_merged,sleep_quality,Exercise_Duration__deviation,0.0005178041047828,Exercise_Duration,0.0005178041047828024
p01_daily_merged,sleep_quality,Exercise_Distance__zscore,0.0,Exercise_Distance,0.0
p01_daily_merged,stress,Sleep_Restlessness__rolling_7,0.0952376551343468,Sleep_Restlessness,0.09523765513434722
p01_daily_merged,stress,Exercise_Duration__change,0.0720723838614683,Exercise_Duration,0.07207238386146861
p01_daily_merged,stress,Exercise_Avg_HR__rolling_3,0.0683521164072465,Exercise_Avg_HR,0.0683521164072468
p01_daily_merged,stress,Steps__rolling_7,0.0633935937890416,Steps,0.06339359378904187
p01_daily_merged,stress,Sleep_Restlessness__rolling_3,0.0587398366254376,Sleep_Restlessness,0.05873983662543786
p01_daily_merged,stress,Sleep_Hours__abs_zscore,0.0426916987150456,Sleep_Hours,0.04269169871504579
p01_daily_merged,stress,Deep_Sleep_Minutes__abs_zscore,0.0334991833635209,Deep_Sleep_Minutes,0.03349918336352105
p01_daily_merged,stress,Sleep_Composition__rolling_3,0.0307524526356336,Sleep_Composition,0.030752452635633733
p01_daily_merged,stress,Sleep_Composition__rolling_7,0.0301435999422259,Sleep_Composition,0.030143599942226033
p01_daily_merged,stress,Sleep_Score__abs_zscore,0.0282081355661211,Sleep_Score,0.02820813556612122
p01_daily_merged,stress,Sleep_Score__rolling_3,0.0258659533699901,Sleep_Score,0.025865953369990213
p01_daily_merged,stress,Exercise_Duration__abs_zscore,0.0233425918373212,Exercise_Duration,0.023342591837321302
p01_daily_merged,stress,Steps__abs_zscore,0.0220766438082904,Steps,0.022076643808290497
p01_daily_merged,stress,Sleep_Hours__change,0.0203467762115085,Sleep_Hours,0.020346776211508585
p01_daily_merged,stress,Exercise_Distance__rolling_7,0.0195209916773088,Exercise_Distance,0.019520991677308884
p01_daily_merged,stress,Deep_Sleep_Minutes__change,0.0189510331015016,Deep_Sleep_Minutes,0.018951033101501685
p01_daily_merged,stress,Sleep_Restlessness__abs_zscore,0.0186936526309075,Sleep_Restlessness,0.01869365263090758
p01_daily_merged,stress,Deep_Sleep_Minutes__rolling_7,0.0183193715787386,Deep_Sleep_Minutes,0.01831937157873868
p01_daily_merged,stress,Steps__rolling_3,0.0175607461586699,Steps,0.017560746158669975
p01_daily_merged,stress,Deep_Sleep_Minutes__rolling_3,0.0125048879376894,Deep_Sleep_Minutes,0.012504887937689453
p01_daily_merged,stress,Exercise_Calories__change,0.0113715217147682,Exercise_Calories,0.011371521714768249
p01_daily_merged,stress,Sleep_Score__raw,0.0112999530794809,Sleep_Score,0.01129995307948095
p01_daily_merged,stress,Sleep_Composition__abs_zscore,0.0106617093630786,Sleep_Composition,0.010661709363078647
p01_daily_merged,stress,Exercise_Calories__rolling_3,0.0106240394478107,Exercise_Calories,0.010624039447810747
p01_daily_merged,stress,Steps__zscore,0.0096620426057611,Steps,0.009662042605761142
p01_daily_merged,stress,Sleep_Score__rolling_7,0.0096036570702672,Sleep_Score,0.009603657070267241
p01_daily_merged,stress,Sleep_Restlessness__zscore,0.0091754696476773,Sleep_Restlessness,0.00917546964767734
p01_daily_merged,stress,Sleep_Hours__deviation,0.0084948880161432,Sleep_Hours,0.008494888016143237
p01_daily_merged,stress,Steps__raw,0.0080741218877021,Steps,0.008074121887702134
p01_daily_merged,stress,Exercise_Duration__deviation,0.0079846849775255,Exercise_Duration,0.007984684977525535
p01_daily_merged,stress,Sleep_Restlessness__deviation,0.007888745562084,Sleep_Restlessness,0.007888745562084035
p01_daily_merged,stress,Sleep_Restlessness__change,0.0071237502019153,Sleep_Restlessness,0.0071237502019153316
p01_daily_merged,stress,Sleep_Composition__change,0.0070941533084662,Sleep_Composition,0.007094153308466231
p01_daily_merged,stress,Exercise_Calories__abs_zscore,0.0070923604736838,Exercise_Calories,0.007092360473683831
p01_daily_merged,stress,Steps__deviation,0.0069052673608055,Steps,0.006905267360805529
p01_daily_merged,stress,Sleep_Hours__zscore,0.0068271183468477,Sleep_Hours,0.006827118346847729
p01_daily_merged,stress,Sleep_Duration_Score__rolling_3,0.006534947745333,Sleep_Duration_Score,0.006534947745333029
p01_daily_merged,stress,Deep_Sleep_Minutes__raw,0.0063760782750222,Deep_Sleep_Minutes,0.0063760782750222275
p01_daily_merged,stress,Sleep_Duration_Score__zscore,0.0057919705034448,Sleep_Duration_Score,0.005791970503444825
p01_daily_merged,stress,Sleep_Hours__raw,0.0057593635051728,Sleep_Hours,0.005759363505172825
p01_daily_merged,stress,Exercise_Calories__rolling_7,0.0055119867856292,Exercise_Calories,0.005511986785629224
p01_daily_merged,stress,Steps__change,0.0054395167869117,Steps,0.005439516786911723
p01_daily_merged,stress,Exercise_Distance__rolling_3,0.0053482632533791,Exercise_Distance,0.005348263253379123
p01_daily_merged,stress,Sleep_Hours__rolling_7,0.0053380993885426,Sleep_Hours,0.005338099388542623
p01_daily_merged,stress,Deep_Sleep_Minutes__deviation,0.0049200622473098,Deep_Sleep_Minutes,0.004920062247309821
p01_daily_merged,stress,Exercise_Count__rolling_3,0.0047943506486791,Exercise_Count,0.004794350648679121
p01_daily_merged,stress,Exercise_Avg_HR__change,0.004715999978612,Exercise_Avg_HR,0.004715999978612021
p01_daily_merged,stress,Sleep_Revitalization__abs_zscore,0.0045807369797953,Sleep_Revitalization,0.00458073697979532
p01_daily_merged,stress,Sleep_Hours__rolling_3,0.0043329515780091,Sleep_Hours,0.004332951578009119
p01_daily_merged,stress,Sleep_Revitalization__rolling_7,0.0042983540063181,Sleep_Revitalization,0.004298354006318118
p01_daily_merged,stress,Exercise_Avg_HR__abs_zscore,0.004144152026662,Exercise_Avg_HR,0.004144152026662018
p01_daily_merged,stress,Sleep_Score__change,0.0040799546580172,Sleep_Score,0.004079954658017217
p01_daily_merged,stress,Sleep_Revitalization__change,0.0039513673419249,Sleep_Revitalization,0.003951367341924917
p01_daily_merged,stress,Sleep_Restlessness__raw,0.0039242932140557,Sleep_Restlessness,0.003924293214055717
p01_daily_merged,stress,Sleep_Duration_Score__rolling_7,0.0038652583003262,Sleep_Duration_Score,0.003865258300326217
p01_daily_merged,stress,Sleep_Duration_Score__change,0.0036908229421557,Sleep_Duration_Score,0.003690822942155716
p01_daily_merged,stress,Sleep_Score__zscore,0.0036672490679182,Sleep_Score,0.0036672490679182162
p01_daily_merged,stress,Exercise_Duration__rolling_7,0.0034909559148141,Exercise_Duration,0.003490955914814115
p01_daily_merged,stress,Sleep_Revitalization__zscore,0.0025817029661113,Sleep_Revitalization,0.002581702966111311
p01_daily_merged,stress,Sleep_Composition__zscore,0.0024096041673337,Sleep_Composition,0.0024096041673337103
p01_daily_merged,stress,Exercise_Duration__rolling_3,0.0021014299283157,Exercise_Duration,0.002101429928315709
p01_daily_merged,stress,Exercise_Distance__change,0.0020801673251776,Exercise_Distance,0.002080167325177609
p01_daily_merged,stress,Exercise_Duration__raw,0.0020736825638397,Exercise_Duration,0.002073682563839709
p01_daily_merged,stress,Deep_Sleep_Minutes__zscore,0.0020355545048571,Deep_Sleep_Minutes,0.0020355545048571086
p01_daily_merged,stress,Exercise_Calories__zscore,0.0020067369029932,Exercise_Calories,0.0020067369029932087
p01_daily_merged,stress,Exercise_Calories__raw,0.0018363705644758,Exercise_Calories,0.001836370564475808
p01_daily_merged,stress,Exercise_Distance__deviation,0.001823477854582,Exercise_Distance,0.0018234778545820078
p01_daily_merged,stress,Exercise_Count__rolling_7,0.001791646661658,Exercise_Count,0.0017916466616580077
p01_daily_merged,stress,Exercise_Avg_HR__zscore,0.001710013410275,Exercise_Avg_HR,0.0017100134102750074
p01_daily_merged,stress,Sleep_Composition__deviation,0.0014038627732678,Sleep_Composition,0.001403862773267806
p01_daily_merged,stress,Exercise_Avg_HR__raw,0.0012537452480834,Exercise_Avg_HR,0.0012537452480834055
p01_daily_merged,stress,Sleep_Duration_Score__raw,0.0012408372410131,Sleep_Duration_Score,0.0012408372410131054
p01_daily_merged,stress,Sleep_Revitalization__raw,0.0012103951147353,Sleep_Revitalization,0.0012103951147353052
p01_daily_merged,stress,Exercise_Count__change,0.0009276489294086,Exercise_Count,0.000927648929408604
p01_daily_merged,stress,Sleep_Duration_Score__deviation,0.0009069555324532,Sleep_Duration_Score,0.0009069555324532039
p01_daily_merged,stress,Sleep_Composition__raw,0.0008439228193773,Sleep_Composition,0.0008439228193773037
p01_daily_merged,stress,Exercise_Distance__raw,0.0007406606657355,Exercise_Distance,0.0007406606657355033
p01_daily_merged,stress,Sleep_Score__deviation,0.0006934555344838,Sleep_Score,0.0006934555344838031
p01_daily_merged,stress,Exercise_Avg_HR__deviation,0.0005412395268718,Exercise_Avg_HR,0.0005412395268718024
p01_daily_merged,stress,Exercise_Count__raw,0.000512940661031,Exercise_Count,0.0005129406610310022
p01_daily_merged,stress,Exercise_Distance__zscore,0.0004774051163733,Exercise_Distance,0.0004774051163733021
p01_daily_merged,stress,Sleep_Revitalization__deviation,0.0004631116369475,Sleep_Revitalization,0.000463111636947502
p01_daily_merged,stress,Exercise_Count__abs_zscore,0.0003556984853055,Exercise_Count,0.0003556984853055015
p01_daily_merged,stress,Exercise_Duration__zscore,0.0003315569926862,Exercise_Duration,0.0003315569926862014
p01_daily_merged,stress,Exercise_Avg_HR__rolling_7,0.0003009701226232,Exercise_Avg_HR,0.0003009701226232013
p01_daily_merged,stress,Sleep_Revitalization__rolling_3,0.0002690721360231,Sleep_Revitalization,0.0002690721360231011
p01_daily_merged,stress,Exercise_Calories__deviation,0.0001635011533941,Exercise_Calories,0.0001635011533941007
p01_daily_merged,stress,Exercise_Count__zscore,0.0001017998078648,Exercise_Count,0.00010179980786480045
p01_daily_merged,stress,Exercise_Count__deviation,9.731108863406484e-05,Exercise_Count,9.731108863406526e-05
p01_daily_merged,stress,Exercise_Distance__abs_zscore,0.0,Exercise_Distance,0.0
p01_daily_merged,stress,Sleep_Duration_Score__abs_zscore,0.0,Sleep_Duration_Score,0.0
p02_daily_merged,fatigue,Sleep_Duration_Score__rolling_7,0.1230188172202843,Sleep_Duration_Score,0.12301881722028482
p02_daily_merged,fatigue,Deep_Sleep_Minutes__abs_zscore,0.0760280852949829,Deep_Sleep_Minutes,0.07602808529498323
p02_daily_merged,fatigue,Deep_Sleep_Minutes__raw,0.0553030186572518,Deep_Sleep_Minutes,0.05530301865725204
p02_daily_merged,fatigue,Sleep_Restlessness__rolling_7,0.0482229889193385,Sleep_Restlessness,0.04822298891933871
p02_daily_merged,fatigue,Sleep_Duration_Score__rolling_3,0.0467762786514145,Sleep_Duration_Score,0.046776278651414704
p02_daily_merged,fatigue,Sleep_Restlessness__rolling_3,0.0347508511072732,Sleep_Restlessness,0.03475085110727335
p02_daily_merged,fatigue,Steps__abs_zscore,0.0337739900285886,Steps,0.033773990028588746
p02_daily_merged,fatigue,Exercise_Avg_HR__abs_zscore,0.0307586619206922,Exercise_Avg_HR,0.03075866192069233
p02_daily_merged,fatigue,Deep_Sleep_Minutes__zscore,0.0301015802918408,Deep_Sleep_Minutes,0.030101580291840933
p02_daily_merged,fatigue,Deep_Sleep_Minutes__deviation,0.0278203048510089,Deep_Sleep_Minutes,0.02782030485100902
p02_daily_merged,fatigue,Sleep_Hours__rolling_7,0.0262013199525085,Sleep_Hours,0.026201319952508614
p02_daily_merged,fatigue,Sleep_Hours__rolling_3,0.0258451832096061,Sleep_Hours,0.02584518320960621
p02_daily_merged,fatigue,Deep_Sleep_Minutes__change,0.02070361700583,Deep_Sleep_Minutes,0.02070361700583009
p02_daily_merged,fatigue,Exercise_Distance__rolling_7,0.0174118102787166,Exercise_Distance,0.017411810278716678
p02_daily_merged,fatigue,Steps__change,0.0170639291628641,Steps,0.017063929162864172
p02_daily_merged,fatigue,Exercise_Avg_HR__zscore,0.0158432635174155,Exercise_Avg_HR,0.01584326351741557
p02_daily_merged,fatigue,Exercise_Calories__abs_zscore,0.0156932690479439,Exercise_Calories,0.01569326904794397
p02_daily_merged,fatigue,Exercise_Calories__change,0.0146003581742325,Exercise_Calories,0.014600358174232563
p02_daily_merged,fatigue,Exercise_Duration__change,0.0140785525647921,Exercise_Duration,0.01407855256479216
p02_daily_merged,fatigue,Sleep_Hours__abs_zscore,0.0136675415617695,Sleep_Hours,0.01366754156176956
p02_daily_merged,fatigue,Steps__zscore,0.0136042943217722,Steps,0.01360429432177226
p02_daily_merged,fatigue,Deep_Sleep_Minutes__rolling_3,0.0128988568418103,Deep_Sleep_Minutes,0.012898856841810356
p02_daily_merged,fatigue,Steps__deviation,0.012874626659501,Steps,0.012874626659501056
p02_daily_merged,fatigue,Exercise_Duration__zscore,0.0120101962219423,Exercise_Duration,0.012010196221942352
p02_daily_merged,fatigue,Sleep_Score__rolling_3,0.0109838401516288,Sleep_Score,0.010983840151628847
p02_daily_merged,fatigue,Exercise_Distance__change,0.0108141773587269,Exercise_Distance,0.010814177358726947
p02_daily_merged,fatigue,Exercise_Calories__zscore,0.010287288643543,Exercise_Calories,0.010287288643543046
p02_daily_merged,fatigue,Exercise_Count__deviation,0.0097760487091037,Exercise_Count,0.009776048709103742
p02_daily_merged,fatigue,Exercise_Calories__deviation,0.0096154923935899,Exercise_Calories,0.009615492393589942
p02_daily_merged,fatigue,Sleep_Revitalization__change,0.0095598687262622,Sleep_Revitalization,0.009559868726262242
p02_daily_merged,fatigue,Exercise_Count__raw,0.0095449858276252,Exercise_Count,0.009544985827625242
p02_daily_merged,fatigue,Exercise_Calories__raw,0.0089466802160137,Exercise_Calories,0.008946680216013738
p02_daily_merged,fatigue,Exercise_Avg_HR__raw,0.0088212718426593,Exercise_Avg_HR,0.008821271842659338
p02_daily_merged,fatigue,Sleep_Hours__zscore,0.0086084770106384,Sleep_Hours,0.008608477010638436
p02_daily_merged,fatigue,Exercise_Count__change,0.008458408490289,Exercise_Count,0.008458408490289036
p02_daily_merged,fatigue,Sleep_Hours__raw,0.0081423212247316,Sleep_Hours,0.008142321224731635
p02_daily_merged,fatigue,Sleep_Composition__zscore,0.0076306049434883,Sleep_Composition,0.007630604943488333
p02_daily_merged,fatigue,Sleep_Revitalization__zscore,0.0071927814379833,Sleep_Revitalization,0.0071927814379833315
p02_daily_merged,fatigue,Steps__rolling_7,0.0071912766382336,Steps,0.007191276638233631
p02_daily_merged,fatigue,Sleep_Restlessness__abs_zscore,0.0069857549857549,Sleep_Restlessness,0.00698575498575493
p02_daily_merged,fatigue,Sleep_Duration_Score__raw,0.0067112372127397,Sleep_Duration_Score,0.00671123721273973
p02_daily_merged,fatigue,Steps__raw,0.00604369853931,Steps,0.0060436985393100265
p02_daily_merged,fatigue,Exercise_Calories__rolling_3,0.0056438201832646,Exercise_Calories,0.005643820183264624
p02_daily_merged,fatigue,Sleep_Restlessness__zscore,0.0056314419029714,Sleep_Restlessness,0.005631441902971424
p02_daily_merged,fatigue,Sleep_Score__change,0.0053389216143125,Sleep_Score,0.0053389216143125235
p02_daily_merged,fatigue,Sleep_Score__rolling_7,0.0052412609933059,Sleep_Score,0.005241260993305923
p02_daily_merged,fatigue,Steps__rolling_3,0.0051211977186311,Steps,0.005121197718631123
p02_daily_merged,fatigue,Sleep_Restlessness__raw,0.0050490943858367,Sleep_Restlessness,0.005049094385836722
p02_daily_merged,fatigue,Deep_Sleep_Minutes__rolling_7,0.0049849296044591,Deep_Sleep_Minutes,0.004984929604459122
p02_daily_merged,fatigue,Sleep_Revitalization__raw,0.0049755213055303,Sleep_Revitalization,0.004975521305530322
p02_daily_merged,fatigue,Exercise_Distance__rolling_3,0.0046946181278793,Exercise_Distance,0.00469461812787932
p02_daily_merged,fatigue,Exercise_Count__zscore,0.0044758056614883,Exercise_Count,0.004475805661488319
p02_daily_merged,fatigue,Sleep_Score__raw,0.0042713056579387,Sleep_Score,0.004271305657938718
p02_daily_merged,fatigue,Sleep_Duration_Score__change,0.0039436619718309,Sleep_Duration_Score,0.003943661971830917
p02_daily_merged,fatigue,Exercise_Count__rolling_7,0.0039412743874243,Exercise_Count,0.003941274387424317
p02_daily_merged,fatigue,Sleep_Revitalization__rolling_7,0.0034724409448818,Sleep_Revitalization,0.003472440944881815
p02_daily_merged,fatigue,Exercise_Duration__raw,0.0032406786281399,Exercise_Duration,0.003240678628139914
p02_daily_merged,fatigue,Exercise_Duration__abs_zscore,0.0030484593585263,Exercise_Duration,0.003048459358526313
p02_daily_merged,fatigue,Sleep_Composition__rolling_7,0.0027932670769948,Sleep_Composition,0.0027932670769948123
p02_daily_merged,fatigue,Sleep_Duration_Score__deviation,0.0027373360307638,Sleep_Duration_Score,0.0027373360307638116
p02_daily_merged,fatigue,Exercise_Duration__rolling_3,0.0024690792487402,Exercise_Duration,0.002469079248740211
p02_daily_merged,fatigue,Sleep_Hours__deviation,0.0024629884154722,Sleep_Hours,0.002462988415472211
p02_daily_merged,fatigue,Sleep_Duration_Score__zscore,0.0023260643821391,Sleep_Duration_Score,0.00232606438213911
p02_daily_merged,fatigue,Exercise_Avg_HR__deviation,0.0023115540818624,Exercise_Avg_HR,0.00231155408186241
p02_daily_merged,fatigue,Exercise_Duration__deviation,0.0019419551214567,Exercise_Duration,0.0019419551214567084
p02_daily_merged,fatigue,Sleep_Duration_Score__abs_zscore,0.0018865676020057,Sleep_Duration_Score,0.0018865676020057083
p02_daily_merged,fatigue,Sleep_Composition__deviation,0.0018549364021804,Sleep_Composition,0.001854936402180408
p02_daily_merged,fatigue,Sleep_Hours__change,0.0017717973558559,Sleep_Hours,0.0017717973558559075
p02_daily_merged,fatigue,Exercise_Avg_HR__rolling_7,0.0015200426542581,Exercise_Avg_HR,0.0015200426542581066
p02_daily_merged,fatigue,Sleep_Restlessness__change,0.0013606911447084,Sleep_Restlessness,0.0013606911447084059
p02_daily_merged,fatigue,Sleep_Restlessness__deviation,0.0012141950576303,Sleep_Restlessness,0.0012141950576303052
p02_daily_merged,fatigue,Exercise_Distance__abs_zscore,0.001115849728951,Exercise_Distance,0.0011158497289510047
p02_daily_merged,fatigue,Exercise_Distance__raw,0.0010769474673195,Exercise_Distance,0.0010769474673195047
p02_daily_merged,fatigue,Exercise_Distance__deviation,0.0008723554009853,Exercise_Distance,0.0008723554009853038
p02_daily_merged,fatigue,Sleep_Score__deviation,0.0008243606998654,Sleep_Score,0.0008243606998654036
p02_daily_merged,fatigue,Exercise_Avg_HR__rolling_3,0.0007106157288472,Exercise_Avg_HR,0.000710615728847203
p02_daily_merged,fatigue,Sleep_Score__zscore,0.0005803067899842,Sleep_Score,0.0005803067899842025
p02_daily_merged,fatigue,Sleep_Revitalization__abs_zscore,0.0005134250163719,Sleep_Revitalization,0.0005134250163719023
p02_daily_merged,fatigue,Exercise_Count__abs_zscore,0.0002156223314803,Exercise_Count,0.00021562233148030092
p02_daily_merged,fatigue,Exercise_Count__rolling_3,0.0,Exercise_Count,0.0
p02_daily_merged,fatigue,Exercise_Duration__rolling_7,0.0,Exercise_Duration,0.0
p02_daily_merged,fatigue,Exercise_Distance__zscore,0.0,Exercise_Distance,0.0
p02_daily_merged,fatigue,Exercise_Calories__rolling_7,0.0,Exercise_Calories,0.0
p02_daily_merged,fatigue,Exercise_Avg_HR__change,0.0,Exercise_Avg_HR,0.0
p02_daily_merged,fatigue,Sleep_Composition__raw,0.0,Sleep_Composition,0.0
p02_daily_merged,fatigue,Sleep_Composition__change,0.0,Sleep_Composition,0.0
p02_daily_merged,fatigue,Sleep_Composition__rolling_3,0.0,Sleep_Composition,0.0
p02_daily_merged,fatigue,Sleep_Composition__abs_zscore,0.0,Sleep_Composition,0.0
p02_daily_merged,fatigue,Sleep_Revitalization__rolling_3,0.0,Sleep_Revitalization,0.0
p02_daily_merged,fatigue,Sleep_Revitalization__deviation,0.0,Sleep_Revitalization,0.0
p02_daily_merged,fatigue,Sleep_Score__abs_zscore,0.0,Sleep_Score,0.0
p02_daily_merged,mood,Exercise_Distance__abs_zscore,0.0549286950994981,Exercise_Distance,0.05492869509949829
p02_daily_merged,mood,Sleep_Composition__rolling_3,0.0544549314908121,Sleep_Composition,0.05445493149081229
p02_daily_merged,mood,Sleep_Composition__change,0.0490684473561413,Sleep_Composition,0.04906844735614147
p02_daily_merged,mood,Exercise_Distance__raw,0.0402588382799176,Exercise_Distance,0.04025883827991775
p02_daily_merged,mood,Steps__rolling_7,0.0349760440869477,Steps,0.03497604408694782
p02_daily_merged,mood,Deep_Sleep_Minutes__zscore,0.0344427432456319,Deep_Sleep_Minutes,0.034442743245632026
p02_daily_merged,mood,Exercise_Distance__zscore,0.0337647215726367,Exercise_Distance,0.03376472157263682
p02_daily_merged,mood,Exercise_Distance__deviation,0.033340346918109,Exercise_Distance,0.033340346918109116
p02_daily_merged,mood,Exercise_Calories__rolling_3,0.0298671337775032,Exercise_Calories,0.02986713377750331
p02_daily_merged,mood,Exercise_Calories__rolling_7,0.02837229215218,Exercise_Calories,0.028372292152180102
p02_daily_merged,mood,Exercise_Duration__rolling_7,0.0278833925549695,Exercise_Duration,0.0278833925549696
p02_daily_merged,mood,Deep_Sleep_Minutes__rolling_3,0.0257939607110352,Deep_Sleep_Minutes,0.02579396071103529
p02_daily_merged,mood,Exercise_Distance__change,0.0236162530510258,Exercise_Distance,0.02361625305102588
p02_daily_merged,mood,Sleep_Hours__abs_zscore,0.0228618309845656,Sleep_Hours,0.02286183098456568
p02_daily_merged,mood,Steps__change,0.0225226824238324,Steps,0.022522682423832478
p02_daily_merged,mood,Exercise_Duration__abs_zscore,0.0216386152339384,Exercise_Duration,0.021638615233938476
p02_daily_merged,mood,Exercise_Avg_HR__rolling_7,0.0213090449371975,Exercise_Avg_HR,0.021309044937197576
p02_daily_merged,mood,Deep_Sleep_Minutes__deviation,0.0210705169879882,Deep_Sleep_Minutes,0.021070516987988275
p02_daily_merged,mood,Steps__abs_zscore,0.0180214789568001,Steps,0.018021478956800164
p02_daily_merged,mood,Sleep_Restlessness__abs_zscore,0.0170523652436261,Sleep_Restlessness,0.017052365243626157
p02_daily_merged,mood,Sleep_Restlessness__deviation,0.0167544338124081,Sleep_Restlessness,0.01675443381240816
p02_daily_merged,mood,Steps__raw,0.0157219769195345,Steps,0.015721976919534555
p02_daily_merged,mood,Sleep_Hours__deviation,0.0153174534948115,Sleep_Hours,0.015317453494811555
p02_daily_merged,mood,Sleep_Hours__raw,0.0151795520063179,Sleep_Hours,0.015179552006317954
p02_daily_merged,mood,Exercise_Count__rolling_7,0.0144443756328957,Exercise_Count,0.014444375632895752
p02_daily_merged,mood,Sleep_Hours__zscore,0.0143153209259551,Sleep_Hours,0.01431532092595515
p02_daily_merged,mood,Exercise_Calories__zscore,0.0138784275510417,Exercise_Calories,0.01387842755104175
p02_daily_merged,mood,Steps__deviation,0.0135344723862524,Steps,0.013534472386252449
p02_daily_merged,mood,Sleep_Hours__rolling_7,0.0133113247564186,Sleep_Hours,0.013311324756418648
p02_daily_merged,mood,Sleep_Revitalization__rolling_7,0.0112726946019904,Sleep_Revitalization,0.01127269460199044
p02_daily_merged,mood,Exercise_Calories__raw,0.0112583402634473,Exercise_Calories,0.01125834026344734
p02_daily_merged,mood,Exercise_Distance__rolling_3,0.0105663175125065,Exercise_Distance,0.010566317512506538
p02_daily_merged,mood,Exercise_Duration__rolling_3,0.0100942272709706,Exercise_Duration,0.010094227270970636
p02_daily_merged,mood,Exercise_Avg_HR__abs_zscore,0.0098129271014192,Exercise_Avg_HR,0.009812927101419235
p02_daily_merged,mood,Sleep_Hours__change,0.0097836066996221,Sleep_Hours,0.009783606699622135
p02_daily_merged,mood,Sleep_Restlessness__rolling_7,0.009738922096165,Sleep_Restlessness,0.009738922096165035
p02_daily_merged,mood,Steps__zscore,0.0090796899156647,Steps,0.009079689915664733
p02_daily_merged,mood,Deep_Sleep_Minutes__raw,0.0090043672793047,Deep_Sleep_Minutes,0.009004367279304731
p02_daily_merged,mood,Sleep_Score__rolling_3,0.0087882013139288,Sleep_Score,0.008788201313928832
p02_daily_merged,mood,Exercise_Calories__change,0.008609329661959,Exercise_Calories,0.008609329661959032
p02_daily_merged,mood,Steps__rolling_3,0.0084816012341069,Steps,0.00848160123410693
p02_daily_merged,mood,Exercise_Avg_HR__raw,0.0084549907158122,Exercise_Avg_HR,0.00845499071581223
p02_daily_merged,mood,Sleep_Duration_Score__rolling_7,0.0082021003744802,Sleep_Duration_Score,0.00820210037448023
p02_daily_merged,mood,Exercise_Calories__abs_zscore,0.0075651323723555,Exercise_Calories,0.007565132372355527
p02_daily_merged,mood,Deep_Sleep_Minutes__abs_zscore,0.0075549150208956,Deep_Sleep_Minutes,0.007554915020895627
p02_daily_merged,mood,Sleep_Revitalization__rolling_3,0.0075443903055636,Sleep_Revitalization,0.007544390305563627
p02_daily_merged,mood,Exercise_Calories__deviation,0.0064360284553963,Exercise_Calories,0.006436028455396323
p02_daily_merged,mood,Sleep_Restlessness__zscore,0.0059713858719605,Sleep_Restlessness,0.005971385871960521
p02_daily_merged,mood,Sleep_Composition__abs_zscore,0.0057262776713066,Sleep_Composition,0.00572627767130662
p02_daily_merged,mood,Exercise_Duration__raw,0.0052966497765033,Exercise_Duration,0.005296649776503319
p02_daily_merged,mood,Sleep_Score__rolling_7,0.0046403673968348,Sleep_Score,0.004640367396834816
p02_daily_merged,mood,Exercise_Avg_HR__rolling_3,0.0044053429231954,Exercise_Avg_HR,0.0044053429231954155
p02_daily_merged,mood,Exercise_Distance__rolling_7,0.0042647523873826,Exercise_Distance,0.004264752387382615
p02_daily_merged,mood,Exercise_Duration__zscore,0.0041073384701468,Exercise_Duration,0.004107338470146815
p02_daily_merged,mood,Sleep_Revitalization__deviation,0.0040965851674444,Sleep_Revitalization,0.004096585167444415
p02_daily_merged,mood,Sleep_Restlessness__change,0.0040650260792054,Sleep_Restlessness,0.004065026079205415
p02_daily_merged,mood,Sleep_Score__zscore,0.0040215523876536,Sleep_Score,0.0040215523876536135
p02_daily_merged,mood,Exercise_Duration__deviation,0.0038856190493355,Exercise_Duration,0.003885619049335514
p02_daily_merged,mood,Sleep_Restlessness__rolling_3,0.0033555228441269,Sleep_Restlessness,0.0033555228441269117
p02_daily_merged,mood,Exercise_Count__rolling_3,0.0032456612163896,Exercise_Count,0.003245661216389612
p02_daily_merged,mood,Sleep_Revitalization__zscore,0.0032280082340465,Sleep_Revitalization,0.0032280082340465114
p02_daily_merged,mood,Exercise_Avg_HR__change,0.0031163505372842,Exercise_Avg_HR,0.0031163505372842114
p02_daily_merged,mood,Exercise_Avg_HR__deviation,0.0026542613885719,Exercise_Avg_HR,0.0026542613885719097
p02_daily_merged,mood,Sleep_Duration_Score__abs_zscore,0.002551149074639,Sleep_Duration_Score,0.002551149074639009
p02_daily_merged,mood,Sleep_Duration_Score__change,0.0023322921314889,Sleep_Duration_Score,0.0023322921314889084
p02_daily_merged,mood,Exercise_Count__deviation,0.0021831474756337,Exercise_Count,0.0021831474756337076
p02_daily_merged,mood,Sleep_Restlessness__raw,0.0021813295213664,Sleep_Restlessness,0.0021813295213664076
p02_daily_merged,mood,Sleep_Revitalization__abs_zscore,0.0019781462204246,Sleep_Revitalization,0.001978146220424607
p02_daily_merged,mood,Exercise_Count__zscore,0.0019045634630829,Exercise_Count,0.0019045634630829066
p02_daily_merged,mood,Deep_Sleep_Minutes__change,0.001492860337864,Deep_Sleep_Minutes,0.0014928603378640052
p02_daily_merged,mood,Sleep_Composition__rolling_7,0.0014694856800119,Sleep_Composition,0.0014694856800119053
p02_daily_merged,mood,Sleep_Duration_Score__deviation,0.0014468899521531,Sleep_Duration_Score,0.0014468899521531053
p02_daily_merged,mood,Exercise_Avg_HR__zscore,0.0012468193384223,Exercise_Avg_HR,0.0012468193384223044
p02_daily_merged,mood,Sleep_Composition__zscore,0.001144191476941,Sleep_Composition,0.0011441914769410042
p02_daily_merged,mood,Exercise_Count__raw,0.0009275264538575,Exercise_Count,0.0009275264538575033
p02_daily_merged,mood,Sleep_Composition__raw,0.0009008712952189,Sleep_Composition,0.0009008712952189033
p02_daily_merged,mood,Exercise_Duration__change,0.0008144113736319,Exercise_Duration,0.0008144113736319029
p02_daily_merged,mood,Sleep_Score__raw,0.0005757801730956,Sleep_Score,0.0005757801730956021
p02_daily_merged,mood,Sleep_Score__abs_zscore,0.000445165476963,Sleep_Score,0.00044516547696300156
p02_daily_merged,mood,Sleep_Hours__rolling_3,0.0003752144082332,Sleep_Hours,0.00037521440823320133
p02_daily_merged,mood,Exercise_Count__change,0.0,Exercise_Count,0.0
p02_daily_merged,mood,Exercise_Count__abs_zscore,0.0,Exercise_Count,0.0
p02_daily_merged,mood,Sleep_Duration_Score__raw,0.0,Sleep_Duration_Score,0.0
p02_daily_merged,mood,Sleep_Duration_Score__rolling_3,0.0,Sleep_Duration_Score,0.0
p02_daily_merged,mood,Sleep_Duration_Score__zscore,0.0,Sleep_Duration_Score,0.0
p02_daily_merged,mood,Deep_Sleep_Minutes__rolling_7,0.0,Deep_Sleep_Minutes,0.0
p02_daily_merged,mood,Sleep_Composition__deviation,0.0,Sleep_Composition,0.0
p02_daily_merged,mood,Sleep_Revitalization__raw,0.0,Sleep_Revitalization,0.0
p02_daily_merged,mood,Sleep_Revitalization__change,0.0,Sleep_Revitalization,0.0
p02_daily_merged,mood,Sleep_Score__change,0.0,Sleep_Score,0.0
p02_daily_merged,mood,Sleep_Score__deviation,0.0,Sleep_Score,0.0
p02_daily_merged,readiness,Steps__raw,0.0852728458577423,Steps,0.0852728458577427
p02_daily_merged,readiness,Steps__deviation,0.0690856286035419,Steps,0.06908562860354221
p02_daily_merged,readiness,Steps__zscore,0.0508170753917925,Steps,0.05081707539179273
p02_daily_merged,readiness,Steps__change,0.0427682191307264,Steps,0.0427682191307266
p02_daily_merged,readiness,Sleep_Score__abs_zscore,0.033742003143313,Sleep_Score,0.03374200314331316
p02_daily_merged,readiness,Steps__abs_zscore,0.0257808504361845,Steps,0.02578085043618462
p02_daily_merged,readiness,Sleep_Revitalization__rolling_3,0.0256771453852954,Sleep_Revitalization,0.025677145385295523
p02_daily_merged,readiness,Sleep_Composition__rolling_7,0.024747662353649,Sleep_Composition,0.024747662353649114
p02_daily_merged,readiness,Steps__rolling_3,0.0239739970573287,Steps,0.023973997057328812
p02_daily_merged,readiness,Sleep_Revitalization__abs_zscore,0.0204582721045645,Sleep_Revitalization,0.020458272104564593
p02_daily_merged,readiness,Exercise_Avg_HR__abs_zscore,0.0178576935617778,Exercise_Avg_HR,0.017857693561777882
p02_daily_merged,readiness,Sleep_Duration_Score__abs_zscore,0.0162524706524865,Sleep_Duration_Score,0.016252470652486577
p02_daily_merged,readiness,Exercise_Calories__change,0.0161640355747566,Exercise_Calories,0.016164035574756676
p02_daily_merged,readiness,Deep_Sleep_Minutes__change,0.016104800687877,Deep_Sleep_Minutes,0.016104800687877077
p02_daily_merged,readiness,Exercise_Calories__rolling_3,0.0159413641568673,Exercise_Calories,0.015941364156867373
p02_daily_merged,readiness,Exercise_Avg_HR__change,0.0157619099108708,Exercise_Avg_HR,0.015761909910870873
p02_daily_merged,readiness,Sleep_Restlessness__rolling_3,0.0154615198295239,Sleep_Restlessness,0.015461519829523972
p02_daily_merged,readiness,Sleep_Hours__rolling_3,0.0153793905233508,Sleep_Hours,0.015379390523350871
p02_daily_merged,readiness,Exercise_Duration__change,0.0152488821829982,Exercise_Duration,0.015248882182998271
p02_daily_merged,readiness,Sleep_Hours__abs_zscore,0.0147490615649582,Sleep_Hours,0.01474906156495827
p02_daily_merged,readiness,Sleep_Hours__rolling_7,0.0144565458758558,Sleep_Hours,0.014456545875855868
p02_daily_merged,readiness,Exercise_Distance__raw,0.0135250862889922,Exercise_Distance,0.013525086288992263
p02_daily_merged,readiness,Exercise_Duration__abs_zscore,0.0135103427429405,Exercise_Duration,0.013510342742940563
p02_daily_merged,readiness,Exercise_Calories__rolling_7,0.0130610983734232,Exercise_Calories,0.013061098373423261
p02_daily_merged,readiness,Sleep_Score__rolling_3,0.0129024788324729,Sleep_Score,0.01290247883247296
p02_daily_merged,readiness,Sleep_Restlessness__rolling_7,0.0124786686741802,Sleep_Restlessness,0.012478668674180259
p02_daily_merged,readiness,Sleep_Score__change,0.0121986584277422,Sleep_Score,0.012198658427742258
p02_daily_merged,readiness,Sleep_Restlessness__change,0.0117189502936111,Sleep_Restlessness,0.011718950293611155
p02_daily_merged,readiness,Sleep_Hours__change,0.011648950496855,Sleep_Hours,0.011648950496855054
p02_daily_merged,readiness,Sleep_Duration_Score__rolling_7,0.0114944741400289,Sleep_Duration_Score,0.011494474140028953
p02_daily_merged,readiness,Deep_Sleep_Minutes__rolling_7,0.011394280403322,Deep_Sleep_Minutes,0.011394280403322054
p02_daily_merged,readiness,Deep_Sleep_Minutes__rolling_3,0.0105543696835043,Deep_Sleep_Minutes,0.010554369683504348
p02_daily_merged,readiness,Steps__rolling_7,0.0104570779515189,Steps,0.010457077951518949
p02_daily_merged,readiness,Exercise_Count__change,0.010410602913771,Exercise_Count,0.010410602913771048
p02_daily_merged,readiness,Deep_Sleep_Minutes__abs_zscore,0.0103041388433589,Deep_Sleep_Minutes,0.010304138843358948
p02_daily_merged,readiness,Sleep_Restlessness__abs_zscore,0.0099872299970739,Sleep_Restlessness,0.009987229997073946
p02_daily_merged,readiness,Exercise_Distance__abs_zscore,0.0096746664888872,Exercise_Distance,0.009674666488887245
p02_daily_merged,readiness,Exercise_Duration__rolling_7,0.0091106559002746,Exercise_Duration,0.009110655900274642
p02_daily_merged,readiness,Sleep_Duration_Score__rolling_3,0.0089687679769949,Sleep_Duration_Score,0.008968767976994942
p02_daily_merged,readiness,Sleep_Duration_Score__change,0.0087322155498892,Sleep_Duration_Score,0.00873221554988924
p02_daily_merged,readiness,Sleep_Restlessness__deviation,0.0083423702031513,Sleep_Restlessness,0.008342370203151338
p02_daily_merged,readiness,Sleep_Hours__zscore,0.0076265554603818,Sleep_Hours,0.007626555460381835
p02_daily_merged,readiness,Sleep_Score__rolling_7,0.0076219565788607,Sleep_Score,0.007621956578860735
p02_daily_merged,readiness,Exercise_Distance__zscore,0.0075827462047001,Exercise_Distance,0.007582746204700136
p02_daily_merged,readiness,Sleep_Composition__change,0.0075346187657455,Sleep_Composition,0.007534618765745535
p02_daily_merged,readiness,Sleep_Composition__abs_zscore,0.0074140825696135,Sleep_Composition,0.007414082569613535
p02_daily_merged,readiness,Exercise_Calories__abs_zscore,0.0073336511762159,Exercise_Calories,0.007333651176215933
p02_daily_merged,readiness,Sleep_Duration_Score__deviation,0.0072141154523956,Sleep_Duration_Score,0.007214115452395634
p02_daily_merged,readiness,Exercise_Duration__raw,0.0071640629444351,Exercise_Duration,0.007164062944435134
p02_daily_merged,readiness,Exercise_Duration__rolling_3,0.0070158994596952,Exercise_Duration,0.007015899459695233
p02_daily_merged,readiness,Sleep_Restlessness__zscore,0.006912469778008,Sleep_Restlessness,0.006912469778008032
p02_daily_merged,readiness,Deep_Sleep_Minutes__zscore,0.0065900471420068,Deep_Sleep_Minutes,0.006590047142006831
p02_daily_merged,readiness,Exercise_Distance__rolling_3,0.0062819017476077,Exercise_Distance,0.0062819017476077295
p02_daily_merged,readiness,Sleep_Restlessness__raw,0.0059042664658548,Sleep_Restlessness,0.005904266465854828
p02_daily_merged,readiness,Exercise_Calories__zscore,0.0057968040615918,Exercise_Calories,0.005796804061591827
p02_daily_merged,readiness,Sleep_Hours__raw,0.0056213976242988,Sleep_Hours,0.005621397624298826
p02_daily_merged,readiness,Sleep_Revitalization__change,0.0054260182137691,Sleep_Revitalization,0.005426018213769125
p02_daily_merged,readiness,Exercise_Avg_HR__deviation,0.0051900439989241,Exercise_Avg_HR,0.005190043998924124
p02_daily_merged,readiness,Exercise_Avg_HR__rolling_3,0.0050484546112092,Exercise_Avg_HR,0.005048454611209224
p02_daily_merged,readiness,Sleep_Hours__deviation,0.0046544056466946,Sleep_Hours,0.004654405646694622
p02_daily_merged,readiness,Exercise_Avg_HR__rolling_7,0.0045449501863326,Exercise_Avg_HR,0.004544950186332621
p02_daily_merged,readiness,Exercise_Distance__rolling_7,0.0042969600647076,Exercise_Distance,0.00429696006470762
p02_daily_merged,readiness,Sleep_Composition__rolling_3,0.0039977590376959,Sleep_Composition,0.0039977590376959185
p02_daily_merged,readiness,Exercise_Count__abs_zscore,0.0039832676174929,Exercise_Count,0.003983267617492918
p02_daily_merged,readiness,Sleep_Revitalization__raw,0.0039000609760849,Sleep_Revitalization,0.003900060976084918
p02_daily_merged,readiness,Sleep_Score__deviation,0.0036435095988886,Sleep_Score,0.0036435095988886167
p02_daily_merged,readiness,Sleep_Duration_Score__zscore,0.0035960804611027,Sleep_Duration_Score,0.003596080461102717
p02_daily_merged,readiness,Exercise_Avg_HR__raw,0.0035695440718914,Exercise_Avg_HR,0.0035695440718914164
p02_daily_merged,readiness,Sleep_Composition__raw,0.0034985847671159,Sleep_Composition,0.0034985847671159167
p02_daily_merged,readiness,Exercise_Distance__deviation,0.0034711622498774,Exercise_Distance,0.003471162249877416
p02_daily_merged,readiness,Exercise_Calories__deviation,0.0034361473732936,Exercise_Calories,0.003436147373293616
p02_daily_merged,readiness,Sleep_Composition__zscore,0.0032428195324988,Sleep_Composition,0.003242819532498815
p02_daily_merged,readiness,Deep_Sleep_Minutes__raw,0.003100777596016,Deep_Sleep_Minutes,0.003100777596016014
p02_daily_merged,readiness,Exercise_Distance__change,0.002813809446745,Exercise_Distance,0.002813809446745013
p02_daily_merged,readiness,Sleep_Revitalization__rolling_7,0.0027597415545381,Sleep_Revitalization,0.002759741554538113
p02_daily_merged,readiness,Sleep_Revitalization__zscore,0.0026016195669554,Sleep_Revitalization,0.002601619566955412
p02_daily_merged,readiness,Deep_Sleep_Minutes__deviation,0.002463041307114,Deep_Sleep_Minutes,0.0024630413071140113
p02_daily_merged,readiness,Sleep_Revitalization__deviation,0.0023389233761669,Sleep_Revitalization,0.0023389233761669107
p02_daily_merged,readiness,Exercise_Duration__zscore,0.0022086998476414,Exercise_Duration,0.0022086998476414104
p02_daily_merged,readiness,Exercise_Count__rolling_7,0.0020843033655056,Exercise_Count,0.0020843033655056097
p02_daily_merged,readiness,Exercise_Avg_HR__zscore,0.0019758585597343,Exercise_Avg_HR,0.0019758585597343093
p02_daily_merged,readiness,Sleep_Duration_Score__raw,0.0019726003082005,Sleep_Duration_Score,0.001972600308200509
p02_daily_merged,readiness,Sleep_Score__raw,0.0018452313319246,Sleep_Score,0.0018452313319246086
p02_daily_merged,readiness,Sleep_Score__zscore,0.0016941087336907,Sleep_Score,0.0016941087336907077
p02_daily_merged,readiness,Exercise_Duration__deviation,0.0015842595598818,Exercise_Duration,0.0015842595598818073
p02_daily_merged,readiness,Exercise_Calories__raw,0.0015795019310334,Exercise_Calories,0.0015795019310334074
p02_daily_merged,readiness,Exercise_Count__rolling_3,0.0015348057226962,Exercise_Count,0.0015348057226962071
p02_daily_merged,readiness,Exercise_Count__deviation,0.0009138848553524,Exercise_Count,0.0009138848553524043
p02_daily_merged,readiness,Exercise_Count__raw,0.0006101214500234,Exercise_Count,0.0006101214500234028
p02_daily_merged,readiness,Sleep_Composition__deviation,0.0005204440441157,Sleep_Composition,0.0005204440441157024
p02_daily_merged,readiness,Exercise_Count__zscore,0.0001074654362158,Exercise_Count,0.0001074654362158005
p02_daily_merged,sleep_quality,Exercise_Calories__rolling_7,0.0751357521151553,Exercise_Calories,0.07513575211515558
p02_daily_merged,sleep_quality,Steps__rolling_7,0.061798003613206,Steps,0.061798003613206226
p02_daily_merged,sleep_quality,Exercise_Avg_HR__rolling_7,0.0561041818843017,Exercise_Avg_HR,0.056104181884301906
p02_daily_merged,sleep_quality,Steps__abs_zscore,0.0439974690611477,Steps,0.04399746906114786
p02_daily_merged,sleep_quality,Deep_Sleep_Minutes__deviation,0.0428416844853401,Deep_Sleep_Minutes,0.04284168448534026
p02_daily_merged,sleep_quality,Exercise_Duration__rolling_7,0.0365642168579096,Exercise_Duration,0.03656421685790973
p02_daily_merged,sleep_quality,Deep_Sleep_Minutes__raw,0.0348728249885121,Deep_Sleep_Minutes,0.03487282498851223
p02_daily_merged,sleep_quality,Exercise_Avg_HR__deviation,0.0283365312622626,Exercise_Avg_HR,0.028336531262262703
p02_daily_merged,sleep_quality,Exercise_Calories__abs_zscore,0.0268730420985309,Exercise_Calories,0.026873042098530996
p02_daily_merged,sleep_quality,Exercise_Distance__change,0.0256773993311918,Exercise_Distance,0.025677399331191893
p02_daily_merged,sleep_quality,Steps__deviation,0.0248626465212966,Steps,0.02486264652129669
p02_daily_merged,sleep_quality,Deep_Sleep_Minutes__abs_zscore,0.024099730404035,Deep_Sleep_Minutes,0.024099730404035086
p02_daily_merged,sleep_quality,Steps__zscore,0.023796269743126,Steps,0.023796269743126087
p02_daily_merged,sleep_quality,Exercise_Calories__change,0.0231591932807813,Exercise_Calories,0.023159193280781382
p02_daily_merged,sleep_quality,Exercise_Duration__abs_zscore,0.022542120208101,Exercise_Duration,0.022542120208101084
p02_daily_merged,sleep_quality,Exercise_Avg_HR__zscore,0.0222783264582576,Exercise_Avg_HR,0.022278326458257683
p02_daily_merged,sleep_quality,Steps__raw,0.0199725759060891,Steps,0.019972575906089172
p02_daily_merged,sleep_quality,Deep_Sleep_Minutes__zscore,0.0193060054752336,Deep_Sleep_Minutes,0.01930600547523367
p02_daily_merged,sleep_quality,Sleep_Hours__abs_zscore,0.0187904865756645,Sleep_Hours,0.01879048657566457
p02_daily_merged,sleep_quality,Sleep_Score__abs_zscore,0.0185628612861724,Sleep_Score,0.01856286128617247
p02_daily_merged,sleep_quality,Exercise_Distance__deviation,0.0183914405246089,Exercise_Distance,0.018391440524608966
p02_daily_merged,sleep_quality,Exercise_Distance__zscore,0.0178573700848991,Exercise_Distance,0.017857370084899165
p02_daily_merged,sleep_quality,Steps__change,0.0162467639808076,Steps,0.016246763980807658
p02_daily_merged,sleep_quality,Exercise_Calories__rolling_3,0.0158710896564473,Exercise_Calories,0.01587108965644736
p02_daily_merged,sleep_quality,Sleep_Hours__rolling_3,0.0143938641909331,Sleep_Hours,0.014393864190933152
p02_daily_merged,sleep_quality,Deep_Sleep_Minutes__rolling_3,0.0142120508294372,Deep_Sleep_Minutes,0.014212050829437252
p02_daily_merged,sleep_quality,Sleep_Restlessness__abs_zscore,0.0131720351602569,Sleep_Restlessness,0.013172035160256949
p02_daily_merged,sleep_quality,Exercise_Avg_HR__raw,0.0129871913182166,Exercise_Avg_HR,0.012987191318216646
p02_daily_merged,sleep_quality,Sleep_Revitalization__change,0.0121114340671148,Sleep_Revitalization,0.012111434067114846
p02_daily_merged,sleep_quality,Exercise_Calories__zscore,0.0113371843885873,Exercise_Calories,0.011337184388587341
p02_daily_merged,sleep_quality,Sleep_Hours__change,0.0111264328946591,Sleep_Hours,0.01112643289465914
p02_daily_merged,sleep_quality,Sleep_Composition__abs_zscore,0.0105802904409991,Sleep_Composition,0.010580290440999137
p02_daily_merged,sleep_quality,Exercise_Calories__deviation,0.0103516277583561,Exercise_Calories,0.010351627758356139
p02_daily_merged,sleep_quality,Exercise_Avg_HR__change,0.0096528407303728,Exercise_Avg_HR,0.009652840730372834
p02_daily_merged,sleep_quality,Exercise_Duration__change,0.009645265699766,Exercise_Duration,0.009645265699766035
p02_daily_merged,sleep_quality,Sleep_Hours__raw,0.0088898745870564,Sleep_Hours,0.008889874587056434
p02_daily_merged,sleep_quality,Exercise_Calories__raw,0.0088632293745628,Exercise_Calories,0.008863229374562832
p02_daily_merged,sleep_quality,Sleep_Restlessness__change,0.0081837820826823,Sleep_Restlessness,0.00818378208268233
p02_daily_merged,sleep_quality,Exercise_Duration__rolling_3,0.0078775692634363,Exercise_Duration,0.00787756926343633
p02_daily_merged,sleep_quality,Exercise_Duration__zscore,0.007358425294778,Exercise_Duration,0.007358425294778027
p02_daily_merged,sleep_quality,Exercise_Distance__abs_zscore,0.0073044084178487,Exercise_Distance,0.007304408417848727
p02_daily_merged,sleep_quality,Sleep_Hours__deviation,0.0071386491464058,Sleep_Hours,0.007138649146405826
p02_daily_merged,sleep_quality,Sleep_Duration_Score__change,0.006723298800904,Sleep_Duration_Score,0.0067232988009040245
p02_daily_merged,sleep_quality,Exercise_Count__deviation,0.0066013910015558,Exercise_Count,0.006601391001555824
p02_daily_merged,sleep_quality,Exercise_Duration__deviation,0.0063607844874999,Exercise_Duration,0.006360784487499924
p02_daily_merged,sleep_quality,Steps__rolling_3,0.0061075546030848,Steps,0.006107554603084823
p02_daily_merged,sleep_quality,Sleep_Score__deviation,0.0058708625195247,Sleep_Score,0.005870862519524722
p02_daily_merged,sleep_quality,Sleep_Duration_Score__raw,0.0052203050151694,Sleep_Duration_Score,0.005220305015169419
p02_daily_merged,sleep_quality,Exercise_Distance__rolling_7,0.0048008861403428,Exercise_Distance,0.004800886140342817
p02_daily_merged,sleep_quality,Sleep_Composition__rolling_7,0.00475349188917,Sleep_Composition,0.0047534918891700174
p02_daily_merged,sleep_quality,Sleep_Composition__change,0.0046388868966506,Sleep_Composition,0.0046388868966506175
p02_daily_merged,sleep_quality,Sleep_Composition__rolling_3,0.0046314074176698,Sleep_Composition,0.004631407417669818
p02_daily_merged,sleep_quality,Exercise_Count__zscore,0.0043950633609603,Exercise_Count,0.004395063360960317
p02_daily_merged,sleep_quality,Sleep_Revitalization__rolling_3,0.0041389637176789,Sleep_Revitalization,0.004138963717678914
p02_daily_merged,sleep_quality,Sleep_Hours__zscore,0.0039813925570228,Sleep_Hours,0.003981392557022814
p02_daily_merged,sleep_quality,Sleep_Duration_Score__deviation,0.0038478151682571,Sleep_Duration_Score,0.0038478151682571145
p02_daily_merged,sleep_quality,Deep_Sleep_Minutes__rolling_7,0.0027604823802118,Deep_Sleep_Minutes,0.00276048238021181
p02_daily_merged,sleep_quality,Sleep_Composition__deviation,0.0026661965178796,Sleep_Composition,0.00266619651787961
p02_daily_merged,sleep_quality,Sleep_Restlessness__deviation,0.0021118671063781,Sleep_Restlessness,0.0021118671063781076
p02_daily_merged,sleep_quality,Exercise_Count__change,0.002094017094017,Exercise_Count,0.002094017094017008
p02_daily_merged,sleep_quality,Exercise_Avg_HR__abs_zscore,0.0018451775366609,Exercise_Avg_HR,0.0018451775366609066
p02_daily_merged,sleep_quality,Sleep_Score__zscore,0.0017970316887284,Sleep_Score,0.0017970316887284065
p02_daily_merged,sleep_quality,Sleep_Restlessness__rolling_3,0.0017777777777777,Sleep_Restlessness,0.0017777777777777065
p02_daily_merged,sleep_quality,Sleep_Revitalization__rolling_7,0.0016267914625984,Sleep_Revitalization,0.0016267914625984058
p02_daily_merged,sleep_quality,Sleep_Revitalization__raw,0.0015662983425414,Sleep_Revitalization,0.0015662983425414057
p02_daily_merged,sleep_quality,Sleep_Restlessness__rolling_7,0.0012892123356519,Sleep_Restlessness,0.0012892123356519048
p02_daily_merged,sleep_quality,Exercise_Count__rolling_7,0.0011150808268229,Exercise_Count,0.001115080826822904
p02_daily_merged,sleep_quality,Exercise_Count__rolling_3,0.0009820078796847,Exercise_Count,0.0009820078796847038
p02_daily_merged,sleep_quality,Exercise_Distance__raw,0.0008718266844817,Exercise_Distance,0.0008718266844817031
p02_daily_merged,sleep_quality,Exercise_Count__raw,0.0005477227510648,Exercise_Count,0.0005477227510648021
p02_daily_merged,sleep_quality,Sleep_Duration_Score__abs_zscore,0.0004283298686327,Sleep_Duration_Score,0.00042832986863270155
p02_daily_merged,sleep_quality,Sleep_Composition__zscore,0.0003818247935029,Sleep_Composition,0.0003818247935029014
p02_daily_merged,sleep_quality,Sleep_Duration_Score__rolling_3,0.000351611552951,Sleep_Duration_Score,0.0003516115529510013
p02_daily_merged,sleep_quality,Exercise_Count__abs_zscore,0.0003299788563968,Exercise_Count,0.0003299788563968012
p02_daily_merged,sleep_quality,Deep_Sleep_Minutes__change,0.0002605195199756,Deep_Sleep_Minutes,0.00026051951997560095
p02_daily_merged,sleep_quality,Exercise_Duration__raw,0.0,Exercise_Duration,0.0
p02_daily_merged,sleep_quality,Exercise_Distance__rolling_3,0.0,Exercise_Distance,0.0
p02_daily_merged,sleep_quality,Exercise_Avg_HR__rolling_3,0.0,Exercise_Avg_HR,0.0
p02_daily_merged,sleep_quality,Sleep_Hours__rolling_7,0.0,Sleep_Hours,0.0
p02_daily_merged,sleep_quality,Sleep_Duration_Score__rolling_7,0.0,Sleep_Duration_Score,0.0
p02_daily_merged,sleep_quality,Sleep_Duration_Score__zscore,0.0,Sleep_Duration_Score,0.0
p02_daily_merged,sleep_quality,Sleep_Restlessness__raw,0.0,Sleep_Restlessness,0.0
p02_daily_merged,sleep_quality,Sleep_Restlessness__zscore,0.0,Sleep_Restlessness,0.0
p02_daily_merged,sleep_quality,Sleep_Composition__raw,0.0,Sleep_Composition,0.0
p02_daily_merged,sleep_quality,Sleep_Revitalization__zscore,0.0,Sleep_Revitalization,0.0
p02_daily_merged,sleep_quality,Sleep_Revitalization__abs_zscore,0.0,Sleep_Revitalization,0.0
p02_daily_merged,sleep_quality,Sleep_Revitalization__deviation,0.0,Sleep_Revitalization,0.0
p02_daily_merged,sleep_quality,Sleep_Score__raw,0.0,Sleep_Score,0.0
p02_daily_merged,sleep_quality,Sleep_Score__change,0.0,Sleep_Score,0.0
p02_daily_merged,sleep_quality,Sleep_Score__rolling_3,0.0,Sleep_Score,0.0
p02_daily_merged,sleep_quality,Sleep_Score__rolling_7,0.0,Sleep_Score,0.0
p02_daily_merged,stress,Sleep_Score__abs_zscore,0.0585698311240556,Sleep_Score,0.05856983112405583
p02_daily_merged,stress,Exercise_Calories__rolling_7,0.0562968531692135,Exercise_Calories,0.05629685316921372
p02_daily_merged,stress,Sleep_Hours__change,0.0522940406603571,Sleep_Hours,0.052294040660357304
p02_daily_merged,stress,Sleep_Hours__rolling_7,0.0499226563181551,Sleep_Hours,0.049922656318155297
p02_daily_merged,stress,Steps__rolling_7,0.0376644005958005,Steps,0.037664400595800646
p02_daily_merged,stress,Steps__raw,0.0340279809525488,Steps,0.034027980952548935
p02_daily_merged,stress,Steps__abs_zscore,0.0315590294262163,Steps,0.031559029426216426
p02_daily_merged,stress,Exercise_Avg_HR__rolling_7,0.029397174819324,Exercise_Avg_HR,0.029397174819324114
p02_daily_merged,stress,Exercise_Calories__zscore,0.02921045781831,Exercise_Calories,0.029210457818310113
p02_daily_merged,stress,Exercise_Duration__abs_zscore,0.0276589976648015,Exercise_Duration,0.027658997664801607
p02_daily_merged,stress,Exercise_Duration__rolling_3,0.0275229052062241,Exercise_Duration,0.027522905206224208
p02_daily_merged,stress,Steps__change,0.0262949788986463,Steps,0.0262949788986464
p02_daily_merged,stress,Steps__zscore,0.0260151061223593,Steps,0.0260151061223594
p02_daily_merged,stress,Deep_Sleep_Minutes__rolling_3,0.0251015676220185,Deep_Sleep_Minutes,0.025101567622018598
p02_daily_merged,stress,Sleep_Restlessness__abs_zscore,0.0248961952198751,Sleep_Restlessness,0.024896195219875197
p02_daily_merged,stress,Exercise_Calories__rolling_3,0.0247747017846641,Exercise_Calories,0.024774701784664198
p02_daily_merged,stress,Sleep_Restlessness__deviation,0.0229405275637517,Sleep_Restlessness,0.02294052756375179
p02_daily_merged,stress,Exercise_Count__rolling_7,0.0227466652184058,Exercise_Count,0.022746665218405886
p02_daily_merged,stress,Exercise_Duration__rolling_7,0.0223015161375463,Exercise_Duration,0.022301516137546388
p02_daily_merged,stress,Sleep_Restlessness__zscore,0.0211327975517517,Sleep_Restlessness,0.021132797551751785
p02_daily_merged,stress,Sleep_Hours__rolling_3,0.0188054835768614,Sleep_Hours,0.018805483576861473
p02_daily_merged,stress,Deep_Sleep_Minutes__abs_zscore,0.0172266944250321,Deep_Sleep_Minutes,0.017226694425032166
p02_daily_merged,stress,Exercise_Count__change,0.0158623243131323,Exercise_Count,0.01586232431313236
p02_daily_merged,stress,Exercise_Calories__abs_zscore,0.0156351730720093,Exercise_Calories,0.015635173072009362
p02_daily_merged,stress,Exercise_Calories__raw,0.0148089306633175,Exercise_Calories,0.014808930663317557
p02_daily_merged,stress,Exercise_Duration__zscore,0.0144956555352785,Exercise_Duration,0.014495655535278556
p02_daily_merged,stress,Deep_Sleep_Minutes__raw,0.013640795291604,Deep_Sleep_Minutes,0.013640795291604054
p02_daily_merged,stress,Exercise_Distance__rolling_3,0.012462604878459,Exercise_Distance,0.012462604878459049
p02_daily_merged,stress,Sleep_Revitalization__rolling_7,0.0122369197180319,Sleep_Revitalization,0.012236919718031947
p02_daily_merged,stress,Sleep_Restlessness__change,0.0114392630512451,Sleep_Restlessness,0.011439263051245145
p02_daily_merged,stress,Exercise_Avg_HR__deviation,0.0110719065514846,Exercise_Avg_HR,0.011071906551484644
p02_daily_merged,stress,Exercise_Distance__rolling_7,0.0110297471277865,Exercise_Distance,0.011029747127786543
p02_daily_merged,stress,Exercise_Duration__deviation,0.010721968716006,Exercise_Duration,0.010721968716006041
p02_daily_merged,stress,Steps__deviation,0.010087474830972,Steps,0.01008747483097204
p02_daily_merged,stress,Exercise_Count__raw,0.0088864528639016,Exercise_Count,0.008886452863901636
p02_daily_merged,stress,Exercise_Distance__abs_zscore,0.0083518645224816,Exercise_Distance,0.008351864522481633
p02_daily_merged,stress,Sleep_Restlessness__raw,0.0076807442267429,Sleep_Restlessness,0.00768074422674293
p02_daily_merged,stress,Exercise_Calories__deviation,0.007624813688184,Exercise_Calories,0.007624813688184029
p02_daily_merged,stress,Deep_Sleep_Minutes__zscore,0.0074920901919416,Deep_Sleep_Minutes,0.007492090191941629
p02_daily_merged,stress,Sleep_Hours__abs_zscore,0.0074388654173338,Sleep_Hours,0.007438865417333828
p02_daily_merged,stress,Exercise_Calories__change,0.0073863832519367,Exercise_Calories,0.007386383251936728
p02_daily_merged,stress,Exercise_Avg_HR__raw,0.0066075742943758,Exercise_Avg_HR,0.006607574294375826
p02_daily_merged,stress,Sleep_Score__rolling_3,0.0062751608217472,Sleep_Score,0.006275160821747224
p02_daily_merged,stress,Exercise_Avg_HR__change,0.0060251689349378,Exercise_Avg_HR,0.006025168934937823
p02_daily_merged,stress,Sleep_Duration_Score__rolling_7,0.0058995815899581,Sleep_Duration_Score,0.005899581589958122
p02_daily_merged,stress,Sleep_Hours__zscore,0.0055547391623806,Sleep_Hours,0.0055547391623806215
p02_daily_merged,stress,Exercise_Avg_HR__zscore,0.0054874563353445,Exercise_Avg_HR,0.005487456335344522
p02_daily_merged,stress,Sleep_Revitalization__change,0.0049360161779594,Sleep_Revitalization,0.0049360161779594194
p02_daily_merged,stress,Sleep_Revitalization__abs_zscore,0.00479620952699,Sleep_Revitalization,0.0047962095269900185
p02_daily_merged,stress,Sleep_Score__raw,0.0043675049709411,Sleep_Score,0.004367504970941117
p02_daily_merged,stress,Sleep_Revitalization__zscore,0.0041695548289116,Sleep_Revitalization,0.004169554828911616
p02_daily_merged,stress,Sleep_Duration_Score__abs_zscore,0.0041501151742009,Sleep_Duration_Score,0.004150115174200916
p02_daily_merged,stress,Steps__rolling_3,0.0040850051985663,Steps,0.004085005198566315
p02_daily_merged,stress,Exercise_Avg_HR__abs_zscore,0.0039855299700809,Exercise_Avg_HR,0.003985529970080916
p02_daily_merged,stress,Sleep_Composition__rolling_7,0.0039506660143876,Sleep_Composition,0.0039506660143876155
p02_daily_merged,stress,Sleep_Composition__abs_zscore,0.0037995015231237,Sleep_Composition,0.0037995015231237148
p02_daily_merged,stress,Sleep_Revitalization__rolling_3,0.0037328448579496,Sleep_Revitalization,0.0037328448579496145
p02_daily_merged,stress,Sleep_Hours__raw,0.0031686912566254,Sleep_Hours,0.0031686912566254123
p02_daily_merged,stress,Sleep_Score__change,0.0031217292377701,Sleep_Score,0.003121729237770112
p02_daily_merged,stress,Sleep_Score__zscore,0.0029387437321452,Sleep_Score,0.0029387437321452114
p02_daily_merged,stress,Sleep_Duration_Score__rolling_3,0.0027777777777777,Sleep_Duration_Score,0.0027777777777777107
p02_daily_merged,stress,Exercise_Duration__raw,0.0025165170936778,Exercise_Duration,0.00251651709367781
p02_daily_merged,stress,Deep_Sleep_Minutes__deviation,0.002449234614183,Deep_Sleep_Minutes,0.0024492346141830094
p02_daily_merged,stress,Sleep_Score__rolling_7,0.0018845474713632,Sleep_Score,0.0018845474713632075
p02_daily_merged,stress,Exercise_Count__zscore,0.0017755679033062,Exercise_Count,0.001775567903306207
p02_daily_merged,stress,Sleep_Restlessness__rolling_3,0.0017550741940985,Sleep_Restlessness,0.0017550741940985067
p02_daily_merged,stress,Exercise_Count__deviation,0.0014756066778798,Exercise_Count,0.0014756066778798056
p02_daily_merged,stress,Sleep_Hours__deviation,0.00141365839494,Sleep_Hours,0.0014136583949400053
p02_daily_merged,stress,Sleep_Composition__zscore,0.0010325105358217,Sleep_Composition,0.0010325105358217042
p02_daily_merged,stress,Deep_Sleep_Minutes__change,0.0006235683379994,Deep_Sleep_Minutes,0.0006235683379994024
p02_daily_merged,stress,Exercise_Distance__deviation,0.0003787878787878,Exercise_Distance,0.0003787878787878015
p02_daily_merged,stress,Exercise_Count__abs_zscore,0.0001508157239975,Exercise_Count,0.0001508157239975006
p02_daily_merged,stress,Exercise_Count__rolling_3,0.0,Exercise_Count,0.0
p02_daily_merged,stress,Exercise_Duration__change,0.0,Exercise_Duration,0.0
p02_daily_merged,stress,Exercise_Distance__raw,0.0,Exercise_Distance,0.0
p02_daily_merged,stress,Exercise_Distance__change,0.0,Exercise_Distance,0.0
p02_daily_merged,stress,Exercise_Distance__zscore,0.0,Exercise_Distance,0.0
p02_daily_merged,stress,Exercise_Avg_HR__rolling_3,0.0,Exercise_Avg_HR,0.0
p02_daily_merged,stress,Sleep_Duration_Score__raw,0.0,Sleep_Duration_Score,0.0
p02_daily_merged,stress,Sleep_Duration_Score__change,0.0,Sleep_Duration_Score,0.0
p02_daily_merged,stress,Sleep_Duration_Score__zscore,0.0,Sleep_Duration_Score,0.0
p02_daily_merged,stress,Sleep_Duration_Score__deviation,0.0,Sleep_Duration_Score,0.0
p02_daily_merged,stress,Deep_Sleep_Minutes__rolling_7,0.0,Deep_Sleep_Minutes,0.0
p02_daily_merged,stress,Sleep_Restlessness__rolling_7,0.0,Sleep_Restlessness,0.0
p02_daily_merged,stress,Sleep_Composition__raw,0.0,Sleep_Composition,0.0
p02_daily_merged,stress,Sleep_Composition__change,0.0,Sleep_Composition,0.0
p02_daily_merged,stress,Sleep_Composition__rolling_3,0.0,Sleep_Composition,0.0
p02_daily_merged,stress,Sleep_Composition__deviation,0.0,Sleep_Composition,0.0
p02_daily_merged,stress,Sleep_Revitalization__raw,0.0,Sleep_Revitalization,0.0
p02_daily_merged,stress,Sleep_Revitalization__deviation,0.0,Sleep_Revitalization,0.0
p02_daily_merged,stress,Sleep_Score__deviation,0.0,Sleep_Score,0.0
p03_daily_merged,fatigue,Exercise_Duration__change,0.1596707663381346,Exercise_Duration,0.15967076633813507
p03_daily_merged,fatigue,Sleep_Hours__zscore,0.0568148482584943,Sleep_Hours,0.05681484825849446
p03_daily_merged,fatigue,Sleep_Restlessness__change,0.0500933233815301,Sleep_Restlessness,0.05009332338153025
p03_daily_merged,fatigue,Exercise_Calories__rolling_7,0.0498727386326359,Exercise_Calories,0.04987273863263605
p03_daily_merged,fatigue,Sleep_Hours__abs_zscore,0.0480396753011347,Sleep_Hours,0.048039675301134836
p03_daily_merged,fatigue,Steps__change,0.0461262783766457,Steps,0.04612627837664583
p03_daily_merged,fatigue,Exercise_Duration__rolling_7,0.0420809061726424,Exercise_Duration,0.042080906172642527
p03_daily_merged,fatigue,Sleep_Hours__deviation,0.0383662315680031,Sleep_Hours,0.03836623156800321
p03_daily_merged,fatigue,Exercise_Duration__rolling_3,0.0379694902365133,Exercise_Duration,0.03796949023651341
p03_daily_merged,fatigue,Exercise_Calories__change,0.0362422711860692,Exercise_Calories,0.036242271186069305
p03_daily_merged,fatigue,Sleep_Hours__raw,0.0341586940866126,Sleep_Hours,0.0341586940866127
p03_daily_merged,fatigue,Exercise_Count__rolling_7,0.0273751652062191,Exercise_Count,0.02737516520621918
p03_daily_merged,fatigue,Deep_Sleep_Minutes__abs_zscore,0.0259437728064842,Deep_Sleep_Minutes,0.025943772806484276
p03_daily_merged,fatigue,Exercise_Calories__rolling_3,0.0249649899033356,Exercise_Calories,0.024964989903335674
p03_daily_merged,fatigue,Steps__zscore,0.0220283606901608,Steps,0.022028360690160863
p03_daily_merged,fatigue,Deep_Sleep_Minutes__raw,0.0219489268178054,Deep_Sleep_Minutes,0.021948926817805463
p03_daily_merged,fatigue,Sleep_Composition__abs_zscore,0.0204263699475166,Sleep_Composition,0.02042636994751666
p03_daily_merged,fatigue,Deep_Sleep_Minutes__deviation,0.0191638116811608,Deep_Sleep_Minutes,0.019163811681160856
p03_daily_merged,fatigue,Steps__raw,0.0182752403496544,Steps,0.018275240349654453
p03_daily_merged,fatigue,Steps__rolling_3,0.0169433881715094,Steps,0.01694338817150945
p03_daily_merged,fatigue,Sleep_Restlessness__abs_zscore,0.0138147763755151,Sleep_Restlessness,0.01381477637551514
p03_daily_merged,fatigue,Steps__abs_zscore,0.0124017712005361,Steps,0.012401771200536137
p03_daily_merged,fatigue,Steps__deviation,0.0112369366797815,Steps,0.011236936679781533
p03_daily_merged,fatigue,Deep_Sleep_Minutes__change,0.0110339416033836,Deep_Sleep_Minutes,0.011033941603383631
p03_daily_merged,fatigue,Sleep_Score__change,0.0087642761382502,Sleep_Score,0.008764276138250225
p03_daily_merged,fatigue,Exercise_Avg_HR__deviation,0.0084050412653358,Exercise_Avg_HR,0.008405041265335825
p03_daily_merged,fatigue,Exercise_Avg_HR__zscore,0.0082986682420769,Exercise_Avg_HR,0.008298668242076925
p03_daily_merged,fatigue,Exercise_Duration__deviation,0.0081500941023871,Exercise_Duration,0.008150094102387125
p03_daily_merged,fatigue,Sleep_Restlessness__deviation,0.0077813969839479,Sleep_Restlessness,0.007781396983947923
p03_daily_merged,fatigue,Exercise_Calories__deviation,0.0076197113429264,Exercise_Calories,0.007619711342926422
p03_daily_merged,fatigue,Sleep_Composition__rolling_3,0.006868686931921,Sleep_Composition,0.00686868693192102
p03_daily_merged,fatigue,Exercise_Calories__abs_zscore,0.0068545697928694,Exercise_Calories,0.00685456979286942
p03_daily_merged,fatigue,Deep_Sleep_Minutes__rolling_3,0.0068028231459076,Deep_Sleep_Minutes,0.00680282314590762
p03_daily_merged,fatigue,Exercise_Avg_HR__raw,0.0057980466393771,Exercise_Avg_HR,0.005798046639377117
p03_daily_merged,fatigue,Sleep_Revitalization__change,0.0055335579547969,Sleep_Revitalization,0.005533557954796916
p03_daily_merged,fatigue,Sleep_Duration_Score__change,0.0054826728277203,Sleep_Duration_Score,0.005482672827720316
p03_daily_merged,fatigue,Exercise_Count__abs_zscore,0.0054653708868463,Exercise_Count,0.005465370886846316
p03_daily_merged,fatigue,Exercise_Calories__zscore,0.0051525395863342,Exercise_Calories,0.005152539586334215
p03_daily_merged,fatigue,Sleep_Duration_Score__abs_zscore,0.0050622204254849,Sleep_Duration_Score,0.005062220425484915
p03_daily_merged,fatigue,Exercise_Count__rolling_3,0.0049922071724881,Exercise_Count,0.004992207172488115
p03_daily_merged,fatigue,Sleep_Composition__change,0.0047875042492129,Sleep_Composition,0.004787504249212914
p03_daily_merged,fatigue,Sleep_Score__rolling_3,0.004566882047729,Sleep_Score,0.004566882047729013
p03_daily_merged,fatigue,Sleep_Hours__change,0.0044914317971594,Sleep_Hours,0.004491431797159413
p03_daily_merged,fatigue,Deep_Sleep_Minutes__zscore,0.0037163213957584,Deep_Sleep_Minutes,0.0037163213957584107
p03_daily_merged,fatigue,Sleep_Restlessness__zscore,0.0035718072596586,Sleep_Restlessness,0.0035718072596586103
p03_daily_merged,fatigue,Exercise_Duration__zscore,0.0034042520607355,Exercise_Duration,0.00340425206073551
p03_daily_merged,fatigue,Sleep_Score__raw,0.003107098820391,Sleep_Score,0.003107098820391009
p03_daily_merged,fatigue,Sleep_Hours__rolling_3,0.0026588279000228,Sleep_Hours,0.002658827900022808
p03_daily_merged,fatigue,Sleep_Restlessness__raw,0.0022424948614313,Sleep_Restlessness,0.0022424948614313063
p03_daily_merged,fatigue,Sleep_Duration_Score__raw,0.0020629911883781,Sleep_Duration_Score,0.002062991188378106
p03_daily_merged,fatigue,Sleep_Composition__raw,0.0020375883885374,Sleep_Composition,0.002037588388537406
p03_daily_merged,fatigue,Exercise_Duration__raw,0.0019508859854473,Exercise_Duration,0.0019508859854473056
p03_daily_merged,fatigue,Sleep_Restlessness__rolling_3,0.0016265370221313,Sleep_Restlessness,0.0016265370221313048
p03_daily_merged,fatigue,Sleep_Score__zscore,0.0015653498486761,Sleep_Score,0.0015653498486761046
p03_daily_merged,fatigue,Exercise_Count__zscore,0.00128754318228,Exercise_Count,0.0012875431822800037
p03_daily_merged,fatigue,Sleep_Score__abs_zscore,0.0011046553331898,Sleep_Score,0.0011046553331898032
p03_daily_merged,fatigue,Exercise_Avg_HR__abs_zscore,0.0009194942260289,Exercise_Avg_HR,0.0009194942260289026
p03_daily_merged,fatigue,Exercise_Duration__abs_zscore,0.0008648692957464,Exercise_Duration,0.0008648692957464025
p03_daily_merged,fatigue,Sleep_Duration_Score__rolling_3,0.000808878804102,Sleep_Duration_Score,0.0008088788041020024
p03_daily_merged,fatigue,Exercise_Calories__raw,0.000798757052194,Exercise_Calories,0.0007987570521940022
p03_daily_merged,fatigue,Steps__rolling_7,0.0002579888595719,Steps,0.00025798885957190076
p03_daily_merged,fatigue,Exercise_Count__deviation,0.0001432820114664,Exercise_Count,0.0001432820114664004
p03_daily_merged,fatigue,Exercise_Count__raw,0.0,Exercise_Count,0.0
p03_daily_merged,fatigue,Exercise_Count__change,0.0,Exercise_Count,0.0
p03_daily_merged,fatigue,Exercise_Distance__raw,0.0,Exercise_Distance,0.0
p03_daily_merged,fatigue,Exercise_Distance__change,0.0,Exercise_Distance,0.0
p03_daily_merged,fatigue,Exercise_Distance__rolling_3,0.0,Exercise_Distance,0.0
p03_daily_merged,fatigue,Exercise_Distance__rolling_7,0.0,Exercise_Distance,0.0
p03_daily_merged,fatigue,Exercise_Distance__zscore,0.0,Exercise_Distance,0.0
p03_daily_merged,fatigue,Exercise_Distance__abs_zscore,0.0,Exercise_Distance,0.0
p03_daily_merged,fatigue,Exercise_Distance__deviation,0.0,Exercise_Distance,0.0
p03_daily_merged,fatigue,Exercise_Avg_HR__change,0.0,Exercise_Avg_HR,0.0
p03_daily_merged,fatigue,Exercise_Avg_HR__rolling_3,0.0,Exercise_Avg_HR,0.0
p03_daily_merged,fatigue,Exercise_Avg_HR__rolling_7,0.0,Exercise_Avg_HR,0.0
p03_daily_merged,fatigue,Sleep_Hours__rolling_7,0.0,Sleep_Hours,0.0
p03_daily_merged,fatigue,Sleep_Duration_Score__rolling_7,0.0,Sleep_Duration_Score,0.0
p03_daily_merged,fatigue,Sleep_Duration_Score__zscore,0.0,Sleep_Duration_Score,0.0
p03_daily_merged,fatigue,Sleep_Duration_Score__deviation,0.0,Sleep_Duration_Score,0.0
p03_daily_merged,fatigue,Deep_Sleep_Minutes__rolling_7,0.0,Deep_Sleep_Minutes,0.0
p03_daily_merged,fatigue,Sleep_Restlessness__rolling_7,0.0,Sleep_Restlessness,0.0
p03_daily_merged,fatigue,Sleep_Composition__rolling_7,0.0,Sleep_Composition,0.0
p03_daily_merged,fatigue,Sleep_Composition__zscore,0.0,Sleep_Composition,0.0
p03_daily_merged,fatigue,Sleep_Composition__deviation,0.0,Sleep_Composition,0.0
p03_daily_merged,fatigue,Sleep_Revitalization__raw,0.0,Sleep_Revitalization,0.0
p03_daily_merged,fatigue,Sleep_Revitalization__rolling_3,0.0,Sleep_Revitalization,0.0
p03_daily_merged,fatigue,Sleep_Revitalization__rolling_7,0.0,Sleep_Revitalization,0.0
p03_daily_merged,fatigue,Sleep_Revitalization__zscore,0.0,Sleep_Revitalization,0.0
p03_daily_merged,fatigue,Sleep_Revitalization__abs_zscore,0.0,Sleep_Revitalization,0.0
p03_daily_merged,fatigue,Sleep_Revitalization__deviation,0.0,Sleep_Revitalization,0.0
p03_daily_merged,fatigue,Sleep_Score__rolling_7,0.0,Sleep_Score,0.0
p03_daily_merged,fatigue,Sleep_Score__deviation,0.0,Sleep_Score,0.0
p03_daily_merged,mood,Steps__rolling_3,0.1160403382474039,Steps,0.1160403382474042
p03_daily_merged,mood,Sleep_Revitalization__abs_zscore,0.1142365784473169,Sleep_Revitalization,0.1142365784473172
p03_daily_merged,mood,Sleep_Hours__rolling_3,0.0704324934751329,Sleep_Hours,0.0704324934751331
p03_daily_merged,mood,Sleep_Duration_Score__rolling_3,0.0625515193990825,Sleep_Duration_Score,0.06255151939908267
p03_daily_merged,mood,Exercise_Duration__change,0.0567018558927366,Exercise_Duration,0.056701855892736755
p03_daily_merged,mood,Sleep_Score__rolling_3,0.0545509624698723,Sleep_Score,0.05455096246987245
p03_daily_merged,mood,Sleep_Restlessness__change,0.0369900414356257,Sleep_Restlessness,0.0369900414356258
p03_daily_merged,mood,Steps__change,0.0354609069934161,Steps,0.0354609069934162
p03_daily_merged,mood,Sleep_Restlessness__raw,0.0342582303610698,Sleep_Restlessness,0.03425823036106989
p03_daily_merged,mood,Sleep_Restlessness__deviation,0.0312226920642863,Sleep_Restlessness,0.03122269206428638
p03_daily_merged,mood,Steps__rolling_7,0.029103034204008,Steps,0.029103034204008078
p03_daily_merged,mood,Deep_Sleep_Minutes__abs_zscore,0.0284154329264188,Deep_Sleep_Minutes,0.028415432926418877
p03_daily_merged,mood,Exercise_Calories__change,0.0279530499119967,Exercise_Calories,0.027953049911996774
p03_daily_merged,mood,Steps__abs_zscore,0.0274567448308066,Steps,0.02745674483080667
p03_daily_merged,mood,Sleep_Restlessness__rolling_3,0.0224426616356699,Sleep_Restlessness,0.02244266163566996
p03_daily_merged,mood,Sleep_Restlessness__zscore,0.0223589414883378,Sleep_Restlessness,0.02235894148833786
p03_daily_merged,mood,Sleep_Revitalization__change,0.0199150687698062,Sleep_Revitalization,0.01991506876980625
p03_daily_merged,mood,Exercise_Duration__rolling_3,0.0189503633551745,Exercise_Duration,0.01895036335517455
p03_daily_merged,mood,Sleep_Revitalization__rolling_3,0.0179780608937282,Sleep_Revitalization,0.017978060893728248
p03_daily_merged,mood,Sleep_Duration_Score__deviation,0.0163188693194699,Sleep_Duration_Score,0.016318869319469947
p03_daily_merged,mood,Exercise_Count__rolling_7,0.0139481376635737,Exercise_Count,0.013948137663573737
p03_daily_merged,mood,Steps__raw,0.0123657204932455,Steps,0.012365720493245533
p03_daily_merged,mood,Exercise_Calories__rolling_3,0.0119109265904076,Exercise_Calories,0.011910926590407631
p03_daily_merged,mood,Steps__deviation,0.0104869573182641,Steps,0.010486957318264128
p03_daily_merged,mood,Exercise_Calories__abs_zscore,0.0100600189011886,Exercise_Calories,0.010060018901188626
p03_daily_merged,mood,Exercise_Avg_HR__rolling_3,0.0093672617340487,Exercise_Avg_HR,0.009367261734048725
p03_daily_merged,mood,Steps__zscore,0.0089210047197518,Steps,0.008921004719751824
p03_daily_merged,mood,Sleep_Score__abs_zscore,0.0084320827586467,Sleep_Score,0.008432082758646722
p03_daily_merged,mood,Sleep_Score__change,0.0081668074960825,Sleep_Score,0.008166807496082522
p03_daily_merged,mood,Sleep_Restlessness__abs_zscore,0.0080612654416675,Sleep_Restlessness,0.00806126544166752
p03_daily_merged,mood,Deep_Sleep_Minutes__raw,0.0070085092994125,Deep_Sleep_Minutes,0.007008509299412519
p03_daily_merged,mood,Sleep_Hours__change,0.0067490337451567,Sleep_Hours,0.006749033745156718
p03_daily_merged,mood,Deep_Sleep_Minutes__deviation,0.0062593434272707,Deep_Sleep_Minutes,0.006259343427270717
p03_daily_merged,mood,Sleep_Composition__rolling_3,0.0053677227409818,Sleep_Composition,0.005367722740981814
p03_daily_merged,mood,Exercise_Avg_HR__abs_zscore,0.0051650989628419,Exercise_Avg_HR,0.005165098962841914
p03_daily_merged,mood,Deep_Sleep_Minutes__zscore,0.0038608865283521,Deep_Sleep_Minutes,0.0038608865283521103
p03_daily_merged,mood,Exercise_Calories__rolling_7,0.0034838489298769,Exercise_Calories,0.0034838489298769093
p03_daily_merged,mood,Deep_Sleep_Minutes__change,0.0034630371839337,Deep_Sleep_Minutes,0.003463037183933709
p03_daily_merged,mood,Sleep_Hours__abs_zscore,0.0027090583903572,Sleep_Hours,0.0027090583903572074
p03_daily_merged,mood,Sleep_Composition__raw,0.0019271712796417,Sleep_Composition,0.0019271712796417053
p03_daily_merged,mood,Sleep_Composition__deviation,0.0017986755767742,Sleep_Composition,0.0017986755767742048
p03_daily_merged,mood,Sleep_Duration_Score__change,0.001113195517727,Sleep_Duration_Score,0.001113195517727003
p03_daily_merged,mood,Sleep_Composition__change,0.0010724141308823,Sleep_Composition,0.0010724141308823029
p03_daily_merged,mood,Sleep_Hours__deviation,0.0009043608358732,Sleep_Hours,0.0009043608358732024
p03_daily_merged,mood,Sleep_Score__zscore,0.0008961509878009,Sleep_Score,0.0008961509878009023
p03_daily_merged,mood,Exercise_Duration__abs_zscore,0.0008063957428725,Exercise_Duration,0.0008063957428725021
p03_daily_merged,mood,Exercise_Count__deviation,0.0005071929177425,Exercise_Count,0.0005071929177425013
p03_daily_merged,mood,Sleep_Hours__raw,0.0004129378247025,Sleep_Hours,0.0004129378247025011
p03_daily_merged,mood,Sleep_Score__raw,0.0003909290912167,Sleep_Score,0.000390929091216701
p03_daily_merged,mood,Sleep_Duration_Score__zscore,0.0003411340169352,Sleep_Duration_Score,0.0003411340169352009
p03_daily_merged,mood,Exercise_Calories__deviation,0.0002784215251825,Exercise_Calories,0.0002784215251825008
p03_daily_merged,mood,Exercise_Duration__raw,0.0002568364399066,Exercise_Duration,0.0002568364399066007
p03_daily_merged,mood,Exercise_Avg_HR__raw,0.0001696156663197,Exercise_Avg_HR,0.00016961566631970047
p03_daily_merged,mood,Exercise_Count__raw,0.0,Exercise_Count,0.0
p03_daily_merged,mood,Exercise_Count__change,0.0,Exercise_Count,0.0
p03_daily_merged,mood,Exercise_Count__rolling_3,0.0,Exercise_Count,0.0
p03_daily_merged,mood,Exercise_Count__zscore,0.0,Exercise_Count,0.0
p03_daily_merged,mood,Exercise_Count__abs_zscore,0.0,Exercise_Count,0.0
p03_daily_merged,mood,Exercise_Duration__rolling_7,0.0,Exercise_Duration,0.0
p03_daily_merged,mood,Exercise_Duration__zscore,0.0,Exercise_Duration,0.0
p03_daily_merged,mood,Exercise_Duration__deviation,0.0,Exercise_Duration,0.0
p03_daily_merged,mood,Exercise_Distance__raw,0.0,Exercise_Distance,0.0
p03_daily_merged,mood,Exercise_Distance__change,0.0,Exercise_Distance,0.0
p03_daily_merged,mood,Exercise_Distance__rolling_3,0.0,Exercise_Distance,0.0
p03_daily_merged,mood,Exercise_Distance__rolling_7,0.0,Exercise_Distance,0.0
p03_daily_merged,mood,Exercise_Distance__zscore,0.0,Exercise_Distance,0.0
p03_daily_merged,mood,Exercise_Distance__abs_zscore,0.0,Exercise_Distance,0.0
p03_daily_merged,mood,Exercise_Distance__deviation,0.0,Exercise_Distance,0.0
p03_daily_merged,mood,Exercise_Calories__raw,0.0,Exercise_Calories,0.0
p03_daily_merged,mood,Exercise_Calories__zscore,0.0,Exercise_Calories,0.0
p03_daily_merged,mood,Exercise_Avg_HR__change,0.0,Exercise_Avg_HR,0.0
p03_daily_merged,mood,Exercise_Avg_HR__rolling_7,0.0,Exercise_Avg_HR,0.0
p03_daily_merged,mood,Exercise_Avg_HR__zscore,0.0,Exercise_Avg_HR,0.0
p03_daily_merged,mood,Exercise_Avg_HR__deviation,0.0,Exercise_Avg_HR,0.0
p03_daily_merged,mood,Sleep_Hours__rolling_7,0.0,Sleep_Hours,0.0
p03_daily_merged,mood,Sleep_Hours__zscore,0.0,Sleep_Hours,0.0
p03_daily_merged,mood,Sleep_Duration_Score__raw,0.0,Sleep_Duration_Score,0.0
p03_daily_merged,mood,Sleep_Duration_Score__rolling_7,0.0,Sleep_Duration_Score,0.0
p03_daily_merged,mood,Sleep_Duration_Score__abs_zscore,0.0,Sleep_Duration_Score,0.0
p03_daily_merged,mood,Deep_Sleep_Minutes__rolling_3,0.0,Deep_Sleep_Minutes,0.0
p03_daily_merged,mood,Deep_Sleep_Minutes__rolling_7,0.0,Deep_Sleep_Minutes,0.0
p03_daily_merged,mood,Sleep_Restlessness__rolling_7,0.0,Sleep_Restlessness,0.0
p03_daily_merged,mood,Sleep_Composition__rolling_7,0.0,Sleep_Composition,0.0
p03_daily_merged,mood,Sleep_Composition__zscore,0.0,Sleep_Composition,0.0
p03_daily_merged,mood,Sleep_Composition__abs_zscore,0.0,Sleep_Composition,0.0
p03_daily_merged,mood,Sleep_Revitalization__raw,0.0,Sleep_Revitalization,0.0
p03_daily_merged,mood,Sleep_Revitalization__rolling_7,0.0,Sleep_Revitalization,0.0
p03_daily_merged,mood,Sleep_Revitalization__zscore,0.0,Sleep_Revitalization,0.0
p03_daily_merged,mood,Sleep_Revitalization__deviation,0.0,Sleep_Revitalization,0.0
p03_daily_merged,mood,Sleep_Score__rolling_7,0.0,Sleep_Score,0.0
p03_daily_merged,mood,Sleep_Score__deviation,0.0,Sleep_Score,0.0
p03_daily_merged,readiness,Exercise_Duration__rolling_7,0.2338578368470164,Exercise_Duration,0.23385783684701683
p03_daily_merged,readiness,Exercise_Calories__rolling_7,0.1836927263047177,Exercise_Calories,0.18369272630471803
p03_daily_merged,readiness,Exercise_Count__rolling_7,0.0574731217413071,Exercise_Count,0.05747312174130721
p03_daily_merged,readiness,Sleep_Duration_Score__change,0.0463146064746308,Sleep_Duration_Score,0.04631460647463089
p03_daily_merged,readiness,Sleep_Revitalization__rolling_3,0.0435265109366377,Sleep_Revitalization,0.043526510936637786
p03_daily_merged,readiness,Steps__abs_zscore,0.0350764145104081,Steps,0.03507641451040817
p03_daily_merged,readiness,Sleep_Composition__change,0.0302360486959158,Sleep_Composition,0.030236048695915854
p03_daily_merged,readiness,Exercise_Duration__abs_zscore,0.0267593489280446,Exercise_Duration,0.02675934892804465
p03_daily_merged,readiness,Exercise_Count__rolling_3,0.0264981513898714,Exercise_Count,0.02649815138987145
p03_daily_merged,readiness,Sleep_Hours__rolling_3,0.0256138886751684,Sleep_Hours,0.02561388867516845
p03_daily_merged,readiness,Sleep_Restlessness__rolling_3,0.0224844767934718,Sleep_Restlessness,0.02248447679347184
p03_daily_merged,readiness,Exercise_Calories__rolling_3,0.0189258510740545,Exercise_Calories,0.018925851074054534
p03_daily_merged,readiness,Sleep_Restlessness__abs_zscore,0.0175368484475077,Sleep_Restlessness,0.017536848447507733
p03_daily_merged,readiness,Exercise_Avg_HR__abs_zscore,0.0159293017800207,Exercise_Avg_HR,0.015929301780020732
p03_daily_merged,readiness,Exercise_Duration__rolling_3,0.0150171960387736,Exercise_Duration,0.015017196038773628
p03_daily_merged,readiness,Sleep_Restlessness__raw,0.0150070385294322,Sleep_Restlessness,0.015007038529432228
p03_daily_merged,readiness,Sleep_Duration_Score__rolling_3,0.0144253463198148,Sleep_Duration_Score,0.014425346319814828
p03_daily_merged,readiness,Sleep_Score__rolling_3,0.0143647662726464,Sleep_Score,0.014364766272646427
p03_daily_merged,readiness,Sleep_Restlessness__change,0.0137786480895898,Sleep_Restlessness,0.013778648089589826
p03_daily_merged,readiness,Steps__raw,0.0135403708538913,Steps,0.013540370853891325
p03_daily_merged,readiness,Exercise_Avg_HR__raw,0.0129459164996617,Exercise_Avg_HR,0.012945916499661723
p03_daily_merged,readiness,Exercise_Avg_HR__deviation,0.0111699124535636,Exercise_Avg_HR,0.011169912453563621
p03_daily_merged,readiness,Sleep_Score__change,0.0105283421700336,Sleep_Score,0.010528342170033619
p03_daily_merged,readiness,Sleep_Duration_Score__zscore,0.010301724137931,Sleep_Duration_Score,0.010301724137931019
p03_daily_merged,readiness,Sleep_Score__abs_zscore,0.0094928573704223,Sleep_Score,0.009492857370422318
p03_daily_merged,readiness,Steps__zscore,0.007012691716122,Steps,0.007012691716122013
p03_daily_merged,readiness,Sleep_Restlessness__zscore,0.006742805558595,Sleep_Restlessness,0.006742805558595013
p03_daily_merged,readiness,Sleep_Composition__abs_zscore,0.0062981978539697,Sleep_Composition,0.006298197853969712
p03_daily_merged,readiness,Sleep_Hours__zscore,0.006126045109858,Sleep_Hours,0.006126045109858012
p03_daily_merged,readiness,Sleep_Hours__change,0.0055877876264661,Sleep_Hours,0.00558778762646611
p03_daily_merged,readiness,Exercise_Avg_HR__zscore,0.0055242342557587,Exercise_Avg_HR,0.0055242342557587105
p03_daily_merged,readiness,Steps__deviation,0.0055223754229959,Steps,0.00552237542299591
p03_daily_merged,readiness,Deep_Sleep_Minutes__zscore,0.0047195668346599,Deep_Sleep_Minutes,0.004719566834659909
p03_daily_merged,readiness,Deep_Sleep_Minutes__change,0.003973792926841,Deep_Sleep_Minutes,0.003973792926841008
p03_daily_merged,readiness,Sleep_Restlessness__deviation,0.0038459415022615,Sleep_Restlessness,0.0038459415022615074
p03_daily_merged,readiness,Steps__change,0.0034619557549541,Steps,0.0034619557549541067
p03_daily_merged,readiness,Exercise_Distance__rolling_3,0.0032827128845296,Exercise_Distance,0.003282712884529606
p03_daily_merged,readiness,Sleep_Hours__abs_zscore,0.0030585796632308,Sleep_Hours,0.003058579663230806
p03_daily_merged,readiness,Sleep_Duration_Score__abs_zscore,0.0026014040220018,Sleep_Duration_Score,0.0026014040220018048
p03_daily_merged,readiness,Exercise_Calories__abs_zscore,0.0019472388569777,Exercise_Calories,0.0019472388569777037
p03_daily_merged,readiness,Steps__rolling_3,0.0016441572378121,Steps,0.001644157237812103
p03_daily_merged,readiness,Sleep_Revitalization__deviation,0.0013162176821551,Sleep_Revitalization,0.0013162176821551023
p03_daily_merged,readiness,Sleep_Composition__rolling_3,0.0010397905510241,Sleep_Composition,0.0010397905510241019
p03_daily_merged,readiness,Exercise_Calories__change,0.0010149497047441,Exercise_Calories,0.0010149497047441019
p03_daily_merged,readiness,Sleep_Duration_Score__raw,0.0007823035005079,Sleep_Duration_Score,0.0007823035005079015
p03_daily_merged,readiness,Steps__rolling_7,0.0,Steps,0.0
p03_daily_merged,readiness,Exercise_Count__raw,0.0,Exercise_Count,0.0
p03_daily_merged,readiness,Exercise_Count__change,0.0,Exercise_Count,0.0
p03_daily_merged,readiness,Exercise_Count__zscore,0.0,Exercise_Count,0.0
p03_daily_merged,readiness,Exercise_Count__abs_zscore,0.0,Exercise_Count,0.0
p03_daily_merged,readiness,Exercise_Count__deviation,0.0,Exercise_Count,0.0
p03_daily_merged,readiness,Exercise_Duration__raw,0.0,Exercise_Duration,0.0
p03_daily_merged,readiness,Exercise_Duration__change,0.0,Exercise_Duration,0.0
p03_daily_merged,readiness,Exercise_Duration__zscore,0.0,Exercise_Duration,0.0
p03_daily_merged,readiness,Exercise_Duration__deviation,0.0,Exercise_Duration,0.0
p03_daily_merged,readiness,Exercise_Distance__raw,0.0,Exercise_Distance,0.0
p03_daily_merged,readiness,Exercise_Distance__change,0.0,Exercise_Distance,0.0
p03_daily_merged,readiness,Exercise_Distance__rolling_7,0.0,Exercise_Distance,0.0
p03_daily_merged,readiness,Exercise_Distance__zscore,0.0,Exercise_Distance,0.0
p03_daily_merged,readiness,Exercise_Distance__abs_zscore,0.0,Exercise_Distance,0.0
p03_daily_merged,readiness,Exercise_Distance__deviation,0.0,Exercise_Distance,0.0
p03_daily_merged,readiness,Exercise_Calories__raw,0.0,Exercise_Calories,0.0
p03_daily_merged,readiness,Exercise_Calories__zscore,0.0,Exercise_Calories,0.0
p03_daily_merged,readiness,Exercise_Calories__deviation,0.0,Exercise_Calories,0.0
p03_daily_merged,readiness,Exercise_Avg_HR__change,0.0,Exercise_Avg_HR,0.0
p03_daily_merged,readiness,Exercise_Avg_HR__rolling_3,0.0,Exercise_Avg_HR,0.0
p03_daily_merged,readiness,Exercise_Avg_HR__rolling_7,0.0,Exercise_Avg_HR,0.0
p03_daily_merged,readiness,Sleep_Hours__raw,0.0,Sleep_Hours,0.0
p03_daily_merged,readiness,Sleep_Hours__rolling_7,0.0,Sleep_Hours,0.0
p03_daily_merged,readiness,Sleep_Hours__deviation,0.0,Sleep_Hours,0.0
p03_daily_merged,readiness,Sleep_Duration_Score__rolling_7,0.0,Sleep_Duration_Score,0.0
p03_daily_merged,readiness,Sleep_Duration_Score__deviation,0.0,Sleep_Duration_Score,0.0
p03_daily_merged,readiness,Deep_Sleep_Minutes__raw,0.0,Deep_Sleep_Minutes,0.0
p03_daily_merged,readiness,Deep_Sleep_Minutes__rolling_3,0.0,Deep_Sleep_Minutes,0.0
p03_daily_merged,readiness,Deep_Sleep_Minutes__rolling_7,0.0,Deep_Sleep_Minutes,0.0
p03_daily_merged,readiness,Deep_Sleep_Minutes__abs_zscore,0.0,Deep_Sleep_Minutes,0.0
p03_daily_merged,readiness,Deep_Sleep_Minutes__deviation,0.0,Deep_Sleep_Minutes,0.0
p03_daily_merged,readiness,Sleep_Restlessness__rolling_7,0.0,Sleep_Restlessness,0.0
p03_daily_merged,readiness,Sleep_Composition__raw,0.0,Sleep_Composition,0.0
p03_daily_merged,readiness,Sleep_Composition__rolling_7,0.0,Sleep_Composition,0.0
p03_daily_merged,readiness,Sleep_Composition__zscore,0.0,Sleep_Composition,0.0
p03_daily_merged,readiness,Sleep_Composition__deviation,0.0,Sleep_Composition,0.0
p03_daily_merged,readiness,Sleep_Revitalization__raw,0.0,Sleep_Revitalization,0.0
p03_daily_merged,readiness,Sleep_Revitalization__change,0.0,Sleep_Revitalization,0.0
p03_daily_merged,readiness,Sleep_Revitalization__rolling_7,0.0,Sleep_Revitalization,0.0
p03_daily_merged,readiness,Sleep_Revitalization__zscore,0.0,Sleep_Revitalization,0.0
p03_daily_merged,readiness,Sleep_Revitalization__abs_zscore,0.0,Sleep_Revitalization,0.0
p03_daily_merged,readiness,Sleep_Score__raw,0.0,Sleep_Score,0.0
p03_daily_merged,readiness,Sleep_Score__rolling_7,0.0,Sleep_Score,0.0
p03_daily_merged,readiness,Sleep_Score__zscore,0.0,Sleep_Score,0.0
p03_daily_merged,readiness,Sleep_Score__deviation,0.0,Sleep_Score,0.0
p03_daily_merged,sleep_quality,Deep_Sleep_Minutes__abs_zscore,0.3344511326296471,Deep_Sleep_Minutes,0.33445113262964776
p03_daily_merged,sleep_quality,Sleep_Hours__abs_zscore,0.0856799828148471,Sleep_Hours,0.08567998281484726
p03_daily_merged,sleep_quality,Exercise_Calories__rolling_7,0.0651201520425938,Exercise_Calories,0.06512015204259393
p03_daily_merged,sleep_quality,Exercise_Duration__rolling_7,0.0478532081285259,Exercise_Duration,0.047853208128526
p03_daily_merged,sleep_quality,Deep_Sleep_Minutes__zscore,0.0388420885552388,Deep_Sleep_Minutes,0.03884208855523888
p03_daily_merged,sleep_quality,Deep_Sleep_Minutes__rolling_3,0.0382420008169664,Deep_Sleep_Minutes,0.03824200081696648
p03_daily_merged,sleep_quality,Exercise_Count__rolling_7,0.0354821758165126,Exercise_Count,0.03548217581651267
p03_daily_merged,sleep_quality,Sleep_Hours__zscore,0.0343505054080068,Sleep_Hours,0.03435050540800687
p03_daily_merged,sleep_quality,Sleep_Composition__rolling_3,0.0336343282725493,Sleep_Composition,0.03363432827254937
p03_daily_merged,sleep_quality,Deep_Sleep_Minutes__raw,0.0279654572934279,Deep_Sleep_Minutes,0.027965457293427955
p03_daily_merged,sleep_quality,Sleep_Score__rolling_3,0.0271798085119956,Sleep_Score,0.027179808511995654
p03_daily_merged,sleep_quality,Exercise_Duration__change,0.0227211547630945,Exercise_Duration,0.022721154763094546
p03_daily_merged,sleep_quality,Deep_Sleep_Minutes__deviation,0.0207395020100479,Deep_Sleep_Minutes,0.02073950201004794
p03_daily_merged,sleep_quality,Exercise_Calories__change,0.0201840217411747,Exercise_Calories,0.020184021741174743
p03_daily_merged,sleep_quality,Exercise_Duration__rolling_3,0.0197297890837703,Exercise_Duration,0.01972978908377034
p03_daily_merged,sleep_quality,Sleep_Hours__raw,0.0190665236372045,Sleep_Hours,0.019066523637204538
p03_daily_merged,sleep_quality,Sleep_Restlessness__change,0.0126988794912313,Sleep_Restlessness,0.012698879491231326
p03_daily_merged,sleep_quality,Sleep_Restlessness__abs_zscore,0.0117071139562342,Sleep_Restlessness,0.011707113956234222
p03_daily_merged,sleep_quality,Steps__deviation,0.0116497249736061,Steps,0.011649724973606123
p03_daily_merged,sleep_quality,Exercise_Avg_HR__raw,0.01,Exercise_Avg_HR,0.010000000000000021
p03_daily_merged,sleep_quality,Sleep_Composition__abs_zscore,0.0098297891206889,Sleep_Composition,0.00982978912068892
p03_daily_merged,sleep_quality,Steps__abs_zscore,0.0083466604446575,Steps,0.008346660444657518
p03_daily_merged,sleep_quality,Exercise_Count__rolling_3,0.0083249354265419,Exercise_Count,0.008324935426541917
p03_daily_merged,sleep_quality,Sleep_Hours__deviation,0.0083200431864075,Sleep_Hours,0.008320043186407517
p03_daily_merged,sleep_quality,Exercise_Avg_HR__change,0.0072000159588078,Exercise_Avg_HR,0.007200015958807815
p03_daily_merged,sleep_quality,Steps__zscore,0.0047287905427093,Steps,0.00472879054270931
p03_daily_merged,sleep_quality,Steps__raw,0.0043166037793808,Steps,0.004316603779380809
p03_daily_merged,sleep_quality,Sleep_Restlessness__rolling_3,0.0041181261483908,Sleep_Restlessness,0.004118126148390808
p03_daily_merged,sleep_quality,Steps__rolling_3,0.0036795583520028,Steps,0.0036795583520028074
p03_daily_merged,sleep_quality,Sleep_Duration_Score__rolling_3,0.003474549494937,Sleep_Duration_Score,0.003474549494937007
p03_daily_merged,sleep_quality,Steps__change,0.0033306170990617,Steps,0.0033306170990617064
p03_daily_merged,sleep_quality,Sleep_Score__zscore,0.0028968096474006,Sleep_Score,0.0028968096474006055
p03_daily_merged,sleep_quality,Sleep_Score__abs_zscore,0.0027758861930945,Sleep_Score,0.0027758861930945056
p03_daily_merged,sleep_quality,Sleep_Duration_Score__deviation,0.002569595995707,Sleep_Duration_Score,0.002569595995707005
p03_daily_merged,sleep_quality,Sleep_Hours__rolling_3,0.002381293951015,Sleep_Hours,0.0023812939510150046
p03_daily_merged,sleep_quality,Exercise_Calories__abs_zscore,0.0019887611046302,Exercise_Calories,0.0019887611046302037
p03_daily_merged,sleep_quality,Sleep_Hours__change,0.0017154473176642,Sleep_Hours,0.0017154473176642035
p03_daily_merged,sleep_quality,Exercise_Calories__rolling_3,0.0011498119212962,Exercise_Calories,0.0011498119212962025
p03_daily_merged,sleep_quality,Sleep_Revitalization__change,0.0010559350193834,Sleep_Revitalization,0.0010559350193834023
p03_daily_merged,sleep_quality,Exercise_Avg_HR__zscore,0.0004992193495461,Exercise_Avg_HR,0.000499219349546101
p03_daily_merged,sleep_quality,Steps__rolling_7,0.0,Steps,0.0
p03_daily_merged,sleep_quality,Exercise_Count__raw,0.0,Exercise_Count,0.0
p03_daily_merged,sleep_quality,Exercise_Count__change,0.0,Exercise_Count,0.0
p03_daily_merged,sleep_quality,Exercise_Count__zscore,0.0,Exercise_Count,0.0
p03_daily_merged,sleep_quality,Exercise_Count__abs_zscore,0.0,Exercise_Count,0.0
p03_daily_merged,sleep_quality,Exercise_Count__deviation,0.0,Exercise_Count,0.0
p03_daily_merged,sleep_quality,Exercise_Duration__raw,0.0,Exercise_Duration,0.0
p03_daily_merged,sleep_quality,Exercise_Duration__zscore,0.0,Exercise_Duration,0.0
p03_daily_merged,sleep_quality,Exercise_Duration__abs_zscore,0.0,Exercise_Duration,0.0
p03_daily_merged,sleep_quality,Exercise_Duration__deviation,0.0,Exercise_Duration,0.0
p03_daily_merged,sleep_quality,Exercise_Distance__raw,0.0,Exercise_Distance,0.0
p03_daily_merged,sleep_quality,Exercise_Distance__change,0.0,Exercise_Distance,0.0
p03_daily_merged,sleep_quality,Exercise_Distance__rolling_3,0.0,Exercise_Distance,0.0
p03_daily_merged,sleep_quality,Exercise_Distance__rolling_7,0.0,Exercise_Distance,0.0
p03_daily_merged,sleep_quality,Exercise_Distance__zscore,0.0,Exercise_Distance,0.0
p03_daily_merged,sleep_quality,Exercise_Distance__abs_zscore,0.0,Exercise_Distance,0.0
p03_daily_merged,sleep_quality,Exercise_Distance__deviation,0.0,Exercise_Distance,0.0
p03_daily_merged,sleep_quality,Exercise_Calories__raw,0.0,Exercise_Calories,0.0
p03_daily_merged,sleep_quality,Exercise_Calories__zscore,0.0,Exercise_Calories,0.0
p03_daily_merged,sleep_quality,Exercise_Calories__deviation,0.0,Exercise_Calories,0.0
p03_daily_merged,sleep_quality,Exercise_Avg_HR__rolling_3,0.0,Exercise_Avg_HR,0.0
p03_daily_merged,sleep_quality,Exercise_Avg_HR__rolling_7,0.0,Exercise_Avg_HR,0.0
p03_daily_merged,sleep_quality,Exercise_Avg_HR__abs_zscore,0.0,Exercise_Avg_HR,0.0
p03_daily_merged,sleep_quality,Exercise_Avg_HR__deviation,0.0,Exercise_Avg_HR,0.0
p03_daily_merged,sleep_quality,Sleep_Hours__rolling_7,0.0,Sleep_Hours,0.0
p03_daily_merged,sleep_quality,Sleep_Duration_Score__raw,0.0,Sleep_Duration_Score,0.0
p03_daily_merged,sleep_quality,Sleep_Duration_Score__change,0.0,Sleep_Duration_Score,0.0
p03_daily_merged,sleep_quality,Sleep_Duration_Score__rolling_7,0.0,Sleep_Duration_Score,0.0
p03_daily_merged,sleep_quality,Sleep_Duration_Score__zscore,0.0,Sleep_Duration_Score,0.0
p03_daily_merged,sleep_quality,Sleep_Duration_Score__abs_zscore,0.0,Sleep_Duration_Score,0.0
p03_daily_merged,sleep_quality,Deep_Sleep_Minutes__change,0.0,Deep_Sleep_Minutes,0.0
p03_daily_merged,sleep_quality,Deep_Sleep_Minutes__rolling_7,0.0,Deep_Sleep_Minutes,0.0
p03_daily_merged,sleep_quality,Sleep_Restlessness__raw,0.0,Sleep_Restlessness,0.0
p03_daily_merged,sleep_quality,Sleep_Restlessness__rolling_7,0.0,Sleep_Restlessness,0.0
p03_daily_merged,sleep_quality,Sleep_Restlessness__zscore,0.0,Sleep_Restlessness,0.0
p03_daily_merged,sleep_quality,Sleep_Restlessness__deviation,0.0,Sleep_Restlessness,0.0
p03_daily_merged,sleep_quality,Sleep_Composition__raw,0.0,Sleep_Composition,0.0
p03_daily_merged,sleep_quality,Sleep_Composition__change,0.0,Sleep_Composition,0.0
p03_daily_merged,sleep_quality,Sleep_Composition__rolling_7,0.0,Sleep_Composition,0.0
p03_daily_merged,sleep_quality,Sleep_Composition__zscore,0.0,Sleep_Composition,0.0
p03_daily_merged,sleep_quality,Sleep_Composition__deviation,0.0,Sleep_Composition,0.0
p03_daily_merged,sleep_quality,Sleep_Revitalization__raw,0.0,Sleep_Revitalization,0.0
p03_daily_merged,sleep_quality,Sleep_Revitalization__rolling_3,0.0,Sleep_Revitalization,0.0
p03_daily_merged,sleep_quality,Sleep_Revitalization__rolling_7,0.0,Sleep_Revitalization,0.0
p03_daily_merged,sleep_quality,Sleep_Revitalization__zscore,0.0,Sleep_Revitalization,0.0
p03_daily_merged,sleep_quality,Sleep_Revitalization__abs_zscore,0.0,Sleep_Revitalization,0.0
p03_daily_merged,sleep_quality,Sleep_Revitalization__deviation,0.0,Sleep_Revitalization,0.0
p03_daily_merged,sleep_quality,Sleep_Score__raw,0.0,Sleep_Score,0.0
p03_daily_merged,sleep_quality,Sleep_Score__change,0.0,Sleep_Score,0.0
p03_daily_merged,sleep_quality,Sleep_Score__rolling_7,0.0,Sleep_Score,0.0
p03_daily_merged,sleep_quality,Sleep_Score__deviation,0.0,Sleep_Score,0.0
p03_daily_merged,stress,Steps__rolling_3,0.1685681832236673,Steps,0.16856818322366773
p03_daily_merged,stress,Steps__rolling_7,0.0895402817411269,Steps,0.08954028174112713
p03_daily_merged,stress,Deep_Sleep_Minutes__abs_zscore,0.0690863144542274,Deep_Sleep_Minutes,0.06908631445422758
p03_daily_merged,stress,Exercise_Avg_HR__change,0.0667343878283905,Exercise_Avg_HR,0.06673438782839068
p03_daily_merged,stress,Sleep_Score__abs_zscore,0.0591321777066391,Sleep_Score,0.05913217770663926
p03_daily_merged,stress,Exercise_Duration__rolling_7,0.0309724205315485,Exercise_Duration,0.030972420531548583
p03_daily_merged,stress,Exercise_Duration__rolling_3,0.0297370019927178,Exercise_Duration,0.02973700199271788
p03_daily_merged,stress,Exercise_Avg_HR__abs_zscore,0.0269684302208743,Exercise_Avg_HR,0.026968430220874372
p03_daily_merged,stress,Sleep_Hours__abs_zscore,0.0266709572615231,Sleep_Hours,0.02667095726152317
p03_daily_merged,stress,Sleep_Restlessness__abs_zscore,0.0260009844090284,Sleep_Restlessness,0.02600098440902847
p03_daily_merged,stress,Exercise_Calories__rolling_7,0.0240173884872725,Exercise_Calories,0.024017388487272563
p03_daily_merged,stress,Exercise_Calories__rolling_3,0.0218387485815985,Exercise_Calories,0.02183874858159856
p03_daily_merged,stress,Exercise_Count__rolling_7,0.0197249799952295,Exercise_Count,0.01972497999522955
p03_daily_merged,stress,Deep_Sleep_Minutes__deviation,0.01952232076803,Deep_Sleep_Minutes,0.019522320768030052
p03_daily_merged,stress,Exercise_Avg_HR__raw,0.0170055424402774,Exercise_Avg_HR,0.017005542440277445
p03_daily_merged,stress,Deep_Sleep_Minutes__change,0.0150441598319449,Deep_Sleep_Minutes,0.01504415983194494
p03_daily_merged,stress,Deep_Sleep_Minutes__raw,0.0146736515450312,Deep_Sleep_Minutes,0.01467365154503124
p03_daily_merged,stress,Sleep_Score__change,0.0144871835707623,Sleep_Score,0.014487183570762337
p03_daily_merged,stress,Exercise_Duration__change,0.0142955484159644,Exercise_Duration,0.014295548415964438
p03_daily_merged,stress,Exercise_Duration__abs_zscore,0.0132063825871337,Exercise_Duration,0.013206382587133735
p03_daily_merged,stress,Steps__deviation,0.0126312875365884,Steps,0.012631287536588433
p03_daily_merged,stress,Deep_Sleep_Minutes__zscore,0.0122005849781666,Deep_Sleep_Minutes,0.012200584978166633
p03_daily_merged,stress,Sleep_Hours__rolling_3,0.0117222253376847,Sleep_Hours,0.011722225337684732
p03_daily_merged,stress,Exercise_Count__rolling_3,0.0115557310957506,Exercise_Count,0.011555731095750631
p03_daily_merged,stress,Steps__zscore,0.0111185386324426,Steps,0.01111853863244263
p03_daily_merged,stress,Sleep_Duration_Score__abs_zscore,0.0107471743585445,Sleep_Duration_Score,0.010747174358544529
p03_daily_merged,stress,Steps__abs_zscore,0.0107310131691026,Steps,0.010731013169102627
p03_daily_merged,stress,Sleep_Restlessness__raw,0.0105807744366319,Sleep_Restlessness,0.010580774436631928
p03_daily_merged,stress,Sleep_Restlessness__change,0.0100299004384242,Sleep_Restlessness,0.010029900438424225
p03_daily_merged,stress,Sleep_Restlessness__deviation,0.0100274505659894,Sleep_Restlessness,0.010027450565989426
p03_daily_merged,stress,Steps__change,0.0092566484778919,Steps,0.009256648477891925
p03_daily_merged,stress,Exercise_Avg_HR__deviation,0.0091782020011212,Exercise_Avg_HR,0.009178202001121225
p03_daily_merged,stress,Sleep_Revitalization__abs_zscore,0.0087349066187062,Sleep_Revitalization,0.008734906618706222
p03_daily_merged,stress,Deep_Sleep_Minutes__rolling_3,0.0086125409067736,Deep_Sleep_Minutes,0.008612540906773623
p03_daily_merged,stress,Exercise_Avg_HR__zscore,0.0084719103742564,Exercise_Avg_HR,0.008471910374256422
p03_daily_merged,stress,Sleep_Hours__change,0.007799484198347,Sleep_Hours,0.007799484198347021
p03_daily_merged,stress,Exercise_Duration__zscore,0.0071660837356721,Exercise_Duration,0.007166083735672119
p03_daily_merged,stress,Sleep_Score__deviation,0.0066473794250585,Sleep_Score,0.006647379425058517
p03_daily_merged,stress,Sleep_Composition__change,0.0053798918945193,Sleep_Composition,0.005379891894519315
p03_daily_merged,stress,Sleep_Composition__deviation,0.0049999999999999,Sleep_Composition,0.004999999999999913
p03_daily_merged,stress,Steps__raw,0.0048147388880586,Steps,0.004814738888058613
p03_daily_merged,stress,Sleep_Restlessness__zscore,0.00480122358765,Sleep_Restlessness,0.004801223587650013
p03_daily_merged,stress,Sleep_Duration_Score__zscore,0.0043369122910231,Sleep_Duration_Score,0.004336912291023111
p03_daily_merged,stress,Sleep_Composition__raw,0.0042712959224868,Sleep_Composition,0.004271295922486811
p03_daily_merged,stress,Sleep_Hours__raw,0.0036516612371259,Sleep_Hours,0.0036516612371259097
p03_daily_merged,stress,Sleep_Revitalization__zscore,0.0036016180525322,Sleep_Revitalization,0.0036016180525322095
p03_daily_merged,stress,Sleep_Revitalization__rolling_3,0.0032076583210603,Sleep_Revitalization,0.0032076583210603085
p03_daily_merged,stress,Sleep_Duration_Score__rolling_3,0.0027221172022684,Sleep_Duration_Score,0.0027221172022684073
p03_daily_merged,stress,Sleep_Hours__deviation,0.0026438998798801,Sleep_Hours,0.002643899879880107
p03_daily_merged,stress,Sleep_Revitalization__deviation,0.0025795700867052,Sleep_Revitalization,0.002579570086705207
p03_daily_merged,stress,Exercise_Calories__change,0.0025192671222916,Exercise_Calories,0.0025192671222916065
p03_daily_merged,stress,Exercise_Distance__rolling_7,0.0021588886297026,Exercise_Distance,0.0021588886297026055
p03_daily_merged,stress,Exercise_Distance__rolling_3,0.0019826976755524,Exercise_Distance,0.001982697675552405
p03_daily_merged,stress,Exercise_Calories__abs_zscore,0.001030263221914,Exercise_Calories,0.0010302632219140028
p03_daily_merged,stress,Sleep_Score__zscore,0.0004626477067895,Sleep_Score,0.0004626477067895012
p03_daily_merged,stress,Sleep_Composition__zscore,0.0003967664002973,Sleep_Composition,0.00039676640029730106
p03_daily_merged,stress,Exercise_Count__raw,0.0,Exercise_Count,0.0
p03_daily_merged,stress,Exercise_Count__change,0.0,Exercise_Count,0.0
p03_daily_merged,stress,Exercise_Count__zscore,0.0,Exercise_Count,0.0
p03_daily_merged,stress,Exercise_Count__abs_zscore,0.0,Exercise_Count,0.0
p03_daily_merged,stress,Exercise_Count__deviation,0.0,Exercise_Count,0.0
p03_daily_merged,stress,Exercise_Duration__raw,0.0,Exercise_Duration,0.0
p03_daily_merged,stress,Exercise_Duration__deviation,0.0,Exercise_Duration,0.0
p03_daily_merged,stress,Exercise_Distance__raw,0.0,Exercise_Distance,0.0
p03_daily_merged,stress,Exercise_Distance__change,0.0,Exercise_Distance,0.0
p03_daily_merged,stress,Exercise_Distance__zscore,0.0,Exercise_Distance,0.0
p03_daily_merged,stress,Exercise_Distance__abs_zscore,0.0,Exercise_Distance,0.0
p03_daily_merged,stress,Exercise_Distance__deviation,0.0,Exercise_Distance,0.0
p03_daily_merged,stress,Exercise_Calories__zscore,0.0,Exercise_Calories,0.0
p03_daily_merged,stress,Exercise_Calories__deviation,0.0,Exercise_Calories,0.0
p03_daily_merged,stress,Exercise_Avg_HR__rolling_3,0.0,Exercise_Avg_HR,0.0
p03_daily_merged,stress,Exercise_Avg_HR__rolling_7,0.0,Exercise_Avg_HR,0.0
p03_daily_merged,stress,Sleep_Hours__rolling_7,0.0,Sleep_Hours,0.0
p03_daily_merged,stress,Sleep_Hours__zscore,0.0,Sleep_Hours,0.0
p03_daily_merged,stress,Sleep_Duration_Score__raw,0.0,Sleep_Duration_Score,0.0
p03_daily_merged,stress,Sleep_Duration_Score__change,0.0,Sleep_Duration_Score,0.0
p03_daily_merged,stress,Sleep_Duration_Score__rolling_7,0.0,Sleep_Duration_Score,0.0
p03_daily_merged,stress,Sleep_Duration_Score__deviation,0.0,Sleep_Duration_Score,0.0
p03_daily_merged,stress,Deep_Sleep_Minutes__rolling_7,0.0,Deep_Sleep_Minutes,0.0
p03_daily_merged,stress,Sleep_Restlessness__rolling_3,0.0,Sleep_Restlessness,0.0
p03_daily_merged,stress,Sleep_Restlessness__rolling_7,0.0,Sleep_Restlessness,0.0
p03_daily_merged,stress,Sleep_Composition__rolling_3,0.0,Sleep_Composition,0.0
p03_daily_merged,stress,Sleep_Composition__rolling_7,0.0,Sleep_Composition,0.0
p03_daily_merged,stress,Sleep_Composition__abs_zscore,0.0,Sleep_Composition,0.0
p03_daily_merged,stress,Sleep_Revitalization__raw,0.0,Sleep_Revitalization,0.0
p03_daily_merged,stress,Sleep_Revitalization__change,0.0,Sleep_Revitalization,0.0
p03_daily_merged,stress,Sleep_Revitalization__rolling_7,0.0,Sleep_Revitalization,0.0
p03_daily_merged,stress,Sleep_Score__raw,0.0,Sleep_Score,0.0
p03_daily_merged,stress,Sleep_Score__rolling_3,0.0,Sleep_Score,0.0
p03_daily_merged,stress,Sleep_Score__rolling_7,0.0,Sleep_Score,0.0
p03_daily_merged,stress,Exercise_Calories__raw,-5.440422543241649e-19,Exercise_Calories,-5.440422543241663e-19
p04_daily_merged,fatigue,Sleep_Duration_Score__change,0.0601768943708228,Sleep_Duration_Score,0.06017689437082306
p04_daily_merged,fatigue,Sleep_Hours__change,0.0550149613424142,Sleep_Hours,0.05501496134241444
p04_daily_merged,fatigue,Exercise_Calories__abs_zscore,0.0444463081332927,Exercise_Calories,0.044446308133292894
p04_daily_merged,fatigue,Steps__change,0.030515123826073,Steps,0.03051512382607313
p04_daily_merged,fatigue,Exercise_Duration__rolling_3,0.0297924775338989,Exercise_Duration,0.029792477533899027
p04_daily_merged,fatigue,Sleep_Hours__abs_zscore,0.0276795739809431,Sleep_Hours,0.02767957398094322
p04_daily_merged,fatigue,Sleep_Restlessness__change,0.0255876986690607,Sleep_Restlessness,0.025587698669060813
p04_daily_merged,fatigue,Exercise_Duration__abs_zscore,0.0242323926081513,Exercise_Duration,0.024232392608151403
p04_daily_merged,fatigue,Steps__abs_zscore,0.0216714186095693,Steps,0.021671418609569393
p04_daily_merged,fatigue,Exercise_Calories__zscore,0.0197719939989627,Exercise_Calories,0.019771993998962786
p04_daily_merged,fatigue,Sleep_Score__abs_zscore,0.019412887604491,Sleep_Score,0.019412887604491082
p04_daily_merged,fatigue,Sleep_Duration_Score__rolling_7,0.0190222691063686,Sleep_Duration_Score,0.019022269106368683
p04_daily_merged,fatigue,Exercise_Duration__change,0.0182601174802744,Exercise_Duration,0.01826011748027448
p04_daily_merged,fatigue,Deep_Sleep_Minutes__change,0.0177785465132446,Deep_Sleep_Minutes,0.017778546513244675
p04_daily_merged,fatigue,Sleep_Score__zscore,0.0177472649996847,Sleep_Score,0.017747264999684775
p04_daily_merged,fatigue,Deep_Sleep_Minutes__rolling_3,0.0175181752457479,Deep_Sleep_Minutes,0.017518175245747978
p04_daily_merged,fatigue,Sleep_Hours__deviation,0.0164228164101534,Sleep_Hours,0.01642281641015347
p04_daily_merged,fatigue,Sleep_Score__deviation,0.0162431485892538,Sleep_Score,0.01624314858925387
p04_daily_merged,fatigue,Sleep_Hours__rolling_7,0.0156518239528065,Sleep_Hours,0.01565182395280657
p04_daily_merged,fatigue,Exercise_Duration__rolling_7,0.0154450458714198,Exercise_Duration,0.015445045871419868
p04_daily_merged,fatigue,Sleep_Hours__rolling_3,0.0151041183473383,Sleep_Hours,0.015104118347338366
p04_daily_merged,fatigue,Sleep_Restlessness__deviation,0.0150724916916834,Sleep_Restlessness,0.015072491691683466
p04_daily_merged,fatigue,Exercise_Distance__change,0.0150238269703973,Exercise_Distance,0.015023826970397364
p04_daily_merged,fatigue,Sleep_Score__raw,0.0136543639624095,Sleep_Score,0.01365436396240956
p04_daily_merged,fatigue,Sleep_Revitalization__change,0.0135726294896317,Sleep_Revitalization,0.01357262948963176
p04_daily_merged,fatigue,Sleep_Score__change,0.012713502933312,Sleep_Score,0.012713502933312056
p04_daily_merged,fatigue,Deep_Sleep_Minutes__abs_zscore,0.0121520683678966,Deep_Sleep_Minutes,0.012152068367896653
p04_daily_merged,fatigue,Sleep_Restlessness__zscore,0.0120002891840404,Sleep_Restlessness,0.012000289184040452
p04_daily_merged,fatigue,Exercise_Distance__rolling_7,0.011820762688096,Exercise_Distance,0.011820762688096053
p04_daily_merged,fatigue,Sleep_Restlessness__abs_zscore,0.011761091874299,Sleep_Restlessness,0.011761091874299051
p04_daily_merged,fatigue,Sleep_Duration_Score__abs_zscore,0.0115704082656967,Sleep_Duration_Score,0.01157040826569675
p04_daily_merged,fatigue,Exercise_Distance__rolling_3,0.0115131821424823,Exercise_Distance,0.01151318214248235
p04_daily_merged,fatigue,Exercise_Calories__rolling_3,0.0114169399969702,Exercise_Calories,0.011416939996970249
p04_daily_merged,fatigue,Steps__rolling_3,0.011299863063308,Steps,0.011299863063308048
p04_daily_merged,fatigue,Sleep_Score__rolling_3,0.0106299353168984,Sleep_Score,0.010629935316898447
p04_daily_merged,fatigue,Deep_Sleep_Minutes__rolling_7,0.0105371467914425,Deep_Sleep_Minutes,0.010537146791442546
p04_daily_merged,fatigue,Exercise_Avg_HR__abs_zscore,0.0103377346900224,Exercise_Avg_HR,0.010337734690022445
p04_daily_merged,fatigue,Sleep_Duration_Score__rolling_3,0.0103048513775384,Sleep_Duration_Score,0.010304851377538445
p04_daily_merged,fatigue,Steps__rolling_7,0.0102547958487887,Steps,0.010254795848788745
p04_daily_merged,fatigue,Sleep_Score__rolling_7,0.0100579936737774,Sleep_Score,0.010057993673777443
p04_daily_merged,fatigue,Sleep_Restlessness__raw,0.0099462640942284,Sleep_Restlessness,0.009946264094228443
p04_daily_merged,fatigue,Sleep_Revitalization__rolling_7,0.0099288081821677,Sleep_Revitalization,0.009928808182167743
p04_daily_merged,fatigue,Exercise_Calories__rolling_7,0.0097887047258099,Exercise_Calories,0.009788704725809942
p04_daily_merged,fatigue,Sleep_Hours__zscore,0.0095181784079249,Sleep_Hours,0.009518178407924942
p04_daily_merged,fatigue,Exercise_Calories__change,0.0094798631845176,Exercise_Calories,0.009479863184517642
p04_daily_merged,fatigue,Sleep_Restlessness__rolling_3,0.0089173811363693,Sleep_Restlessness,0.008917381136369338
p04_daily_merged,fatigue,Exercise_Calories__raw,0.0088829581463885,Exercise_Calories,0.008882958146388538
p04_daily_merged,fatigue,Sleep_Revitalization__abs_zscore,0.0084124371510905,Sleep_Revitalization,0.008412437151090536
p04_daily_merged,fatigue,Sleep_Restlessness__rolling_7,0.008294278955107,Sleep_Restlessness,0.008294278955107037
p04_daily_merged,fatigue,Exercise_Avg_HR__change,0.0080041635667221,Exercise_Avg_HR,0.008004163566722134
p04_daily_merged,fatigue,Sleep_Hours__raw,0.0074686161755429,Sleep_Hours,0.007468616175542932
p04_daily_merged,fatigue,Sleep_Duration_Score__zscore,0.0073891212898149,Sleep_Duration_Score,0.007389121289814932
p04_daily_merged,fatigue,Sleep_Composition__change,0.0071643952884265,Sleep_Composition,0.007164395288426531
p04_daily_merged,fatigue,Exercise_Count__change,0.0069503526301706,Exercise_Count,0.00695035263017063
p04_daily_merged,fatigue,Sleep_Revitalization__rolling_3,0.0066994588872125,Sleep_Revitalization,0.006699458887212528
p04_daily_merged,fatigue,Steps__raw,0.0058829088521355,Steps,0.005882908852135525
p04_daily_merged,fatigue,Steps__deviation,0.0056725436538863,Steps,0.005672543653886324
p04_daily_merged,fatigue,Exercise_Count__rolling_3,0.0055514965623657,Exercise_Count,0.005551496562365725
p04_daily_merged,fatigue,Sleep_Composition__deviation,0.0055400898156461,Sleep_Composition,0.005540089815646124
p04_daily_merged,fatigue,Deep_Sleep_Minutes__raw,0.0053429680710403,Deep_Sleep_Minutes,0.005342968071040324
p04_daily_merged,fatigue,Exercise_Avg_HR__raw,0.0050942058282059,Exercise_Avg_HR,0.0050942058282059215
p04_daily_merged,fatigue,Exercise_Distance__zscore,0.0046230135227366,Exercise_Distance,0.00462301352273662
p04_daily_merged,fatigue,Steps__zscore,0.0045901427613983,Steps,0.00459014276139832
p04_daily_merged,fatigue,Exercise_Count__rolling_7,0.0045872778608756,Exercise_Count,0.00458727786087562
p04_daily_merged,fatigue,Sleep_Duration_Score__deviation,0.0042741040023937,Sleep_Duration_Score,0.004274104002393718
p04_daily_merged,fatigue,Exercise_Avg_HR__zscore,0.00421517113552,Exercise_Avg_HR,0.004215171135520018
p04_daily_merged,fatigue,Exercise_Calories__deviation,0.0041289626159527,Exercise_Calories,0.004128962615952718
p04_daily_merged,fatigue,Sleep_Duration_Score__raw,0.0039111891839712,Sleep_Duration_Score,0.003911189183971217
p04_daily_merged,fatigue,Deep_Sleep_Minutes__zscore,0.0037778181572744,Deep_Sleep_Minutes,0.0037778181572744166
p04_daily_merged,fatigue,Sleep_Revitalization__raw,0.0036027977808086,Sleep_Revitalization,0.0036027977808086157
p04_daily_merged,fatigue,Sleep_Composition__rolling_7,0.0035299791780022,Sleep_Composition,0.0035299791780022153
p04_daily_merged,fatigue,Deep_Sleep_Minutes__deviation,0.003432832955414,Deep_Sleep_Minutes,0.0034328329554140146
p04_daily_merged,fatigue,Exercise_Avg_HR__rolling_3,0.0034246379629109,Exercise_Avg_HR,0.0034246379629109145
p04_daily_merged,fatigue,Sleep_Composition__abs_zscore,0.003254891942189,Sleep_Composition,0.003254891942189014
p04_daily_merged,fatigue,Exercise_Distance__deviation,0.0030715598375205,Exercise_Distance,0.0030715598375205136
p04_daily_merged,fatigue,Exercise_Duration__deviation,0.0030540626319827,Exercise_Duration,0.003054062631982713
p04_daily_merged,fatigue,Sleep_Revitalization__zscore,0.0030221641260471,Sleep_Revitalization,0.003022164126047113
p04_daily_merged,fatigue,Sleep_Composition__rolling_3,0.0027832270572035,Sleep_Composition,0.002783227057203512
p04_daily_merged,fatigue,Exercise_Avg_HR__deviation,0.0027830907197736,Exercise_Avg_HR,0.002783090719773612
p04_daily_merged,fatigue,Exercise_Duration__zscore,0.0027764284972793,Exercise_Duration,0.002776428497279312
p04_daily_merged,fatigue,Exercise_Count__deviation,0.0023459597491371,Exercise_Count,0.00234595974913711
p04_daily_merged,fatigue,Exercise_Count__abs_zscore,0.0022402477863036,Exercise_Count,0.0022402477863036094
p04_daily_merged,fatigue,Sleep_Composition__zscore,0.0021909506927849,Sleep_Composition,0.0021909506927849094
p04_daily_merged,fatigue,Exercise_Count__raw,0.0019199101803401,Exercise_Count,0.0019199101803401082
p04_daily_merged,fatigue,Exercise_Distance__abs_zscore,0.0019157076964125,Exercise_Distance,0.0019157076964125082
p04_daily_merged,fatigue,Exercise_Duration__raw,0.001782832569865,Exercise_Duration,0.0017828325698650079
p04_daily_merged,fatigue,Exercise_Distance__raw,0.0016520016134328,Exercise_Distance,0.001652001613432807
p04_daily_merged,fatigue,Sleep_Revitalization__deviation,0.001492399422672,Sleep_Revitalization,0.0014923994226720065
p04_daily_merged,fatigue,Sleep_Composition__raw,0.0014353734709121,Sleep_Composition,0.0014353734709121064
p04_daily_merged,fatigue,Exercise_Avg_HR__rolling_7,0.0010540062662778,Exercise_Avg_HR,0.0010540062662778046
p04_daily_merged,fatigue,Exercise_Count__zscore,9.128495168198489e-06,Exercise_Count,9.128495168198528e-06
p04_daily_merged,mood,Deep_Sleep_Minutes__abs_zscore,0.0535100542222795,Deep_Sleep_Minutes,0.05351005422227974
p04_daily_merged,mood,Exercise_Calories__abs_zscore,0.053470942519219,Exercise_Calories,0.05347094251921924
p04_daily_merged,mood,Exercise_Duration__rolling_7,0.0491612448820237,Exercise_Duration,0.04916124488202391
p04_daily_merged,mood,Exercise_Avg_HR__change,0.0450709831850435,Exercise_Avg_HR,0.045070983185043705
p04_daily_merged,mood,Deep_Sleep_Minutes__change,0.0393590312046556,Deep_Sleep_Minutes,0.039359031204655774
p04_daily_merged,mood,Sleep_Restlessness__abs_zscore,0.0365849196540141,Sleep_Restlessness,0.03658491965401426
p04_daily_merged,mood,Sleep_Hours__change,0.0302206668428012,Sleep_Hours,0.030220666842801336
p04_daily_merged,mood,Exercise_Duration__rolling_3,0.0260285157168831,Exercise_Duration,0.026028515716883215
p04_daily_merged,mood,Sleep_Hours__rolling_3,0.0250379002774346,Sleep_Hours,0.025037900277434712
p04_daily_merged,mood,Steps__rolling_7,0.0221993525243185,Steps,0.022199352524318598
p04_daily_merged,mood,Steps__abs_zscore,0.0218776717146896,Steps,0.021877671714689698
p04_daily_merged,mood,Sleep_Restlessness__change,0.0209600207206733,Sleep_Restlessness,0.020960020720673395
p04_daily_merged,mood,Exercise_Avg_HR__abs_zscore,0.0203507434379462,Exercise_Avg_HR,0.02035074343794629
p04_daily_merged,mood,Exercise_Distance__abs_zscore,0.0187142906594312,Exercise_Distance,0.018714290659431282
p04_daily_merged,mood,Exercise_Calories__rolling_7,0.0183370617124931,Exercise_Calories,0.01833706171249318
p04_daily_merged,mood,Sleep_Duration_Score__abs_zscore,0.0180909230695267,Sleep_Duration_Score,0.01809092306952678
p04_daily_merged,mood,Steps__rolling_3,0.0172869925363322,Steps,0.017286992536332275
p04_daily_merged,mood,Exercise_Duration__abs_zscore,0.0170286936574082,Exercise_Duration,0.017028693657408275
p04_daily_merged,mood,Exercise_Distance__rolling_7,0.0169513101792925,Exercise_Distance,0.016951310179292578
p04_daily_merged,mood,Sleep_Duration_Score__rolling_3,0.01608168215886,Sleep_Duration_Score,0.016081682158860074
p04_daily_merged,mood,Exercise_Distance__rolling_3,0.0160296903453515,Exercise_Distance,0.016029690345351573
p04_daily_merged,mood,Sleep_Score__rolling_7,0.0160199644597111,Sleep_Score,0.016019964459711173
p04_daily_merged,mood,Exercise_Duration__change,0.0153344863226089,Exercise_Duration,0.015334486322608967
p04_daily_merged,mood,Sleep_Restlessness__rolling_3,0.0151040730975984,Sleep_Restlessness,0.015104073097598468
p04_daily_merged,mood,Exercise_Calories__rolling_3,0.0135868033902877,Exercise_Calories,0.01358680339028776
p04_daily_merged,mood,Sleep_Revitalization__rolling_3,0.0127129411109514,Sleep_Revitalization,0.012712941110951457
p04_daily_merged,mood,Steps__change,0.0123509525453786,Steps,0.012350952545378656
p04_daily_merged,mood,Deep_Sleep_Minutes__rolling_7,0.0119938598341657,Deep_Sleep_Minutes,0.011993859834165755
p04_daily_merged,mood,Sleep_Revitalization__rolling_7,0.0118295394320962,Sleep_Revitalization,0.011829539432096253
p04_daily_merged,mood,Sleep_Duration_Score__change,0.0112393263820229,Sleep_Duration_Score,0.01123932638202295
p04_daily_merged,mood,Deep_Sleep_Minutes__rolling_3,0.0106528390031473,Deep_Sleep_Minutes,0.010652839003147346
p04_daily_merged,mood,Sleep_Composition__rolling_3,0.0103842729727107,Sleep_Composition,0.010384272972710747
p04_daily_merged,mood,Sleep_Hours__abs_zscore,0.010377086069123,Sleep_Hours,0.010377086069123046
p04_daily_merged,mood,Exercise_Calories__change,0.0098740444032174,Exercise_Calories,0.009874044403217444
p04_daily_merged,mood,Sleep_Composition__change,0.0096592010469872,Sleep_Composition,0.009659201046987243
p04_daily_merged,mood,Sleep_Score__rolling_3,0.0095965544571765,Sleep_Score,0.009596554457176543
p04_daily_merged,mood,Deep_Sleep_Minutes__zscore,0.0089273101641129,Deep_Sleep_Minutes,0.00892731016411294
p04_daily_merged,mood,Sleep_Duration_Score__rolling_7,0.0088016825052814,Sleep_Duration_Score,0.00880168250528144
p04_daily_merged,mood,Sleep_Restlessness__rolling_7,0.0084535523614353,Sleep_Restlessness,0.008453552361435338
p04_daily_merged,mood,Sleep_Revitalization__abs_zscore,0.0081422717396055,Sleep_Revitalization,0.008142271739605536
p04_daily_merged,mood,Sleep_Restlessness__raw,0.00783664516097,Sleep_Restlessness,0.007836645160970034
p04_daily_merged,mood,Exercise_Distance__change,0.0073819115566689,Exercise_Distance,0.007381911556668933
p04_daily_merged,mood,Sleep_Revitalization__change,0.0073761085687145,Sleep_Revitalization,0.007376108568714533
p04_daily_merged,mood,Exercise_Avg_HR__rolling_3,0.0071028263023773,Exercise_Avg_HR,0.007102826302377331
p04_daily_merged,mood,Sleep_Composition__rolling_7,0.0068974308563694,Sleep_Composition,0.006897430856369431
p04_daily_merged,mood,Exercise_Calories__zscore,0.0066793818532127,Exercise_Calories,0.0066793818532127295
p04_daily_merged,mood,Deep_Sleep_Minutes__raw,0.0066184917005246,Deep_Sleep_Minutes,0.006618491700524629
p04_daily_merged,mood,Sleep_Composition__abs_zscore,0.0065510775575116,Sleep_Composition,0.0065510775575116295
p04_daily_merged,mood,Steps__raw,0.0063123411451369,Steps,0.006312341145136928
p04_daily_merged,mood,Sleep_Duration_Score__zscore,0.0061507932519803,Sleep_Duration_Score,0.006150793251980327
p04_daily_merged,mood,Sleep_Hours__rolling_7,0.0059762682449392,Sleep_Hours,0.005976268244939227
p04_daily_merged,mood,Steps__zscore,0.005888327390223,Steps,0.005888327390223026
p04_daily_merged,mood,Sleep_Score__deviation,0.0056663091016276,Sleep_Score,0.005666309101627625
p04_daily_merged,mood,Exercise_Count__rolling_7,0.0055634934807418,Exercise_Count,0.005563493480741824
p04_daily_merged,mood,Exercise_Duration__zscore,0.0054149000091717,Exercise_Duration,0.005414900009171724
p04_daily_merged,mood,Sleep_Hours__deviation,0.005345537812954,Sleep_Hours,0.005345537812954024
p04_daily_merged,mood,Sleep_Score__abs_zscore,0.0052663155251373,Sleep_Score,0.005266315525137323
p04_daily_merged,mood,Sleep_Hours__zscore,0.0048697137254184,Sleep_Hours,0.004869713725418422
p04_daily_merged,mood,Exercise_Count__rolling_3,0.0048197403298544,Exercise_Count,0.004819740329854422
p04_daily_merged,mood,Sleep_Restlessness__deviation,0.0046666173524075,Sleep_Restlessness,0.004666617352407521
p04_daily_merged,mood,Sleep_Score__zscore,0.0045169984801608,Sleep_Score,0.00451699848016082
p04_daily_merged,mood,Steps__deviation,0.0043506585843769,Steps,0.004350658584376919
p04_daily_merged,mood,Deep_Sleep_Minutes__deviation,0.0041745877561972,Deep_Sleep_Minutes,0.004174587756197218
p04_daily_merged,mood,Exercise_Avg_HR__deviation,0.0039779947753509,Exercise_Avg_HR,0.0039779947753509175
p04_daily_merged,mood,Exercise_Avg_HR__raw,0.0038983633768051,Exercise_Avg_HR,0.0038983633768051172
p04_daily_merged,mood,Sleep_Hours__raw,0.0038371258951095,Sleep_Hours,0.0038371258951095167
p04_daily_merged,mood,Exercise_Calories__raw,0.0037436552726123,Exercise_Calories,0.0037436552726123166
p04_daily_merged,mood,Sleep_Revitalization__deviation,0.0036992411667533,Sleep_Revitalization,0.0036992411667533163
p04_daily_merged,mood,Sleep_Revitalization__raw,0.0035765296725733,Sleep_Revitalization,0.0035765296725733162
p04_daily_merged,mood,Exercise_Duration__raw,0.0034539507415975,Exercise_Duration,0.003453950741597515
p04_daily_merged,mood,Sleep_Restlessness__zscore,0.0034266487412456,Sleep_Restlessness,0.0034266487412456153
p04_daily_merged,mood,Sleep_Score__change,0.0034139332409793,Sleep_Score,0.003413933240979315
p04_daily_merged,mood,Exercise_Distance__raw,0.0031142101870169,Exercise_Distance,0.0031142101870169137
p04_daily_merged,mood,Sleep_Composition__raw,0.0029781392480224,Sleep_Composition,0.002978139248022413
p04_daily_merged,mood,Exercise_Avg_HR__zscore,0.0029621269990161,Exercise_Avg_HR,0.002962126999016113
p04_daily_merged,mood,Exercise_Count__change,0.0029556904434167,Exercise_Count,0.002955690443416713
p04_daily_merged,mood,Sleep_Duration_Score__deviation,0.0028840861680502,Sleep_Duration_Score,0.002884086168050213
p04_daily_merged,mood,Exercise_Duration__deviation,0.0023151154592907,Exercise_Duration,0.0023151154592907105
p04_daily_merged,mood,Sleep_Duration_Score__raw,0.0022976745973559,Sleep_Duration_Score,0.0022976745973559104
p04_daily_merged,mood,Sleep_Revitalization__zscore,0.0022210603174646,Sleep_Revitalization,0.00222106031746461
p04_daily_merged,mood,Sleep_Score__raw,0.0021470749095897,Sleep_Score,0.0021470749095897097
p04_daily_merged,mood,Exercise_Calories__deviation,0.0021202536174608,Exercise_Calories,0.0021202536174608094
p04_daily_merged,mood,Exercise_Count__zscore,0.0019548099768755,Exercise_Count,0.0019548099768755085
p04_daily_merged,mood,Sleep_Composition__zscore,0.0017147522309932,Sleep_Composition,0.0017147522309932076
p04_daily_merged,mood,Exercise_Distance__deviation,0.0010407833817781,Exercise_Distance,0.0010407833817781046
p04_daily_merged,mood,Sleep_Composition__deviation,0.0009546104181344,Sleep_Composition,0.0009546104181344042
p04_daily_merged,mood,Exercise_Count__abs_zscore,0.0008623281416411,Exercise_Count,0.0008623281416411038
p04_daily_merged,mood,Exercise_Count__raw,0.0007844431533569,Exercise_Count,0.0007844431533569035
p04_daily_merged,mood,Exercise_Count__deviation,0.0004315407394416,Exercise_Count,0.0004315407394416019
p04_daily_merged,mood,Exercise_Distance__zscore,0.0004139288630926,Exercise_Distance,0.0004139288630926018
p04_daily_merged,mood,Exercise_Avg_HR__rolling_7,0.0,Exercise_Avg_HR,0.0
p04_daily_merged,readiness,Exercise_Avg_HR__change,0.0459536179981921,Exercise_Avg_HR,0.04595361799819232
p04_daily_merged,readiness,Sleep_Duration_Score__change,0.0448847526764611,Sleep_Duration_Score,0.04488475267646132
p04_daily_merged,readiness,Steps__abs_zscore,0.03945662237808,Steps,0.03945662237808019
p04_daily_merged,readiness,Deep_Sleep_Minutes__change,0.0390604128097112,Deep_Sleep_Minutes,0.039060412809711384
p04_daily_merged,readiness,Steps__rolling_3,0.0297653709248223,Steps,0.029765370924822444
p04_daily_merged,readiness,Exercise_Avg_HR__abs_zscore,0.0291250939408347,Exercise_Avg_HR,0.02912509394083484
p04_daily_merged,readiness,Steps__rolling_7,0.0280878547244024,Steps,0.028087854724402537
p04_daily_merged,readiness,Sleep_Restlessness__abs_zscore,0.0278257452714025,Sleep_Restlessness,0.027825745271402632
p04_daily_merged,readiness,Exercise_Distance__change,0.0261359813469619,Exercise_Distance,0.026135981346962024
p04_daily_merged,readiness,Sleep_Score__change,0.0244106353549628,Sleep_Score,0.024410635354962917
p04_daily_merged,readiness,Sleep_Hours__change,0.0221455009725418,Sleep_Hours,0.022145500972541903
p04_daily_merged,readiness,Sleep_Score__raw,0.0191097734442893,Sleep_Score,0.01910977344428939
p04_daily_merged,readiness,Exercise_Duration__change,0.0180890506513392,Exercise_Duration,0.018089050651339287
p04_daily_merged,readiness,Deep_Sleep_Minutes__abs_zscore,0.0165048055751199,Deep_Sleep_Minutes,0.01650480557511998
p04_daily_merged,readiness,Sleep_Restlessness__change,0.0162283604683352,Sleep_Restlessness,0.016228360468335278
p04_daily_merged,readiness,Sleep_Duration_Score__abs_zscore,0.0157711360030126,Sleep_Duration_Score,0.015771136003012675
p04_daily_merged,readiness,Sleep_Hours__rolling_3,0.0156468480204802,Sleep_Hours,0.015646848020480275
p04_daily_merged,readiness,Sleep_Revitalization__change,0.0155583835757782,Sleep_Revitalization,0.015558383575778274
p04_daily_merged,readiness,Sleep_Hours__rolling_7,0.015157458889391,Sleep_Hours,0.015157458889391073
p04_daily_merged,readiness,Sleep_Duration_Score__rolling_3,0.0146652879897962,Sleep_Duration_Score,0.01466528798979627
p04_daily_merged,readiness,Deep_Sleep_Minutes__rolling_7,0.0143179746982482,Deep_Sleep_Minutes,0.014317974698248267
p04_daily_merged,readiness,Exercise_Calories__abs_zscore,0.0141897940664652,Exercise_Calories,0.014189794066465268
p04_daily_merged,readiness,Sleep_Hours__abs_zscore,0.0139551518451436,Sleep_Hours,0.013955151845143666
p04_daily_merged,readiness,Sleep_Duration_Score__rolling_7,0.0139381679680054,Sleep_Duration_Score,0.013938167968005465
p04_daily_merged,readiness,Sleep_Revitalization__rolling_7,0.0137473516938856,Sleep_Revitalization,0.013747351693885666
p04_daily_merged,readiness,Sleep_Composition__rolling_7,0.01371503345567,Sleep_Composition,0.013715033455670066
p04_daily_merged,readiness,Exercise_Calories__rolling_7,0.0133820250819867,Exercise_Calories,0.013382025081986763
p04_daily_merged,readiness,Steps__change,0.0129129498982383,Steps,0.012912949898238362
p04_daily_merged,readiness,Exercise_Duration__rolling_7,0.0127251314505883,Exercise_Duration,0.01272513145058836
p04_daily_merged,readiness,Sleep_Score__rolling_3,0.0126687268686236,Sleep_Score,0.01266872686862366
p04_daily_merged,readiness,Sleep_Restlessness__rolling_7,0.0120202374750787,Sleep_Restlessness,0.012020237475078757
p04_daily_merged,readiness,Sleep_Score__rolling_7,0.0118037958350063,Sleep_Score,0.011803795835006356
p04_daily_merged,readiness,Exercise_Distance__rolling_3,0.0113025110075627,Exercise_Distance,0.011302511007562754
p04_daily_merged,readiness,Exercise_Duration__rolling_3,0.0110395342440549,Exercise_Duration,0.011039534244054952
p04_daily_merged,readiness,Exercise_Duration__abs_zscore,0.01060847368925,Exercise_Duration,0.01060847368925005
p04_daily_merged,readiness,Exercise_Calories__rolling_3,0.0104809922811129,Exercise_Calories,0.01048099228111295
p04_daily_merged,readiness,Sleep_Score__deviation,0.0104514500129041,Sleep_Score,0.010451450012904151
p04_daily_merged,readiness,Sleep_Score__zscore,0.0103082002770992,Sleep_Score,0.010308200277099248
p04_daily_merged,readiness,Sleep_Score__abs_zscore,0.0102861909636317,Sleep_Score,0.010286190963631748
p04_daily_merged,readiness,Sleep_Restlessness__rolling_3,0.0102075431508304,Sleep_Restlessness,0.010207543150830448
p04_daily_merged,readiness,Deep_Sleep_Minutes__rolling_3,0.0101246133630117,Deep_Sleep_Minutes,0.010124613363011748
p04_daily_merged,readiness,Sleep_Composition__rolling_3,0.0100391017193547,Sleep_Composition,0.01003910171935475
p04_daily_merged,readiness,Sleep_Revitalization__rolling_3,0.0092735180417384,Sleep_Revitalization,0.009273518041738446
p04_daily_merged,readiness,Sleep_Composition__change,0.0088282794535287,Sleep_Composition,0.008828279453528742
p04_daily_merged,readiness,Exercise_Distance__rolling_7,0.0084860163911171,Exercise_Distance,0.00848601639111714
p04_daily_merged,readiness,Sleep_Duration_Score__zscore,0.0082844570618952,Sleep_Duration_Score,0.00828445706189524
p04_daily_merged,readiness,Sleep_Restlessness__zscore,0.0080752323081579,Sleep_Restlessness,0.008075232308157938
p04_daily_merged,readiness,Deep_Sleep_Minutes__deviation,0.0080111389248691,Deep_Sleep_Minutes,0.008011138924869139
p04_daily_merged,readiness,Exercise_Calories__change,0.007946677305156,Exercise_Calories,0.007946677305156039
p04_daily_merged,readiness,Sleep_Revitalization__abs_zscore,0.0078510316343679,Sleep_Revitalization,0.007851031634367938
p04_daily_merged,readiness,Sleep_Composition__abs_zscore,0.0076191167446071,Sleep_Composition,0.007619116744607137
p04_daily_merged,readiness,Deep_Sleep_Minutes__zscore,0.0073911009529365,Deep_Sleep_Minutes,0.0073911009529365355
p04_daily_merged,readiness,Steps__zscore,0.0072256866499213,Steps,0.007225686649921335
p04_daily_merged,readiness,Deep_Sleep_Minutes__raw,0.0071872270478468,Deep_Sleep_Minutes,0.007187227047846835
p04_daily_merged,readiness,Sleep_Duration_Score__raw,0.0071734259256123,Sleep_Duration_Score,0.007173425925612334
p04_daily_merged,readiness,Exercise_Avg_HR__raw,0.0066592286368725,Exercise_Avg_HR,0.006659228636872532
p04_daily_merged,readiness,Sleep_Restlessness__deviation,0.0062203019582902,Sleep_Restlessness,0.006220301958290229
p04_daily_merged,readiness,Steps__deviation,0.0059457126862265,Steps,0.005945712686226528
p04_daily_merged,readiness,Exercise_Avg_HR__deviation,0.0059066810198372,Exercise_Avg_HR,0.005906681019837229
p04_daily_merged,readiness,Sleep_Revitalization__deviation,0.0058678416893325,Sleep_Revitalization,0.005867841689332528
p04_daily_merged,readiness,Exercise_Count__rolling_7,0.0056364714720267,Exercise_Count,0.005636471472026727
p04_daily_merged,readiness,Exercise_Count__abs_zscore,0.0056075232672955,Exercise_Count,0.0056075232672955265
p04_daily_merged,readiness,Exercise_Avg_HR__rolling_7,0.0054130526876257,Exercise_Avg_HR,0.005413052687625726
p04_daily_merged,readiness,Exercise_Calories__deviation,0.0053711796875855,Exercise_Calories,0.005371179687585526
p04_daily_merged,readiness,Sleep_Revitalization__raw,0.0053301805794407,Sleep_Revitalization,0.005330180579440725
p04_daily_merged,readiness,Exercise_Duration__deviation,0.0050254522414377,Exercise_Duration,0.0050254522414377245
p04_daily_merged,readiness,Sleep_Hours__deviation,0.0048918238779568,Sleep_Hours,0.0048918238779568236
p04_daily_merged,readiness,Exercise_Avg_HR__zscore,0.0048160987087928,Exercise_Avg_HR,0.0048160987087928235
p04_daily_merged,readiness,Sleep_Restlessness__raw,0.0044315207773715,Sleep_Restlessness,0.004431520777371521
p04_daily_merged,readiness,Exercise_Distance__zscore,0.0040594125558888,Exercise_Distance,0.0040594125558888194
p04_daily_merged,readiness,Sleep_Duration_Score__deviation,0.0038189757300706,Sleep_Duration_Score,0.003818975730070618
p04_daily_merged,readiness,Exercise_Avg_HR__rolling_3,0.00377417240041,Exercise_Avg_HR,0.003774172400410018
p04_daily_merged,readiness,Exercise_Duration__zscore,0.0037404600051635,Exercise_Duration,0.0037404600051635178
p04_daily_merged,readiness,Sleep_Hours__zscore,0.0036938313290838,Sleep_Hours,0.0036938313290838178
p04_daily_merged,readiness,Sleep_Revitalization__zscore,0.0036618504799493,Sleep_Revitalization,0.003661850479949317
p04_daily_merged,readiness,Exercise_Distance__raw,0.0033171733407864,Exercise_Distance,0.003317173340786416
p04_daily_merged,readiness,Exercise_Count__change,0.0031405562960673,Exercise_Count,0.0031405562960673153
p04_daily_merged,readiness,Exercise_Distance__abs_zscore,0.0029716877324551,Exercise_Distance,0.002971687732455114
p04_daily_merged,readiness,Sleep_Composition__zscore,0.0024959102482109,Sleep_Composition,0.0024959102482109115
p04_daily_merged,readiness,Sleep_Hours__raw,0.0024687647138533,Sleep_Hours,0.0024687647138533116
p04_daily_merged,readiness,Sleep_Composition__deviation,0.0024215552099158,Sleep_Composition,0.002421555209915812
p04_daily_merged,readiness,Exercise_Calories__raw,0.0022554527236921,Exercise_Calories,0.002255452723692111
p04_daily_merged,readiness,Exercise_Distance__deviation,0.0022398874728526,Exercise_Distance,0.0022398874728526107
p04_daily_merged,readiness,Steps__raw,0.0020229346113265,Steps,0.0020229346113265095
p04_daily_merged,readiness,Exercise_Count__rolling_3,0.001698103085365,Exercise_Count,0.001698103085365008
p04_daily_merged,readiness,Sleep_Composition__raw,0.0013539092924671,Sleep_Composition,0.0013539092924671065
p04_daily_merged,readiness,Exercise_Calories__zscore,0.0012372407712909,Exercise_Calories,0.0012372407712909058
p04_daily_merged,readiness,Exercise_Duration__raw,0.0011115897329801,Exercise_Duration,0.0011115897329801053
p04_daily_merged,readiness,Exercise_Count__zscore,0.0001800943278122,Exercise_Count,0.00018009432781220086
p04_daily_merged,readiness,Exercise_Count__deviation,5.281614684100239e-05,Exercise_Count,5.281614684100264e-05
p04_daily_merged,readiness,Exercise_Count__raw,0.0,Exercise_Count,0.0
p04_daily_merged,sleep_quality,Sleep_Hours__change,0.0541173264564629,Sleep_Hours,0.05411732645646312
p04_daily_merged,sleep_quality,Sleep_Score__change,0.0504290735470854,Sleep_Score,0.050429073547085604
p04_daily_merged,sleep_quality,Sleep_Revitalization__change,0.0409118062257242,Sleep_Revitalization,0.040911806225724365
p04_daily_merged,sleep_quality,Exercise_Avg_HR__change,0.0364218469657759,Exercise_Avg_HR,0.03642184696577604
p04_daily_merged,sleep_quality,Sleep_Score__raw,0.0341399359366381,Sleep_Score,0.034139935936638235
p04_daily_merged,sleep_quality,Sleep_Score__zscore,0.0262698534494825,Sleep_Score,0.026269853449482603
p04_daily_merged,sleep_quality,Deep_Sleep_Minutes__rolling_3,0.0261277889043376,Deep_Sleep_Minutes,0.026127788904337704
p04_daily_merged,sleep_quality,Steps__rolling_3,0.0256364377140804,Steps,0.025636437714080505
p04_daily_merged,sleep_quality,Sleep_Restlessness__change,0.0245292494070846,Sleep_Restlessness,0.0245292494070847
p04_daily_merged,sleep_quality,Exercise_Distance__rolling_7,0.0235042363673884,Exercise_Distance,0.023504236367388492
p04_daily_merged,sleep_quality,Sleep_Restlessness__rolling_3,0.0230283634083517,Sleep_Restlessness,0.023028363408351793
p04_daily_merged,sleep_quality,Exercise_Calories__abs_zscore,0.0216870410819887,Exercise_Calories,0.021687041081988788
p04_daily_merged,sleep_quality,Sleep_Score__deviation,0.0208226814693571,Sleep_Score,0.020822681469357184
p04_daily_merged,sleep_quality,Deep_Sleep_Minutes__abs_zscore,0.0194541716302004,Deep_Sleep_Minutes,0.019454171630200478
p04_daily_merged,sleep_quality,Steps__rolling_7,0.0185779863262279,Steps,0.018577986326227973
p04_daily_merged,sleep_quality,Sleep_Hours__abs_zscore,0.0182693389439891,Sleep_Hours,0.018269338943989175
p04_daily_merged,sleep_quality,Exercise_Calories__change,0.0175598810834964,Exercise_Calories,0.01755988108349647
p04_daily_merged,sleep_quality,Deep_Sleep_Minutes__change,0.0159452577939896,Deep_Sleep_Minutes,0.015945257793989663
p04_daily_merged,sleep_quality,Sleep_Hours__rolling_3,0.0157240036841269,Sleep_Hours,0.015724003684126964
p04_daily_merged,sleep_quality,Exercise_Calories__rolling_7,0.0151377260936903,Exercise_Calories,0.01513772609369036
p04_daily_merged,sleep_quality,Exercise_Calories__rolling_3,0.0149353383328172,Exercise_Calories,0.01493533833281726
p04_daily_merged,sleep_quality,Exercise_Duration__rolling_7,0.0144367368585794,Exercise_Duration,0.014436736858579458
p04_daily_merged,sleep_quality,Sleep_Duration_Score__rolling_3,0.0138168517975087,Sleep_Duration_Score,0.013816851797508755
p04_daily_merged,sleep_quality,Sleep_Composition__rolling_3,0.0136343271783145,Sleep_Composition,0.013634327178314554
p04_daily_merged,sleep_quality,Exercise_Avg_HR__abs_zscore,0.0124035725542885,Exercise_Avg_HR,0.01240357255428855
p04_daily_merged,sleep_quality,Steps__change,0.012169657191429,Steps,0.012169657191429048
p04_daily_merged,sleep_quality,Deep_Sleep_Minutes__deviation,0.0121487008162723,Deep_Sleep_Minutes,0.012148700816272348
p04_daily_merged,sleep_quality,Exercise_Duration__rolling_3,0.0118922962379416,Exercise_Duration,0.011892296237941647
p04_daily_merged,sleep_quality,Deep_Sleep_Minutes__rolling_7,0.0118150324402168,Deep_Sleep_Minutes,0.011815032440216847
p04_daily_merged,sleep_quality,Steps__abs_zscore,0.0115614821807403,Steps,0.011561482180740348
p04_daily_merged,sleep_quality,Exercise_Distance__rolling_3,0.0114900896676274,Exercise_Distance,0.011490089667627445
p04_daily_merged,sleep_quality,Sleep_Hours__rolling_7,0.011249260021241,Sleep_Hours,0.011249260021241046
p04_daily_merged,sleep_quality,Exercise_Distance__change,0.0107735520592718,Exercise_Distance,0.010773552059271843
p04_daily_merged,sleep_quality,Deep_Sleep_Minutes__zscore,0.010523713176918,Deep_Sleep_Minutes,0.010523713176918041
p04_daily_merged,sleep_quality,Deep_Sleep_Minutes__raw,0.0104086035720889,Deep_Sleep_Minutes,0.010408603572088941
p04_daily_merged,sleep_quality,Sleep_Restlessness__abs_zscore,0.0098994739034848,Sleep_Restlessness,0.00989947390348484
p04_daily_merged,sleep_quality,Sleep_Score__rolling_3,0.0097782026983065,Sleep_Score,0.009778202698306539
p04_daily_merged,sleep_quality,Sleep_Revitalization__rolling_7,0.0097498397649094,Sleep_Revitalization,0.009749839764909438
p04_daily_merged,sleep_quality,Exercise_Duration__change,0.009729690454115,Exercise_Duration,0.009729690454115038
p04_daily_merged,sleep_quality,Exercise_Distance__abs_zscore,0.0088521312036514,Exercise_Distance,0.008852131203651435
p04_daily_merged,sleep_quality,Exercise_Distance__zscore,0.0088070121058861,Exercise_Distance,0.008807012105886134
p04_daily_merged,sleep_quality,Exercise_Avg_HR__raw,0.0084742419348855,Exercise_Avg_HR,0.008474241934885534
p04_daily_merged,sleep_quality,Sleep_Restlessness__rolling_7,0.0083283234394441,Sleep_Restlessness,0.008328323439444132
p04_daily_merged,sleep_quality,Exercise_Duration__abs_zscore,0.0082927158184725,Exercise_Duration,0.008292715818472534
p04_daily_merged,sleep_quality,Sleep_Duration_Score__abs_zscore,0.0082475014108906,Sleep_Duration_Score,0.008247501410890633
p04_daily_merged,sleep_quality,Sleep_Revitalization__raw,0.0078202370397207,Sleep_Revitalization,0.007820237039720731
p04_daily_merged,sleep_quality,Exercise_Duration__zscore,0.0075021517581271,Exercise_Duration,0.00750215175812713
p04_daily_merged,sleep_quality,Sleep_Score__rolling_7,0.0072320138353061,Sleep_Score,0.007232013835306129
p04_daily_merged,sleep_quality,Sleep_Hours__deviation,0.0070622532541496,Sleep_Hours,0.0070622532541496285
p04_daily_merged,sleep_quality,Sleep_Composition__change,0.0070429874537451,Sleep_Composition,0.007042987453745128
p04_daily_merged,sleep_quality,Steps__raw,0.0070077395966465,Steps,0.007007739596646528
p04_daily_merged,sleep_quality,Exercise_Avg_HR__deviation,0.0068198547449008,Exercise_Avg_HR,0.006819854744900827
p04_daily_merged,sleep_quality,Exercise_Calories__deviation,0.0066883634864924,Exercise_Calories,0.006688363486492427
p04_daily_merged,sleep_quality,Sleep_Duration_Score__deviation,0.0065116810253178,Sleep_Duration_Score,0.006511681025317826
p04_daily_merged,sleep_quality,Sleep_Duration_Score__rolling_7,0.0062773560610435,Sleep_Duration_Score,0.006277356061043525
p04_daily_merged,sleep_quality,Sleep_Revitalization__rolling_3,0.0061932145262907,Sleep_Revitalization,0.006193214526290725
p04_daily_merged,sleep_quality,Exercise_Count__change,0.0056953377355054,Exercise_Count,0.005695337735505422
p04_daily_merged,sleep_quality,Steps__zscore,0.0055458182201186,Steps,0.005545818220118622
p04_daily_merged,sleep_quality,Sleep_Revitalization__deviation,0.0054980506490852,Sleep_Revitalization,0.005498050649085221
p04_daily_merged,sleep_quality,Sleep_Composition__abs_zscore,0.0053021983876807,Sleep_Composition,0.005302198387680721
p04_daily_merged,sleep_quality,Sleep_Revitalization__abs_zscore,0.0052564474759607,Sleep_Revitalization,0.0052564474759607205
p04_daily_merged,sleep_quality,Sleep_Composition__zscore,0.0049946311984717,Sleep_Composition,0.00499463119847172
p04_daily_merged,sleep_quality,Exercise_Avg_HR__zscore,0.0049376055119686,Exercise_Avg_HR,0.00493760551196862
p04_daily_merged,sleep_quality,Sleep_Restlessness__deviation,0.0048084018295561,Sleep_Restlessness,0.0048084018295561195
p04_daily_merged,sleep_quality,Sleep_Restlessness__raw,0.0047504665757074,Sleep_Restlessness,0.004750466575707419
p04_daily_merged,sleep_quality,Exercise_Avg_HR__rolling_3,0.004706495949881,Exercise_Avg_HR,0.004706495949881019
p04_daily_merged,sleep_quality,Exercise_Count__rolling_7,0.0044782208912995,Exercise_Count,0.004478220891299518
p04_daily_merged,sleep_quality,Exercise_Duration__raw,0.0044504080347666,Exercise_Duration,0.004450408034766618
p04_daily_merged,sleep_quality,Sleep_Restlessness__zscore,0.0041093974863591,Sleep_Restlessness,0.004109397486359116
p04_daily_merged,sleep_quality,Sleep_Composition__rolling_7,0.004085467358905,Sleep_Composition,0.0040854673589050166
p04_daily_merged,sleep_quality,Sleep_Duration_Score__change,0.004058074960882,Sleep_Duration_Score,0.004058074960882016
p04_daily_merged,sleep_quality,Sleep_Score__abs_zscore,0.0040098252978544,Sleep_Score,0.0040098252978544155
p04_daily_merged,sleep_quality,Exercise_Duration__deviation,0.003934092871812,Exercise_Duration,0.003934092871812016
p04_daily_merged,sleep_quality,Sleep_Hours__zscore,0.003811713420285,Sleep_Hours,0.003811713420285015
p04_daily_merged,sleep_quality,Exercise_Count__rolling_3,0.0034407535689844,Exercise_Count,0.003440753568984414
p04_daily_merged,sleep_quality,Exercise_Distance__deviation,0.0034118865983828,Exercise_Distance,0.0034118865983828136
p04_daily_merged,sleep_quality,Exercise_Count__raw,0.0033027013966858,Exercise_Count,0.003302701396685813
p04_daily_merged,sleep_quality,Exercise_Calories__raw,0.0032079864760668,Exercise_Calories,0.003207986476066813
p04_daily_merged,sleep_quality,Sleep_Composition__deviation,0.0030277462367765,Sleep_Composition,0.003027746236776512
p04_daily_merged,sleep_quality,Exercise_Count__deviation,0.0027849607665974,Exercise_Count,0.0027849607665974114
p04_daily_merged,sleep_quality,Exercise_Count__zscore,0.0025068149197996,Exercise_Count,0.00250681491979961
p04_daily_merged,sleep_quality,Sleep_Hours__raw,0.0024361720562817,Sleep_Hours,0.0024361720562817097
p04_daily_merged,sleep_quality,Steps__deviation,0.0023555802834579,Steps,0.0023555802834579094
p04_daily_merged,sleep_quality,Sleep_Duration_Score__raw,0.0021879815606855,Sleep_Duration_Score,0.0021879815606855087
p04_daily_merged,sleep_quality,Exercise_Calories__zscore,0.0020566376608863,Exercise_Calories,0.0020566376608863084
p04_daily_merged,sleep_quality,Sleep_Revitalization__zscore,0.0017623722637185,Sleep_Revitalization,0.001762372263718507
p04_daily_merged,sleep_quality,Exercise_Count__abs_zscore,0.0017404340042612,Exercise_Count,0.001740434004261207
p04_daily_merged,sleep_quality,Exercise_Distance__raw,0.001520965768332,Exercise_Distance,0.001520965768332006
p04_daily_merged,sleep_quality,Sleep_Composition__raw,0.0011706352263446,Sleep_Composition,0.0011706352263446047
p04_daily_merged,sleep_quality,Sleep_Duration_Score__zscore,0.0007835112661163,Sleep_Duration_Score,0.0007835112661163031
p04_daily_merged,sleep_quality,Exercise_Avg_HR__rolling_7,0.0,Exercise_Avg_HR,0.0
p04_daily_merged,stress,Sleep_Composition__change,0.0483022547666853,Sleep_Composition,0.0483022547666855
p04_daily_merged,stress,Exercise_Calories__abs_zscore,0.0415694262947296,Exercise_Calories,0.041569426294729775
p04_daily_merged,stress,Deep_Sleep_Minutes__rolling_3,0.0409308441290493,Deep_Sleep_Minutes,0.040930844129049467
p04_daily_merged,stress,Exercise_Duration__rolling_7,0.039916682880646,Exercise_Duration,0.03991668288064617
p04_daily_merged,stress,Sleep_Restlessness__abs_zscore,0.0343302515138158,Sleep_Restlessness,0.03433025151381594
p04_daily_merged,stress,Sleep_Restlessness__change,0.0300033392516264,Sleep_Restlessness,0.030003339251626526
p04_daily_merged,stress,Steps__abs_zscore,0.0291060445820077,Steps,0.029106044582007818
p04_daily_merged,stress,Exercise_Duration__rolling_3,0.0273396206042729,Exercise_Duration,0.027339620604273012
p04_daily_merged,stress,Deep_Sleep_Minutes__abs_zscore,0.0254675715067221,Deep_Sleep_Minutes,0.025467571506722204
p04_daily_merged,stress,Exercise_Calories__rolling_3,0.0250593413085971,Exercise_Calories,0.025059341308597206
p04_daily_merged,stress,Sleep_Hours__rolling_3,0.0222262997867649,Sleep_Hours,0.02222629978676499
p04_daily_merged,stress,Sleep_Hours__change,0.0210831193145763,Sleep_Hours,0.021083119314576387
p04_daily_merged,stress,Steps__rolling_7,0.019982869616382,Steps,0.019982869616382085
p04_daily_merged,stress,Sleep_Restlessness__rolling_3,0.0191934160343358,Sleep_Restlessness,0.01919341603433588
p04_daily_merged,stress,Exercise_Duration__abs_zscore,0.0191500189931187,Exercise_Duration,0.01915001899311878
p04_daily_merged,stress,Steps__change,0.0177341909354564,Steps,0.017734190935456473
p04_daily_merged,stress,Exercise_Calories__rolling_7,0.0177295248130727,Exercise_Calories,0.017729524813072772
p04_daily_merged,stress,Exercise_Calories__change,0.017392993393021,Exercise_Calories,0.017392993393021073
p04_daily_merged,stress,Sleep_Score__abs_zscore,0.0170903555057923,Sleep_Score,0.017090355505792368
p04_daily_merged,stress,Exercise_Distance__rolling_7,0.0166320397515351,Exercise_Distance,0.01663203975153517
p04_daily_merged,stress,Sleep_Duration_Score__rolling_3,0.0164762582945664,Sleep_Duration_Score,0.01647625829456647
p04_daily_merged,stress,Sleep_Hours__abs_zscore,0.0159735360022728,Sleep_Hours,0.015973536002272866
p04_daily_merged,stress,Sleep_Duration_Score__abs_zscore,0.0156760330097173,Sleep_Duration_Score,0.015676033009717365
p04_daily_merged,stress,Steps__rolling_3,0.0150466198803859,Steps,0.015046619880385963
p04_daily_merged,stress,Sleep_Revitalization__change,0.0144413004955607,Sleep_Revitalization,0.01444130049556076
p04_daily_merged,stress,Deep_Sleep_Minutes__raw,0.0143700820053794,Deep_Sleep_Minutes,0.014370082005379458
p04_daily_merged,stress,Deep_Sleep_Minutes__change,0.0141813857831489,Deep_Sleep_Minutes,0.014181385783148958
p04_daily_merged,stress,Exercise_Duration__change,0.0139298830629659,Exercise_Duration,0.013929883062965958
p04_daily_merged,stress,Exercise_Avg_HR__change,0.0129040885959426,Exercise_Avg_HR,0.012904088595942654
p04_daily_merged,stress,Sleep_Score__rolling_3,0.0123128379471106,Sleep_Score,0.01231283794711065
p04_daily_merged,stress,Sleep_Composition__abs_zscore,0.0108675296543991,Sleep_Composition,0.010867529654399145
p04_daily_merged,stress,Deep_Sleep_Minutes__zscore,0.0103898185605821,Deep_Sleep_Minutes,0.010389818560582144
p04_daily_merged,stress,Exercise_Avg_HR__rolling_3,0.0102460037678457,Exercise_Avg_HR,0.010246003767845742
p04_daily_merged,stress,Sleep_Duration_Score__change,0.010139499411815,Sleep_Duration_Score,0.010139499411815042
p04_daily_merged,stress,Sleep_Hours__zscore,0.0096867617135862,Sleep_Hours,0.009686761713586239
p04_daily_merged,stress,Sleep_Hours__rolling_7,0.0096358649103892,Sleep_Hours,0.00963586491038924
p04_daily_merged,stress,Sleep_Restlessness__rolling_7,0.0096324246221386,Sleep_Restlessness,0.00963242462213864
p04_daily_merged,stress,Sleep_Restlessness__deviation,0.0088527681675047,Sleep_Restlessness,0.008852768167504736
p04_daily_merged,stress,Sleep_Revitalization__rolling_7,0.0086966832734393,Sleep_Revitalization,0.008696683273439336
p04_daily_merged,stress,Sleep_Composition__rolling_3,0.0086850650250076,Sleep_Composition,0.008685065025007637
p04_daily_merged,stress,Sleep_Hours__raw,0.0083479764140792,Sleep_Hours,0.008347976414079234
p04_daily_merged,stress,Exercise_Distance__change,0.0081285107053289,Exercise_Distance,0.008128510705328933
p04_daily_merged,stress,Sleep_Score__rolling_7,0.0080113628945198,Sleep_Score,0.008011362894519833
p04_daily_merged,stress,Deep_Sleep_Minutes__deviation,0.0079874932407408,Deep_Sleep_Minutes,0.007987493240740834
p04_daily_merged,stress,Sleep_Restlessness__zscore,0.0079102213729321,Sleep_Restlessness,0.007910221372932133
p04_daily_merged,stress,Sleep_Revitalization__rolling_3,0.00762420498228,Sleep_Revitalization,0.0076242049822800315
p04_daily_merged,stress,Steps__deviation,0.007532601025657,Steps,0.007532601025657031
p04_daily_merged,stress,Exercise_Avg_HR__abs_zscore,0.0074736074858405,Exercise_Avg_HR,0.00747360748584053
p04_daily_merged,stress,Exercise_Duration__deviation,0.0073879115144902,Exercise_Duration,0.00738791151449023
p04_daily_merged,stress,Exercise_Count__rolling_7,0.0072868127319422,Exercise_Count,0.00728681273194223
p04_daily_merged,stress,Exercise_Distance__rolling_3,0.0071299558013958,Exercise_Distance,0.007129955801395829
p04_daily_merged,stress,Exercise_Count__rolling_3,0.0067635414019513,Exercise_Count,0.006763541401951328
p04_daily_merged,stress,Sleep_Score__change,0.006653630946606,Sleep_Score,0.006653630946606028
p04_daily_merged,stress,Exercise_Calories__deviation,0.0065024371371155,Exercise_Calories,0.006502437137115527
p04_daily_merged,stress,Sleep_Hours__deviation,0.0065013066875459,Sleep_Hours,0.0065013066875459265
p04_daily_merged,stress,Exercise_Duration__zscore,0.0062278849898272,Exercise_Duration,0.006227884989827225
p04_daily_merged,stress,Sleep_Duration_Score__rolling_7,0.0060885225342321,Sleep_Duration_Score,0.006088522534232125
p04_daily_merged,stress,Sleep_Score__raw,0.0060874425668913,Sleep_Score,0.006087442566891325
p04_daily_merged,stress,Steps__zscore,0.0058230604111645,Steps,0.005823060411164524
p04_daily_merged,stress,Steps__raw,0.0058213760674687,Steps,0.005821376067468725
p04_daily_merged,stress,Deep_Sleep_Minutes__rolling_7,0.0055080679500128,Deep_Sleep_Minutes,0.005508067950012823
p04_daily_merged,stress,Exercise_Avg_HR__deviation,0.00547730628157,Exercise_Avg_HR,0.005477306281570023
p04_daily_merged,stress,Exercise_Distance__abs_zscore,0.0051855864636508,Exercise_Distance,0.005185586463650822
p04_daily_merged,stress,Exercise_Avg_HR__zscore,0.0050840357659834,Exercise_Avg_HR,0.0050840357659834206
p04_daily_merged,stress,Exercise_Calories__zscore,0.0046852346769395,Exercise_Calories,0.004685234676939519
p04_daily_merged,stress,Sleep_Restlessness__raw,0.0043636001553245,Sleep_Restlessness,0.0043636001553245185
p04_daily_merged,stress,Sleep_Score__deviation,0.0042980243221257,Sleep_Score,0.004298024322125718
p04_daily_merged,stress,Exercise_Count__change,0.004216963524152,Exercise_Count,0.004216963524152018
p04_daily_merged,stress,Exercise_Count__abs_zscore,0.0041323999956539,Exercise_Count,0.004132399995653917
p04_daily_merged,stress,Exercise_Avg_HR__raw,0.0041309155331657,Exercise_Avg_HR,0.004130915533165717
p04_daily_merged,stress,Sleep_Composition__rolling_7,0.0038424611985721,Sleep_Composition,0.0038424611985721155
p04_daily_merged,stress,Sleep_Revitalization__deviation,0.0035588482812186,Sleep_Revitalization,0.0035588482812186147
p04_daily_merged,stress,Sleep_Revitalization__raw,0.0034330205126116,Sleep_Revitalization,0.0034330205126116143
p04_daily_merged,stress,Sleep_Score__zscore,0.0030616108163784,Sleep_Score,0.0030616108163784126
p04_daily_merged,stress,Sleep_Composition__deviation,0.002759059999251,Sleep_Composition,0.0027590599992510113
p04_daily_merged,stress,Sleep_Composition__raw,0.0026972632581679,Sleep_Composition,0.002697263258167911
p04_daily_merged,stress,Exercise_Distance__deviation,0.0026849230343169,Exercise_Distance,0.002684923034316911
p04_daily_merged,stress,Exercise_Calories__raw,0.0025260161945906,Exercise_Calories,0.0025260161945906104
p04_daily_merged,stress,Exercise_Duration__raw,0.0024313786450382,Exercise_Duration,0.00243137864503821
p04_daily_merged,stress,Sleep_Duration_Score__zscore,0.0020513225667478,Sleep_Duration_Score,0.0020513225667478084
p04_daily_merged,stress,Sleep_Composition__zscore,0.0020041538251803,Sleep_Composition,0.002004153825180308
p04_daily_merged,stress,Sleep_Revitalization__abs_zscore,0.0019837769058171,Sleep_Revitalization,0.0019837769058171084
p04_daily_merged,stress,Sleep_Duration_Score__deviation,0.0014308322653975,Sleep_Duration_Score,0.0014308322653975058
p04_daily_merged,stress,Exercise_Distance__zscore,0.0012052421372524,Exercise_Distance,0.001205242137252405
p04_daily_merged,stress,Sleep_Duration_Score__raw,0.0011209196982282,Sleep_Duration_Score,0.0011209196982282046
p04_daily_merged,stress,Exercise_Count__deviation,0.0008821561783107,Exercise_Count,0.0008821561783107036
p04_daily_merged,stress,Exercise_Count__raw,0.0008317337877334,Exercise_Count,0.0008317337877334034
p04_daily_merged,stress,Sleep_Revitalization__zscore,0.0006439155841317,Sleep_Revitalization,0.0006439155841317026
p04_daily_merged,stress,Exercise_Distance__raw,5.844330428236056e-05,Exercise_Distance,5.84433042823608e-05
p04_daily_merged,stress,Exercise_Count__zscore,3.6277060216418696e-05,Exercise_Count,3.6277060216418845e-05
p04_daily_merged,stress,Exercise_Avg_HR__rolling_7,0.0,Exercise_Avg_HR,0.0
p05_daily_merged,fatigue,Deep_Sleep_Minutes__rolling_3,0.0446260941990699,Deep_Sleep_Minutes,0.04462609419907007
p05_daily_merged,fatigue,Sleep_Restlessness__change,0.0418577358908616,Sleep_Restlessness,0.04185773589086176
p05_daily_merged,fatigue,Sleep_Restlessness__abs_zscore,0.0366940953603478,Sleep_Restlessness,0.03669409536034795
p05_daily_merged,fatigue,Exercise_Calories__rolling_7,0.0268360151670188,Exercise_Calories,0.026836015167018903
p05_daily_merged,fatigue,Exercise_Duration__change,0.0261186387444632,Exercise_Duration,0.0261186387444633
p05_daily_merged,fatigue,Steps__raw,0.0258085448650154,Steps,0.0258085448650155
p05_daily_merged,fatigue,Steps__change,0.0252268976675233,Steps,0.025226897667523396
p05_daily_merged,fatigue,Exercise_Calories__change,0.0250342934029309,Exercise_Calories,0.025034293402930997
p05_daily_merged,fatigue,Sleep_Score__rolling_3,0.0242541827606979,Sleep_Score,0.024254182760697993
p05_daily_merged,fatigue,Sleep_Restlessness__rolling_3,0.0240140676303974,Sleep_Restlessness,0.024014067630397495
p05_daily_merged,fatigue,Sleep_Revitalization__change,0.023522797571322,Sleep_Revitalization,0.023522797571322092
p05_daily_merged,fatigue,Exercise_Duration__rolling_7,0.023516402556165,Exercise_Duration,0.023516402556165092
p05_daily_merged,fatigue,Sleep_Hours__abs_zscore,0.0232847571427138,Sleep_Hours,0.02328475714271389
p05_daily_merged,fatigue,Steps__deviation,0.0230532996175009,Steps,0.02305329961750099
p05_daily_merged,fatigue,Steps__abs_zscore,0.0230346801326661,Steps,0.02303468013266619
p05_daily_merged,fatigue,Exercise_Duration__abs_zscore,0.0228860455885063,Exercise_Duration,0.02288604558850639
p05_daily_merged,fatigue,Deep_Sleep_Minutes__change,0.0223390454163839,Deep_Sleep_Minutes,0.022339045416383988
p05_daily_merged,fatigue,Steps__rolling_3,0.0211952790378052,Steps,0.021195279037805284
p05_daily_merged,fatigue,Exercise_Duration__rolling_3,0.0209348619523679,Exercise_Duration,0.02093486195236798
p05_daily_merged,fatigue,Steps__zscore,0.019604535644598,Steps,0.019604535644598076
p05_daily_merged,fatigue,Sleep_Duration_Score__deviation,0.0193290066854505,Sleep_Duration_Score,0.019329006685450578
p05_daily_merged,fatigue,Sleep_Duration_Score__rolling_3,0.0193281081459743,Sleep_Duration_Score,0.019328108145974375
p05_daily_merged,fatigue,Exercise_Avg_HR__deviation,0.0162553780556483,Exercise_Avg_HR,0.016255378055648362
p05_daily_merged,fatigue,Exercise_Calories__rolling_3,0.016161594101017,Exercise_Calories,0.016161594101017064
p05_daily_merged,fatigue,Sleep_Hours__rolling_3,0.0157641121687315,Sleep_Hours,0.015764112168731564
p05_daily_merged,fatigue,Sleep_Restlessness__zscore,0.0157391679368769,Sleep_Restlessness,0.015739167936876963
p05_daily_merged,fatigue,Sleep_Restlessness__raw,0.0152462716583324,Sleep_Restlessness,0.015246271658332458
p05_daily_merged,fatigue,Sleep_Restlessness__deviation,0.0152113448261339,Sleep_Restlessness,0.01521134482613396
p05_daily_merged,fatigue,Steps__rolling_7,0.0143349353073992,Steps,0.014334935307399255
p05_daily_merged,fatigue,Sleep_Duration_Score__raw,0.0141524763236612,Sleep_Duration_Score,0.014152476323661255
p05_daily_merged,fatigue,Exercise_Avg_HR__zscore,0.0136785462581564,Exercise_Avg_HR,0.013678546258156454
p05_daily_merged,fatigue,Deep_Sleep_Minutes__abs_zscore,0.0124796293500152,Deep_Sleep_Minutes,0.012479629350015248
p05_daily_merged,fatigue,Sleep_Duration_Score__zscore,0.0124382524543843,Sleep_Duration_Score,0.012438252454384348
p05_daily_merged,fatigue,Exercise_Count__rolling_3,0.0123921320171558,Exercise_Count,0.012392132017155848
p05_daily_merged,fatigue,Exercise_Count__rolling_7,0.0117841103423736,Exercise_Count,0.011784110342373645
p05_daily_merged,fatigue,Exercise_Avg_HR__abs_zscore,0.0117775997266895,Exercise_Avg_HR,0.011777599726689545
p05_daily_merged,fatigue,Exercise_Count__abs_zscore,0.0115738857575875,Exercise_Count,0.011573885757587546
p05_daily_merged,fatigue,Sleep_Revitalization__rolling_3,0.0112810034455256,Sleep_Revitalization,0.011281003445525644
p05_daily_merged,fatigue,Sleep_Composition__change,0.0112643246133602,Sleep_Composition,0.011264324613360244
p05_daily_merged,fatigue,Exercise_Avg_HR__raw,0.0111809280026462,Exercise_Avg_HR,0.011180928002646244
p05_daily_merged,fatigue,Sleep_Hours__change,0.0107559948179294,Sleep_Hours,0.01075599481792944
p05_daily_merged,fatigue,Sleep_Score__abs_zscore,0.0096986385504663,Sleep_Score,0.009698638550466338
p05_daily_merged,fatigue,Sleep_Hours__zscore,0.0094338060236954,Sleep_Hours,0.009433806023695436
p05_daily_merged,fatigue,Sleep_Duration_Score__abs_zscore,0.0086118130964824,Sleep_Duration_Score,0.008611813096482433
p05_daily_merged,fatigue,Exercise_Avg_HR__rolling_3,0.0083522220139574,Exercise_Avg_HR,0.008352222013957434
p05_daily_merged,fatigue,Exercise_Calories__abs_zscore,0.0083285287936504,Exercise_Calories,0.008328528793650434
p05_daily_merged,fatigue,Sleep_Score__deviation,0.0078586519267047,Sleep_Score,0.007858651926704732
p05_daily_merged,fatigue,Sleep_Score__raw,0.0075882412669867,Sleep_Score,0.0075882412669867295
p05_daily_merged,fatigue,Deep_Sleep_Minutes__deviation,0.0074177308579806,Deep_Sleep_Minutes,0.007417730857980628
p05_daily_merged,fatigue,Sleep_Restlessness__rolling_7,0.0072733350994549,Sleep_Restlessness,0.007273335099454928
p05_daily_merged,fatigue,Exercise_Avg_HR__change,0.0068711313512633,Exercise_Avg_HR,0.0068711313512633265
p05_daily_merged,fatigue,Sleep_Score__change,0.0064956957706808,Sleep_Score,0.006495695770680825
p05_daily_merged,fatigue,Exercise_Calories__zscore,0.0062449704774311,Exercise_Calories,0.006244970477431124
p05_daily_merged,fatigue,Exercise_Count__change,0.0062159995932052,Exercise_Count,0.006215999593205224
p05_daily_merged,fatigue,Sleep_Hours__raw,0.0058350703304527,Sleep_Hours,0.005835070330452723
p05_daily_merged,fatigue,Sleep_Score__zscore,0.0055325950701827,Sleep_Score,0.005532595070182722
p05_daily_merged,fatigue,Exercise_Duration__zscore,0.0055196862186752,Exercise_Duration,0.005519686218675221
p05_daily_merged,fatigue,Sleep_Hours__deviation,0.0048287865497542,Sleep_Hours,0.004828786549754219
p05_daily_merged,fatigue,Sleep_Revitalization__abs_zscore,0.0048182630544373,Sleep_Revitalization,0.004818263054437319
p05_daily_merged,fatigue,Sleep_Hours__rolling_7,0.0045691130679798,Sleep_Hours,0.004569113067979818
p05_daily_merged,fatigue,Deep_Sleep_Minutes__zscore,0.0043545484474879,Deep_Sleep_Minutes,0.004354548447487917
p05_daily_merged,fatigue,Exercise_Count__raw,0.0039431169440163,Exercise_Count,0.003943116944016316
p05_daily_merged,fatigue,Sleep_Duration_Score__change,0.0037280991669841,Sleep_Duration_Score,0.0037280991669841144
p05_daily_merged,fatigue,Sleep_Score__rolling_7,0.0034376418656881,Sleep_Score,0.0034376418656881136
p05_daily_merged,fatigue,Sleep_Revitalization__rolling_7,0.0033300231069862,Sleep_Revitalization,0.003330023106986213
p05_daily_merged,fatigue,Deep_Sleep_Minutes__raw,0.0032221416896447,Deep_Sleep_Minutes,0.0032221416896447124
p05_daily_merged,fatigue,Deep_Sleep_Minutes__rolling_7,0.0029280424928416,Deep_Sleep_Minutes,0.0029280424928416113
p05_daily_merged,fatigue,Sleep_Revitalization__raw,0.0028764161723956,Sleep_Revitalization,0.0028764161723956114
p05_daily_merged,fatigue,Exercise_Calories__raw,0.0028729599271501,Exercise_Calories,0.0028729599271501115
p05_daily_merged,fatigue,Exercise_Calories__deviation,0.002660319164867,Exercise_Calories,0.00266031916486701
p05_daily_merged,fatigue,Exercise_Distance__change,0.0026297348718204,Exercise_Distance,0.0026297348718204105
p05_daily_merged,fatigue,Sleep_Duration_Score__rolling_7,0.0024779857732492,Sleep_Duration_Score,0.0024779857732492097
p05_daily_merged,fatigue,Sleep_Composition__rolling_3,0.0024638970337129,Sleep_Composition,0.0024638970337129097
p05_daily_merged,fatigue,Sleep_Revitalization__zscore,0.002368804941636,Sleep_Revitalization,0.002368804941636009
p05_daily_merged,fatigue,Exercise_Duration__deviation,0.0019838014321527,Exercise_Duration,0.0019838014321527076
p05_daily_merged,fatigue,Exercise_Duration__raw,0.0017882119243958,Exercise_Duration,0.001788211924395807
p05_daily_merged,fatigue,Sleep_Revitalization__deviation,0.0013248784179258,Sleep_Revitalization,0.0013248784179258051
p05_daily_merged,fatigue,Sleep_Composition__rolling_7,0.0012508566931266,Sleep_Composition,0.0012508566931266048
p05_daily_merged,fatigue,Exercise_Distance__rolling_7,0.0012053821889086,Exercise_Distance,0.0012053821889086048
p05_daily_merged,fatigue,Exercise_Distance__rolling_3,0.0007808687752245,Exercise_Distance,0.0007808687752245031
p05_daily_merged,fatigue,Sleep_Composition__zscore,0.0006228716462758,Sleep_Composition,0.0006228716462758024
p05_daily_merged,fatigue,Sleep_Composition__abs_zscore,0.0002412576961745,Sleep_Composition,0.00024125769617450095
p05_daily_merged,fatigue,Exercise_Count__zscore,4.278817048640901e-05,Exercise_Count,4.278817048640918e-05
p05_daily_merged,fatigue,Exercise_Count__deviation,0.0,Exercise_Count,0.0
p05_daily_merged,fatigue,Exercise_Distance__raw,0.0,Exercise_Distance,0.0
p05_daily_merged,fatigue,Exercise_Distance__zscore,0.0,Exercise_Distance,0.0
p05_daily_merged,fatigue,Exercise_Distance__abs_zscore,0.0,Exercise_Distance,0.0
p05_daily_merged,fatigue,Exercise_Distance__deviation,0.0,Exercise_Distance,0.0
p05_daily_merged,fatigue,Exercise_Avg_HR__rolling_7,0.0,Exercise_Avg_HR,0.0
p05_daily_merged,fatigue,Sleep_Composition__raw,0.0,Sleep_Composition,0.0
p05_daily_merged,fatigue,Sleep_Composition__deviation,0.0,Sleep_Composition,0.0
p05_daily_merged,mood,Exercise_Count__change,0.0575115410006961,Exercise_Count,0.057511541000696345
p05_daily_merged,mood,Steps__change,0.0535062491211431,Steps,0.05350624912114333
p05_daily_merged,mood,Sleep_Hours__abs_zscore,0.0381379444487799,Sleep_Hours,0.03813794444878006
p05_daily_merged,mood,Deep_Sleep_Minutes__abs_zscore,0.0337871066704347,Deep_Sleep_Minutes,0.033787106670434844
p05_daily_merged,mood,Exercise_Calories__change,0.0329166409271927,Exercise_Calories,0.03291664092719284
p05_daily_merged,mood,Steps__abs_zscore,0.0320706171696463,Steps,0.03207061716964643
p05_daily_merged,mood,Sleep_Restlessness__abs_zscore,0.0297414778367401,Sleep_Restlessness,0.029741477836740225
p05_daily_merged,mood,Sleep_Score__abs_zscore,0.028506272749332,Sleep_Score,0.02850627274933212
p05_daily_merged,mood,Deep_Sleep_Minutes__change,0.0266556263511477,Deep_Sleep_Minutes,0.02665562635114781
p05_daily_merged,mood,Steps__rolling_3,0.0254622632250975,Steps,0.025462263225097606
p05_daily_merged,mood,Exercise_Calories__rolling_3,0.0240064074441883,Exercise_Calories,0.024006407444188402
p05_daily_merged,mood,Exercise_Duration__rolling_3,0.0224497450285147,Exercise_Duration,0.022449745028514795
p05_daily_merged,mood,Exercise_Avg_HR__abs_zscore,0.022375603961474,Exercise_Avg_HR,0.022375603961474092
p05_daily_merged,mood,Sleep_Hours__rolling_3,0.0218902493166291,Sleep_Hours,0.021890249316629192
p05_daily_merged,mood,Sleep_Duration_Score__abs_zscore,0.021199212138647,Sleep_Duration_Score,0.02119921213864709
p05_daily_merged,mood,Sleep_Hours__change,0.0208743507613069,Sleep_Hours,0.020874350761306986
p05_daily_merged,mood,Sleep_Score__change,0.0204748628906088,Sleep_Score,0.020474862890608885
p05_daily_merged,mood,Exercise_Duration__change,0.0194803932860097,Exercise_Duration,0.019480393286009784
p05_daily_merged,mood,Sleep_Restlessness__rolling_3,0.0186815611141949,Sleep_Restlessness,0.01868156111419498
p05_daily_merged,mood,Exercise_Calories__rolling_7,0.0181187424317471,Exercise_Calories,0.018118742431747176
p05_daily_merged,mood,Exercise_Duration__rolling_7,0.0178273706003645,Exercise_Duration,0.017827370600364576
p05_daily_merged,mood,Sleep_Composition__change,0.0171062895270367,Sleep_Composition,0.017106289527036772
p05_daily_merged,mood,Exercise_Count__rolling_7,0.0170637439878261,Exercise_Count,0.017063743987826174
p05_daily_merged,mood,Sleep_Score__rolling_3,0.0161487819465987,Sleep_Score,0.01614878194659877
p05_daily_merged,mood,Sleep_Restlessness__change,0.0149318017715649,Sleep_Restlessness,0.014931801771564963
p05_daily_merged,mood,Sleep_Duration_Score__raw,0.0146744392133763,Sleep_Duration_Score,0.014674439213376363
p05_daily_merged,mood,Exercise_Distance__rolling_7,0.0146661519183813,Exercise_Distance,0.014666151918381363
p05_daily_merged,mood,Sleep_Duration_Score__rolling_3,0.0144859780793709,Sleep_Duration_Score,0.014485978079370961
p05_daily_merged,mood,Steps__deviation,0.0143543790217479,Steps,0.014354379021747962
p05_daily_merged,mood,Steps__zscore,0.0125352251887915,Steps,0.012535225188791552
p05_daily_merged,mood,Exercise_Avg_HR__change,0.0114317446389455,Exercise_Avg_HR,0.011431744638945548
p05_daily_merged,mood,Steps__raw,0.0112544978683141,Steps,0.011254497868314147
p05_daily_merged,mood,Sleep_Duration_Score__zscore,0.011171963428564,Sleep_Duration_Score,0.011171963428564047
p05_daily_merged,mood,Sleep_Score__raw,0.0106274085669811,Sleep_Score,0.010627408566981146
p05_daily_merged,mood,Exercise_Count__rolling_3,0.0105946433185145,Exercise_Count,0.010594643318514545
p05_daily_merged,mood,Sleep_Restlessness__raw,0.0096073600727883,Sleep_Restlessness,0.00960736007278834
p05_daily_merged,mood,Sleep_Restlessness__deviation,0.0095710483272549,Sleep_Restlessness,0.00957104832725494
p05_daily_merged,mood,Steps__rolling_7,0.0093771000266089,Steps,0.00937710002660894
p05_daily_merged,mood,Sleep_Hours__raw,0.0089345703858646,Sleep_Hours,0.008934570385864638
p05_daily_merged,mood,Sleep_Hours__deviation,0.0077908632240195,Sleep_Hours,0.007790863224019533
p05_daily_merged,mood,Exercise_Calories__abs_zscore,0.0075798063984773,Exercise_Calories,0.007579806398477332
p05_daily_merged,mood,Exercise_Avg_HR__deviation,0.007515266094921,Exercise_Avg_HR,0.0075152660949210325
p05_daily_merged,mood,Sleep_Duration_Score__deviation,0.0075033964908222,Sleep_Duration_Score,0.007503396490822231
p05_daily_merged,mood,Exercise_Duration__abs_zscore,0.0072644232046117,Exercise_Duration,0.00726442320461173
p05_daily_merged,mood,Sleep_Restlessness__rolling_7,0.007108774046559,Sleep_Restlessness,0.00710877404655903
p05_daily_merged,mood,Sleep_Revitalization__deviation,0.0069138062977644,Sleep_Revitalization,0.006913806297764429
p05_daily_merged,mood,Exercise_Avg_HR__zscore,0.0068063051859754,Exercise_Avg_HR,0.006806305185975429
p05_daily_merged,mood,Sleep_Restlessness__zscore,0.0064987354116421,Sleep_Restlessness,0.006498735411642128
p05_daily_merged,mood,Sleep_Hours__zscore,0.0064219335605869,Sleep_Hours,0.006421933560586927
p05_daily_merged,mood,Sleep_Revitalization__change,0.0063608416757607,Sleep_Revitalization,0.006360841675760727
p05_daily_merged,mood,Sleep_Revitalization__rolling_3,0.0061982166479383,Sleep_Revitalization,0.006198216647938326
p05_daily_merged,mood,Sleep_Duration_Score__change,0.0060625347695839,Sleep_Duration_Score,0.006062534769583925
p05_daily_merged,mood,Deep_Sleep_Minutes__raw,0.0060018932752082,Deep_Sleep_Minutes,0.0060018932752082255
p05_daily_merged,mood,Sleep_Hours__rolling_7,0.0058293681299347,Sleep_Hours,0.005829368129934724
p05_daily_merged,mood,Exercise_Avg_HR__rolling_3,0.0057048878718578,Exercise_Avg_HR,0.005704887871857824
p05_daily_merged,mood,Exercise_Duration__zscore,0.0056757836894255,Exercise_Duration,0.005675783689425525
p05_daily_merged,mood,Exercise_Calories__zscore,0.0054366981053394,Exercise_Calories,0.005436698105339422
p05_daily_merged,mood,Exercise_Avg_HR__raw,0.0052996071524115,Exercise_Avg_HR,0.005299607152411522
p05_daily_merged,mood,Deep_Sleep_Minutes__zscore,0.0050929753684115,Deep_Sleep_Minutes,0.005092975368411521
p05_daily_merged,mood,Sleep_Score__deviation,0.0048703843202719,Sleep_Score,0.004870384320271921
p05_daily_merged,mood,Deep_Sleep_Minutes__rolling_3,0.0045145630627042,Deep_Sleep_Minutes,0.0045145630627042195
p05_daily_merged,mood,Sleep_Composition__rolling_7,0.0042023564688635,Sleep_Composition,0.004202356468863517
p05_daily_merged,mood,Sleep_Revitalization__abs_zscore,0.0039442348052698,Sleep_Revitalization,0.0039442348052698166
p05_daily_merged,mood,Sleep_Score__zscore,0.0038583379562788,Sleep_Score,0.0038583379562788164
p05_daily_merged,mood,Sleep_Revitalization__raw,0.0036889066523257,Sleep_Revitalization,0.0036889066523257156
p05_daily_merged,mood,Exercise_Calories__raw,0.0035766312519062,Exercise_Calories,0.0035766312519062153
p05_daily_merged,mood,Exercise_Calories__deviation,0.0033956595129752,Exercise_Calories,0.0033956595129752145
p05_daily_merged,mood,Exercise_Duration__deviation,0.0030974355809955,Exercise_Duration,0.003097435580995513
p05_daily_merged,mood,Deep_Sleep_Minutes__rolling_7,0.0025677058647467,Deep_Sleep_Minutes,0.002567705864746711
p05_daily_merged,mood,Exercise_Count__abs_zscore,0.0023330855311816,Exercise_Count,0.00233308553118161
p05_daily_merged,mood,Sleep_Composition__deviation,0.0021303328769766,Sleep_Composition,0.002130332876976609
p05_daily_merged,mood,Sleep_Composition__abs_zscore,0.0020444590736205,Sleep_Composition,0.0020444590736205088
p05_daily_merged,mood,Exercise_Duration__raw,0.0020331485025539,Exercise_Duration,0.0020331485025539085
p05_daily_merged,mood,Sleep_Revitalization__zscore,0.0017921673332871,Sleep_Revitalization,0.0017921673332871077
p05_daily_merged,mood,Deep_Sleep_Minutes__deviation,0.0016990300387754,Deep_Sleep_Minutes,0.0016990300387754072
p05_daily_merged,mood,Sleep_Duration_Score__rolling_7,0.0015526468499213,Sleep_Duration_Score,0.0015526468499213065
p05_daily_merged,mood,Sleep_Composition__rolling_3,0.0011923830174806,Sleep_Composition,0.001192383017480605
p05_daily_merged,mood,Sleep_Composition__raw,0.0011213059235656,Sleep_Composition,0.0011213059235656048
p05_daily_merged,mood,Exercise_Count__raw,0.000962213137163,Exercise_Count,0.000962213137163004
p05_daily_merged,mood,Sleep_Score__rolling_7,0.0007840659602944,Sleep_Score,0.0007840659602944034
p05_daily_merged,mood,Exercise_Distance__rolling_3,0.0007178364550921,Exercise_Distance,0.000717836455092103
p05_daily_merged,mood,Sleep_Revitalization__rolling_7,0.0003469228600441,Sleep_Revitalization,0.00034692286004410147
p05_daily_merged,mood,Exercise_Count__zscore,0.0002967046000258,Exercise_Count,0.00029670460002580125
p05_daily_merged,mood,Exercise_Count__deviation,0.0,Exercise_Count,0.0
p05_daily_merged,mood,Exercise_Distance__raw,0.0,Exercise_Distance,0.0
p05_daily_merged,mood,Exercise_Distance__change,0.0,Exercise_Distance,0.0
p05_daily_merged,mood,Exercise_Distance__zscore,0.0,Exercise_Distance,0.0
p05_daily_merged,mood,Exercise_Distance__abs_zscore,0.0,Exercise_Distance,0.0
p05_daily_merged,mood,Exercise_Distance__deviation,0.0,Exercise_Distance,0.0
p05_daily_merged,mood,Exercise_Avg_HR__rolling_7,0.0,Exercise_Avg_HR,0.0
p05_daily_merged,mood,Sleep_Composition__zscore,0.0,Sleep_Composition,0.0
p05_daily_merged,readiness,Sleep_Score__change,0.1362094996689587,Sleep_Score,0.13620949966895915
p05_daily_merged,readiness,Exercise_Duration__abs_zscore,0.0749725717098377,Exercise_Duration,0.07497257170983795
p05_daily_merged,readiness,Exercise_Avg_HR__rolling_3,0.0666013449764569,Exercise_Avg_HR,0.06660134497645712
p05_daily_merged,readiness,Sleep_Score__deviation,0.0641674999265343,Sleep_Score,0.0641674999265345
p05_daily_merged,readiness,Sleep_Score__raw,0.0531258205992153,Sleep_Score,0.05312582059921548
p05_daily_merged,readiness,Sleep_Duration_Score__raw,0.0508159366897998,Sleep_Duration_Score,0.050815936689799966
p05_daily_merged,readiness,Exercise_Duration__change,0.0438973145714286,Exercise_Duration,0.043897314571428744
p05_daily_merged,readiness,Sleep_Duration_Score__deviation,0.0424926855163245,Sleep_Duration_Score,0.04249268551632464
p05_daily_merged,readiness,Exercise_Avg_HR__abs_zscore,0.0417093096800233,Exercise_Avg_HR,0.04170930968002344
p05_daily_merged,readiness,Sleep_Score__zscore,0.0373514170827589,Sleep_Score,0.03735141708275903
p05_daily_merged,readiness,Exercise_Avg_HR__zscore,0.0304709970251507,Exercise_Avg_HR,0.0304709970251508
p05_daily_merged,readiness,Exercise_Avg_HR__raw,0.0285286951186478,Exercise_Avg_HR,0.028528695118647893
p05_daily_merged,readiness,Exercise_Avg_HR__deviation,0.0279691256076049,Exercise_Avg_HR,0.027969125607604995
p05_daily_merged,readiness,Sleep_Duration_Score__zscore,0.0247049249426377,Sleep_Duration_Score,0.024704924942637783
p05_daily_merged,readiness,Sleep_Duration_Score__change,0.0223258765360641,Sleep_Duration_Score,0.022325876536064174
p05_daily_merged,readiness,Sleep_Score__rolling_3,0.0204547813323918,Sleep_Score,0.02045478133239187
p05_daily_merged,readiness,Sleep_Revitalization__rolling_7,0.0151019238052225,Sleep_Revitalization,0.01510192380522255
p05_daily_merged,readiness,Exercise_Calories__change,0.0144447721238469,Exercise_Calories,0.014444772123846948
p05_daily_merged,readiness,Sleep_Duration_Score__abs_zscore,0.0135783700194595,Sleep_Duration_Score,0.013578370019459544
p05_daily_merged,readiness,Steps__zscore,0.012292261440845,Steps,0.012292261440845042
p05_daily_merged,readiness,Steps__deviation,0.011307797330665,Steps,0.011307797330665038
p05_daily_merged,readiness,Sleep_Composition__change,0.0104083887327232,Sleep_Composition,0.010408388732723234
p05_daily_merged,readiness,Sleep_Score__abs_zscore,0.0096699330783925,Sleep_Score,0.009669933078392532
p05_daily_merged,readiness,Exercise_Avg_HR__change,0.0095210537498776,Exercise_Avg_HR,0.009521053749877632
p05_daily_merged,readiness,Steps__raw,0.009277250588325,Steps,0.009277250588325032
p05_daily_merged,readiness,Steps__rolling_3,0.0076737192356301,Steps,0.0076737192356301255
p05_daily_merged,readiness,Deep_Sleep_Minutes__rolling_7,0.0076097876891989,Deep_Sleep_Minutes,0.007609787689198925
p05_daily_merged,readiness,Exercise_Calories__deviation,0.0072728675119714,Exercise_Calories,0.007272867511971424
p05_daily_merged,readiness,Exercise_Duration__raw,0.0069975388328363,Exercise_Duration,0.0069975388328363235
p05_daily_merged,readiness,Deep_Sleep_Minutes__abs_zscore,0.0066946020026005,Deep_Sleep_Minutes,0.006694602002600522
p05_daily_merged,readiness,Sleep_Score__rolling_7,0.0066170611332756,Sleep_Score,0.006617061133275622
p05_daily_merged,readiness,Exercise_Count__raw,0.0062491642269205,Exercise_Count,0.006249164226920521
p05_daily_merged,readiness,Steps__change,0.0061775801036465,Steps,0.00617758010364652
p05_daily_merged,readiness,Sleep_Hours__zscore,0.0061104795176355,Sleep_Hours,0.00611047951763552
p05_daily_merged,readiness,Exercise_Calories__zscore,0.0058436805774892,Exercise_Calories,0.005843680577489219
p05_daily_merged,readiness,Exercise_Calories__raw,0.0055759662851197,Exercise_Calories,0.0055759662851197185
p05_daily_merged,readiness,Steps__abs_zscore,0.0046852393399478,Steps,0.0046852393399478155
p05_daily_merged,readiness,Deep_Sleep_Minutes__rolling_3,0.0043419021526756,Deep_Sleep_Minutes,0.004341902152675615
p05_daily_merged,readiness,Sleep_Restlessness__change,0.0039876091325692,Sleep_Restlessness,0.003987609132569213
p05_daily_merged,readiness,Sleep_Hours__rolling_3,0.0035019027271507,Sleep_Hours,0.003501902727150712
p05_daily_merged,readiness,Sleep_Revitalization__change,0.0033071486154596,Sleep_Revitalization,0.003307148615459611
p05_daily_merged,readiness,Sleep_Restlessness__raw,0.0031989278992609,Sleep_Restlessness,0.003198927899260911
p05_daily_merged,readiness,Exercise_Count__rolling_3,0.0030099128235415,Exercise_Count,0.00300991282354151
p05_daily_merged,readiness,Sleep_Restlessness__rolling_3,0.002865173846446,Sleep_Restlessness,0.0028651738464460096
p05_daily_merged,readiness,Sleep_Duration_Score__rolling_3,0.0027164559311827,Sleep_Duration_Score,0.002716455931182709
p05_daily_merged,readiness,Sleep_Restlessness__rolling_7,0.0026539355121949,Sleep_Restlessness,0.0026539355121949085
p05_daily_merged,readiness,Sleep_Hours__rolling_7,0.0025573743238582,Sleep_Hours,0.0025573743238582088
p05_daily_merged,readiness,Sleep_Restlessness__deviation,0.0024095268149806,Sleep_Restlessness,0.002409526814980608
p05_daily_merged,readiness,Sleep_Hours__change,0.0023597858224617,Sleep_Hours,0.0023597858224617078
p05_daily_merged,readiness,Exercise_Duration__rolling_3,0.00202104680578,Exercise_Duration,0.002021046805780007
p05_daily_merged,readiness,Exercise_Duration__deviation,0.0018011918526928,Exercise_Duration,0.001801191852692806
p05_daily_merged,readiness,Exercise_Calories__rolling_7,0.0014969549560031,Exercise_Calories,0.001496954956003105
p05_daily_merged,readiness,Sleep_Hours__abs_zscore,0.0011858201797215,Sleep_Hours,0.001185820179721504
p05_daily_merged,readiness,Deep_Sleep_Minutes__deviation,0.0011689863926133,Deep_Sleep_Minutes,0.001168986392613304
p05_daily_merged,readiness,Sleep_Restlessness__abs_zscore,0.0010687966114682,Sleep_Restlessness,0.0010687966114682034
p05_daily_merged,readiness,Sleep_Duration_Score__rolling_7,0.001025600289712,Sleep_Duration_Score,0.0010256002897120035
p05_daily_merged,readiness,Sleep_Composition__rolling_7,0.0008711203759674,Sleep_Composition,0.0008711203759674029
p05_daily_merged,readiness,Exercise_Duration__rolling_7,0.0008271827650253,Exercise_Duration,0.0008271827650253027
p05_daily_merged,readiness,Exercise_Calories__rolling_3,0.0004629825688374,Exercise_Calories,0.0004629825688374015
p05_daily_merged,readiness,Sleep_Composition__raw,0.0003902733111113,Sleep_Composition,0.0003902733111113013
p05_daily_merged,readiness,Deep_Sleep_Minutes__raw,0.0003539036271522,Deep_Sleep_Minutes,0.0003539036271522012
p05_daily_merged,readiness,Steps__rolling_7,0.0002946352348113,Steps,0.00029463523481130095
p05_daily_merged,readiness,Sleep_Composition__zscore,0.0002931186632214,Sleep_Composition,0.00029311866322140096
p05_daily_merged,readiness,Exercise_Count__rolling_7,0.00021798440887,Exercise_Count,0.00021798440887000074
p05_daily_merged,readiness,Exercise_Duration__zscore,0.0001510481319441,Exercise_Duration,0.0001510481319441005
p05_daily_merged,readiness,Exercise_Count__zscore,0.0001269812895217,Exercise_Count,0.00012698128952170045
p05_daily_merged,readiness,Sleep_Hours__deviation,8.666265834594572e-05,Sleep_Hours,8.6662658345946e-05
p05_daily_merged,readiness,Sleep_Revitalization__raw,7.268363273889415e-05,Sleep_Revitalization,7.26836327388944e-05
p05_daily_merged,readiness,Sleep_Revitalization__deviation,7.088917783556715e-05,Sleep_Revitalization,7.088917783556738e-05
p05_daily_merged,readiness,Exercise_Count__change,5.8656118855819815e-05,Exercise_Count,5.865611885582001e-05
p05_daily_merged,readiness,Exercise_Count__deviation,5.788124190805007e-05,Exercise_Count,5.788124190805026e-05
p05_daily_merged,readiness,Sleep_Composition__deviation,3.0141722633201828e-05,Sleep_Composition,3.014172263320193e-05
p05_daily_merged,readiness,Sleep_Revitalization__rolling_3,2.7507553661561025e-05,Sleep_Revitalization,2.7507553661561116e-05
p05_daily_merged,readiness,Deep_Sleep_Minutes__zscore,2.105651831875091e-05,Deep_Sleep_Minutes,2.105651831875098e-05
p05_daily_merged,readiness,Exercise_Count__abs_zscore,0.0,Exercise_Count,0.0
p05_daily_merged,readiness,Exercise_Distance__raw,0.0,Exercise_Distance,0.0
p05_daily_merged,readiness,Exercise_Distance__change,0.0,Exercise_Distance,0.0
p05_daily_merged,readiness,Exercise_Distance__rolling_3,0.0,Exercise_Distance,0.0
p05_daily_merged,readiness,Exercise_Distance__rolling_7,0.0,Exercise_Distance,0.0
p05_daily_merged,readiness,Exercise_Distance__zscore,0.0,Exercise_Distance,0.0
p05_daily_merged,readiness,Exercise_Distance__abs_zscore,0.0,Exercise_Distance,0.0
p05_daily_merged,readiness,Exercise_Distance__deviation,0.0,Exercise_Distance,0.0
p05_daily_merged,readiness,Exercise_Calories__abs_zscore,0.0,Exercise_Calories,0.0
p05_daily_merged,readiness,Exercise_Avg_HR__rolling_7,0.0,Exercise_Avg_HR,0.0
p05_daily_merged,readiness,Sleep_Hours__raw,0.0,Sleep_Hours,0.0
p05_daily_merged,readiness,Deep_Sleep_Minutes__change,0.0,Deep_Sleep_Minutes,0.0
p05_daily_merged,readiness,Sleep_Restlessness__zscore,0.0,Sleep_Restlessness,0.0
p05_daily_merged,readiness,Sleep_Composition__rolling_3,0.0,Sleep_Composition,0.0
p05_daily_merged,readiness,Sleep_Composition__abs_zscore,0.0,Sleep_Composition,0.0
p05_daily_merged,readiness,Sleep_Revitalization__zscore,0.0,Sleep_Revitalization,0.0
p05_daily_merged,readiness,Sleep_Revitalization__abs_zscore,0.0,Sleep_Revitalization,0.0
p05_daily_merged,sleep_quality,Steps__rolling_3,0.0648010409103198,Steps,0.06480104091032009
p05_daily_merged,sleep_quality,Steps__change,0.0563696064649075,Steps,0.05636960646490775
p05_daily_merged,sleep_quality,Deep_Sleep_Minutes__change,0.0427746646499692,Deep_Sleep_Minutes,0.04277466464996939
p05_daily_merged,sleep_quality,Steps__deviation,0.0331959917732309,Steps,0.03319599177323104
p05_daily_merged,sleep_quality,Steps__raw,0.0308784121774714,Steps,0.03087841217747154
p05_daily_merged,sleep_quality,Sleep_Hours__change,0.0279116056625479,Sleep_Hours,0.027911605662548026
p05_daily_merged,sleep_quality,Steps__rolling_7,0.0275387344679584,Steps,0.02753873446795852
p05_daily_merged,sleep_quality,Sleep_Restlessness__abs_zscore,0.0266864178717523,Sleep_Restlessness,0.026686417871752417
p05_daily_merged,sleep_quality,Exercise_Calories__abs_zscore,0.0258819385661245,Exercise_Calories,0.025881938566124616
p05_daily_merged,sleep_quality,Exercise_Calories__rolling_3,0.0253257826513291,Exercise_Calories,0.02532578265132921
p05_daily_merged,sleep_quality,Steps__zscore,0.0245220323256833,Steps,0.024522032325683406
p05_daily_merged,sleep_quality,Sleep_Duration_Score__change,0.0240122096245407,Sleep_Duration_Score,0.024012209624540808
p05_daily_merged,sleep_quality,Exercise_Duration__rolling_3,0.0230478545297386,Exercise_Duration,0.023047854529738704
p05_daily_merged,sleep_quality,Steps__abs_zscore,0.0228673117555543,Steps,0.0228673117555544
p05_daily_merged,sleep_quality,Exercise_Avg_HR__rolling_3,0.0216935927464538,Exercise_Avg_HR,0.021693592746453896
p05_daily_merged,sleep_quality,Sleep_Score__abs_zscore,0.020732182711513,Sleep_Score,0.020732182711513093
p05_daily_merged,sleep_quality,Exercise_Duration__rolling_7,0.0202961439223499,Exercise_Duration,0.02029614392234999
p05_daily_merged,sleep_quality,Exercise_Calories__rolling_7,0.019070827111687,Exercise_Calories,0.01907082711168708
p05_daily_merged,sleep_quality,Exercise_Duration__abs_zscore,0.019029668615335,Exercise_Duration,0.019029668615335085
p05_daily_merged,sleep_quality,Exercise_Avg_HR__change,0.0184679099044611,Exercise_Avg_HR,0.018467909904461184
p05_daily_merged,sleep_quality,Exercise_Avg_HR__zscore,0.0183219790556162,Exercise_Avg_HR,0.01832197905561628
p05_daily_merged,sleep_quality,Sleep_Restlessness__change,0.0171533081470884,Sleep_Restlessness,0.017153308147088476
p05_daily_merged,sleep_quality,Sleep_Composition__abs_zscore,0.0167618653124698,Sleep_Composition,0.016761865312469874
p05_daily_merged,sleep_quality,Sleep_Revitalization__abs_zscore,0.0162076667121652,Sleep_Revitalization,0.016207666712165274
p05_daily_merged,sleep_quality,Exercise_Avg_HR__deviation,0.01473090588364,Exercise_Avg_HR,0.014730905883640066
p05_daily_merged,sleep_quality,Deep_Sleep_Minutes__abs_zscore,0.0146357025044879,Deep_Sleep_Minutes,0.014635702504487964
p05_daily_merged,sleep_quality,Exercise_Count__rolling_7,0.014272874863883,Exercise_Count,0.014272874863883064
p05_daily_merged,sleep_quality,Sleep_Duration_Score__rolling_3,0.0139716961359513,Sleep_Duration_Score,0.013971696135951362
p05_daily_merged,sleep_quality,Exercise_Count__rolling_3,0.0132491358584449,Exercise_Count,0.01324913585844496
p05_daily_merged,sleep_quality,Exercise_Duration__change,0.0132074306328737,Exercise_Duration,0.01320743063287376
p05_daily_merged,sleep_quality,Sleep_Hours__abs_zscore,0.0118182274125093,Sleep_Hours,0.011818227412509352
p05_daily_merged,sleep_quality,Exercise_Count__change,0.0113044194163127,Exercise_Count,0.01130441941631275
p05_daily_merged,sleep_quality,Sleep_Restlessness__zscore,0.0113043166088824,Sleep_Restlessness,0.01130431660888245
p05_daily_merged,sleep_quality,Exercise_Calories__change,0.0107479739745278,Exercise_Calories,0.010747973974527848
p05_daily_merged,sleep_quality,Sleep_Restlessness__raw,0.0102476911511134,Sleep_Restlessness,0.010247691151113444
p05_daily_merged,sleep_quality,Exercise_Avg_HR__abs_zscore,0.0100634644866586,Exercise_Avg_HR,0.010063464486658645
p05_daily_merged,sleep_quality,Sleep_Duration_Score__abs_zscore,0.0090815848119869,Sleep_Duration_Score,0.00908158481198694
p05_daily_merged,sleep_quality,Sleep_Score__change,0.0084461841429372,Sleep_Score,0.008446184142937237
p05_daily_merged,sleep_quality,Sleep_Score__rolling_3,0.0083529754012991,Sleep_Score,0.008352975401299137
p05_daily_merged,sleep_quality,Sleep_Revitalization__change,0.0079110548696316,Sleep_Revitalization,0.007911054869631635
p05_daily_merged,sleep_quality,Exercise_Avg_HR__raw,0.0074229095691314,Exercise_Avg_HR,0.007422909569131433
p05_daily_merged,sleep_quality,Deep_Sleep_Minutes__deviation,0.0073314651097556,Deep_Sleep_Minutes,0.007331465109755633
p05_daily_merged,sleep_quality,Deep_Sleep_Minutes__rolling_3,0.0072615748675923,Deep_Sleep_Minutes,0.007261574867592332
p05_daily_merged,sleep_quality,Sleep_Revitalization__rolling_3,0.0072123955064302,Sleep_Revitalization,0.007212395506430232
p05_daily_merged,sleep_quality,Sleep_Hours__rolling_7,0.0070328948668757,Sleep_Hours,0.007032894866875731
p05_daily_merged,sleep_quality,Exercise_Calories__zscore,0.0069175985817531,Exercise_Calories,0.0069175985817531305
p05_daily_merged,sleep_quality,Sleep_Hours__rolling_3,0.006875141609966,Sleep_Hours,0.00687514160996603
p05_daily_merged,sleep_quality,Sleep_Hours__deviation,0.0068750117849543,Sleep_Hours,0.00687501178495433
p05_daily_merged,sleep_quality,Sleep_Restlessness__rolling_3,0.0066651642655267,Sleep_Restlessness,0.006665164265526729
p05_daily_merged,sleep_quality,Sleep_Hours__raw,0.0061811017097783,Sleep_Hours,0.006181101709778328
p05_daily_merged,sleep_quality,Sleep_Duration_Score__raw,0.0059369720306661,Sleep_Duration_Score,0.005936972030666126
p05_daily_merged,sleep_quality,Deep_Sleep_Minutes__zscore,0.0059157271144633,Deep_Sleep_Minutes,0.005915727114463326
p05_daily_merged,sleep_quality,Exercise_Distance__rolling_7,0.0058151379041965,Exercise_Distance,0.005815137904196526
p05_daily_merged,sleep_quality,Deep_Sleep_Minutes__raw,0.0056689091943452,Deep_Sleep_Minutes,0.005668909194345225
p05_daily_merged,sleep_quality,Sleep_Restlessness__deviation,0.0053562147443514,Sleep_Restlessness,0.005356214744351423
p05_daily_merged,sleep_quality,Exercise_Duration__zscore,0.005335935117597,Exercise_Duration,0.005335935117597023
p05_daily_merged,sleep_quality,Exercise_Calories__raw,0.0050978728274396,Exercise_Calories,0.005097872827439623
p05_daily_merged,sleep_quality,Sleep_Hours__zscore,0.0050860068918651,Sleep_Hours,0.005086006891865122
p05_daily_merged,sleep_quality,Sleep_Score__raw,0.0046996754914641,Sleep_Score,0.004699675491464121
p05_daily_merged,sleep_quality,Sleep_Duration_Score__zscore,0.004195158985351,Sleep_Duration_Score,0.004195158985351018
p05_daily_merged,sleep_quality,Sleep_Duration_Score__deviation,0.0040353040882225,Sleep_Duration_Score,0.004035304088222518
p05_daily_merged,sleep_quality,Sleep_Composition__rolling_3,0.0039754436413791,Sleep_Composition,0.003975443641379118
p05_daily_merged,sleep_quality,Sleep_Duration_Score__rolling_7,0.0038303517787695,Sleep_Duration_Score,0.003830351778769517
p05_daily_merged,sleep_quality,Sleep_Restlessness__rolling_7,0.0037684176225868,Sleep_Restlessness,0.0037684176225868168
p05_daily_merged,sleep_quality,Exercise_Duration__raw,0.0036284618586073,Exercise_Duration,0.0036284618586073162
p05_daily_merged,sleep_quality,Exercise_Distance__rolling_3,0.0034639946770061,Exercise_Distance,0.003463994677006115
p05_daily_merged,sleep_quality,Exercise_Duration__deviation,0.0031437111650324,Exercise_Duration,0.003143711165032414
p05_daily_merged,sleep_quality,Exercise_Count__abs_zscore,0.0030592700849774,Exercise_Count,0.0030592700849774133
p05_daily_merged,sleep_quality,Deep_Sleep_Minutes__rolling_7,0.0024997546134832,Deep_Sleep_Minutes,0.002499754613483211
p05_daily_merged,sleep_quality,Sleep_Composition__rolling_7,0.0024667505849203,Sleep_Composition,0.0024667505849203107
p05_daily_merged,sleep_quality,Exercise_Distance__abs_zscore,0.0018385806567904,Exercise_Distance,0.0018385806567904083
p05_daily_merged,sleep_quality,Sleep_Revitalization__zscore,0.001741275883082,Sleep_Revitalization,0.0017412758830820077
p05_daily_merged,sleep_quality,Sleep_Score__zscore,0.0017149483704703,Sleep_Score,0.0017149483704703076
p05_daily_merged,sleep_quality,Sleep_Composition__change,0.0016866663212903,Sleep_Composition,0.0016866663212903076
p05_daily_merged,sleep_quality,Exercise_Calories__deviation,0.0015275433207218,Exercise_Calories,0.0015275433207218067
p05_daily_merged,sleep_quality,Exercise_Distance__deviation,0.0011923502970426,Exercise_Distance,0.0011923502970426051
p05_daily_merged,sleep_quality,Sleep_Score__deviation,0.0011779432229113,Sleep_Score,0.0011779432229113052
p05_daily_merged,sleep_quality,Exercise_Count__zscore,0.0011453151948593,Exercise_Count,0.001145315194859305
p05_daily_merged,sleep_quality,Sleep_Score__rolling_7,0.0011349139644981,Sleep_Score,0.001134913964498105
p05_daily_merged,sleep_quality,Sleep_Revitalization__raw,0.0009460136054551,Sleep_Revitalization,0.0009460136054551042
p05_daily_merged,sleep_quality,Sleep_Composition__deviation,0.0006673461291602,Sleep_Composition,0.0006673461291602029
p05_daily_merged,sleep_quality,Sleep_Revitalization__deviation,0.0005936059724303,Sleep_Revitalization,0.0005936059724303026
p05_daily_merged,sleep_quality,Exercise_Count__raw,0.0003630636016455,Exercise_Count,0.00036306360164550165
p05_daily_merged,sleep_quality,Exercise_Count__deviation,0.0002365411551345,Exercise_Count,0.00023654115513450105
p05_daily_merged,sleep_quality,Sleep_Revitalization__rolling_7,0.0001977391429969,Sleep_Revitalization,0.00019773914299690086
p05_daily_merged,sleep_quality,Sleep_Composition__raw,0.0001874390476124,Sleep_Composition,0.00018743904761240083
p05_daily_merged,sleep_quality,Exercise_Distance__raw,0.0,Exercise_Distance,0.0
p05_daily_merged,sleep_quality,Exercise_Distance__change,0.0,Exercise_Distance,0.0
p05_daily_merged,sleep_quality,Exercise_Distance__zscore,0.0,Exercise_Distance,0.0
p05_daily_merged,sleep_quality,Exercise_Avg_HR__rolling_7,0.0,Exercise_Avg_HR,0.0
p05_daily_merged,sleep_quality,Sleep_Composition__zscore,0.0,Sleep_Composition,0.0
p05_daily_merged,stress,Exercise_Duration__rolling_7,0.0594390174549755,Exercise_Duration,0.059439017454975734
p05_daily_merged,stress,Steps__abs_zscore,0.0459255583857469,Steps,0.04592555838574708
p05_daily_merged,stress,Exercise_Calories__rolling_7,0.0434268395981942,Exercise_Calories,0.04342683959819437
p05_daily_merged,stress,Exercise_Avg_HR__rolling_3,0.0383269327421518,Exercise_Avg_HR,0.03832693274215195
p05_daily_merged,stress,Steps__change,0.0354416610304343,Steps,0.03544166103043444
p05_daily_merged,stress,Steps__rolling_3,0.0317946508719206,Steps,0.031794650871920724
p05_daily_merged,stress,Sleep_Restlessness__abs_zscore,0.0272269645598803,Sleep_Restlessness,0.02722696455988041
p05_daily_merged,stress,Exercise_Avg_HR__change,0.02690382730321,Exercise_Avg_HR,0.026903827303210108
p05_daily_merged,stress,Exercise_Calories__rolling_3,0.0266116322817363,Exercise_Calories,0.026611632281736408
p05_daily_merged,stress,Exercise_Count__rolling_7,0.0258843811483094,Exercise_Count,0.025884381148309505
p05_daily_merged,stress,Exercise_Avg_HR__abs_zscore,0.0233343369007728,Exercise_Avg_HR,0.023334336900772894
p05_daily_merged,stress,Sleep_Duration_Score__abs_zscore,0.0232962840830052,Sleep_Duration_Score,0.023296284083005294
p05_daily_merged,stress,Sleep_Hours__change,0.0229057333726,Sleep_Hours,0.02290573337260009
p05_daily_merged,stress,Exercise_Calories__change,0.0206450577550416,Exercise_Calories,0.020645057755041683
p05_daily_merged,stress,Sleep_Revitalization__change,0.0199412423086561,Sleep_Revitalization,0.01994124230865618
p05_daily_merged,stress,Exercise_Distance__rolling_7,0.019363917982916,Exercise_Distance,0.019363917982916076
p05_daily_merged,stress,Sleep_Restlessness__change,0.0190172703231514,Sleep_Restlessness,0.019017270323151477
p05_daily_merged,stress,Exercise_Duration__change,0.0189177334503378,Exercise_Duration,0.018917733450337877
p05_daily_merged,stress,Sleep_Hours__abs_zscore,0.0185328685339365,Sleep_Hours,0.018532868533936573
p05_daily_merged,stress,Exercise_Calories__abs_zscore,0.0180081839641167,Exercise_Calories,0.018008183964116773
p05_daily_merged,stress,Exercise_Avg_HR__zscore,0.0178994525658587,Exercise_Avg_HR,0.017899452565858773
p05_daily_merged,stress,Exercise_Duration__rolling_3,0.0171927287102621,Exercise_Duration,0.01719272871026217
p05_daily_merged,stress,Exercise_Calories__zscore,0.0167221875368223,Exercise_Calories,0.016722187536822367
p05_daily_merged,stress,Exercise_Duration__abs_zscore,0.016169829795844,Exercise_Duration,0.016169829795844064
p05_daily_merged,stress,Exercise_Count__change,0.0159344597241033,Exercise_Count,0.015934459724103362
p05_daily_merged,stress,Exercise_Duration__zscore,0.0139652736110714,Exercise_Duration,0.013965273611071456
p05_daily_merged,stress,Exercise_Avg_HR__raw,0.0129435332876263,Exercise_Avg_HR,0.012943533287626352
p05_daily_merged,stress,Deep_Sleep_Minutes__change,0.0128093542260241,Deep_Sleep_Minutes,0.012809354226024153
p05_daily_merged,stress,Steps__raw,0.0125873392776956,Steps,0.01258733927769565
p05_daily_merged,stress,Steps__deviation,0.0123164375965091,Steps,0.012316437596509149
p05_daily_merged,stress,Steps__rolling_7,0.0122583189705056,Steps,0.012258318970505649
p05_daily_merged,stress,Sleep_Duration_Score__deviation,0.0115163044222072,Sleep_Duration_Score,0.011516304422207246
p05_daily_merged,stress,Exercise_Avg_HR__deviation,0.0115160123426008,Exercise_Avg_HR,0.011516012342600846
p05_daily_merged,stress,Deep_Sleep_Minutes__abs_zscore,0.0111253055813441,Deep_Sleep_Minutes,0.011125305581344145
p05_daily_merged,stress,Sleep_Score__change,0.0111164109825547,Sleep_Score,0.011116410982554744
p05_daily_merged,stress,Sleep_Score__abs_zscore,0.010897663132098,Sleep_Score,0.010897663132098043
p05_daily_merged,stress,Sleep_Hours__rolling_3,0.0108281770964719,Sleep_Hours,0.010828177096471943
p05_daily_merged,stress,Exercise_Calories__deviation,0.0107715467939236,Exercise_Calories,0.010771546793923644
p05_daily_merged,stress,Exercise_Count__rolling_3,0.0106364124403563,Exercise_Count,0.010636412440356343
p05_daily_merged,stress,Sleep_Restlessness__rolling_3,0.0105872565593639,Sleep_Restlessness,0.010587256559363942
p05_daily_merged,stress,Exercise_Duration__deviation,0.0099157153588783,Exercise_Duration,0.00991571535887834
p05_daily_merged,stress,Sleep_Revitalization__rolling_3,0.0095863355545571,Sleep_Revitalization,0.009586335554557138
p05_daily_merged,stress,Sleep_Hours__deviation,0.009328405436158,Sleep_Hours,0.009328405436158036
p05_daily_merged,stress,Sleep_Restlessness__deviation,0.0088923511185163,Sleep_Restlessness,0.008892351118516335
p05_daily_merged,stress,Steps__zscore,0.008334037846917,Steps,0.008334037846917034
p05_daily_merged,stress,Sleep_Revitalization__abs_zscore,0.0077802502170006,Sleep_Revitalization,0.007780250217000631
p05_daily_merged,stress,Sleep_Hours__raw,0.007565614294071,Sleep_Hours,0.007565614294071031
p05_daily_merged,stress,Sleep_Composition__rolling_7,0.0074857653347321,Sleep_Composition,0.007485765334732129
p05_daily_merged,stress,Exercise_Duration__raw,0.006744619696261,Exercise_Duration,0.006744619696261027
p05_daily_merged,stress,Sleep_Hours__zscore,0.0066514689254648,Sleep_Hours,0.006651468925464827
p05_daily_merged,stress,Sleep_Restlessness__raw,0.0065305316405823,Sleep_Restlessness,0.006530531640582326
p05_daily_merged,stress,Deep_Sleep_Minutes__zscore,0.0062484066069432,Deep_Sleep_Minutes,0.0062484066069432255
p05_daily_merged,stress,Sleep_Restlessness__zscore,0.006172914716399,Sleep_Restlessness,0.006172914716399024
p05_daily_merged,stress,Sleep_Score__zscore,0.0058593671756536,Sleep_Score,0.0058593671756536235
p05_daily_merged,stress,Deep_Sleep_Minutes__raw,0.0057828673155682,Deep_Sleep_Minutes,0.005782867315568223
p05_daily_merged,stress,Deep_Sleep_Minutes__rolling_3,0.004791277043258,Deep_Sleep_Minutes,0.004791277043258019
p05_daily_merged,stress,Exercise_Calories__raw,0.0044098817257108,Exercise_Calories,0.004409881725710817
p05_daily_merged,stress,Sleep_Duration_Score__raw,0.0041680551927514,Sleep_Duration_Score,0.004168055192751417
p05_daily_merged,stress,Sleep_Score__rolling_3,0.0040487182067503,Sleep_Score,0.004048718206750316
p05_daily_merged,stress,Sleep_Composition__change,0.004043073784336,Sleep_Composition,0.004043073784336017
p05_daily_merged,stress,Deep_Sleep_Minutes__deviation,0.00376822531263,Deep_Sleep_Minutes,0.0037682253126300152
p05_daily_merged,stress,Sleep_Duration_Score__zscore,0.003029191551606,Sleep_Duration_Score,0.0030291915516060123
p05_daily_merged,stress,Sleep_Duration_Score__rolling_7,0.0029853344666948,Sleep_Duration_Score,0.002985334466694812
p05_daily_merged,stress,Sleep_Composition__abs_zscore,0.0027050576659262,Sleep_Composition,0.0027050576659262107
p05_daily_merged,stress,Sleep_Duration_Score__rolling_3,0.0026979086089166,Sleep_Duration_Score,0.002697908608916611
p05_daily_merged,stress,Sleep_Duration_Score__change,0.0026774562147518,Sleep_Duration_Score,0.002677456214751811
p05_daily_merged,stress,Exercise_Distance__rolling_3,0.0026411954648562,Exercise_Distance,0.00264119546485621
p05_daily_merged,stress,Sleep_Revitalization__deviation,0.0023812708820037,Sleep_Revitalization,0.0023812708820037097
p05_daily_merged,stress,Sleep_Score__rolling_7,0.0023297249748939,Sleep_Score,0.002329724974893909
p05_daily_merged,stress,Sleep_Score__raw,0.0022351408826626,Sleep_Score,0.0022351408826626093
p05_daily_merged,stress,Deep_Sleep_Minutes__rolling_7,0.0020000792600373,Deep_Sleep_Minutes,0.0020000792600373078
p05_daily_merged,stress,Sleep_Composition__rolling_3,0.0018473952242814,Sleep_Composition,0.0018473952242814074
p05_daily_merged,stress,Sleep_Revitalization__raw,0.0017747162275967,Sleep_Revitalization,0.001774716227596707
p05_daily_merged,stress,Sleep_Score__deviation,0.0017268908972866,Sleep_Score,0.001726890897286607
p05_daily_merged,stress,Exercise_Count__abs_zscore,0.0014091441317289,Exercise_Count,0.0014091441317289055
p05_daily_merged,stress,Sleep_Restlessness__rolling_7,0.0011325868753864,Sleep_Restlessness,0.0011325868753864045
p05_daily_merged,stress,Sleep_Revitalization__zscore,0.000814640851525,Sleep_Revitalization,0.0008146408515250032
p05_daily_merged,stress,Sleep_Composition__raw,0.0006873620722275,Sleep_Composition,0.0006873620722275027
p05_daily_merged,stress,Sleep_Hours__rolling_7,0.0006791682475369,Sleep_Hours,0.0006791682475369027
p05_daily_merged,stress,Sleep_Composition__zscore,0.0005399893730452,Sleep_Composition,0.0005399893730452022
p05_daily_merged,stress,Sleep_Revitalization__rolling_7,0.0004972787534194,Sleep_Revitalization,0.0004972787534194019
p05_daily_merged,stress,Exercise_Distance__raw,0.000279541899041,Exercise_Distance,0.00027954189904100116
p05_daily_merged,stress,Exercise_Count__zscore,4.486691940386032e-05,Exercise_Count,4.48669194038605e-05
p05_daily_merged,stress,Sleep_Composition__deviation,3.80773476926281e-05,Sleep_Composition,3.807734769262825e-05
p05_daily_merged,stress,Exercise_Count__raw,0.0,Exercise_Count,0.0
p05_daily_merged,stress,Exercise_Count__deviation,0.0,Exercise_Count,0.0
p05_daily_merged,stress,Exercise_Distance__change,0.0,Exercise_Distance,0.0
p05_daily_merged,stress,Exercise_Distance__zscore,0.0,Exercise_Distance,0.0
p05_daily_merged,stress,Exercise_Distance__abs_zscore,0.0,Exercise_Distance,0.0
p05_daily_merged,stress,Exercise_Distance__deviation,0.0,Exercise_Distance,0.0
p05_daily_merged,stress,Exercise_Avg_HR__rolling_7,0.0,Exercise_Avg_HR,0.0
p06_daily_merged,fatigue,Sleep_Restlessness__change,0.0431351460123176,Sleep_Restlessness,0.04313514601231778
p06_daily_merged,fatigue,Sleep_Hours__rolling_3,0.037583913916984,Sleep_Hours,0.03758391391698416
p06_daily_merged,fatigue,Sleep_Score__deviation,0.0302461138478372,Sleep_Score,0.03024611384783733
p06_daily_merged,fatigue,Steps__rolling_3,0.0296545433364851,Steps,0.029654543336485224
p06_daily_merged,fatigue,Deep_Sleep_Minutes__change,0.0275931311778792,Deep_Sleep_Minutes,0.02759313117787932
p06_daily_merged,fatigue,Deep_Sleep_Minutes__abs_zscore,0.0250201047568607,Deep_Sleep_Minutes,0.025020104756860805
p06_daily_merged,fatigue,Exercise_Avg_HR__abs_zscore,0.0244172255877006,Exercise_Avg_HR,0.024417225587700705
p06_daily_merged,fatigue,Sleep_Duration_Score__rolling_3,0.023203452338919,Sleep_Duration_Score,0.023203452338919097
p06_daily_merged,fatigue,Exercise_Distance__rolling_3,0.0228700320576628,Exercise_Distance,0.022870032057662897
p06_daily_merged,fatigue,Deep_Sleep_Minutes__zscore,0.0212027144427487,Deep_Sleep_Minutes,0.02120271444274879
p06_daily_merged,fatigue,Sleep_Hours__rolling_7,0.0202010729445694,Sleep_Hours,0.020201072944569486
p06_daily_merged,fatigue,Exercise_Distance__rolling_7,0.0192494625724775,Exercise_Distance,0.01924946257247758
p06_daily_merged,fatigue,Sleep_Score__rolling_3,0.0186841185078795,Sleep_Score,0.018684118507879578
p06_daily_merged,fatigue,Sleep_Score__zscore,0.0185450304860419,Sleep_Score,0.01854503048604198
p06_daily_merged,fatigue,Deep_Sleep_Minutes__raw,0.0179078559024479,Deep_Sleep_Minutes,0.017907855902447978
p06_daily_merged,fatigue,Sleep_Restlessness__rolling_7,0.0175965906118894,Sleep_Restlessness,0.017596590611889472
p06_daily_merged,fatigue,Steps__change,0.0171156285448925,Steps,0.017115628544892573
p06_daily_merged,fatigue,Sleep_Restlessness__abs_zscore,0.0166615634392019,Sleep_Restlessness,0.01666156343920197
p06_daily_merged,fatigue,Exercise_Duration__deviation,0.016528692603456,Exercise_Duration,0.01652869260345607
p06_daily_merged,fatigue,Steps__abs_zscore,0.0165057866472417,Steps,0.01650578664724177
p06_daily_merged,fatigue,Sleep_Score__raw,0.0162608463703948,Sleep_Score,0.01626084637039487
p06_daily_merged,fatigue,Sleep_Score__abs_zscore,0.0156591681964696,Sleep_Score,0.015659168196469665
p06_daily_merged,fatigue,Exercise_Duration__change,0.0153893102838145,Exercise_Duration,0.015389310283814564
p06_daily_merged,fatigue,Sleep_Hours__change,0.0152281218364967,Sleep_Hours,0.015228121836496765
p06_daily_merged,fatigue,Steps__rolling_7,0.0152227627461483,Steps,0.015222762746148364
p06_daily_merged,fatigue,Deep_Sleep_Minutes__deviation,0.0148474688100076,Deep_Sleep_Minutes,0.014847468810007662
p06_daily_merged,fatigue,Sleep_Revitalization__abs_zscore,0.0144100516835441,Sleep_Revitalization,0.01441005168354416
p06_daily_merged,fatigue,Sleep_Composition__rolling_3,0.0143286832881066,Sleep_Composition,0.01432868328810666
p06_daily_merged,fatigue,Sleep_Hours__abs_zscore,0.0136635591565389,Sleep_Hours,0.013663559156538958
p06_daily_merged,fatigue,Sleep_Composition__change,0.0135298946887302,Sleep_Composition,0.013529894688730257
p06_daily_merged,fatigue,Sleep_Score__rolling_7,0.0134104141128903,Sleep_Score,0.013410414112890357
p06_daily_merged,fatigue,Sleep_Duration_Score__change,0.0131917665801195,Sleep_Duration_Score,0.013191766580119555
p06_daily_merged,fatigue,Exercise_Duration__abs_zscore,0.0129673047482548,Exercise_Duration,0.012967304748254856
p06_daily_merged,fatigue,Sleep_Duration_Score__rolling_7,0.0123278645269355,Sleep_Duration_Score,0.012327864526935552
p06_daily_merged,fatigue,Sleep_Composition__zscore,0.0112675452461944,Sleep_Composition,0.011267545246194447
p06_daily_merged,fatigue,Steps__deviation,0.0112607702403552,Steps,0.011260770240355248
p06_daily_merged,fatigue,Sleep_Duration_Score__abs_zscore,0.0110645210111871,Sleep_Duration_Score,0.011064521011187147
p06_daily_merged,fatigue,Sleep_Composition__rolling_7,0.01101705270113,Sleep_Composition,0.011017052701130048
p06_daily_merged,fatigue,Exercise_Duration__zscore,0.0106346981521668,Exercise_Duration,0.010634698152166845
p06_daily_merged,fatigue,Sleep_Restlessness__rolling_3,0.0105912969909447,Sleep_Restlessness,0.010591296990944745
p06_daily_merged,fatigue,Exercise_Calories__abs_zscore,0.0104515973190919,Exercise_Calories,0.010451597319091944
p06_daily_merged,fatigue,Sleep_Revitalization__rolling_3,0.0103190515306985,Sleep_Revitalization,0.010319051530698543
p06_daily_merged,fatigue,Exercise_Avg_HR__rolling_3,0.0103092471119038,Exercise_Avg_HR,0.010309247111903843
p06_daily_merged,fatigue,Exercise_Avg_HR__change,0.0102988604052732,Exercise_Avg_HR,0.010298860405273244
p06_daily_merged,fatigue,Steps__raw,0.0101556111826946,Steps,0.010155611182694643
p06_daily_merged,fatigue,Sleep_Composition__deviation,0.0100396015760073,Sleep_Composition,0.010039601576007341
p06_daily_merged,fatigue,Sleep_Hours__raw,0.0097630663583599,Sleep_Hours,0.009763066358359941
p06_daily_merged,fatigue,Deep_Sleep_Minutes__rolling_3,0.009504187533705,Deep_Sleep_Minutes,0.00950418753370504
p06_daily_merged,fatigue,Deep_Sleep_Minutes__rolling_7,0.0094214146349351,Deep_Sleep_Minutes,0.00942141463493514
p06_daily_merged,fatigue,Sleep_Composition__raw,0.0092680105190065,Sleep_Composition,0.00926801051900654
p06_daily_merged,fatigue,Exercise_Calories__rolling_3,0.009202827763555,Exercise_Calories,0.009202827763555039
p06_daily_merged,fatigue,Exercise_Count__rolling_7,0.0088249407058026,Exercise_Count,0.008824940705802637
p06_daily_merged,fatigue,Exercise_Duration__raw,0.0084095468471118,Exercise_Duration,0.008409546847111834
p06_daily_merged,fatigue,Exercise_Distance__change,0.0082881899682214,Exercise_Distance,0.008288189968221435
p06_daily_merged,fatigue,Exercise_Duration__rolling_3,0.0082670461455157,Exercise_Duration,0.008267046145515735
p06_daily_merged,fatigue,Sleep_Score__change,0.0077659880367198,Sleep_Score,0.007765988036719833
p06_daily_merged,fatigue,Exercise_Calories__rolling_7,0.0075838521772398,Exercise_Calories,0.0075838521772398325
p06_daily_merged,fatigue,Exercise_Count__change,0.0073915852214966,Exercise_Count,0.007391585221496631
p06_daily_merged,fatigue,Sleep_Revitalization__change,0.007384129812654,Sleep_Revitalization,0.0073841298126540314
p06_daily_merged,fatigue,Sleep_Composition__abs_zscore,0.0073258455340332,Sleep_Composition,0.007325845534033231
p06_daily_merged,fatigue,Exercise_Duration__rolling_7,0.0071882060511278,Exercise_Duration,0.00718820605112783
p06_daily_merged,fatigue,Sleep_Hours__zscore,0.0070917408443909,Sleep_Hours,0.00709174084439093
p06_daily_merged,fatigue,Sleep_Hours__deviation,0.0067534518395616,Sleep_Hours,0.006753451839561628
p06_daily_merged,fatigue,Exercise_Count__rolling_3,0.0061468047558473,Exercise_Count,0.006146804755847326
p06_daily_merged,fatigue,Sleep_Restlessness__deviation,0.0057628331219808,Sleep_Restlessness,0.005762833121980824
p06_daily_merged,fatigue,Sleep_Duration_Score__raw,0.0055080397877002,Sleep_Duration_Score,0.005508039787700224
p06_daily_merged,fatigue,Exercise_Calories__zscore,0.0054774126610729,Exercise_Calories,0.005477412661072923
p06_daily_merged,fatigue,Sleep_Restlessness__raw,0.0051872903645084,Sleep_Restlessness,0.0051872903645084215
p06_daily_merged,fatigue,Sleep_Restlessness__zscore,0.0050758972560077,Sleep_Restlessness,0.005075897256007721
p06_daily_merged,fatigue,Sleep_Duration_Score__deviation,0.0048609355962596,Sleep_Duration_Score,0.004860935596259621
p06_daily_merged,fatigue,Sleep_Revitalization__zscore,0.0036795329316996,Sleep_Revitalization,0.0036795329316996156
p06_daily_merged,fatigue,Steps__zscore,0.0036371269477215,Steps,0.003637126947721515
p06_daily_merged,fatigue,Exercise_Avg_HR__deviation,0.0035414269275905,Exercise_Avg_HR,0.0035414269275905147
p06_daily_merged,fatigue,Exercise_Calories__change,0.0026948012307882,Exercise_Calories,0.002694801230788211
p06_daily_merged,fatigue,Exercise_Calories__raw,0.0025571030538193,Exercise_Calories,0.002557103053819311
p06_daily_merged,fatigue,Sleep_Revitalization__rolling_7,0.0022146573573449,Sleep_Revitalization,0.0022146573573449094
p06_daily_merged,fatigue,Exercise_Avg_HR__zscore,0.0017894448834858,Exercise_Avg_HR,0.0017894448834858076
p06_daily_merged,fatigue,Sleep_Revitalization__raw,0.0015419093697092,Sleep_Revitalization,0.0015419093697092066
p06_daily_merged,fatigue,Sleep_Revitalization__deviation,0.0015093485553019,Sleep_Revitalization,0.0015093485553019062
p06_daily_merged,fatigue,Exercise_Count__deviation,0.0013117044624979,Exercise_Count,0.0013117044624979055
p06_daily_merged,fatigue,Exercise_Count__abs_zscore,0.0011990262074751,Exercise_Count,0.001199026207475105
p06_daily_merged,fatigue,Exercise_Count__zscore,0.0011854396587479,Exercise_Count,0.001185439658747905
p06_daily_merged,fatigue,Sleep_Duration_Score__zscore,0.0010871903528032,Sleep_Duration_Score,0.0010871903528032047
p06_daily_merged,fatigue,Exercise_Calories__deviation,0.0009546948549468,Exercise_Calories,0.000954694854946804
p06_daily_merged,fatigue,Exercise_Distance__raw,0.0007215608377781,Exercise_Distance,0.0007215608377781031
p06_daily_merged,fatigue,Exercise_Count__raw,0.0004254624097311,Exercise_Count,0.0004254624097311018
p06_daily_merged,fatigue,Exercise_Avg_HR__raw,0.0003384187907161,Exercise_Avg_HR,0.0003384187907161014
p06_daily_merged,fatigue,Exercise_Distance__deviation,0.0002777660727279,Exercise_Distance,0.0002777660727279012
p06_daily_merged,fatigue,Exercise_Distance__abs_zscore,7.305809858315911e-05,Exercise_Distance,7.305809858315942e-05
p06_daily_merged,fatigue,Exercise_Distance__zscore,3.783322812247599e-05,Exercise_Distance,3.783322812247615e-05
p06_daily_merged,fatigue,Exercise_Avg_HR__rolling_7,0.0,Exercise_Avg_HR,0.0
p06_daily_merged,mood,Exercise_Duration__change,0.1283264151730968,Exercise_Duration,0.12832641517309737
p06_daily_merged,mood,Deep_Sleep_Minutes__change,0.0823641909101334,Deep_Sleep_Minutes,0.08236419091013378
p06_daily_merged,mood,Steps__rolling_3,0.0614399942762348,Steps,0.061439994276235074
p06_daily_merged,mood,Exercise_Distance__rolling_7,0.0454804535634364,Exercise_Distance,0.04548045356343661
p06_daily_merged,mood,Sleep_Hours__rolling_3,0.0407277340016616,Sleep_Hours,0.04072773400166179
p06_daily_merged,mood,Steps__raw,0.0321176001794256,Steps,0.03211760017942575
p06_daily_merged,mood,Deep_Sleep_Minutes__rolling_7,0.0305160512642945,Deep_Sleep_Minutes,0.030516051264294637
p06_daily_merged,mood,Sleep_Restlessness__rolling_7,0.0298792316049803,Sleep_Restlessness,0.029879231604980436
p06_daily_merged,mood,Steps__rolling_7,0.027200483493286,Steps,0.027200483493286125
p06_daily_merged,mood,Deep_Sleep_Minutes__raw,0.0256893751740561,Deep_Sleep_Minutes,0.025689375174056218
p06_daily_merged,mood,Steps__deviation,0.0236147924255821,Steps,0.023614792425582207
p06_daily_merged,mood,Sleep_Hours__rolling_7,0.0224737314935218,Sleep_Hours,0.0224737314935219
p06_daily_merged,mood,Sleep_Hours__change,0.0215449720696401,Sleep_Hours,0.021544972069640195
p06_daily_merged,mood,Deep_Sleep_Minutes__zscore,0.0209665746672333,Deep_Sleep_Minutes,0.0209665746672334
p06_daily_merged,mood,Sleep_Composition__change,0.0158638027130353,Sleep_Composition,0.015863802713035374
p06_daily_merged,mood,Deep_Sleep_Minutes__deviation,0.0149579074400106,Deep_Sleep_Minutes,0.014957907440010668
p06_daily_merged,mood,Sleep_Score__abs_zscore,0.014463346206087,Sleep_Score,0.014463346206087066
p06_daily_merged,mood,Steps__zscore,0.0140913754721258,Steps,0.014091375472125864
p06_daily_merged,mood,Steps__abs_zscore,0.0138691404522813,Steps,0.013869140452281362
p06_daily_merged,mood,Exercise_Distance__change,0.0132615240305755,Exercise_Distance,0.013261524030575561
p06_daily_merged,mood,Deep_Sleep_Minutes__rolling_3,0.0131457240177773,Deep_Sleep_Minutes,0.013145724017777359
p06_daily_merged,mood,Exercise_Duration__abs_zscore,0.0123992201410905,Exercise_Duration,0.012399220141090557
p06_daily_merged,mood,Exercise_Distance__rolling_3,0.0105026380402312,Exercise_Distance,0.010502638040231249
p06_daily_merged,mood,Sleep_Revitalization__rolling_7,0.0104864805509712,Sleep_Revitalization,0.010486480550971249
p06_daily_merged,mood,Exercise_Calories__abs_zscore,0.0102995807224212,Exercise_Calories,0.010299580722421247
p06_daily_merged,mood,Sleep_Hours__zscore,0.0099763772998771,Sleep_Hours,0.009976377299877145
p06_daily_merged,mood,Exercise_Calories__rolling_3,0.0099163956700161,Exercise_Calories,0.009916395670016145
p06_daily_merged,mood,Steps__change,0.0097578432609888,Steps,0.009757843260988846
p06_daily_merged,mood,Sleep_Hours__raw,0.0096847528128136,Sleep_Hours,0.009684752812813644
p06_daily_merged,mood,Sleep_Duration_Score__change,0.009460618097035,Sleep_Duration_Score,0.009460618097035044
p06_daily_merged,mood,Sleep_Restlessness__abs_zscore,0.009234453527861,Sleep_Restlessness,0.009234453527861041
p06_daily_merged,mood,Sleep_Duration_Score__raw,0.0092132108891115,Sleep_Duration_Score,0.00921321088911154
p06_daily_merged,mood,Exercise_Calories__rolling_7,0.0091897445124977,Exercise_Calories,0.009189744512497742
p06_daily_merged,mood,Sleep_Composition__raw,0.0090355207863723,Sleep_Composition,0.009035520786372342
p06_daily_merged,mood,Sleep_Hours__deviation,0.0088473607660599,Sleep_Hours,0.00884736076605994
p06_daily_merged,mood,Sleep_Restlessness__change,0.0085121293235028,Sleep_Restlessness,0.008512129323502838
p06_daily_merged,mood,Deep_Sleep_Minutes__abs_zscore,0.0081770662255967,Deep_Sleep_Minutes,0.008177066225596736
p06_daily_merged,mood,Sleep_Revitalization__deviation,0.0072406616064152,Sleep_Revitalization,0.007240661606415233
p06_daily_merged,mood,Sleep_Revitalization__rolling_3,0.0068207313606737,Sleep_Revitalization,0.006820731360673731
p06_daily_merged,mood,Sleep_Composition__deviation,0.0066468829789496,Sleep_Composition,0.00664688297894963
p06_daily_merged,mood,Exercise_Duration__rolling_7,0.0064765243222531,Exercise_Duration,0.0064765243222531296
p06_daily_merged,mood,Exercise_Calories__change,0.0058365837906037,Exercise_Calories,0.005836583790603727
p06_daily_merged,mood,Exercise_Avg_HR__rolling_3,0.0058296587806591,Exercise_Avg_HR,0.0058296587806591265
p06_daily_merged,mood,Sleep_Hours__abs_zscore,0.0055909809397773,Sleep_Hours,0.005590980939777325
p06_daily_merged,mood,Sleep_Score__rolling_7,0.0052074222341279,Sleep_Score,0.005207422234127923
p06_daily_merged,mood,Sleep_Restlessness__rolling_3,0.0051034999550917,Sleep_Restlessness,0.005103499955091724
p06_daily_merged,mood,Exercise_Avg_HR__raw,0.0050467202876786,Exercise_Avg_HR,0.0050467202876786224
p06_daily_merged,mood,Sleep_Score__change,0.0048570863820751,Sleep_Score,0.004857086382075122
p06_daily_merged,mood,Exercise_Duration__rolling_3,0.0044722258223435,Exercise_Duration,0.00447222582234352
p06_daily_merged,mood,Sleep_Duration_Score__rolling_3,0.0042891701056321,Sleep_Duration_Score,0.00428917010563212
p06_daily_merged,mood,Sleep_Duration_Score__deviation,0.0042669705717982,Sleep_Duration_Score,0.004266970571798219
p06_daily_merged,mood,Exercise_Calories__raw,0.0041810029897042,Exercise_Calories,0.004181002989704219
p06_daily_merged,mood,Sleep_Duration_Score__abs_zscore,0.0041258499550396,Sleep_Duration_Score,0.0041258499550396194
p06_daily_merged,mood,Sleep_Composition__zscore,0.0040825922177727,Sleep_Composition,0.004082592217772719
p06_daily_merged,mood,Sleep_Restlessness__raw,0.0039175731542144,Sleep_Restlessness,0.003917573154214418
p06_daily_merged,mood,Exercise_Count__rolling_7,0.0038977816491002,Exercise_Count,0.003897781649100218
p06_daily_merged,mood,Sleep_Composition__rolling_7,0.0037248046269355,Sleep_Composition,0.003724804626935517
p06_daily_merged,mood,Sleep_Duration_Score__zscore,0.0036210047408083,Sleep_Duration_Score,0.0036210047408083163
p06_daily_merged,mood,Sleep_Score__rolling_3,0.0034759756846742,Sleep_Score,0.0034759756846742154
p06_daily_merged,mood,Exercise_Avg_HR__deviation,0.0034358041509506,Exercise_Avg_HR,0.0034358041509506155
p06_daily_merged,mood,Sleep_Composition__abs_zscore,0.0033085145293975,Sleep_Composition,0.0033085145293975152
p06_daily_merged,mood,Sleep_Score__raw,0.0031907129328837,Sleep_Score,0.0031907129328837143
p06_daily_merged,mood,Exercise_Duration__deviation,0.0031401488926881,Exercise_Duration,0.003140148892688114
p06_daily_merged,mood,Sleep_Revitalization__zscore,0.00289660851098,Sleep_Revitalization,0.002896608510980013
p06_daily_merged,mood,Exercise_Calories__zscore,0.0027511392719135,Exercise_Calories,0.0027511392719135126
p06_daily_merged,mood,Sleep_Duration_Score__rolling_7,0.0026095051136011,Sleep_Duration_Score,0.002609505113601112
p06_daily_merged,mood,Sleep_Score__deviation,0.0024327546893255,Sleep_Score,0.0024327546893255112
p06_daily_merged,mood,Exercise_Duration__raw,0.0020228179490751,Exercise_Duration,0.002022817949075109
p06_daily_merged,mood,Exercise_Avg_HR__change,0.0019851061436283,Exercise_Avg_HR,0.0019851061436283093
p06_daily_merged,mood,Sleep_Restlessness__zscore,0.0019102389917227,Sleep_Restlessness,0.0019102389917227086
p06_daily_merged,mood,Exercise_Avg_HR__abs_zscore,0.0018461382833442,Exercise_Avg_HR,0.0018461382833442085
p06_daily_merged,mood,Sleep_Composition__rolling_3,0.0016973934581402,Sleep_Composition,0.0016973934581402078
p06_daily_merged,mood,Exercise_Avg_HR__zscore,0.0015200060566572,Exercise_Avg_HR,0.0015200060566572069
p06_daily_merged,mood,Sleep_Revitalization__raw,0.0015148206712514,Sleep_Revitalization,0.001514820671251407
p06_daily_merged,mood,Exercise_Duration__zscore,0.0013084962287337,Exercise_Duration,0.001308496228733706
p06_daily_merged,mood,Sleep_Revitalization__abs_zscore,0.0012960713628043,Sleep_Revitalization,0.001296071362804306
p06_daily_merged,mood,Exercise_Count__rolling_3,0.0011840141865444,Exercise_Count,0.0011840141865444055
p06_daily_merged,mood,Exercise_Calories__deviation,0.0011353898562122,Exercise_Calories,0.0011353898562122052
p06_daily_merged,mood,Exercise_Distance__abs_zscore,0.0010714285714285,Exercise_Distance,0.0010714285714285047
p06_daily_merged,mood,Exercise_Distance__zscore,0.000853409853202,Exercise_Distance,0.0008534098532020039
p06_daily_merged,mood,Sleep_Restlessness__deviation,0.0007724080460686,Sleep_Restlessness,0.0007724080460686035
p06_daily_merged,mood,Exercise_Distance__raw,0.0005089560931189,Exercise_Distance,0.0005089560931189023
p06_daily_merged,mood,Sleep_Revitalization__change,0.0002085987450737,Sleep_Revitalization,0.00020859874507370095
p06_daily_merged,mood,Exercise_Count__raw,0.0,Exercise_Count,0.0
p06_daily_merged,mood,Exercise_Count__change,0.0,Exercise_Count,0.0
p06_daily_merged,mood,Exercise_Count__zscore,0.0,Exercise_Count,0.0
p06_daily_merged,mood,Exercise_Count__abs_zscore,0.0,Exercise_Count,0.0
p06_daily_merged,mood,Exercise_Count__deviation,0.0,Exercise_Count,0.0
p06_daily_merged,mood,Exercise_Distance__deviation,0.0,Exercise_Distance,0.0
p06_daily_merged,mood,Exercise_Avg_HR__rolling_7,0.0,Exercise_Avg_HR,0.0
p06_daily_merged,mood,Sleep_Score__zscore,0.0,Sleep_Score,0.0
p06_daily_merged,readiness,Steps__change,0.2307565802429279,Steps,0.23075658024292886
p06_daily_merged,readiness,Exercise_Calories__change,0.0582592258348338,Exercise_Calories,0.05825922583483404
p06_daily_merged,readiness,Sleep_Duration_Score__rolling_3,0.0348077151377129,Sleep_Duration_Score,0.034807715137713045
p06_daily_merged,readiness,Exercise_Duration__change,0.0310382341042573,Exercise_Duration,0.03103823410425743
p06_daily_merged,readiness,Deep_Sleep_Minutes__abs_zscore,0.0224881518719878,Deep_Sleep_Minutes,0.022488151871987893
p06_daily_merged,readiness,Sleep_Hours__abs_zscore,0.020583071798214,Sleep_Hours,0.020583071798214087
p06_daily_merged,readiness,Steps__zscore,0.0198515509868268,Steps,0.019851550986826883
p06_daily_merged,readiness,Sleep_Score__rolling_3,0.0193629048375037,Sleep_Score,0.019362904837503782
p06_daily_merged,readiness,Steps__raw,0.0188537696576735,Steps,0.018853769657673578
p06_daily_merged,readiness,Sleep_Duration_Score__rolling_7,0.0162245040772909,Sleep_Duration_Score,0.01622450407729097
p06_daily_merged,readiness,Sleep_Restlessness__change,0.0159192862133974,Sleep_Restlessness,0.015919286213397468
p06_daily_merged,readiness,Exercise_Duration__rolling_3,0.0157966794440589,Exercise_Duration,0.015796679444058968
p06_daily_merged,readiness,Exercise_Avg_HR__abs_zscore,0.0151468233347204,Exercise_Avg_HR,0.015146823334720463
p06_daily_merged,readiness,Exercise_Calories__zscore,0.0150818928869308,Exercise_Calories,0.015081892886930863
p06_daily_merged,readiness,Exercise_Distance__zscore,0.0142205913560891,Exercise_Distance,0.014220591356089161
p06_daily_merged,readiness,Sleep_Restlessness__abs_zscore,0.0135846555033455,Sleep_Restlessness,0.013584655503345557
p06_daily_merged,readiness,Sleep_Score__abs_zscore,0.0129328926175117,Sleep_Score,0.012932892617511753
p06_daily_merged,readiness,Exercise_Calories__raw,0.0126029486115737,Exercise_Calories,0.012602948611573754
p06_daily_merged,readiness,Sleep_Restlessness__rolling_7,0.0124332637525277,Sleep_Restlessness,0.012433263752527752
p06_daily_merged,readiness,Exercise_Distance__rolling_3,0.0122977155156307,Exercise_Distance,0.012297715515630752
p06_daily_merged,readiness,Sleep_Restlessness__rolling_3,0.0121090696812242,Sleep_Restlessness,0.01210906968122425
p06_daily_merged,readiness,Sleep_Hours__rolling_7,0.0119574437514394,Sleep_Hours,0.01195744375143945
p06_daily_merged,readiness,Exercise_Duration__raw,0.0116294995120631,Exercise_Duration,0.011629499512063149
p06_daily_merged,readiness,Deep_Sleep_Minutes__rolling_3,0.0115675545471564,Deep_Sleep_Minutes,0.01156755454715645
p06_daily_merged,readiness,Sleep_Composition__rolling_3,0.0111376993661743,Sleep_Composition,0.011137699366174347
p06_daily_merged,readiness,Steps__deviation,0.011121455330523,Steps,0.011121455330523047
p06_daily_merged,readiness,Sleep_Revitalization__change,0.0106817068338751,Sleep_Revitalization,0.010681706833875145
p06_daily_merged,readiness,Exercise_Distance__deviation,0.0102559469042799,Exercise_Distance,0.010255946904279943
p06_daily_merged,readiness,Steps__rolling_3,0.0101418307034793,Steps,0.010141830703479343
p06_daily_merged,readiness,Exercise_Duration__abs_zscore,0.0100427506454735,Exercise_Duration,0.010042750645473542
p06_daily_merged,readiness,Exercise_Calories__rolling_3,0.0099795950299793,Exercise_Calories,0.009979595029979341
p06_daily_merged,readiness,Exercise_Calories__deviation,0.009849006260484,Exercise_Calories,0.009849006260484041
p06_daily_merged,readiness,Steps__abs_zscore,0.0094608527523567,Steps,0.00946085275235674
p06_daily_merged,readiness,Steps__rolling_7,0.0093038527802274,Steps,0.00930385278022744
p06_daily_merged,readiness,Sleep_Revitalization__rolling_7,0.0091761731216454,Sleep_Revitalization,0.009176173121645438
p06_daily_merged,readiness,Sleep_Composition__change,0.0091108141187087,Sleep_Composition,0.009110814118708737
p06_daily_merged,readiness,Sleep_Hours__change,0.0087063597008361,Sleep_Hours,0.008706359700836136
p06_daily_merged,readiness,Sleep_Revitalization__rolling_3,0.0085505738660363,Sleep_Revitalization,0.008550573866036337
p06_daily_merged,readiness,Sleep_Hours__rolling_3,0.0084855492142335,Sleep_Hours,0.008485549214233536
p06_daily_merged,readiness,Sleep_Revitalization__abs_zscore,0.0083776754074598,Sleep_Revitalization,0.008377675407459834
p06_daily_merged,readiness,Exercise_Calories__rolling_7,0.0080315760217034,Exercise_Calories,0.008031576021703435
p06_daily_merged,readiness,Sleep_Score__rolling_7,0.0078363158559011,Sleep_Score,0.007836315855901133
p06_daily_merged,readiness,Sleep_Composition__rolling_7,0.0076700149388533,Sleep_Composition,0.007670014938853332
p06_daily_merged,readiness,Sleep_Duration_Score__change,0.0072498099788736,Sleep_Duration_Score,0.00724980997887363
p06_daily_merged,readiness,Deep_Sleep_Minutes__rolling_7,0.0072008754299129,Deep_Sleep_Minutes,0.007200875429912931
p06_daily_merged,readiness,Exercise_Distance__rolling_7,0.0068250196134403,Exercise_Distance,0.006825019613440329
p06_daily_merged,readiness,Deep_Sleep_Minutes__change,0.0067500252891715,Deep_Sleep_Minutes,0.0067500252891715285
p06_daily_merged,readiness,Sleep_Composition__abs_zscore,0.0061186520445087,Sleep_Composition,0.006118652044508726
p06_daily_merged,readiness,Exercise_Duration__rolling_7,0.0060848833722985,Exercise_Duration,0.006084883372298526
p06_daily_merged,readiness,Sleep_Duration_Score__abs_zscore,0.0059969031134778,Sleep_Duration_Score,0.005996903113477825
p06_daily_merged,readiness,Exercise_Distance__abs_zscore,0.0059256109439257,Exercise_Distance,0.005925610943925725
p06_daily_merged,readiness,Sleep_Score__zscore,0.0058244990386978,Sleep_Score,0.005824499038697824
p06_daily_merged,readiness,Sleep_Score__change,0.005643630268766,Sleep_Score,0.0056436302687660235
p06_daily_merged,readiness,Sleep_Hours__raw,0.00548110656744,Sleep_Hours,0.005481106567440023
p06_daily_merged,readiness,Exercise_Distance__change,0.0053721030186531,Exercise_Distance,0.005372103018653123
p06_daily_merged,readiness,Sleep_Hours__deviation,0.0051687296749279,Sleep_Hours,0.005168729674927922
p06_daily_merged,readiness,Sleep_Restlessness__raw,0.00499753353967,Sleep_Restlessness,0.004997533539670021
p06_daily_merged,readiness,Sleep_Restlessness__zscore,0.0045710569955986,Sleep_Restlessness,0.004571056995598619
p06_daily_merged,readiness,Deep_Sleep_Minutes__raw,0.0045698246087875,Deep_Sleep_Minutes,0.004569824608787519
p06_daily_merged,readiness,Sleep_Revitalization__zscore,0.0045688337502342,Sleep_Revitalization,0.004568833750234219
p06_daily_merged,readiness,Exercise_Duration__zscore,0.0042428785474321,Exercise_Duration,0.004242878547432118
p06_daily_merged,readiness,Exercise_Duration__deviation,0.0039915397927882,Exercise_Duration,0.003991539792788217
p06_daily_merged,readiness,Exercise_Avg_HR__change,0.0037221644206281,Exercise_Avg_HR,0.0037221644206281157
p06_daily_merged,readiness,Sleep_Revitalization__raw,0.0037025356946204,Sleep_Revitalization,0.0037025356946204157
p06_daily_merged,readiness,Exercise_Count__rolling_7,0.0034519878004353,Exercise_Count,0.003451987800435315
p06_daily_merged,readiness,Exercise_Distance__raw,0.0034251366618596,Exercise_Distance,0.0034251366618596145
p06_daily_merged,readiness,Exercise_Count__change,0.0032481779630102,Exercise_Count,0.0032481779630102138
p06_daily_merged,readiness,Sleep_Restlessness__deviation,0.0031263951904928,Sleep_Restlessness,0.003126395190492813
p06_daily_merged,readiness,Deep_Sleep_Minutes__deviation,0.0027976934066394,Deep_Sleep_Minutes,0.0027976934066394118
p06_daily_merged,readiness,Sleep_Hours__zscore,0.0027486326216907,Sleep_Hours,0.002748632621690712
p06_daily_merged,readiness,Exercise_Count__rolling_3,0.002577657900676,Exercise_Count,0.002577657900676011
p06_daily_merged,readiness,Sleep_Revitalization__deviation,0.0024711028374418,Sleep_Revitalization,0.0024711028374418105
p06_daily_merged,readiness,Sleep_Composition__zscore,0.0024494586778746,Sleep_Composition,0.0024494586778746105
p06_daily_merged,readiness,Sleep_Score__deviation,0.0024226751058542,Sleep_Score,0.0024226751058542104
p06_daily_merged,readiness,Sleep_Duration_Score__deviation,0.0023419173248112,Sleep_Duration_Score,0.00234191732481121
p06_daily_merged,readiness,Exercise_Avg_HR__rolling_3,0.0020876951672281,Exercise_Avg_HR,0.0020876951672281086
p06_daily_merged,readiness,Sleep_Composition__raw,0.002039254505673,Sleep_Composition,0.0020392545056730086
p06_daily_merged,readiness,Sleep_Composition__deviation,0.0020233401580901,Sleep_Composition,0.0020233401580901085
p06_daily_merged,readiness,Deep_Sleep_Minutes__zscore,0.0018992312114348,Deep_Sleep_Minutes,0.001899231211434808
p06_daily_merged,readiness,Sleep_Score__raw,0.0016415730462979,Sleep_Score,0.001641573046297907
p06_daily_merged,readiness,Sleep_Duration_Score__zscore,0.0015077222458768,Sleep_Duration_Score,0.0015077222458768063
p06_daily_merged,readiness,Exercise_Count__raw,0.0013568872205726,Exercise_Count,0.0013568872205726057
p06_daily_merged,readiness,Exercise_Avg_HR__zscore,0.0011326670859298,Exercise_Avg_HR,0.0011326670859298047
p06_daily_merged,readiness,Exercise_Calories__abs_zscore,0.0010664235242018,Exercise_Calories,0.0010664235242018045
p06_daily_merged,readiness,Exercise_Avg_HR__raw,0.0009417074717207,Exercise_Avg_HR,0.000941707471720704
p06_daily_merged,readiness,Sleep_Duration_Score__raw,0.0006582940896302,Sleep_Duration_Score,0.0006582940896302028
p06_daily_merged,readiness,Exercise_Avg_HR__deviation,0.0004125265196244,Exercise_Avg_HR,0.00041252651962440175
p06_daily_merged,readiness,Exercise_Count__zscore,0.0003273829388692,Exercise_Count,0.0003273829388692014
p06_daily_merged,readiness,Exercise_Count__abs_zscore,0.0002096903359506,Exercise_Count,0.0002096903359506009
p06_daily_merged,readiness,Exercise_Count__deviation,0.0002007791551294,Exercise_Count,0.00020077915512940083
p06_daily_merged,readiness,Exercise_Avg_HR__rolling_7,0.0,Exercise_Avg_HR,0.0
p06_daily_merged,sleep_quality,Sleep_Score__change,0.0768344429736202,Sleep_Score,0.07683444297362056
p06_daily_merged,sleep_quality,Sleep_Score__deviation,0.045511294441326,Sleep_Score,0.04551129444132621
p06_daily_merged,sleep_quality,Sleep_Score__raw,0.043755261651347,Sleep_Score,0.04375526165134721
p06_daily_merged,sleep_quality,Sleep_Restlessness__abs_zscore,0.0414898371053421,Sleep_Restlessness,0.0414898371053423
p06_daily_merged,sleep_quality,Sleep_Score__zscore,0.0367708389309119,Sleep_Score,0.03677083893091208
p06_daily_merged,sleep_quality,Steps__abs_zscore,0.0337627202423745,Steps,0.03376272024237466
p06_daily_merged,sleep_quality,Sleep_Hours__abs_zscore,0.0293615666964412,Sleep_Hours,0.029361566696441337
p06_daily_merged,sleep_quality,Sleep_Duration_Score__abs_zscore,0.0258710199042161,Sleep_Duration_Score,0.025871019904216225
p06_daily_merged,sleep_quality,Steps__rolling_3,0.0255052597145839,Steps,0.025505259714584023
p06_daily_merged,sleep_quality,Sleep_Composition__rolling_3,0.0237497044689744,Sleep_Composition,0.023749704468974515
p06_daily_merged,sleep_quality,Sleep_Composition__rolling_7,0.0227448645764102,Sleep_Composition,0.02274486457641031
p06_daily_merged,sleep_quality,Steps__change,0.021326012648199,Steps,0.0213260126481991
p06_daily_merged,sleep_quality,Sleep_Hours__change,0.0210660271399283,Sleep_Hours,0.0210660271399284
p06_daily_merged,sleep_quality,Sleep_Restlessness__rolling_7,0.0203884391081503,Sleep_Restlessness,0.020388439108150396
p06_daily_merged,sleep_quality,Sleep_Restlessness__change,0.0193621084152926,Sleep_Restlessness,0.019362108415292692
p06_daily_merged,sleep_quality,Sleep_Duration_Score__change,0.0192444236889241,Sleep_Duration_Score,0.01924442368892419
p06_daily_merged,sleep_quality,Sleep_Duration_Score__rolling_3,0.0177424926242883,Sleep_Duration_Score,0.017742492624288383
p06_daily_merged,sleep_quality,Sleep_Score__rolling_3,0.0175890220590434,Sleep_Score,0.017589022059043485
p06_daily_merged,sleep_quality,Deep_Sleep_Minutes__rolling_3,0.0168825513105833,Deep_Sleep_Minutes,0.01688255131058338
p06_daily_merged,sleep_quality,Sleep_Hours__rolling_3,0.0162106975405872,Sleep_Hours,0.016210697540587276
p06_daily_merged,sleep_quality,Deep_Sleep_Minutes__abs_zscore,0.015714352952201,Deep_Sleep_Minutes,0.015714352952201076
p06_daily_merged,sleep_quality,Sleep_Restlessness__rolling_3,0.0153576564847914,Sleep_Restlessness,0.015357656484791473
p06_daily_merged,sleep_quality,Exercise_Distance__change,0.0138812156159451,Exercise_Distance,0.013881215615945165
p06_daily_merged,sleep_quality,Sleep_Duration_Score__rolling_7,0.0138746040476407,Sleep_Duration_Score,0.013874604047640767
p06_daily_merged,sleep_quality,Sleep_Duration_Score__zscore,0.0130431692598957,Sleep_Duration_Score,0.013043169259895763
p06_daily_merged,sleep_quality,Deep_Sleep_Minutes__change,0.0126836650542109,Deep_Sleep_Minutes,0.01268366505421096
p06_daily_merged,sleep_quality,Exercise_Duration__rolling_3,0.0126498771081941,Exercise_Duration,0.01264987710819416
p06_daily_merged,sleep_quality,Exercise_Duration__rolling_7,0.0120623780924294,Exercise_Duration,0.012062378092429457
p06_daily_merged,sleep_quality,Deep_Sleep_Minutes__rolling_7,0.0117465000321387,Deep_Sleep_Minutes,0.011746500032138755
p06_daily_merged,sleep_quality,Exercise_Distance__rolling_7,0.0113927557603254,Exercise_Distance,0.011392755760325455
p06_daily_merged,sleep_quality,Exercise_Duration__abs_zscore,0.0112297499900608,Exercise_Duration,0.011229749990060853
p06_daily_merged,sleep_quality,Sleep_Hours__rolling_7,0.0110612495870452,Sleep_Hours,0.011061249587045251
p06_daily_merged,sleep_quality,Steps__rolling_7,0.0110079328496583,Steps,0.011007932849658352
p06_daily_merged,sleep_quality,Sleep_Composition__change,0.0109710428197292,Sleep_Composition,0.010971042819729252
p06_daily_merged,sleep_quality,Sleep_Restlessness__raw,0.0109177203811122,Sleep_Restlessness,0.010917720381112252
p06_daily_merged,sleep_quality,Sleep_Revitalization__rolling_7,0.0108182509509633,Sleep_Revitalization,0.010818250950963351
p06_daily_merged,sleep_quality,Exercise_Calories__rolling_3,0.0105747261502884,Exercise_Calories,0.01057472615028845
p06_daily_merged,sleep_quality,Exercise_Calories__rolling_7,0.0098688181497883,Exercise_Calories,0.009868818149788346
p06_daily_merged,sleep_quality,Exercise_Avg_HR__abs_zscore,0.0098530869829994,Exercise_Avg_HR,0.009853086982999446
p06_daily_merged,sleep_quality,Sleep_Hours__zscore,0.0092376235375226,Sleep_Hours,0.009237623537522643
p06_daily_merged,sleep_quality,Sleep_Score__abs_zscore,0.008886369505732,Sleep_Score,0.008886369505732041
p06_daily_merged,sleep_quality,Exercise_Distance__rolling_3,0.0085351325031595,Exercise_Distance,0.00853513250315954
p06_daily_merged,sleep_quality,Sleep_Duration_Score__raw,0.0084646246501278,Sleep_Duration_Score,0.00846462465012784
p06_daily_merged,sleep_quality,Sleep_Restlessness__deviation,0.0082527463900368,Sleep_Restlessness,0.00825274639003684
p06_daily_merged,sleep_quality,Exercise_Calories__change,0.0081576020509777,Exercise_Calories,0.008157602050977738
p06_daily_merged,sleep_quality,Sleep_Restlessness__zscore,0.0080356951721786,Sleep_Restlessness,0.008035695172178638
p06_daily_merged,sleep_quality,Sleep_Revitalization__abs_zscore,0.0078664174764752,Sleep_Revitalization,0.007866417476475238
p06_daily_merged,sleep_quality,Sleep_Duration_Score__deviation,0.0075826328242537,Sleep_Duration_Score,0.007582632824253736
p06_daily_merged,sleep_quality,Steps__deviation,0.0070951125842395,Steps,0.007095112584239534
p06_daily_merged,sleep_quality,Sleep_Score__rolling_7,0.0070315447841782,Sleep_Score,0.0070315447841782334
p06_daily_merged,sleep_quality,Sleep_Revitalization__change,0.0065325577581306,Sleep_Revitalization,0.006532557758130632
p06_daily_merged,sleep_quality,Deep_Sleep_Minutes__deviation,0.0063142950751623,Deep_Sleep_Minutes,0.0063142950751623305
p06_daily_merged,sleep_quality,Deep_Sleep_Minutes__zscore,0.0062636418030636,Deep_Sleep_Minutes,0.00626364180306363
p06_daily_merged,sleep_quality,Exercise_Count__rolling_7,0.0058717600660875,Exercise_Count,0.005871760066087528
p06_daily_merged,sleep_quality,Sleep_Hours__raw,0.0057302101767155,Sleep_Hours,0.005730210176715528
p06_daily_merged,sleep_quality,Exercise_Duration__change,0.0055689013250612,Exercise_Duration,0.005568901325061227
p06_daily_merged,sleep_quality,Sleep_Composition__deviation,0.0054496118480779,Sleep_Composition,0.005449611848077926
p06_daily_merged,sleep_quality,Exercise_Count__rolling_3,0.0048149496670416,Exercise_Count,0.004814949667041623
p06_daily_merged,sleep_quality,Exercise_Avg_HR__raw,0.0044064283275921,Exercise_Avg_HR,0.0044064283275921205
p06_daily_merged,sleep_quality,Sleep_Hours__deviation,0.0037391370639239,Sleep_Hours,0.003739137063923918
p06_daily_merged,sleep_quality,Deep_Sleep_Minutes__raw,0.0037205391120169,Deep_Sleep_Minutes,0.0037205391120169176
p06_daily_merged,sleep_quality,Steps__raw,0.0036526107835668,Steps,0.0036526107835668175
p06_daily_merged,sleep_quality,Exercise_Calories__abs_zscore,0.0036158639719552,Exercise_Calories,0.0036158639719552172
p06_daily_merged,sleep_quality,Sleep_Composition__abs_zscore,0.00337499620687,Sleep_Composition,0.0033749962068700162
p06_daily_merged,sleep_quality,Sleep_Composition__raw,0.0033297941080588,Sleep_Composition,0.003329794108058816
p06_daily_merged,sleep_quality,Sleep_Revitalization__rolling_3,0.0032993992664083,Sleep_Revitalization,0.0032993992664083157
p06_daily_merged,sleep_quality,Exercise_Duration__zscore,0.0031402750915718,Exercise_Duration,0.0031402750915718153
p06_daily_merged,sleep_quality,Sleep_Composition__zscore,0.0023637545661504,Sleep_Composition,0.0023637545661504113
p06_daily_merged,sleep_quality,Sleep_Revitalization__deviation,0.0021360824787885,Sleep_Revitalization,0.0021360824787885102
p06_daily_merged,sleep_quality,Exercise_Distance__deviation,0.0020704258936977,Exercise_Distance,0.00207042589369771
p06_daily_merged,sleep_quality,Exercise_Duration__raw,0.0020156012064996,Exercise_Duration,0.0020156012064996096
p06_daily_merged,sleep_quality,Exercise_Calories__raw,0.0019707055071661,Exercise_Calories,0.0019707055071661096
p06_daily_merged,sleep_quality,Exercise_Count__abs_zscore,0.0019269015907505,Exercise_Count,0.001926901590750509
p06_daily_merged,sleep_quality,Exercise_Calories__zscore,0.0017374424348502,Exercise_Calories,0.0017374424348502082
p06_daily_merged,sleep_quality,Steps__zscore,0.0016278556854901,Steps,0.0016278556854901077
p06_daily_merged,sleep_quality,Exercise_Avg_HR__zscore,0.001476217376144,Exercise_Avg_HR,0.0014762173761440072
p06_daily_merged,sleep_quality,Exercise_Avg_HR__rolling_3,0.0014407502255349,Exercise_Avg_HR,0.001440750225534907
p06_daily_merged,sleep_quality,Sleep_Revitalization__raw,0.0011980725340381,Sleep_Revitalization,0.0011980725340381057
p06_daily_merged,sleep_quality,Exercise_Duration__deviation,0.0011488963542412,Exercise_Duration,0.0011488963542412053
p06_daily_merged,sleep_quality,Exercise_Calories__deviation,0.001020050744478,Exercise_Calories,0.0010200507444780048
p06_daily_merged,sleep_quality,Exercise_Avg_HR__change,0.0009768173603953,Exercise_Avg_HR,0.0009768173603953048
p06_daily_merged,sleep_quality,Exercise_Distance__raw,0.0009383054414017,Exercise_Distance,0.0009383054414017044
p06_daily_merged,sleep_quality,Exercise_Count__deviation,0.0008815543136051,Exercise_Count,0.0008815543136051042
p06_daily_merged,sleep_quality,Exercise_Avg_HR__deviation,0.0008686276031734,Exercise_Avg_HR,0.0008686276031734041
p06_daily_merged,sleep_quality,Exercise_Distance__zscore,0.0007728219027432,Exercise_Distance,0.0007728219027432037
p06_daily_merged,sleep_quality,Exercise_Count__raw,0.0006420152741543,Exercise_Count,0.000642015274154303
p06_daily_merged,sleep_quality,Exercise_Count__change,0.0006207093961864,Exercise_Count,0.0006207093961864029
p06_daily_merged,sleep_quality,Sleep_Revitalization__zscore,0.0001616573373988,Sleep_Revitalization,0.00016165733739880077
p06_daily_merged,sleep_quality,Exercise_Count__zscore,0.0001569241329606,Exercise_Count,0.00015692413296060077
p06_daily_merged,sleep_quality,Exercise_Distance__abs_zscore,0.0,Exercise_Distance,0.0
p06_daily_merged,sleep_quality,Exercise_Avg_HR__rolling_7,0.0,Exercise_Avg_HR,0.0
p06_daily_merged,stress,Steps__change,0.078346580663639,Steps,0.07834658066363934
p06_daily_merged,stress,Steps__rolling_3,0.0592029199570985,Steps,0.059202919957098754
p06_daily_merged,stress,Steps__rolling_7,0.05254277972524,Steps,0.05254277972524023
p06_daily_merged,stress,Steps__abs_zscore,0.0492546014419845,Steps,0.049254601441984715
p06_daily_merged,stress,Deep_Sleep_Minutes__change,0.0423036579808536,Deep_Sleep_Minutes,0.04230365798085378
p06_daily_merged,stress,Deep_Sleep_Minutes__abs_zscore,0.0344478785714517,Deep_Sleep_Minutes,0.034447878571451845
p06_daily_merged,stress,Sleep_Composition__change,0.0266232039407036,Sleep_Composition,0.026623203940703714
p06_daily_merged,stress,Sleep_Restlessness__change,0.0260372800191788,Sleep_Restlessness,0.02603728001917891
p06_daily_merged,stress,Deep_Sleep_Minutes__rolling_7,0.025423755572277,Deep_Sleep_Minutes,0.02542375557227711
p06_daily_merged,stress,Exercise_Avg_HR__abs_zscore,0.0242965606717562,Exercise_Avg_HR,0.024296560671756305
p06_daily_merged,stress,Exercise_Duration__rolling_7,0.0240191837473078,Exercise_Duration,0.024019183747307903
p06_daily_merged,stress,Sleep_Revitalization__abs_zscore,0.0229384582832043,Sleep_Revitalization,0.0229384582832044
p06_daily_merged,stress,Sleep_Duration_Score__rolling_3,0.0205999274711266,Sleep_Duration_Score,0.02059992747112669
p06_daily_merged,stress,Exercise_Duration__change,0.0184573040612079,Exercise_Duration,0.01845730406120798
p06_daily_merged,stress,Sleep_Score__change,0.0183541699265292,Sleep_Score,0.01835416992652928
p06_daily_merged,stress,Sleep_Composition__rolling_3,0.0169629503488512,Sleep_Composition,0.01696295034885127
p06_daily_merged,stress,Sleep_Hours__change,0.0167466851428923,Sleep_Hours,0.016746685142892372
p06_daily_merged,stress,Sleep_Score__deviation,0.0146638771646213,Sleep_Score,0.014663877164621364
p06_daily_merged,stress,Sleep_Restlessness__abs_zscore,0.0146104532630073,Sleep_Restlessness,0.014610453263007363
p06_daily_merged,stress,Sleep_Duration_Score__abs_zscore,0.0143838844105255,Sleep_Duration_Score,0.014383884410525563
p06_daily_merged,stress,Sleep_Duration_Score__change,0.0139835191668999,Sleep_Duration_Score,0.01398351916689996
p06_daily_merged,stress,Sleep_Revitalization__rolling_3,0.0135466582700879,Sleep_Revitalization,0.013546658270087959
p06_daily_merged,stress,Sleep_Hours__rolling_7,0.0133843940740873,Sleep_Hours,0.013384394074087357
p06_daily_merged,stress,Sleep_Score__zscore,0.0130952126988451,Sleep_Score,0.013095212698845157
p06_daily_merged,stress,Deep_Sleep_Minutes__rolling_3,0.0129496193744368,Deep_Sleep_Minutes,0.012949619374436856
p06_daily_merged,stress,Steps__raw,0.011326638980878,Steps,0.011326638980878049
p06_daily_merged,stress,Exercise_Distance__rolling_7,0.0111181695330655,Exercise_Distance,0.011118169533065549
p06_daily_merged,stress,Exercise_Calories__rolling_3,0.0102340683745751,Exercise_Calories,0.010234068374575146
p06_daily_merged,stress,Exercise_Calories__change,0.010106262486146,Exercise_Calories,0.010106262486146043
p06_daily_merged,stress,Exercise_Avg_HR__rolling_3,0.0099529717539025,Exercise_Avg_HR,0.009952971753902543
p06_daily_merged,stress,Exercise_Avg_HR__change,0.0099484376651891,Exercise_Avg_HR,0.009948437665189143
p06_daily_merged,stress,Exercise_Distance__rolling_3,0.0098507584136298,Exercise_Distance,0.009850758413629843
p06_daily_merged,stress,Steps__zscore,0.0098028577127535,Steps,0.009802857712753542
p06_daily_merged,stress,Sleep_Score__rolling_3,0.0093114385128582,Sleep_Score,0.00931143851285824
p06_daily_merged,stress,Sleep_Restlessness__rolling_3,0.0092008398934183,Sleep_Restlessness,0.00920083989341834
p06_daily_merged,stress,Sleep_Restlessness__rolling_7,0.009004045745942,Sleep_Restlessness,0.009004045745942038
p06_daily_merged,stress,Exercise_Duration__abs_zscore,0.0089523140443298,Exercise_Duration,0.008952314044329838
p06_daily_merged,stress,Sleep_Hours__deviation,0.0088288021561772,Sleep_Hours,0.008828802156177238
p06_daily_merged,stress,Sleep_Hours__abs_zscore,0.0086148276345019,Sleep_Hours,0.008614827634501937
p06_daily_merged,stress,Steps__deviation,0.0082195969888862,Steps,0.008219596988886236
p06_daily_merged,stress,Deep_Sleep_Minutes__zscore,0.0081338856851621,Deep_Sleep_Minutes,0.008133885685162134
p06_daily_merged,stress,Sleep_Duration_Score__rolling_7,0.0075860757190974,Sleep_Duration_Score,0.007586075719097433
p06_daily_merged,stress,Sleep_Score__rolling_7,0.0075203016483583,Sleep_Score,0.007520301648358333
p06_daily_merged,stress,Sleep_Score__abs_zscore,0.0073539633977101,Sleep_Score,0.007353963397710132
p06_daily_merged,stress,Exercise_Calories__rolling_7,0.0072837805990485,Exercise_Calories,0.007283780599048531
p06_daily_merged,stress,Exercise_Calories__abs_zscore,0.0072124903403523,Exercise_Calories,0.007212490340352332
p06_daily_merged,stress,Sleep_Restlessness__deviation,0.0065969195088978,Sleep_Restlessness,0.006596919508897829
p06_daily_merged,stress,Sleep_Composition__abs_zscore,0.0064850118875586,Sleep_Composition,0.006485011887558628
p06_daily_merged,stress,Sleep_Hours__rolling_3,0.0063360922251744,Sleep_Hours,0.0063360922251744275
p06_daily_merged,stress,Sleep_Hours__raw,0.006293404480161,Sleep_Hours,0.006293404480161027
p06_daily_merged,stress,Deep_Sleep_Minutes__deviation,0.0060992254304383,Deep_Sleep_Minutes,0.006099225430438326
p06_daily_merged,stress,Sleep_Duration_Score__deviation,0.0060040133499628,Sleep_Duration_Score,0.006004013349962826
p06_daily_merged,stress,Sleep_Hours__zscore,0.0058566038367124,Sleep_Hours,0.005856603836712425
p06_daily_merged,stress,Sleep_Composition__rolling_7,0.0057359104146002,Sleep_Composition,0.005735910414600225
p06_daily_merged,stress,Exercise_Avg_HR__deviation,0.0056618911463183,Exercise_Avg_HR,0.005661891146318324
p06_daily_merged,stress,Exercise_Duration__rolling_3,0.0055909156261888,Exercise_Duration,0.005590915626188824
p06_daily_merged,stress,Sleep_Composition__deviation,0.0048094405878508,Sleep_Composition,0.004809440587850821
p06_daily_merged,stress,Exercise_Count__rolling_3,0.0046065475101721,Exercise_Count,0.00460654751017212
p06_daily_merged,stress,Deep_Sleep_Minutes__raw,0.004595986052602,Deep_Sleep_Minutes,0.00459598605260202
p06_daily_merged,stress,Exercise_Count__rolling_7,0.004519212356048,Exercise_Count,0.00451921235604802
p06_daily_merged,stress,Sleep_Score__raw,0.0043641401760664,Sleep_Score,0.004364140176066419
p06_daily_merged,stress,Sleep_Duration_Score__zscore,0.0042486973476401,Sleep_Duration_Score,0.004248697347640118
p06_daily_merged,stress,Exercise_Avg_HR__zscore,0.0041700197079934,Exercise_Avg_HR,0.004170019707993418
p06_daily_merged,stress,Exercise_Distance__change,0.0039364439993505,Exercise_Distance,0.003936443999350518
p06_daily_merged,stress,Sleep_Revitalization__rolling_7,0.0038318539174296,Sleep_Revitalization,0.0038318539174296163
p06_daily_merged,stress,Sleep_Revitalization__raw,0.0035665069584285,Sleep_Revitalization,0.0035665069584285155
p06_daily_merged,stress,Sleep_Revitalization__change,0.0035285369408963,Sleep_Revitalization,0.0035285369408963154
p06_daily_merged,stress,Sleep_Restlessness__raw,0.0033384515136,Sleep_Restlessness,0.003338451513600014
p06_daily_merged,stress,Sleep_Revitalization__zscore,0.0032228806796628,Sleep_Revitalization,0.003222880679662814
p06_daily_merged,stress,Exercise_Avg_HR__raw,0.0031753580827141,Exercise_Avg_HR,0.003175358082714114
p06_daily_merged,stress,Sleep_Restlessness__zscore,0.0029781097806896,Sleep_Restlessness,0.002978109780689613
p06_daily_merged,stress,Exercise_Calories__raw,0.0029697098123012,Exercise_Calories,0.002969709812301213
p06_daily_merged,stress,Exercise_Distance__abs_zscore,0.0025995237257508,Exercise_Distance,0.0025995237257508113
p06_daily_merged,stress,Exercise_Calories__deviation,0.002585849537602,Exercise_Calories,0.0025858495376020114
p06_daily_merged,stress,Sleep_Duration_Score__raw,0.0025018665618896,Sleep_Duration_Score,0.002501866561889611
p06_daily_merged,stress,Sleep_Revitalization__deviation,0.0024381712779662,Sleep_Revitalization,0.00243817127796621
p06_daily_merged,stress,Exercise_Distance__deviation,0.0024326168371868,Exercise_Distance,0.0024326168371868106
p06_daily_merged,stress,Sleep_Composition__raw,0.0014932190195483,Sleep_Composition,0.0014932190195483066
p06_daily_merged,stress,Sleep_Composition__zscore,0.0014362180095184,Sleep_Composition,0.0014362180095184062
p06_daily_merged,stress,Exercise_Calories__zscore,0.0012570407307994,Exercise_Calories,0.0012570407307994054
p06_daily_merged,stress,Exercise_Count__change,0.0010249642783782,Exercise_Count,0.0010249642783782043
p06_daily_merged,stress,Exercise_Distance__zscore,0.0010159988100125,Exercise_Distance,0.0010159988100125043
p06_daily_merged,stress,Exercise_Duration__zscore,0.0005744972925115,Exercise_Duration,0.0005744972925115025
p06_daily_merged,stress,Exercise_Count__abs_zscore,0.0005430111447808,Exercise_Count,0.0005430111447808024
p06_daily_merged,stress,Exercise_Duration__raw,0.0004820124430731,Exercise_Duration,0.00048201244307310206
p06_daily_merged,stress,Exercise_Distance__raw,0.0002530981991728,Exercise_Distance,0.0002530981991728011
p06_daily_merged,stress,Exercise_Duration__deviation,5.803501593420471e-05,Exercise_Duration,5.803501593420496e-05
p06_daily_merged,stress,Exercise_Avg_HR__rolling_7,4.395055261799292e-05,Exercise_Avg_HR,4.395055261799311e-05
p06_daily_merged,stress,Exercise_Count__raw,0.0,Exercise_Count,0.0
p06_daily_merged,stress,Exercise_Count__zscore,0.0,Exercise_Count,0.0
p06_daily_merged,stress,Exercise_Count__deviation,0.0,Exercise_Count,0.0
p07_daily_merged,fatigue,Sleep_Restlessness__rolling_3,0.0564306334543937,Sleep_Restlessness,0.05643063345439396
p07_daily_merged,fatigue,Sleep_Score__change,0.0477652741609662,Sleep_Score,0.047765274160966424
p07_daily_merged,fatigue,Exercise_Calories__rolling_3,0.0378139642329894,Exercise_Calories,0.03781396423298957
p07_daily_merged,fatigue,Sleep_Restlessness__change,0.0346318397681242,Sleep_Restlessness,0.03463183976812436
p07_daily_merged,fatigue,Exercise_Calories__rolling_7,0.0335794527648452,Exercise_Calories,0.033579452764845356
p07_daily_merged,fatigue,Exercise_Avg_HR__change,0.0287746176481979,Exercise_Avg_HR,0.028774617648198036
p07_daily_merged,fatigue,Deep_Sleep_Minutes__change,0.0275926995542936,Deep_Sleep_Minutes,0.027592699554293727
p07_daily_merged,fatigue,Exercise_Avg_HR__rolling_7,0.0272491170833318,Exercise_Avg_HR,0.027249117083331928
p07_daily_merged,fatigue,Sleep_Duration_Score__change,0.0271623926302258,Sleep_Duration_Score,0.027162392630225927
p07_daily_merged,fatigue,Steps__rolling_7,0.0255378436043868,Steps,0.025537843604386917
p07_daily_merged,fatigue,Sleep_Composition__rolling_3,0.0228252075806615,Sleep_Composition,0.02282520758066161
p07_daily_merged,fatigue,Exercise_Duration__rolling_3,0.0208770757734099,Exercise_Duration,0.020877075773409998
p07_daily_merged,fatigue,Steps__abs_zscore,0.0208720282159508,Steps,0.020872028215950897
p07_daily_merged,fatigue,Sleep_Restlessness__deviation,0.0205096070009566,Sleep_Restlessness,0.020509607000956696
p07_daily_merged,fatigue,Sleep_Restlessness__zscore,0.0203835929957118,Sleep_Restlessness,0.020383592995711894
p07_daily_merged,fatigue,Steps__change,0.0198071843218941,Steps,0.019807184321894194
p07_daily_merged,fatigue,Sleep_Restlessness__rolling_7,0.0197277158696046,Sleep_Restlessness,0.019727715869604694
p07_daily_merged,fatigue,Steps__rolling_3,0.0179830802386387,Steps,0.017983080238638784
p07_daily_merged,fatigue,Exercise_Calories__change,0.017677054579324,Exercise_Calories,0.017677054579324083
p07_daily_merged,fatigue,Exercise_Distance__rolling_3,0.0173566392030688,Exercise_Distance,0.01735663920306888
p07_daily_merged,fatigue,Steps__zscore,0.0173210381391114,Steps,0.01732103813911148
p07_daily_merged,fatigue,Exercise_Duration__change,0.0163281768415316,Exercise_Duration,0.016328176841531677
p07_daily_merged,fatigue,Exercise_Count__rolling_7,0.0155982498823672,Exercise_Count,0.015598249882367273
p07_daily_merged,fatigue,Sleep_Hours__rolling_7,0.0147642832510417,Sleep_Hours,0.014764283251041769
p07_daily_merged,fatigue,Sleep_Composition__rolling_7,0.0144780412958491,Sleep_Composition,0.014478041295849167
p07_daily_merged,fatigue,Exercise_Calories__abs_zscore,0.0143133155826656,Exercise_Calories,0.014313315582665666
p07_daily_merged,fatigue,Sleep_Hours__abs_zscore,0.013600410836529,Sleep_Hours,0.013600410836529065
p07_daily_merged,fatigue,Exercise_Duration__abs_zscore,0.0130552164086077,Exercise_Duration,0.01305521640860776
p07_daily_merged,fatigue,Exercise_Avg_HR__abs_zscore,0.0121090526619702,Exercise_Avg_HR,0.012109052661970257
p07_daily_merged,fatigue,Sleep_Hours__change,0.0115219863569911,Sleep_Hours,0.011521986356991153
p07_daily_merged,fatigue,Sleep_Restlessness__abs_zscore,0.0112028853052609,Sleep_Restlessness,0.011202885305260953
p07_daily_merged,fatigue,Deep_Sleep_Minutes__abs_zscore,0.0111246091935549,Deep_Sleep_Minutes,0.011124609193554952
p07_daily_merged,fatigue,Exercise_Duration__rolling_7,0.0107755257467615,Exercise_Duration,0.01077552574676155
p07_daily_merged,fatigue,Steps__raw,0.0107389430267629,Steps,0.01073894302676295
p07_daily_merged,fatigue,Exercise_Count__change,0.0105346552173374,Exercise_Count,0.010534655217337449
p07_daily_merged,fatigue,Exercise_Avg_HR__rolling_3,0.0105059646843729,Exercise_Avg_HR,0.010505964684372949
p07_daily_merged,fatigue,Sleep_Restlessness__raw,0.0104287288752787,Sleep_Restlessness,0.010428728875278749
p07_daily_merged,fatigue,Steps__deviation,0.0092643236799588,Steps,0.009264323679958844
p07_daily_merged,fatigue,Deep_Sleep_Minutes__rolling_7,0.009139158398786,Deep_Sleep_Minutes,0.009139158398786044
p07_daily_merged,fatigue,Sleep_Revitalization__change,0.0089292131552212,Sleep_Revitalization,0.008929213155221242
p07_daily_merged,fatigue,Sleep_Score__deviation,0.008757201804244,Sleep_Score,0.008757201804244042
p07_daily_merged,fatigue,Exercise_Count__rolling_3,0.008459724108778,Exercise_Count,0.00845972410877804
p07_daily_merged,fatigue,Deep_Sleep_Minutes__rolling_3,0.0080846754203433,Deep_Sleep_Minutes,0.008084675420343338
p07_daily_merged,fatigue,Sleep_Revitalization__abs_zscore,0.0078298899821585,Sleep_Revitalization,0.007829889982158536
p07_daily_merged,fatigue,Exercise_Duration__deviation,0.0074907377583517,Exercise_Duration,0.007490737758351735
p07_daily_merged,fatigue,Sleep_Revitalization__rolling_3,0.0074008757006437,Sleep_Revitalization,0.007400875700643734
p07_daily_merged,fatigue,Exercise_Distance__change,0.0073774106671723,Exercise_Distance,0.007377410667172335
p07_daily_merged,fatigue,Exercise_Distance__rolling_7,0.007360958016248,Exercise_Distance,0.007360958016248035
p07_daily_merged,fatigue,Sleep_Score__rolling_7,0.0072070802390166,Sleep_Score,0.007207080239016634
p07_daily_merged,fatigue,Deep_Sleep_Minutes__deviation,0.0069987913588875,Deep_Sleep_Minutes,0.006998791358887533
p07_daily_merged,fatigue,Sleep_Score__raw,0.0068515290773633,Sleep_Score,0.006851529077363332
p07_daily_merged,fatigue,Sleep_Duration_Score__rolling_7,0.0067520670373285,Sleep_Duration_Score,0.006752067037328531
p07_daily_merged,fatigue,Sleep_Duration_Score__abs_zscore,0.0067050959603028,Sleep_Duration_Score,0.0067050959603028315
p07_daily_merged,fatigue,Exercise_Avg_HR__zscore,0.0065711059394437,Exercise_Avg_HR,0.00657110593944373
p07_daily_merged,fatigue,Sleep_Hours__deviation,0.0064881360042852,Sleep_Hours,0.00648813600428523
p07_daily_merged,fatigue,Exercise_Calories__raw,0.0061694527154451,Exercise_Calories,0.006169452715445128
p07_daily_merged,fatigue,Deep_Sleep_Minutes__raw,0.0060561768318333,Deep_Sleep_Minutes,0.006056176831833329
p07_daily_merged,fatigue,Sleep_Revitalization__raw,0.005046719516504,Sleep_Revitalization,0.0050467195165040234
p07_daily_merged,fatigue,Exercise_Avg_HR__deviation,0.0048830636342481,Exercise_Avg_HR,0.004883063634248123
p07_daily_merged,fatigue,Sleep_Score__zscore,0.0048655218849042,Sleep_Score,0.004865521884904222
p07_daily_merged,fatigue,Exercise_Calories__zscore,0.0048308952775819,Exercise_Calories,0.004830895277581923
p07_daily_merged,fatigue,Deep_Sleep_Minutes__zscore,0.0046661810970163,Deep_Sleep_Minutes,0.004666181097016321
p07_daily_merged,fatigue,Sleep_Hours__raw,0.0045363241997209,Sleep_Hours,0.004536324199720921
p07_daily_merged,fatigue,Sleep_Composition__change,0.0044654626847464,Sleep_Composition,0.004465462684746421
p07_daily_merged,fatigue,Sleep_Hours__rolling_3,0.004332702837568,Sleep_Hours,0.00433270283756802
p07_daily_merged,fatigue,Exercise_Avg_HR__raw,0.0042009335980526,Exercise_Avg_HR,0.00420093359805262
p07_daily_merged,fatigue,Sleep_Score__rolling_3,0.0040230157105805,Sleep_Score,0.004023015710580519
p07_daily_merged,fatigue,Exercise_Distance__abs_zscore,0.0039792567912626,Exercise_Distance,0.003979256791262618
p07_daily_merged,fatigue,Sleep_Score__abs_zscore,0.0038060139071538,Sleep_Score,0.003806013907153818
p07_daily_merged,fatigue,Exercise_Duration__raw,0.0037696090652927,Exercise_Duration,0.0037696090652927176
p07_daily_merged,fatigue,Exercise_Calories__deviation,0.0036960276910393,Exercise_Calories,0.0036960276910393175
p07_daily_merged,fatigue,Exercise_Distance__zscore,0.0035944184920977,Exercise_Distance,0.003594418492097717
p07_daily_merged,fatigue,Exercise_Duration__zscore,0.003054614625901,Exercise_Duration,0.0030546146259010144
p07_daily_merged,fatigue,Sleep_Duration_Score__zscore,0.0026271990608725,Sleep_Duration_Score,0.002627199060872512
p07_daily_merged,fatigue,Sleep_Revitalization__rolling_7,0.0022798003788727,Sleep_Revitalization,0.0022798003788727108
p07_daily_merged,fatigue,Sleep_Composition__abs_zscore,0.0021723664883586,Sleep_Composition,0.00217236648835861
p07_daily_merged,fatigue,Sleep_Hours__zscore,0.0018382888394571,Sleep_Hours,0.0018382888394571086
p07_daily_merged,fatigue,Sleep_Revitalization__deviation,0.0015060640901215,Sleep_Revitalization,0.001506064090121507
p07_daily_merged,fatigue,Exercise_Count__zscore,0.0014652461039119,Exercise_Count,0.001465246103911907
p07_daily_merged,fatigue,Sleep_Duration_Score__rolling_3,0.0013380918646281,Sleep_Duration_Score,0.0013380918646281063
p07_daily_merged,fatigue,Exercise_Distance__raw,0.001312023980689,Exercise_Distance,0.001312023980689006
p07_daily_merged,fatigue,Sleep_Composition__zscore,0.0011948459731515,Sleep_Composition,0.0011948459731515057
p07_daily_merged,fatigue,Exercise_Distance__deviation,0.0011201014024191,Exercise_Distance,0.0011201014024191053
p07_daily_merged,fatigue,Sleep_Composition__raw,0.0005755079947159,Sleep_Composition,0.0005755079947159027
p07_daily_merged,fatigue,Sleep_Duration_Score__raw,0.0005442222798401,Sleep_Duration_Score,0.0005442222798401025
p07_daily_merged,fatigue,Sleep_Revitalization__zscore,0.0004491342297666,Sleep_Revitalization,0.00044913422976660213
p07_daily_merged,fatigue,Exercise_Count__raw,0.0003525859569677,Exercise_Count,0.00035258595696770163
p07_daily_merged,fatigue,Exercise_Count__abs_zscore,0.000332046019056,Exercise_Count,0.0003320460190560016
p07_daily_merged,fatigue,Sleep_Duration_Score__deviation,0.000175167596158,Sleep_Duration_Score,0.0001751675961580008
p07_daily_merged,fatigue,Exercise_Count__deviation,6.73526729397662e-05,Exercise_Count,6.735267293976651e-05
p07_daily_merged,fatigue,Sleep_Composition__deviation,4.7486211618521655e-05,Sleep_Composition,4.748621161852188e-05
p07_daily_merged,mood,Exercise_Duration__rolling_7,0.0623399839826012,Exercise_Duration,0.062339983982601474
p07_daily_merged,mood,Exercise_Avg_HR__abs_zscore,0.0575437872970644,Exercise_Avg_HR,0.05754378729706465
p07_daily_merged,mood,Exercise_Avg_HR__rolling_3,0.0506487481346922,Exercise_Avg_HR,0.050648748134692424
p07_daily_merged,mood,Deep_Sleep_Minutes__rolling_7,0.0457212118703963,Deep_Sleep_Minutes,0.0457212118703965
p07_daily_merged,mood,Sleep_Hours__rolling_3,0.0389617801583642,Sleep_Hours,0.038961780158364365
p07_daily_merged,mood,Sleep_Duration_Score__rolling_3,0.0305932856268615,Sleep_Duration_Score,0.030593285626861633
p07_daily_merged,mood,Exercise_Avg_HR__change,0.0243706192499474,Exercise_Avg_HR,0.024370619249947503
p07_daily_merged,mood,Sleep_Revitalization__rolling_7,0.0243225082137745,Sleep_Revitalization,0.024322508213774605
p07_daily_merged,mood,Deep_Sleep_Minutes__change,0.023228671459937,Deep_Sleep_Minutes,0.0232286714599371
p07_daily_merged,mood,Deep_Sleep_Minutes__rolling_3,0.0230163192609399,Deep_Sleep_Minutes,0.02301631926094
p07_daily_merged,mood,Steps__abs_zscore,0.0214475264470646,Steps,0.021447526447064692
p07_daily_merged,mood,Sleep_Restlessness__change,0.0209851909577496,Sleep_Restlessness,0.02098519095774969
p07_daily_merged,mood,Sleep_Composition__rolling_3,0.0205054270116503,Sleep_Composition,0.02050542701165039
p07_daily_merged,mood,Sleep_Revitalization__rolling_3,0.0198054716024802,Sleep_Revitalization,0.019805471602480286
p07_daily_merged,mood,Deep_Sleep_Minutes__abs_zscore,0.0188344538186543,Deep_Sleep_Minutes,0.018834453818654385
p07_daily_merged,mood,Exercise_Duration__rolling_3,0.0172620734790968,Exercise_Duration,0.017262073479096876
p07_daily_merged,mood,Exercise_Calories__rolling_7,0.0170782520596784,Exercise_Calories,0.017078252059678473
p07_daily_merged,mood,Sleep_Hours__change,0.0162111949118655,Sleep_Hours,0.01621119491186557
p07_daily_merged,mood,Sleep_Hours__rolling_7,0.0162048937161516,Sleep_Hours,0.01620489371615167
p07_daily_merged,mood,Sleep_Composition__rolling_7,0.015621486014629,Sleep_Composition,0.015621486014629067
p07_daily_merged,mood,Sleep_Score__rolling_7,0.0154153236356227,Sleep_Score,0.015415323635622766
p07_daily_merged,mood,Exercise_Calories__abs_zscore,0.014406998309442,Exercise_Calories,0.014406998309442063
p07_daily_merged,mood,Sleep_Restlessness__rolling_7,0.0142364503915378,Sleep_Restlessness,0.014236450391537862
p07_daily_merged,mood,Exercise_Avg_HR__zscore,0.014159632456823,Exercise_Avg_HR,0.01415963245682306
p07_daily_merged,mood,Sleep_Restlessness__abs_zscore,0.0126866432951215,Sleep_Restlessness,0.012686643295121555
p07_daily_merged,mood,Exercise_Avg_HR__raw,0.012438341415003,Exercise_Avg_HR,0.012438341415003053
p07_daily_merged,mood,Exercise_Duration__change,0.0122062203418896,Exercise_Duration,0.012206220341889652
p07_daily_merged,mood,Sleep_Composition__change,0.0115469875766387,Sleep_Composition,0.01154698757663875
p07_daily_merged,mood,Exercise_Distance__abs_zscore,0.0113633161566775,Exercise_Distance,0.011363316156677548
p07_daily_merged,mood,Exercise_Avg_HR__deviation,0.0113328130883231,Exercise_Avg_HR,0.011332813088323148
p07_daily_merged,mood,Sleep_Score__change,0.0106180332338136,Sleep_Score,0.010618033233813646
p07_daily_merged,mood,Sleep_Revitalization__abs_zscore,0.0103020832400014,Sleep_Revitalization,0.010302083240001446
p07_daily_merged,mood,Sleep_Hours__zscore,0.0101770677619974,Sleep_Hours,0.010177067761997444
p07_daily_merged,mood,Sleep_Hours__abs_zscore,0.0096941071591622,Sleep_Hours,0.009694107159162241
p07_daily_merged,mood,Exercise_Distance__rolling_7,0.009604748513084,Exercise_Distance,0.009604748513084042
p07_daily_merged,mood,Sleep_Score__rolling_3,0.0095802190836989,Sleep_Score,0.009580219083698941
p07_daily_merged,mood,Sleep_Composition__deviation,0.0093091081757085,Sleep_Composition,0.00930910817570854
p07_daily_merged,mood,Steps__change,0.0092865204456232,Steps,0.00928652044562324
p07_daily_merged,mood,Deep_Sleep_Minutes__raw,0.0090161071431651,Deep_Sleep_Minutes,0.00901610714316514
p07_daily_merged,mood,Sleep_Duration_Score__change,0.0086821731907364,Sleep_Duration_Score,0.008682173190736438
p07_daily_merged,mood,Sleep_Restlessness__rolling_3,0.0084146974640634,Sleep_Restlessness,0.008414697464063436
p07_daily_merged,mood,Exercise_Distance__change,0.0083950616302093,Exercise_Distance,0.008395061630209337
p07_daily_merged,mood,Sleep_Duration_Score__abs_zscore,0.0083851363055789,Sleep_Duration_Score,0.008385136305578937
p07_daily_merged,mood,Exercise_Distance__rolling_3,0.0080495703326216,Exercise_Distance,0.008049570332621634
p07_daily_merged,mood,Exercise_Duration__abs_zscore,0.0078977665953404,Exercise_Duration,0.007897766595340435
p07_daily_merged,mood,Steps__rolling_7,0.0078430621779913,Steps,0.007843062177991335
p07_daily_merged,mood,Sleep_Hours__deviation,0.0078367286955435,Sleep_Hours,0.007836728695543535
p07_daily_merged,mood,Exercise_Avg_HR__rolling_7,0.0077356259582256,Exercise_Avg_HR,0.007735625958225634
p07_daily_merged,mood,Deep_Sleep_Minutes__zscore,0.0073315008394847,Deep_Sleep_Minutes,0.007331500839484732
p07_daily_merged,mood,Sleep_Composition__abs_zscore,0.0072361915629321,Sleep_Composition,0.007236191562932131
p07_daily_merged,mood,Exercise_Calories__change,0.0071960561713522,Exercise_Calories,0.007196056171352231
p07_daily_merged,mood,Deep_Sleep_Minutes__deviation,0.0071190997875551,Deep_Sleep_Minutes,0.007119099787555132
p07_daily_merged,mood,Steps__raw,0.0068575361341264,Steps,0.00685753613412643
p07_daily_merged,mood,Exercise_Count__rolling_7,0.0065070194899908,Exercise_Count,0.006507019489990828
p07_daily_merged,mood,Exercise_Calories__rolling_3,0.0056517677542977,Exercise_Calories,0.005651767754297724
p07_daily_merged,mood,Sleep_Composition__zscore,0.0056018226227962,Sleep_Composition,0.0056018226227962245
p07_daily_merged,mood,Steps__rolling_3,0.0053685498491601,Steps,0.0053685498491601235
p07_daily_merged,mood,Sleep_Composition__raw,0.0053044142567005,Sleep_Composition,0.005304414256700522
p07_daily_merged,mood,Sleep_Restlessness__zscore,0.005042501778754,Sleep_Restlessness,0.005042501778754022
p07_daily_merged,mood,Sleep_Restlessness__raw,0.0044877328511129,Sleep_Restlessness,0.004487732851112919
p07_daily_merged,mood,Exercise_Count__abs_zscore,0.0042605624872597,Exercise_Count,0.0042605624872597185
p07_daily_merged,mood,Exercise_Count__rolling_3,0.0041618014295111,Exercise_Count,0.004161801429511118
p07_daily_merged,mood,Sleep_Score__zscore,0.0041219473875554,Sleep_Score,0.004121947387555418
p07_daily_merged,mood,Exercise_Duration__raw,0.0040298320024551,Exercise_Duration,0.004029832002455117
p07_daily_merged,mood,Sleep_Revitalization__change,0.0039282143594957,Sleep_Revitalization,0.003928214359495717
p07_daily_merged,mood,Sleep_Revitalization__zscore,0.0038281421100809,Sleep_Revitalization,0.0038281421100809167
p07_daily_merged,mood,Exercise_Distance__raw,0.0038243003740083,Exercise_Distance,0.0038243003740083166
p07_daily_merged,mood,Sleep_Score__raw,0.003821664817243,Sleep_Score,0.0038216648172430165
p07_daily_merged,mood,Sleep_Hours__raw,0.0033927367481404,Sleep_Hours,0.0033927367481404146
p07_daily_merged,mood,Sleep_Revitalization__deviation,0.0032712068835236,Sleep_Revitalization,0.003271206883523614
p07_daily_merged,mood,Exercise_Calories__deviation,0.003080257980297,Exercise_Calories,0.0030802579802970136
p07_daily_merged,mood,Sleep_Duration_Score__rolling_7,0.0030025920326392,Sleep_Duration_Score,0.003002592032639213
p07_daily_merged,mood,Sleep_Restlessness__deviation,0.0029440500536833,Sleep_Restlessness,0.0029440500536833127
p07_daily_merged,mood,Sleep_Score__abs_zscore,0.0028638102660346,Sleep_Score,0.0028638102660346124
p07_daily_merged,mood,Sleep_Duration_Score__raw,0.0023962624682652,Sleep_Duration_Score,0.0023962624682652106
p07_daily_merged,mood,Sleep_Duration_Score__zscore,0.0021250162470009,Sleep_Duration_Score,0.0021250162470009093
p07_daily_merged,mood,Exercise_Distance__deviation,0.0019513349453213,Exercise_Distance,0.0019513349453213085
p07_daily_merged,mood,Exercise_Calories__raw,0.0019236331511287,Exercise_Calories,0.0019236331511287082
p07_daily_merged,mood,Exercise_Calories__zscore,0.0018587812909032,Exercise_Calories,0.001858781290903208
p07_daily_merged,mood,Exercise_Count__raw,0.0017271893551165,Exercise_Count,0.0017271893551165074
p07_daily_merged,mood,Steps__zscore,0.0015384995617103,Steps,0.0015384995617103068
p07_daily_merged,mood,Exercise_Distance__zscore,0.0013365179289861,Exercise_Distance,0.0013365179289861059
p07_daily_merged,mood,Exercise_Duration__zscore,0.0010703254800686,Exercise_Duration,0.0010703254800686045
p07_daily_merged,mood,Sleep_Score__deviation,0.0010083650711873,Sleep_Score,0.0010083650711873043
p07_daily_merged,mood,Exercise_Duration__deviation,0.0010024539388229,Exercise_Duration,0.0010024539388229043
p07_daily_merged,mood,Steps__deviation,0.0009592089835502,Steps,0.0009592089835502041
p07_daily_merged,mood,Sleep_Duration_Score__deviation,0.0005619735760215,Sleep_Duration_Score,0.0005619735760215024
p07_daily_merged,mood,Sleep_Revitalization__raw,0.0004796824154164,Sleep_Revitalization,0.00047968241541640206
p07_daily_merged,mood,Exercise_Count__zscore,0.0002761163638823,Exercise_Count,0.0002761163638823012
p07_daily_merged,mood,Exercise_Count__change,0.0002258981451818,Exercise_Count,0.00022589814518180097
p07_daily_merged,mood,Exercise_Count__deviation,0.0,Exercise_Count,0.0
p07_daily_merged,readiness,Sleep_Restlessness__abs_zscore,0.0721192484599857,Sleep_Restlessness,0.07211924845998602
p07_daily_merged,readiness,Exercise_Duration__change,0.0673517584712117,Exercise_Duration,0.06735175847121201
p07_daily_merged,readiness,Exercise_Avg_HR__abs_zscore,0.0343498454095679,Exercise_Avg_HR,0.03434984540956805
p07_daily_merged,readiness,Sleep_Hours__change,0.0328226097597598,Sleep_Hours,0.032822609759759945
p07_daily_merged,readiness,Steps__rolling_7,0.032189906264184,Steps,0.032189906264184144
p07_daily_merged,readiness,Exercise_Avg_HR__change,0.0277460835951115,Exercise_Avg_HR,0.027746083595111624
p07_daily_merged,readiness,Exercise_Count__change,0.0220455027602546,Exercise_Count,0.022045502760254698
p07_daily_merged,readiness,Sleep_Restlessness__rolling_3,0.0211176782302884,Sleep_Restlessness,0.021117678230288494
p07_daily_merged,readiness,Exercise_Calories__rolling_3,0.0205386548217357,Exercise_Calories,0.02053865482173579
p07_daily_merged,readiness,Sleep_Score__change,0.0197309967034899,Sleep_Score,0.019730996703489986
p07_daily_merged,readiness,Steps__abs_zscore,0.0188950115869162,Steps,0.018895011586916283
p07_daily_merged,readiness,Exercise_Duration__rolling_3,0.0186952321428863,Exercise_Duration,0.018695232142886382
p07_daily_merged,readiness,Deep_Sleep_Minutes__change,0.0185579160780692,Deep_Sleep_Minutes,0.018557916078069284
p07_daily_merged,readiness,Exercise_Calories__rolling_7,0.0181984445137956,Exercise_Calories,0.01819844451379568
p07_daily_merged,readiness,Exercise_Calories__change,0.0172380738844422,Exercise_Calories,0.017238073884442276
p07_daily_merged,readiness,Exercise_Distance__rolling_3,0.0167295620594046,Exercise_Distance,0.016729562059404672
p07_daily_merged,readiness,Exercise_Calories__abs_zscore,0.0165325483525554,Exercise_Calories,0.016532548352555472
p07_daily_merged,readiness,Sleep_Restlessness__zscore,0.0156559977429117,Sleep_Restlessness,0.015655997742911768
p07_daily_merged,readiness,Sleep_Restlessness__rolling_7,0.0156208275113668,Sleep_Restlessness,0.01562082751136687
p07_daily_merged,readiness,Exercise_Distance__rolling_7,0.0150535151653005,Exercise_Distance,0.015053515165300568
p07_daily_merged,readiness,Steps__change,0.0149318246636732,Steps,0.014931824663673265
p07_daily_merged,readiness,Sleep_Score__abs_zscore,0.0148196242795402,Sleep_Score,0.014819624279540266
p07_daily_merged,readiness,Sleep_Duration_Score__rolling_7,0.014643992519626,Sleep_Duration_Score,0.014643992519626064
p07_daily_merged,readiness,Sleep_Restlessness__deviation,0.0144080760325323,Sleep_Restlessness,0.014408076032532365
p07_daily_merged,readiness,Sleep_Restlessness__raw,0.0143974222243499,Sleep_Restlessness,0.014397422224349964
p07_daily_merged,readiness,Steps__rolling_3,0.0138630289866783,Steps,0.01386302898667836
p07_daily_merged,readiness,Sleep_Hours__abs_zscore,0.0132386412758311,Sleep_Hours,0.013238641275831159
p07_daily_merged,readiness,Deep_Sleep_Minutes__abs_zscore,0.0132040398511171,Deep_Sleep_Minutes,0.013204039851117158
p07_daily_merged,readiness,Exercise_Distance__change,0.0128674697292715,Exercise_Distance,0.012867469729271558
p07_daily_merged,readiness,Exercise_Count__rolling_3,0.012345762851708,Exercise_Count,0.012345762851708056
p07_daily_merged,readiness,Exercise_Duration__rolling_7,0.0121621961800761,Exercise_Duration,0.012162196180076154
p07_daily_merged,readiness,Exercise_Duration__deviation,0.0117506410745907,Exercise_Duration,0.011750641074590753
p07_daily_merged,readiness,Exercise_Duration__zscore,0.0115360074325645,Exercise_Duration,0.011536007432564553
p07_daily_merged,readiness,Sleep_Restlessness__change,0.0114891396073046,Sleep_Restlessness,0.01148913960730465
p07_daily_merged,readiness,Exercise_Duration__abs_zscore,0.0107902584012541,Exercise_Duration,0.010790258401254148
p07_daily_merged,readiness,Sleep_Composition__abs_zscore,0.0100877085667232,Sleep_Composition,0.010087708566723246
p07_daily_merged,readiness,Exercise_Calories__raw,0.0095484597522441,Exercise_Calories,0.009548459752244142
p07_daily_merged,readiness,Steps__raw,0.0095138949453831,Steps,0.009513894945383142
p07_daily_merged,readiness,Sleep_Composition__rolling_3,0.0092466657586822,Sleep_Composition,0.009246665758682241
p07_daily_merged,readiness,Exercise_Duration__raw,0.0091460405745569,Exercise_Duration,0.00914604057455694
p07_daily_merged,readiness,Steps__zscore,0.0086724218626307,Steps,0.008672421862630739
p07_daily_merged,readiness,Deep_Sleep_Minutes__raw,0.0083676180380147,Deep_Sleep_Minutes,0.008367618038014736
p07_daily_merged,readiness,Sleep_Revitalization__abs_zscore,0.0077667179265412,Sleep_Revitalization,0.007766717926541235
p07_daily_merged,readiness,Sleep_Hours__raw,0.0075448433595862,Sleep_Hours,0.007544843359586234
p07_daily_merged,readiness,Sleep_Score__rolling_7,0.0074810879619502,Sleep_Score,0.007481087961950233
p07_daily_merged,readiness,Exercise_Avg_HR__raw,0.0071057613395209,Exercise_Avg_HR,0.007105761339520931
p07_daily_merged,readiness,Exercise_Avg_HR__zscore,0.0070575124384516,Exercise_Avg_HR,0.007057512438451631
p07_daily_merged,readiness,Sleep_Duration_Score__change,0.0069981822142468,Sleep_Duration_Score,0.006998182214246832
p07_daily_merged,readiness,Deep_Sleep_Minutes__rolling_3,0.006787537798057,Deep_Sleep_Minutes,0.006787537798057031
p07_daily_merged,readiness,Exercise_Count__rolling_7,0.0064034133187718,Exercise_Count,0.0064034133187718285
p07_daily_merged,readiness,Deep_Sleep_Minutes__rolling_7,0.0063997996997936,Deep_Sleep_Minutes,0.006399799699793629
p07_daily_merged,readiness,Sleep_Composition__change,0.0063778054511246,Sleep_Composition,0.006377805451124628
p07_daily_merged,readiness,Sleep_Score__deviation,0.0062616565765718,Sleep_Score,0.006261656576571828
p07_daily_merged,readiness,Deep_Sleep_Minutes__zscore,0.0061632791952827,Deep_Sleep_Minutes,0.006163279195282728
p07_daily_merged,readiness,Sleep_Composition__rolling_7,0.0060432633170885,Sleep_Composition,0.0060432633170885265
p07_daily_merged,readiness,Sleep_Revitalization__rolling_3,0.0059313719764824,Sleep_Revitalization,0.005931371976482426
p07_daily_merged,readiness,Sleep_Hours__rolling_7,0.005908053996948,Sleep_Hours,0.005908053996948026
p07_daily_merged,readiness,Exercise_Avg_HR__rolling_3,0.0057860709033238,Exercise_Avg_HR,0.005786070903323826
p07_daily_merged,readiness,Sleep_Score__rolling_3,0.0055862645452005,Sleep_Score,0.005586264545200525
p07_daily_merged,readiness,Sleep_Revitalization__rolling_7,0.0053991244602377,Sleep_Revitalization,0.005399124460237725
p07_daily_merged,readiness,Sleep_Revitalization__change,0.0052151592646856,Sleep_Revitalization,0.005215159264685624
p07_daily_merged,readiness,Exercise_Distance__abs_zscore,0.0051580983761876,Exercise_Distance,0.005158098376187623
p07_daily_merged,readiness,Exercise_Calories__zscore,0.0051575911112667,Exercise_Calories,0.005157591111266723
p07_daily_merged,readiness,Steps__deviation,0.0051543882022655,Steps,0.005154388202265522
p07_daily_merged,readiness,Exercise_Count__deviation,0.0050987773711803,Exercise_Count,0.005098777371180322
p07_daily_merged,readiness,Sleep_Hours__rolling_3,0.0050684813838561,Sleep_Hours,0.005068481383856123
p07_daily_merged,readiness,Sleep_Duration_Score__abs_zscore,0.005005822875592,Sleep_Duration_Score,0.0050058228755920225
p07_daily_merged,readiness,Sleep_Duration_Score__rolling_3,0.0048500526733483,Sleep_Duration_Score,0.004850052673348322
p07_daily_merged,readiness,Exercise_Distance__deviation,0.0046952584943849,Exercise_Distance,0.004695258494384921
p07_daily_merged,readiness,Sleep_Composition__deviation,0.0045057166890178,Sleep_Composition,0.00450571668901782
p07_daily_merged,readiness,Exercise_Count__abs_zscore,0.0043841430264218,Exercise_Count,0.004384143026421819
p07_daily_merged,readiness,Sleep_Hours__deviation,0.0042216200575535,Sleep_Hours,0.004221620057553519
p07_daily_merged,readiness,Deep_Sleep_Minutes__deviation,0.0037442571304843,Deep_Sleep_Minutes,0.0037442571304843165
p07_daily_merged,readiness,Sleep_Composition__raw,0.0032906705994136,Sleep_Composition,0.0032906705994136145
p07_daily_merged,readiness,Exercise_Avg_HR__deviation,0.0032714397462402,Exercise_Avg_HR,0.0032714397462402143
p07_daily_merged,readiness,Sleep_Revitalization__raw,0.002754437932494,Sleep_Revitalization,0.0027544379324940123
p07_daily_merged,readiness,Exercise_Avg_HR__rolling_7,0.0027455432948736,Exercise_Avg_HR,0.002745543294873612
p07_daily_merged,readiness,Sleep_Hours__zscore,0.0026205740495923,Sleep_Hours,0.0026205740495923117
p07_daily_merged,readiness,Exercise_Distance__raw,0.0025513904586284,Exercise_Distance,0.0025513904586284115
p07_daily_merged,readiness,Sleep_Score__raw,0.0024239853595608,Sleep_Score,0.002423985359560811
p07_daily_merged,readiness,Exercise_Calories__deviation,0.0023404013529938,Exercise_Calories,0.0023404013529938106
p07_daily_merged,readiness,Exercise_Count__raw,0.0021458765607577,Exercise_Count,0.0021458765607577095
p07_daily_merged,readiness,Sleep_Revitalization__deviation,0.0021282396374688,Sleep_Revitalization,0.0021282396374688096
p07_daily_merged,readiness,Sleep_Composition__zscore,0.0019307133092786,Sleep_Composition,0.0019307133092786087
p07_daily_merged,readiness,Exercise_Count__zscore,0.0019061811125131,Exercise_Count,0.0019061811125131085
p07_daily_merged,readiness,Sleep_Score__zscore,0.0018694539315648,Sleep_Score,0.0018694539315648082
p07_daily_merged,readiness,Sleep_Duration_Score__zscore,0.001605668574897,Sleep_Duration_Score,0.0016056685748970072
p07_daily_merged,readiness,Sleep_Revitalization__zscore,0.0015320184161606,Sleep_Revitalization,0.0015320184161606066
p07_daily_merged,readiness,Exercise_Distance__zscore,0.0013244765980524,Exercise_Distance,0.0013244765980524058
p07_daily_merged,readiness,Sleep_Duration_Score__raw,0.0011738945753704,Sleep_Duration_Score,0.0011738945753704052
p07_daily_merged,readiness,Sleep_Duration_Score__deviation,0.0009035732331216,Sleep_Duration_Score,0.000903573233121604
p07_daily_merged,sleep_quality,Sleep_Duration_Score__zscore,0.0747445127551913,Sleep_Duration_Score,0.07474451275519164
p07_daily_merged,sleep_quality,Sleep_Duration_Score__raw,0.0472066148925612,Sleep_Duration_Score,0.047206614892561415
p07_daily_merged,sleep_quality,Exercise_Avg_HR__rolling_3,0.0449025153725293,Exercise_Avg_HR,0.044902515372529504
p07_daily_merged,sleep_quality,Sleep_Hours__change,0.0420064290647054,Sleep_Hours,0.04200642906470559
p07_daily_merged,sleep_quality,Sleep_Duration_Score__deviation,0.0385408241632374,Sleep_Duration_Score,0.03854082416323757
p07_daily_merged,sleep_quality,Sleep_Hours__deviation,0.0297486624973818,Sleep_Hours,0.029748662497381936
p07_daily_merged,sleep_quality,Sleep_Hours__zscore,0.0285372741342633,Sleep_Hours,0.028537274134263428
p07_daily_merged,sleep_quality,Deep_Sleep_Minutes__change,0.0246124104833256,Deep_Sleep_Minutes,0.02461241048332571
p07_daily_merged,sleep_quality,Sleep_Restlessness__rolling_3,0.0232378325634308,Sleep_Restlessness,0.023237832563430903
p07_daily_merged,sleep_quality,Exercise_Avg_HR__abs_zscore,0.0209627164243087,Exercise_Avg_HR,0.020962716424308796
p07_daily_merged,sleep_quality,Sleep_Restlessness__change,0.0194415815035172,Sleep_Restlessness,0.01944158150351729
p07_daily_merged,sleep_quality,Exercise_Distance__change,0.0186900497331804,Exercise_Distance,0.018690049733180485
p07_daily_merged,sleep_quality,Sleep_Score__deviation,0.0184831013654012,Sleep_Score,0.018483101365401284
p07_daily_merged,sleep_quality,Sleep_Score__raw,0.0184705867293522,Sleep_Score,0.018470586729352284
p07_daily_merged,sleep_quality,Steps__abs_zscore,0.0174818430973794,Steps,0.01748184309737948
p07_daily_merged,sleep_quality,Sleep_Hours__rolling_7,0.0172839281471486,Sleep_Hours,0.01728392814714868
p07_daily_merged,sleep_quality,Sleep_Composition__rolling_7,0.0155410229395599,Sleep_Composition,0.015541022939559971
p07_daily_merged,sleep_quality,Sleep_Hours__raw,0.0153138243137438,Sleep_Hours,0.01531382431374387
p07_daily_merged,sleep_quality,Steps__rolling_3,0.0152796151826588,Steps,0.015279615182658869
p07_daily_merged,sleep_quality,Sleep_Composition__change,0.0146673114024671,Sleep_Composition,0.014667311402467166
p07_daily_merged,sleep_quality,Sleep_Score__zscore,0.0144156516726607,Sleep_Score,0.014415651672660765
p07_daily_merged,sleep_quality,Exercise_Count__abs_zscore,0.014239748178702,Exercise_Count,0.014239748178702064
p07_daily_merged,sleep_quality,Sleep_Composition__abs_zscore,0.0131280385653117,Sleep_Composition,0.013128038565311759
p07_daily_merged,sleep_quality,Exercise_Distance__rolling_3,0.0126707411232883,Exercise_Distance,0.012670741123288358
p07_daily_merged,sleep_quality,Sleep_Duration_Score__rolling_3,0.0123391178878927,Sleep_Duration_Score,0.012339117887892756
p07_daily_merged,sleep_quality,Sleep_Score__abs_zscore,0.0122845811901942,Sleep_Score,0.012284581190194255
p07_daily_merged,sleep_quality,Sleep_Duration_Score__abs_zscore,0.0120508436297923,Sleep_Duration_Score,0.012050843629792356
p07_daily_merged,sleep_quality,Exercise_Duration__change,0.0119359946936283,Exercise_Duration,0.011935994693628355
p07_daily_merged,sleep_quality,Exercise_Calories__rolling_7,0.0114292229444011,Exercise_Calories,0.011429222944401152
p07_daily_merged,sleep_quality,Sleep_Score__change,0.0113321805285871,Sleep_Score,0.011332180528587152
p07_daily_merged,sleep_quality,Sleep_Restlessness__abs_zscore,0.0112088296733194,Sleep_Restlessness,0.01120882967331945
p07_daily_merged,sleep_quality,Sleep_Score__rolling_3,0.0110328003320878,Sleep_Score,0.01103280033208785
p07_daily_merged,sleep_quality,Deep_Sleep_Minutes__rolling_7,0.0109528508888895,Deep_Sleep_Minutes,0.01095285088888955
p07_daily_merged,sleep_quality,Sleep_Score__rolling_7,0.0108876231090905,Sleep_Score,0.01088762310909055
p07_daily_merged,sleep_quality,Exercise_Duration__abs_zscore,0.0107689507056238,Exercise_Duration,0.010768950705623849
p07_daily_merged,sleep_quality,Sleep_Duration_Score__change,0.0103234317784588,Sleep_Duration_Score,0.010323431778458847
p07_daily_merged,sleep_quality,Sleep_Revitalization__rolling_7,0.0100847854874712,Sleep_Revitalization,0.010084785487471245
p07_daily_merged,sleep_quality,Deep_Sleep_Minutes__rolling_3,0.0098015404009409,Deep_Sleep_Minutes,0.009801540400940945
p07_daily_merged,sleep_quality,Exercise_Count__rolling_7,0.0096950940307759,Exercise_Count,0.009695094030775944
p07_daily_merged,sleep_quality,Sleep_Duration_Score__rolling_7,0.0095849169862306,Sleep_Duration_Score,0.009584916986230643
p07_daily_merged,sleep_quality,Sleep_Hours__rolling_3,0.0095847708652194,Sleep_Hours,0.009584770865219444
p07_daily_merged,sleep_quality,Deep_Sleep_Minutes__abs_zscore,0.0085612939428378,Deep_Sleep_Minutes,0.008561293942837838
p07_daily_merged,sleep_quality,Exercise_Duration__rolling_3,0.0082274999263345,Exercise_Duration,0.008227499926334538
p07_daily_merged,sleep_quality,Steps__change,0.00799169722716,Steps,0.007991697227160036
p07_daily_merged,sleep_quality,Exercise_Duration__rolling_7,0.0079187517798679,Exercise_Duration,0.007918751779867936
p07_daily_merged,sleep_quality,Exercise_Avg_HR__change,0.007879338246622,Exercise_Avg_HR,0.007879338246622037
p07_daily_merged,sleep_quality,Exercise_Calories__rolling_3,0.0077786209185282,Exercise_Calories,0.007778620918528235
p07_daily_merged,sleep_quality,Exercise_Calories__abs_zscore,0.0076042370528589,Exercise_Calories,0.007604237052858935
p07_daily_merged,sleep_quality,Sleep_Composition__rolling_3,0.0075838833242499,Sleep_Composition,0.007583883324249935
p07_daily_merged,sleep_quality,Exercise_Distance__rolling_7,0.0075254847614001,Exercise_Distance,0.007525484761400134
p07_daily_merged,sleep_quality,Sleep_Restlessness__rolling_7,0.0074289752031988,Sleep_Restlessness,0.007428975203198834
p07_daily_merged,sleep_quality,Sleep_Hours__abs_zscore,0.0068840820034819,Sleep_Hours,0.0068840820034819315
p07_daily_merged,sleep_quality,Exercise_Avg_HR__rolling_7,0.0068590984389602,Exercise_Avg_HR,0.006859098438960231
p07_daily_merged,sleep_quality,Deep_Sleep_Minutes__deviation,0.0066255475537638,Deep_Sleep_Minutes,0.006625547553763831
p07_daily_merged,sleep_quality,Exercise_Distance__abs_zscore,0.0064066447760597,Exercise_Distance,0.00640664477605973
p07_daily_merged,sleep_quality,Sleep_Revitalization__rolling_3,0.0062043277263005,Sleep_Revitalization,0.006204327726300528
p07_daily_merged,sleep_quality,Deep_Sleep_Minutes__raw,0.0061741179857336,Deep_Sleep_Minutes,0.006174117985733627
p07_daily_merged,sleep_quality,Sleep_Revitalization__change,0.0060569846443678,Sleep_Revitalization,0.006056984644367828
p07_daily_merged,sleep_quality,Steps__rolling_7,0.0059703264055222,Steps,0.005970326405522227
p07_daily_merged,sleep_quality,Exercise_Avg_HR__zscore,0.0056157837164896,Exercise_Avg_HR,0.0056157837164896255
p07_daily_merged,sleep_quality,Exercise_Avg_HR__deviation,0.0052851628308019,Exercise_Avg_HR,0.005285162830801924
p07_daily_merged,sleep_quality,Sleep_Revitalization__abs_zscore,0.0049533057343,Sleep_Revitalization,0.0049533057343000226
p07_daily_merged,sleep_quality,Steps__zscore,0.0048143162175372,Steps,0.004814316217537222
p07_daily_merged,sleep_quality,Sleep_Restlessness__raw,0.0047302210647381,Sleep_Restlessness,0.004730221064738122
p07_daily_merged,sleep_quality,Exercise_Calories__change,0.0046770406402777,Exercise_Calories,0.004677040640277722
p07_daily_merged,sleep_quality,Deep_Sleep_Minutes__zscore,0.0041247950028077,Deep_Sleep_Minutes,0.004124795002807719
p07_daily_merged,sleep_quality,Exercise_Distance__raw,0.0040871884303464,Exercise_Distance,0.0040871884303464185
p07_daily_merged,sleep_quality,Sleep_Restlessness__zscore,0.003530617100737,Sleep_Restlessness,0.003530617100737016
p07_daily_merged,sleep_quality,Sleep_Composition__raw,0.0034934992614638,Sleep_Composition,0.003493499261463816
p07_daily_merged,sleep_quality,Exercise_Duration__zscore,0.003200130358169,Exercise_Duration,0.0032001303581690147
p07_daily_merged,sleep_quality,Sleep_Restlessness__deviation,0.0031950384512024,Sleep_Restlessness,0.0031950384512024147
p07_daily_merged,sleep_quality,Exercise_Distance__zscore,0.0030788522731261,Exercise_Distance,0.0030788522731261137
p07_daily_merged,sleep_quality,Exercise_Duration__deviation,0.0030726136610237,Exercise_Duration,0.0030726136610237137
p07_daily_merged,sleep_quality,Steps__deviation,0.003049336774252,Steps,0.0030493367742520138
p07_daily_merged,sleep_quality,Exercise_Calories__zscore,0.0029854853520152,Exercise_Calories,0.0029854853520152134
p07_daily_merged,sleep_quality,Exercise_Avg_HR__raw,0.0026888694148371,Exercise_Avg_HR,0.002688869414837112
p07_daily_merged,sleep_quality,Sleep_Composition__zscore,0.0025514935163837,Sleep_Composition,0.0025514935163837116
p07_daily_merged,sleep_quality,Sleep_Revitalization__raw,0.0019894595786145,Sleep_Revitalization,0.001989459578614509
p07_daily_merged,sleep_quality,Sleep_Composition__deviation,0.0018547507198098,Sleep_Composition,0.0018547507198098084
p07_daily_merged,sleep_quality,Steps__raw,0.0018451607386032,Steps,0.0018451607386032085
p07_daily_merged,sleep_quality,Exercise_Count__rolling_3,0.0017490637314424,Exercise_Count,0.001749063731442408
p07_daily_merged,sleep_quality,Sleep_Revitalization__zscore,0.0016506572827581,Sleep_Revitalization,0.0016506572827581075
p07_daily_merged,sleep_quality,Exercise_Calories__raw,0.0015673935437138,Exercise_Calories,0.001567393543713807
p07_daily_merged,sleep_quality,Exercise_Calories__deviation,0.0012767048285499,Exercise_Calories,0.0012767048285499058
p07_daily_merged,sleep_quality,Exercise_Count__change,0.0011739228925165,Exercise_Count,0.0011739228925165053
p07_daily_merged,sleep_quality,Exercise_Count__deviation,0.0010953817120098,Exercise_Count,0.001095381712009805
p07_daily_merged,sleep_quality,Exercise_Count__zscore,0.0006743188415879,Exercise_Count,0.000674318841587903
p07_daily_merged,sleep_quality,Exercise_Distance__deviation,0.0005225694244594,Exercise_Distance,0.0005225694244594024
p07_daily_merged,sleep_quality,Exercise_Duration__raw,0.0004990549665556,Exercise_Duration,0.0004990549665556022
p07_daily_merged,sleep_quality,Sleep_Revitalization__deviation,0.0002537988124353,Sleep_Revitalization,0.0002537988124353011
p07_daily_merged,sleep_quality,Exercise_Count__raw,0.0001287297712733,Exercise_Count,0.0001287297712733006
p07_daily_merged,stress,Steps__abs_zscore,0.0655069695231515,Steps,0.06550696952315178
p07_daily_merged,stress,Deep_Sleep_Minutes__abs_zscore,0.0456735053415439,Deep_Sleep_Minutes,0.045673505341544095
p07_daily_merged,stress,Exercise_Calories__rolling_3,0.0384776638016311,Exercise_Calories,0.03847766380163126
p07_daily_merged,stress,Sleep_Restlessness__abs_zscore,0.0306848007855611,Sleep_Restlessness,0.03068480078556123
p07_daily_merged,stress,Steps__change,0.0271152958572164,Steps,0.027115295857216514
p07_daily_merged,stress,Sleep_Duration_Score__change,0.0259888949004517,Sleep_Duration_Score,0.025988894900451812
p07_daily_merged,stress,Deep_Sleep_Minutes__change,0.0251348164365507,Deep_Sleep_Minutes,0.025134816436550807
p07_daily_merged,stress,Exercise_Calories__change,0.0246619269273542,Exercise_Calories,0.024661926927354305
p07_daily_merged,stress,Exercise_Duration__change,0.0229414739984124,Exercise_Duration,0.022941473998412495
p07_daily_merged,stress,Exercise_Avg_HR__abs_zscore,0.0214662195832219,Exercise_Avg_HR,0.02146621958322199
p07_daily_merged,stress,Sleep_Hours__abs_zscore,0.0213653339846199,Sleep_Hours,0.02136533398461999
p07_daily_merged,stress,Exercise_Calories__abs_zscore,0.0207277461509401,Exercise_Calories,0.020727746150940186
p07_daily_merged,stress,Exercise_Distance__change,0.0206712467252569,Exercise_Distance,0.020671246725256987
p07_daily_merged,stress,Exercise_Calories__rolling_7,0.0192700596046824,Exercise_Calories,0.01927005960468248
p07_daily_merged,stress,Sleep_Restlessness__change,0.0190691905982012,Sleep_Restlessness,0.01906919059820128
p07_daily_merged,stress,Steps__rolling_3,0.0189598765454556,Steps,0.01895987654545568
p07_daily_merged,stress,Sleep_Hours__rolling_7,0.0174830935014796,Sleep_Hours,0.017483093501479672
p07_daily_merged,stress,Sleep_Revitalization__change,0.0156186117414793,Sleep_Revitalization,0.015618611741479367
p07_daily_merged,stress,Sleep_Duration_Score__abs_zscore,0.0153109110801549,Sleep_Duration_Score,0.015310911080154964
p07_daily_merged,stress,Sleep_Restlessness__rolling_7,0.015167694225396,Sleep_Restlessness,0.015167694225396064
p07_daily_merged,stress,Sleep_Hours__rolling_3,0.0147206080301273,Sleep_Hours,0.014720608030127362
p07_daily_merged,stress,Sleep_Revitalization__rolling_3,0.0143003997427041,Sleep_Revitalization,0.01430039974270416
p07_daily_merged,stress,Deep_Sleep_Minutes__raw,0.0141935930370206,Deep_Sleep_Minutes,0.01419359303702066
p07_daily_merged,stress,Sleep_Restlessness__rolling_3,0.0137869076233697,Sleep_Restlessness,0.01378690762336976
p07_daily_merged,stress,Sleep_Score__change,0.0131685696899538,Sleep_Score,0.013168569689953856
p07_daily_merged,stress,Sleep_Duration_Score__rolling_3,0.0123740033088793,Sleep_Duration_Score,0.012374003308879352
p07_daily_merged,stress,Sleep_Duration_Score__rolling_7,0.0119633962735754,Sleep_Duration_Score,0.01196339627357545
p07_daily_merged,stress,Sleep_Hours__zscore,0.0119339175286836,Sleep_Hours,0.011933917528683651
p07_daily_merged,stress,Exercise_Duration__rolling_3,0.0117760569891171,Exercise_Duration,0.011776056989117151
p07_daily_merged,stress,Exercise_Distance__rolling_3,0.0114999028892591,Exercise_Distance,0.011499902889259148
p07_daily_merged,stress,Sleep_Duration_Score__zscore,0.0114061670651181,Sleep_Duration_Score,0.011406167065118149
p07_daily_merged,stress,Exercise_Avg_HR__change,0.0112034614728534,Exercise_Avg_HR,0.011203461472853447
p07_daily_merged,stress,Sleep_Revitalization__rolling_7,0.0108248472280392,Sleep_Revitalization,0.010824847228039246
p07_daily_merged,stress,Deep_Sleep_Minutes__rolling_7,0.0108067115431057,Deep_Sleep_Minutes,0.010806711543105744
p07_daily_merged,stress,Sleep_Revitalization__abs_zscore,0.0103216504674896,Sleep_Revitalization,0.010321650467489644
p07_daily_merged,stress,Deep_Sleep_Minutes__rolling_3,0.0100633721744742,Deep_Sleep_Minutes,0.010063372174474242
p07_daily_merged,stress,Exercise_Duration__abs_zscore,0.0100159603365362,Exercise_Duration,0.010015960336536242
p07_daily_merged,stress,Sleep_Composition__rolling_3,0.0099728538808008,Sleep_Composition,0.009972853880800842
p07_daily_merged,stress,Exercise_Duration__rolling_7,0.009777779856928,Exercise_Duration,0.009777779856928041
p07_daily_merged,stress,Exercise_Distance__rolling_7,0.0096357664829756,Exercise_Distance,0.009635766482975639
p07_daily_merged,stress,Exercise_Distance__abs_zscore,0.0091672328120339,Exercise_Distance,0.009167232812033937
p07_daily_merged,stress,Steps__zscore,0.009034515307154,Steps,0.009034515307154038
p07_daily_merged,stress,Sleep_Score__rolling_3,0.009008693358296,Sleep_Score,0.009008693358296039
p07_daily_merged,stress,Steps__deviation,0.0088228066039318,Steps,0.008822806603931836
p07_daily_merged,stress,Sleep_Score__abs_zscore,0.0087292199981513,Sleep_Score,0.008729219998151336
p07_daily_merged,stress,Steps__raw,0.0086240144955956,Steps,0.008624014495595637
p07_daily_merged,stress,Exercise_Count__rolling_7,0.0083703565372298,Exercise_Count,0.008370356537229834
p07_daily_merged,stress,Sleep_Hours__deviation,0.0078902917972745,Sleep_Hours,0.007890291797274534
p07_daily_merged,stress,Sleep_Composition__change,0.0078554954976952,Sleep_Composition,0.007855495497695233
p07_daily_merged,stress,Sleep_Score__rolling_7,0.0077547215202968,Sleep_Score,0.0077547215202968325
p07_daily_merged,stress,Sleep_Hours__change,0.0077219565014172,Sleep_Hours,0.007721956501417233
p07_daily_merged,stress,Exercise_Avg_HR__rolling_3,0.0077003653778128,Exercise_Avg_HR,0.007700365377812832
p07_daily_merged,stress,Steps__rolling_7,0.007246717603775,Steps,0.007246717603775031
p07_daily_merged,stress,Sleep_Restlessness__deviation,0.0071694586779765,Sleep_Restlessness,0.00716945867797653
p07_daily_merged,stress,Sleep_Score__raw,0.0069872740288295,Sleep_Score,0.00698727402882953
p07_daily_merged,stress,Sleep_Score__zscore,0.0066498189655398,Sleep_Score,0.006649818965539828
p07_daily_merged,stress,Sleep_Composition__rolling_7,0.0066111356583126,Sleep_Composition,0.006611135658312628
p07_daily_merged,stress,Exercise_Avg_HR__rolling_7,0.0065857617786951,Exercise_Avg_HR,0.006585761778695127
p07_daily_merged,stress,Sleep_Duration_Score__raw,0.0065601494184422,Sleep_Duration_Score,0.006560149418442227
p07_daily_merged,stress,Deep_Sleep_Minutes__zscore,0.0064921775487796,Deep_Sleep_Minutes,0.006492177548779628
p07_daily_merged,stress,Sleep_Score__deviation,0.0062502003569884,Sleep_Score,0.006250200356988426
p07_daily_merged,stress,Sleep_Duration_Score__deviation,0.0062047738992845,Sleep_Duration_Score,0.006204773899284526
p07_daily_merged,stress,Deep_Sleep_Minutes__deviation,0.005943543733878,Deep_Sleep_Minutes,0.005943543733878025
p07_daily_merged,stress,Exercise_Calories__zscore,0.0055741011088439,Exercise_Calories,0.005574101108843923
p07_daily_merged,stress,Sleep_Revitalization__deviation,0.0055726667039435,Sleep_Revitalization,0.005572666703943524
p07_daily_merged,stress,Sleep_Restlessness__zscore,0.0052465023321434,Sleep_Restlessness,0.005246502332143422
p07_daily_merged,stress,Exercise_Calories__raw,0.0048888254393672,Exercise_Calories,0.004888825439367221
p07_daily_merged,stress,Sleep_Restlessness__raw,0.0045008357897588,Sleep_Restlessness,0.004500835789758819
p07_daily_merged,stress,Exercise_Count__change,0.0043547458781052,Exercise_Count,0.004354745878105218
p07_daily_merged,stress,Sleep_Revitalization__raw,0.0042582846556463,Sleep_Revitalization,0.004258284655646318
p07_daily_merged,stress,Exercise_Duration__raw,0.0040617587435678,Exercise_Duration,0.004061758743567817
p07_daily_merged,stress,Exercise_Avg_HR__zscore,0.0038222378605242,Exercise_Avg_HR,0.003822237860524216
p07_daily_merged,stress,Exercise_Duration__zscore,0.0035683958636339,Exercise_Duration,0.003568395863633915
p07_daily_merged,stress,Exercise_Duration__deviation,0.0035470517155485,Exercise_Duration,0.0035470517155485153
p07_daily_merged,stress,Sleep_Revitalization__zscore,0.0032626837766733,Sleep_Revitalization,0.003262683776673314
p07_daily_merged,stress,Sleep_Hours__raw,0.0032149768190846,Sleep_Hours,0.0032149768190846135
p07_daily_merged,stress,Exercise_Distance__raw,0.0031611570829494,Exercise_Distance,0.0031611570829494133
p07_daily_merged,stress,Exercise_Avg_HR__deviation,0.0030191883514071,Exercise_Avg_HR,0.0030191883514071125
p07_daily_merged,stress,Sleep_Composition__raw,0.0024787680441792,Sleep_Composition,0.0024787680441792103
p07_daily_merged,stress,Exercise_Distance__zscore,0.0023191867512807,Exercise_Distance,0.00231918675128071
p07_daily_merged,stress,Exercise_Count__rolling_3,0.0022942409518864,Exercise_Count,0.0022942409518864094
p07_daily_merged,stress,Exercise_Avg_HR__raw,0.0021183649599882,Exercise_Avg_HR,0.002118364959988209
p07_daily_merged,stress,Sleep_Composition__zscore,0.0020835094679671,Sleep_Composition,0.0020835094679671085
p07_daily_merged,stress,Exercise_Distance__deviation,0.0020747563267766,Exercise_Distance,0.0020747563267766085
p07_daily_merged,stress,Sleep_Composition__abs_zscore,0.0018456468105454,Sleep_Composition,0.0018456468105454078
p07_daily_merged,stress,Exercise_Calories__deviation,0.0012029651857962,Exercise_Calories,0.001202965185796205
p07_daily_merged,stress,Sleep_Composition__deviation,0.001061886781027,Sleep_Composition,0.0010618867810270045
p07_daily_merged,stress,Exercise_Count__deviation,0.0010471513608795,Exercise_Count,0.0010471513608795043
p07_daily_merged,stress,Exercise_Count__zscore,0.0004423365188211,Exercise_Count,0.00044233651882110185
p07_daily_merged,stress,Exercise_Count__abs_zscore,0.0004083069053966,Exercise_Count,0.00040830690539660176
p07_daily_merged,stress,Exercise_Count__raw,0.000147529403093,Exercise_Count,0.00014752940309300063
p08_daily_merged,fatigue,Exercise_Distance__abs_zscore,0.0673576209237845,Exercise_Distance,0.06735762092378485
p08_daily_merged,fatigue,Exercise_Distance__change,0.047645479461059,Exercise_Distance,0.047645479461059244
p08_daily_merged,fatigue,Sleep_Score__zscore,0.0285623469932352,Sleep_Score,0.028562346993235347
p08_daily_merged,fatigue,Exercise_Calories__rolling_7,0.0283000802603941,Exercise_Calories,0.028300080260394246
p08_daily_merged,fatigue,Exercise_Calories__change,0.0282112787827654,Exercise_Calories,0.028211278782765546
p08_daily_merged,fatigue,Exercise_Distance__zscore,0.0267997018725934,Exercise_Distance,0.026799701872593534
p08_daily_merged,fatigue,Sleep_Revitalization__change,0.0249618572954079,Sleep_Revitalization,0.02496185729540803
p08_daily_merged,fatigue,Deep_Sleep_Minutes__abs_zscore,0.0236493134329689,Deep_Sleep_Minutes,0.02364931343296902
p08_daily_merged,fatigue,Sleep_Hours__change,0.0213323178015707,Sleep_Hours,0.021332317801570806
p08_daily_merged,fatigue,Exercise_Distance__raw,0.020719196336331,Exercise_Distance,0.020719196336331104
p08_daily_merged,fatigue,Sleep_Duration_Score__change,0.0191032610123214,Sleep_Duration_Score,0.019103261012321498
p08_daily_merged,fatigue,Exercise_Duration__change,0.0185213674253816,Exercise_Duration,0.018521367425381692
p08_daily_merged,fatigue,Sleep_Hours__abs_zscore,0.018450653484922,Sleep_Hours,0.018450653484922093
p08_daily_merged,fatigue,Sleep_Revitalization__zscore,0.0177748555312082,Sleep_Revitalization,0.017774855531208292
p08_daily_merged,fatigue,Sleep_Score__deviation,0.0177361105617074,Sleep_Score,0.01773611056170749
p08_daily_merged,fatigue,Sleep_Revitalization__raw,0.0168112691353875,Sleep_Revitalization,0.016811269135387587
p08_daily_merged,fatigue,Sleep_Score__raw,0.015313966115662,Sleep_Score,0.015313966115662079
p08_daily_merged,fatigue,Exercise_Distance__rolling_3,0.0148944977735126,Exercise_Distance,0.014894497773512677
p08_daily_merged,fatigue,Sleep_Duration_Score__rolling_3,0.0148624388909922,Sleep_Duration_Score,0.014862438890992277
p08_daily_merged,fatigue,Steps__rolling_3,0.0147490722996529,Steps,0.014749072299652975
p08_daily_merged,fatigue,Exercise_Duration__rolling_3,0.0145688794257128,Exercise_Duration,0.014568879425712875
p08_daily_merged,fatigue,Deep_Sleep_Minutes__change,0.0143682351530225,Deep_Sleep_Minutes,0.014368235153022572
p08_daily_merged,fatigue,Exercise_Distance__deviation,0.0140030110845584,Exercise_Distance,0.01400301108455847
p08_daily_merged,fatigue,Exercise_Distance__rolling_7,0.0132434012232908,Exercise_Distance,0.013243401223290867
p08_daily_merged,fatigue,Exercise_Avg_HR__rolling_3,0.0130290401880253,Exercise_Avg_HR,0.013029040188025367
p08_daily_merged,fatigue,Steps__raw,0.0130145548636287,Steps,0.013014554863628765
p08_daily_merged,fatigue,Exercise_Calories__abs_zscore,0.0129686023273571,Exercise_Calories,0.012968602327357167
p08_daily_merged,fatigue,Sleep_Hours__zscore,0.0125788500761172,Sleep_Hours,0.012578850076117264
p08_daily_merged,fatigue,Sleep_Hours__rolling_3,0.0121075633980973,Sleep_Hours,0.012107563398097362
p08_daily_merged,fatigue,Steps__rolling_7,0.0120237901751645,Steps,0.012023790175164561
p08_daily_merged,fatigue,Sleep_Score__change,0.0119916976543172,Sleep_Score,0.011991697654317261
p08_daily_merged,fatigue,Exercise_Calories__rolling_3,0.0115037493919569,Exercise_Calories,0.011503749391956959
p08_daily_merged,fatigue,Steps__change,0.0112900421127425,Steps,0.011290042112742557
p08_daily_merged,fatigue,Exercise_Avg_HR__abs_zscore,0.0112847688134769,Exercise_Avg_HR,0.011284768813476957
p08_daily_merged,fatigue,Exercise_Avg_HR__change,0.0112657472574761,Exercise_Avg_HR,0.011265747257476158
p08_daily_merged,fatigue,Sleep_Hours__deviation,0.0111966690029378,Sleep_Hours,0.011196669002937858
p08_daily_merged,fatigue,Sleep_Hours__raw,0.0109209221119781,Sleep_Hours,0.010920922111978155
p08_daily_merged,fatigue,Sleep_Score__rolling_3,0.0108373088589638,Sleep_Score,0.010837308858963855
p08_daily_merged,fatigue,Sleep_Composition__rolling_7,0.0106442361745607,Sleep_Composition,0.010644236174560754
p08_daily_merged,fatigue,Exercise_Duration__rolling_7,0.0099967212723586,Exercise_Duration,0.00999672127235865
p08_daily_merged,fatigue,Deep_Sleep_Minutes__deviation,0.009908479668206,Deep_Sleep_Minutes,0.00990847966820605
p08_daily_merged,fatigue,Sleep_Restlessness__rolling_7,0.0098718930480387,Sleep_Restlessness,0.00987189304803875
p08_daily_merged,fatigue,Deep_Sleep_Minutes__zscore,0.0094358822989918,Deep_Sleep_Minutes,0.009435882298991848
p08_daily_merged,fatigue,Exercise_Avg_HR__rolling_7,0.0089570169926463,Exercise_Avg_HR,0.008957016992646345
p08_daily_merged,fatigue,Exercise_Count__change,0.0088194431245889,Exercise_Count,0.008819443124588945
p08_daily_merged,fatigue,Sleep_Hours__rolling_7,0.0085008808732456,Sleep_Hours,0.008500880873245643
p08_daily_merged,fatigue,Sleep_Restlessness__abs_zscore,0.0083146134139439,Sleep_Restlessness,0.008314613413943942
p08_daily_merged,fatigue,Exercise_Count__rolling_3,0.0082708310584853,Exercise_Count,0.008270831058485341
p08_daily_merged,fatigue,Exercise_Duration__zscore,0.008179038049165,Exercise_Duration,0.008179038049165041
p08_daily_merged,fatigue,Exercise_Avg_HR__zscore,0.0079151909913217,Exercise_Avg_HR,0.00791519099132174
p08_daily_merged,fatigue,Sleep_Revitalization__deviation,0.007841571538331,Sleep_Revitalization,0.00784157153833104
p08_daily_merged,fatigue,Sleep_Revitalization__abs_zscore,0.0078091649093591,Sleep_Revitalization,0.00780916490935914
p08_daily_merged,fatigue,Exercise_Duration__abs_zscore,0.0077985597229724,Exercise_Duration,0.00779855972297244
p08_daily_merged,fatigue,Deep_Sleep_Minutes__rolling_7,0.007788172790412,Deep_Sleep_Minutes,0.00778817279041204
p08_daily_merged,fatigue,Sleep_Score__abs_zscore,0.0077526493005228,Sleep_Score,0.00775264930052284
p08_daily_merged,fatigue,Steps__zscore,0.0075029785708723,Steps,0.0075029785708723385
p08_daily_merged,fatigue,Sleep_Restlessness__change,0.0073942925311679,Sleep_Restlessness,0.007394292531167938
p08_daily_merged,fatigue,Sleep_Restlessness__rolling_3,0.0072543796208358,Sleep_Restlessness,0.007254379620835838
p08_daily_merged,fatigue,Sleep_Composition__change,0.0071486581759927,Sleep_Composition,0.0071486581759927365
p08_daily_merged,fatigue,Sleep_Duration_Score__rolling_7,0.0070624822147788,Sleep_Duration_Score,0.007062482214778836
p08_daily_merged,fatigue,Steps__abs_zscore,0.0066131596985237,Steps,0.006613159698523734
p08_daily_merged,fatigue,Sleep_Restlessness__raw,0.0063831203190225,Sleep_Restlessness,0.006383120319022533
p08_daily_merged,fatigue,Sleep_Restlessness__deviation,0.0063041462574026,Sleep_Restlessness,0.006304146257402632
p08_daily_merged,fatigue,Sleep_Revitalization__rolling_7,0.0060977945275488,Sleep_Revitalization,0.006097794527548831
p08_daily_merged,fatigue,Sleep_Restlessness__zscore,0.0057223779861088,Sleep_Restlessness,0.00572237798610883
p08_daily_merged,fatigue,Sleep_Duration_Score__abs_zscore,0.0054636046614332,Sleep_Duration_Score,0.005463604661433228
p08_daily_merged,fatigue,Sleep_Composition__rolling_3,0.0052636766931537,Sleep_Composition,0.005263676693153727
p08_daily_merged,fatigue,Deep_Sleep_Minutes__rolling_3,0.0049957750072685,Deep_Sleep_Minutes,0.004995775007268525
p08_daily_merged,fatigue,Exercise_Duration__raw,0.0048497688518069,Exercise_Duration,0.004849768851806925
p08_daily_merged,fatigue,Sleep_Revitalization__rolling_3,0.0048328226789637,Sleep_Revitalization,0.004832822678963724
p08_daily_merged,fatigue,Exercise_Count__rolling_7,0.0044143111199242,Exercise_Count,0.004414311119924222
p08_daily_merged,fatigue,Sleep_Composition__abs_zscore,0.0044049693134383,Sleep_Composition,0.004404969313438323
p08_daily_merged,fatigue,Deep_Sleep_Minutes__raw,0.0042439096462785,Deep_Sleep_Minutes,0.004243909646278522
p08_daily_merged,fatigue,Exercise_Avg_HR__deviation,0.0041925304148315,Exercise_Avg_HR,0.004192530414831521
p08_daily_merged,fatigue,Exercise_Calories__raw,0.0040863712890684,Exercise_Calories,0.004086371289068421
p08_daily_merged,fatigue,Sleep_Duration_Score__deviation,0.0038184556225407,Sleep_Duration_Score,0.0038184556225407196
p08_daily_merged,fatigue,Exercise_Calories__zscore,0.0036361223688188,Exercise_Calories,0.0036361223688188187
p08_daily_merged,fatigue,Exercise_Calories__deviation,0.0028005634497936,Exercise_Calories,0.0028005634497936145
p08_daily_merged,fatigue,Exercise_Duration__deviation,0.0027180674400715,Exercise_Duration,0.0027180674400715137
p08_daily_merged,fatigue,Exercise_Count__abs_zscore,0.002498193417866,Exercise_Count,0.0024981934178660127
p08_daily_merged,fatigue,Steps__deviation,0.0020967342916343,Steps,0.0020967342916343107
p08_daily_merged,fatigue,Sleep_Composition__raw,0.0020220849983594,Sleep_Composition,0.0020220849983594103
p08_daily_merged,fatigue,Exercise_Avg_HR__raw,0.0019567408519465,Exercise_Avg_HR,0.00195674085194651
p08_daily_merged,fatigue,Sleep_Score__rolling_7,0.0017466706085744,Sleep_Score,0.0017466706085744088
p08_daily_merged,fatigue,Exercise_Count__raw,0.0015867262795441,Exercise_Count,0.001586726279544108
p08_daily_merged,fatigue,Sleep_Composition__zscore,0.0014944655689091,Sleep_Composition,0.0014944655689091075
p08_daily_merged,fatigue,Sleep_Duration_Score__zscore,0.0009803716791311,Sleep_Duration_Score,0.000980371679131105
p08_daily_merged,fatigue,Sleep_Composition__deviation,0.0008738323280568,Sleep_Composition,0.0008738323280568044
p08_daily_merged,fatigue,Exercise_Count__deviation,0.0008583446417483,Exercise_Count,0.0008583446417483044
p08_daily_merged,fatigue,Exercise_Count__zscore,0.0006144596186108,Exercise_Count,0.0006144596186108031
p08_daily_merged,fatigue,Sleep_Duration_Score__raw,0.0003091735191371,Sleep_Duration_Score,0.00030917351913710157
p08_daily_merged,mood,Sleep_Restlessness__rolling_3,0.0490507833372523,Sleep_Restlessness,0.04905078333725251
p08_daily_merged,mood,Deep_Sleep_Minutes__abs_zscore,0.0425397861227304,Deep_Sleep_Minutes,0.04253978612273058
p08_daily_merged,mood,Deep_Sleep_Minutes__rolling_7,0.0336288209371054,Deep_Sleep_Minutes,0.033628820937105536
p08_daily_merged,mood,Sleep_Hours__rolling_3,0.032360476598583,Sleep_Hours,0.03236047659858314
p08_daily_merged,mood,Steps__rolling_3,0.0318045494736367,Steps,0.03180454947363683
p08_daily_merged,mood,Deep_Sleep_Minutes__rolling_3,0.0301343432494906,Deep_Sleep_Minutes,0.030134343249490728
p08_daily_merged,mood,Sleep_Hours__change,0.0251116484416041,Sleep_Hours,0.02511164844160421
p08_daily_merged,mood,Exercise_Distance__change,0.0229965269011055,Exercise_Distance,0.022996526901105596
p08_daily_merged,mood,Sleep_Hours__rolling_7,0.0208096137140484,Sleep_Hours,0.020809613714048488
p08_daily_merged,mood,Exercise_Distance__rolling_7,0.019930647742018,Exercise_Distance,0.01993064774201808
p08_daily_merged,mood,Sleep_Restlessness__rolling_7,0.019517072029576,Sleep_Restlessness,0.019517072029576085
p08_daily_merged,mood,Sleep_Score__change,0.0194466560930054,Sleep_Score,0.019446656093005485
p08_daily_merged,mood,Exercise_Calories__abs_zscore,0.0183479626651915,Exercise_Calories,0.018347962665191578
p08_daily_merged,mood,Sleep_Hours__deviation,0.0175311062376077,Sleep_Hours,0.01753110623760777
p08_daily_merged,mood,Exercise_Distance__rolling_3,0.0168406202674871,Exercise_Distance,0.01684062026748717
p08_daily_merged,mood,Exercise_Duration__abs_zscore,0.0161810308730331,Exercise_Duration,0.01618103087303317
p08_daily_merged,mood,Sleep_Hours__raw,0.0161640703881871,Sleep_Hours,0.01616407038818717
p08_daily_merged,mood,Exercise_Distance__abs_zscore,0.0160996823346243,Exercise_Distance,0.01609968233462437
p08_daily_merged,mood,Deep_Sleep_Minutes__change,0.0159849568915233,Deep_Sleep_Minutes,0.015984956891523367
p08_daily_merged,mood,Exercise_Distance__zscore,0.0153205679668919,Exercise_Distance,0.015320567966891964
p08_daily_merged,mood,Sleep_Hours__abs_zscore,0.0150365411762532,Sleep_Hours,0.015036541176253264
p08_daily_merged,mood,Sleep_Restlessness__abs_zscore,0.0144122044983846,Sleep_Restlessness,0.014412204498384661
p08_daily_merged,mood,Exercise_Avg_HR__rolling_7,0.0143773309499146,Exercise_Avg_HR,0.014377330949914661
p08_daily_merged,mood,Steps__abs_zscore,0.014313097959034,Steps,0.01431309795903406
p08_daily_merged,mood,Exercise_Avg_HR__raw,0.0142667424217673,Exercise_Avg_HR,0.014266742421767361
p08_daily_merged,mood,Sleep_Duration_Score__change,0.0138918409865029,Sleep_Duration_Score,0.013891840986502958
p08_daily_merged,mood,Exercise_Distance__raw,0.0136926587644231,Exercise_Distance,0.013692658764423157
p08_daily_merged,mood,Sleep_Score__abs_zscore,0.0135358674383462,Sleep_Score,0.013535867438346257
p08_daily_merged,mood,Sleep_Score__raw,0.0135184037270198,Sleep_Score,0.013518403727019858
p08_daily_merged,mood,Sleep_Composition__rolling_7,0.0129914225263859,Sleep_Composition,0.012991422526385955
p08_daily_merged,mood,Sleep_Restlessness__raw,0.0125196581816172,Sleep_Restlessness,0.012519658181617252
p08_daily_merged,mood,Exercise_Duration__zscore,0.0123974717332169,Exercise_Duration,0.012397471733216953
p08_daily_merged,mood,Exercise_Calories__rolling_7,0.0121214030965478,Exercise_Calories,0.01212140309654785
p08_daily_merged,mood,Sleep_Score__rolling_3,0.0116104743000765,Sleep_Score,0.011610474300076548
p08_daily_merged,mood,Exercise_Distance__deviation,0.0113518627667488,Exercise_Distance,0.01135186276674885
p08_daily_merged,mood,Exercise_Count__rolling_3,0.0112854654109156,Exercise_Count,0.011285465410915647
p08_daily_merged,mood,Exercise_Avg_HR__rolling_3,0.0112063708397437,Exercise_Avg_HR,0.011206370839743747
p08_daily_merged,mood,Exercise_Duration__change,0.0111443067502313,Exercise_Duration,0.011144306750231347
p08_daily_merged,mood,Steps__change,0.0111323929534385,Steps,0.011132392953438546
p08_daily_merged,mood,Sleep_Revitalization__change,0.011048339727388,Sleep_Revitalization,0.011048339727388046
p08_daily_merged,mood,Exercise_Avg_HR__change,0.0109987958536814,Exercise_Avg_HR,0.010998795853681447
p08_daily_merged,mood,Sleep_Hours__zscore,0.0109518040457388,Sleep_Hours,0.010951804045738847
p08_daily_merged,mood,Steps__rolling_7,0.0104296448102601,Steps,0.010429644810260144
p08_daily_merged,mood,Sleep_Revitalization__rolling_3,0.0099530889668591,Sleep_Revitalization,0.009953088966859142
p08_daily_merged,mood,Exercise_Avg_HR__zscore,0.0094034647878165,Exercise_Avg_HR,0.00940346478781654
p08_daily_merged,mood,Sleep_Duration_Score__rolling_3,0.0088833941278585,Sleep_Duration_Score,0.008883394127858537
p08_daily_merged,mood,Exercise_Count__abs_zscore,0.008578385619675,Exercise_Count,0.008578385619675036
p08_daily_merged,mood,Sleep_Restlessness__zscore,0.0085177653097672,Sleep_Restlessness,0.008517765309767236
p08_daily_merged,mood,Sleep_Restlessness__deviation,0.0082820124360318,Sleep_Restlessness,0.008282012436031834
p08_daily_merged,mood,Exercise_Avg_HR__deviation,0.0081323601703206,Exercise_Avg_HR,0.008132360170320634
p08_daily_merged,mood,Steps__raw,0.0080808412667133,Steps,0.008080841266713336
p08_daily_merged,mood,Exercise_Duration__rolling_3,0.0077248317830043,Exercise_Duration,0.007724831783004333
p08_daily_merged,mood,Exercise_Duration__deviation,0.0075198459126306,Exercise_Duration,0.007519845912630632
p08_daily_merged,mood,Exercise_Calories__rolling_3,0.0073189772141123,Exercise_Calories,0.007318977214112331
p08_daily_merged,mood,Sleep_Score__deviation,0.0073140007080329,Sleep_Score,0.007314000708032931
p08_daily_merged,mood,Exercise_Duration__raw,0.007014217085263,Exercise_Duration,0.00701421708526303
p08_daily_merged,mood,Sleep_Score__rolling_7,0.0068597988441098,Sleep_Score,0.006859798844109828
p08_daily_merged,mood,Exercise_Duration__rolling_7,0.0066495546757935,Exercise_Duration,0.006649554675793528
p08_daily_merged,mood,Exercise_Calories__change,0.0065448235770493,Exercise_Calories,0.0065448235770493276
p08_daily_merged,mood,Exercise_Avg_HR__abs_zscore,0.0065124266333131,Exercise_Avg_HR,0.006512426633313128
p08_daily_merged,mood,Exercise_Count__rolling_7,0.0064480604008233,Exercise_Count,0.006448060400823327
p08_daily_merged,mood,Steps__zscore,0.0063699467954342,Steps,0.006369946795434227
p08_daily_merged,mood,Sleep_Duration_Score__rolling_7,0.0063068620337579,Sleep_Duration_Score,0.006306862033757927
p08_daily_merged,mood,Sleep_Duration_Score__abs_zscore,0.0062338444832638,Sleep_Duration_Score,0.006233844483263826
p08_daily_merged,mood,Sleep_Revitalization__rolling_7,0.0061793264510322,Sleep_Revitalization,0.006179326451032226
p08_daily_merged,mood,Deep_Sleep_Minutes__raw,0.0055748122038468,Deep_Sleep_Minutes,0.005574812203846823
p08_daily_merged,mood,Exercise_Calories__zscore,0.0051420828984036,Exercise_Calories,0.0051420828984036215
p08_daily_merged,mood,Deep_Sleep_Minutes__zscore,0.0050614159393835,Deep_Sleep_Minutes,0.005061415939383522
p08_daily_merged,mood,Exercise_Calories__deviation,0.0050536958943516,Exercise_Calories,0.005053695894351622
p08_daily_merged,mood,Exercise_Calories__raw,0.0050251865013031,Exercise_Calories,0.005025186501303121
p08_daily_merged,mood,Deep_Sleep_Minutes__deviation,0.0048510765233838,Deep_Sleep_Minutes,0.004851076523383821
p08_daily_merged,mood,Sleep_Restlessness__change,0.0047326736309264,Sleep_Restlessness,0.00473267363092642
p08_daily_merged,mood,Sleep_Score__zscore,0.0042057013443938,Sleep_Score,0.004205701344393817
p08_daily_merged,mood,Exercise_Count__change,0.0040977200297692,Exercise_Count,0.0040977200297692175
p08_daily_merged,mood,Sleep_Revitalization__deviation,0.0029283472373483,Sleep_Revitalization,0.002928347237348312
p08_daily_merged,mood,Sleep_Composition__change,0.0029021414206877,Sleep_Composition,0.002902141420687712
p08_daily_merged,mood,Sleep_Composition__rolling_3,0.0026624247132838,Sleep_Composition,0.0026624247132838114
p08_daily_merged,mood,Sleep_Revitalization__zscore,0.0024509121162246,Sleep_Revitalization,0.00245091211622461
p08_daily_merged,mood,Sleep_Revitalization__raw,0.0023429011876547,Sleep_Revitalization,0.00234290118765471
p08_daily_merged,mood,Sleep_Revitalization__abs_zscore,0.0021866153517095,Sleep_Revitalization,0.002186615351709509
p08_daily_merged,mood,Sleep_Composition__abs_zscore,0.0019313578555595,Sleep_Composition,0.0019313578555595083
p08_daily_merged,mood,Steps__deviation,0.0016060191389691,Steps,0.0016060191389691068
p08_daily_merged,mood,Sleep_Duration_Score__raw,0.0014087393793682,Sleep_Duration_Score,0.001408739379368206
p08_daily_merged,mood,Exercise_Count__raw,0.0011308848695318,Exercise_Count,0.0011308848695318048
p08_daily_merged,mood,Sleep_Duration_Score__deviation,0.0007434014436479,Sleep_Duration_Score,0.0007434014436479031
p08_daily_merged,mood,Exercise_Count__zscore,0.0007025091081208,Exercise_Count,0.0007025091081208029
p08_daily_merged,mood,Exercise_Count__deviation,0.0002772378781943,Exercise_Count,0.0002772378781943012
p08_daily_merged,mood,Sleep_Composition__raw,6.732256959618272e-05,Sleep_Composition,6.732256959618301e-05
p08_daily_merged,mood,Sleep_Duration_Score__zscore,5.196829933740418e-05,Sleep_Duration_Score,5.19682993374044e-05
p08_daily_merged,mood,Sleep_Composition__zscore,0.0,Sleep_Composition,0.0
p08_daily_merged,mood,Sleep_Composition__deviation,0.0,Sleep_Composition,0.0
p08_daily_merged,readiness,Exercise_Avg_HR__change,0.0507820993953176,Exercise_Avg_HR,0.05078209939531783
p08_daily_merged,readiness,Sleep_Revitalization__raw,0.0445830274479415,Sleep_Revitalization,0.0445830274479417
p08_daily_merged,readiness,Sleep_Revitalization__zscore,0.0440250946525926,Sleep_Revitalization,0.0440250946525928
p08_daily_merged,readiness,Sleep_Restlessness__abs_zscore,0.0335984098940039,Sleep_Restlessness,0.033598409894004054
p08_daily_merged,readiness,Sleep_Revitalization__deviation,0.0310918488654239,Sleep_Revitalization,0.031091848865424043
p08_daily_merged,readiness,Exercise_Calories__change,0.0302035854494649,Exercise_Calories,0.03020358544946504
p08_daily_merged,readiness,Steps__rolling_3,0.0246437942536685,Steps,0.02464379425366861
p08_daily_merged,readiness,Exercise_Distance__abs_zscore,0.023431617276241,Exercise_Distance,0.023431617276241108
p08_daily_merged,readiness,Exercise_Avg_HR__abs_zscore,0.023234156783013,Exercise_Avg_HR,0.023234156783013105
p08_daily_merged,readiness,Deep_Sleep_Minutes__abs_zscore,0.0208134882074373,Deep_Sleep_Minutes,0.020813488207437395
p08_daily_merged,readiness,Sleep_Hours__abs_zscore,0.0201274445936201,Sleep_Hours,0.02012744459362019
p08_daily_merged,readiness,Steps__abs_zscore,0.0198816942356769,Steps,0.01988169423567699
p08_daily_merged,readiness,Exercise_Distance__rolling_7,0.0191470621686085,Exercise_Distance,0.01914706216860859
p08_daily_merged,readiness,Steps__change,0.0182839688105198,Steps,0.018283968810519885
p08_daily_merged,readiness,Sleep_Restlessness__change,0.0180997320065456,Sleep_Restlessness,0.018099732006545684
p08_daily_merged,readiness,Exercise_Calories__deviation,0.0174260164103193,Exercise_Calories,0.017426016410319378
p08_daily_merged,readiness,Exercise_Calories__abs_zscore,0.0170204944042355,Exercise_Calories,0.017020494404235576
p08_daily_merged,readiness,Sleep_Restlessness__raw,0.0167651131142584,Sleep_Restlessness,0.016765113114258476
p08_daily_merged,readiness,Exercise_Duration__change,0.0160300709460808,Exercise_Duration,0.016030070946080874
p08_daily_merged,readiness,Deep_Sleep_Minutes__rolling_3,0.0154764570577336,Deep_Sleep_Minutes,0.015476457057733671
p08_daily_merged,readiness,Sleep_Score__abs_zscore,0.0153128379142873,Sleep_Score,0.015312837914287369
p08_daily_merged,readiness,Sleep_Hours__change,0.0150721109218981,Sleep_Hours,0.015072110921898169
p08_daily_merged,readiness,Exercise_Duration__rolling_7,0.0144320735099249,Exercise_Duration,0.014432073509924965
p08_daily_merged,readiness,Sleep_Hours__rolling_3,0.0142428840336643,Sleep_Hours,0.014242884033664364
p08_daily_merged,readiness,Exercise_Distance__rolling_3,0.0132555897267254,Exercise_Distance,0.013255589726725461
p08_daily_merged,readiness,Steps__raw,0.0129402428363343,Steps,0.012940242836334359
p08_daily_merged,readiness,Exercise_Calories__rolling_7,0.012855937491915,Exercise_Calories,0.012855937491915059
p08_daily_merged,readiness,Exercise_Distance__zscore,0.0128555468379235,Exercise_Distance,0.01285554683792356
p08_daily_merged,readiness,Exercise_Duration__abs_zscore,0.0127787545675617,Exercise_Duration,0.01277875456756176
p08_daily_merged,readiness,Sleep_Revitalization__change,0.0126310741478436,Sleep_Revitalization,0.012631074147843657
p08_daily_merged,readiness,Sleep_Restlessness__zscore,0.0123514962355998,Sleep_Restlessness,0.012351496235599856
p08_daily_merged,readiness,Exercise_Avg_HR__rolling_3,0.0118046523949787,Exercise_Avg_HR,0.011804652394978753
p08_daily_merged,readiness,Exercise_Calories__raw,0.0117178254580357,Exercise_Calories,0.011717825458035755
p08_daily_merged,readiness,Deep_Sleep_Minutes__change,0.0116573272470523,Deep_Sleep_Minutes,0.011657327247052355
p08_daily_merged,readiness,Exercise_Duration__rolling_3,0.0115995997225844,Exercise_Duration,0.011599599722584453
p08_daily_merged,readiness,Exercise_Duration__zscore,0.0115130642235364,Exercise_Duration,0.011513064223536451
p08_daily_merged,readiness,Sleep_Score__change,0.0103949274740627,Sleep_Score,0.010394927474062747
p08_daily_merged,readiness,Sleep_Duration_Score__rolling_3,0.0103595590752433,Sleep_Duration_Score,0.010359559075243347
p08_daily_merged,readiness,Sleep_Restlessness__deviation,0.0102317166027369,Sleep_Restlessness,0.010231716602736947
p08_daily_merged,readiness,Deep_Sleep_Minutes__rolling_7,0.009018013944425,Deep_Sleep_Minutes,0.009018013944425042
p08_daily_merged,readiness,Sleep_Restlessness__rolling_7,0.0089413962232728,Sleep_Restlessness,0.00894139622327284
p08_daily_merged,readiness,Sleep_Revitalization__rolling_7,0.0086883607267806,Sleep_Revitalization,0.00868836072678064
p08_daily_merged,readiness,Exercise_Calories__rolling_3,0.0085971888974068,Exercise_Calories,0.00859718889740684
p08_daily_merged,readiness,Sleep_Hours__rolling_7,0.0085299883773354,Sleep_Hours,0.008529988377335438
p08_daily_merged,readiness,Exercise_Duration__raw,0.0085138098131798,Exercise_Duration,0.008513809813179838
p08_daily_merged,readiness,Exercise_Distance__change,0.0080690759582199,Exercise_Distance,0.008069075958219936
p08_daily_merged,readiness,Exercise_Distance__raw,0.0078589191345479,Exercise_Distance,0.007858919134547936
p08_daily_merged,readiness,Sleep_Score__zscore,0.0074095109212945,Sleep_Score,0.007409510921294534
p08_daily_merged,readiness,Exercise_Calories__zscore,0.0073649164181635,Exercise_Calories,0.007364916418163534
p08_daily_merged,readiness,Steps__deviation,0.0073200835707905,Steps,0.007320083570790533
p08_daily_merged,readiness,Sleep_Score__deviation,0.007316313678006,Sleep_Score,0.007316313678006033
p08_daily_merged,readiness,Exercise_Count__rolling_7,0.0071582337726066,Exercise_Count,0.007158233772606633
p08_daily_merged,readiness,Sleep_Composition__change,0.0071556014212008,Sleep_Composition,0.007155601421200833
p08_daily_merged,readiness,Sleep_Restlessness__rolling_3,0.0070755576078708,Sleep_Restlessness,0.007075557607870832
p08_daily_merged,readiness,Steps__rolling_7,0.0070495088806524,Steps,0.007049508880652432
p08_daily_merged,readiness,Sleep_Score__raw,0.0067465979044461,Sleep_Score,0.00674659790444613
p08_daily_merged,readiness,Sleep_Duration_Score__abs_zscore,0.0062773526100956,Sleep_Duration_Score,0.0062773526100956285
p08_daily_merged,readiness,Sleep_Duration_Score__change,0.0062723498383134,Sleep_Duration_Score,0.006272349838313428
p08_daily_merged,readiness,Exercise_Count__rolling_3,0.0060861004459569,Exercise_Count,0.006086100445956928
p08_daily_merged,readiness,Sleep_Score__rolling_3,0.0058737322292422,Sleep_Score,0.005873732229242227
p08_daily_merged,readiness,Sleep_Revitalization__rolling_3,0.0057195948400627,Sleep_Revitalization,0.005719594840062726
p08_daily_merged,readiness,Exercise_Distance__deviation,0.0057026555126523,Exercise_Distance,0.005702655512652326
p08_daily_merged,readiness,Sleep_Composition__rolling_3,0.0055857924598592,Sleep_Composition,0.005585792459859225
p08_daily_merged,readiness,Sleep_Composition__rolling_7,0.0054393935634286,Sleep_Composition,0.005439393563428625
p08_daily_merged,readiness,Exercise_Count__abs_zscore,0.0053959017567919,Exercise_Count,0.005395901756791924
p08_daily_merged,readiness,Exercise_Count__change,0.0053764962424562,Exercise_Count,0.005376496242456224
p08_daily_merged,readiness,Sleep_Score__rolling_7,0.0052489698543427,Sleep_Score,0.005248969854342724
p08_daily_merged,readiness,Sleep_Hours__deviation,0.0051673554600408,Sleep_Hours,0.005167355460040823
p08_daily_merged,readiness,Sleep_Hours__zscore,0.0051375129002808,Sleep_Hours,0.005137512900280823
p08_daily_merged,readiness,Deep_Sleep_Minutes__deviation,0.0050326750256553,Deep_Sleep_Minutes,0.005032675025655323
p08_daily_merged,readiness,Exercise_Avg_HR__deviation,0.0047564669700331,Exercise_Avg_HR,0.0047564669700331215
p08_daily_merged,readiness,Exercise_Avg_HR__raw,0.0045532154313811,Exercise_Avg_HR,0.004553215431381121
p08_daily_merged,readiness,Sleep_Hours__raw,0.0040080209466079,Sleep_Hours,0.004008020946607918
p08_daily_merged,readiness,Exercise_Avg_HR__rolling_7,0.0039694994173791,Exercise_Avg_HR,0.003969499417379118
p08_daily_merged,readiness,Steps__zscore,0.0031506749583865,Steps,0.0031506749583865143
p08_daily_merged,readiness,Exercise_Duration__deviation,0.0030458398504535,Exercise_Duration,0.003045839850453514
p08_daily_merged,readiness,Sleep_Duration_Score__deviation,0.0027072834155209,Sleep_Duration_Score,0.002707283415520912
p08_daily_merged,readiness,Sleep_Composition__abs_zscore,0.002387582847279,Sleep_Composition,0.002387582847279011
p08_daily_merged,readiness,Exercise_Avg_HR__zscore,0.0023160012177312,Exercise_Avg_HR,0.0023160012177312105
p08_daily_merged,readiness,Sleep_Duration_Score__raw,0.0022566058768009,Sleep_Duration_Score,0.0022566058768009106
p08_daily_merged,readiness,Exercise_Count__zscore,0.0020445829127484,Exercise_Count,0.002044582912748409
p08_daily_merged,readiness,Sleep_Duration_Score__zscore,0.0019051641631586,Sleep_Duration_Score,0.0019051641631586086
p08_daily_merged,readiness,Sleep_Revitalization__abs_zscore,0.0018524681072775,Sleep_Revitalization,0.0018524681072775084
p08_daily_merged,readiness,Deep_Sleep_Minutes__raw,0.001716758493708,Deep_Sleep_Minutes,0.0017167584937080077
p08_daily_merged,readiness,Sleep_Composition__zscore,0.0015264790600806,Sleep_Composition,0.001526479060080607
p08_daily_merged,readiness,Sleep_Composition__deviation,0.0014442608757194,Sleep_Composition,0.0014442608757194064
p08_daily_merged,readiness,Sleep_Duration_Score__rolling_7,0.0009927382461537,Sleep_Duration_Score,0.0009927382461537046
p08_daily_merged,readiness,Deep_Sleep_Minutes__zscore,0.0006398993028533,Deep_Sleep_Minutes,0.000639899302853303
p08_daily_merged,readiness,Exercise_Count__raw,0.0004751642129456,Exercise_Count,0.00047516421294560216
p08_daily_merged,readiness,Sleep_Composition__raw,0.0003495691786136,Sleep_Composition,0.0003495691786136016
p08_daily_merged,readiness,Exercise_Count__deviation,0.0001003681311746,Exercise_Count,0.00010036813117460046
p08_daily_merged,sleep_quality,Sleep_Restlessness__change,0.0752823888160768,Sleep_Restlessness,0.07528238881607713
p08_daily_merged,sleep_quality,Exercise_Count__abs_zscore,0.074813403446169,Exercise_Count,0.07481340344616934
p08_daily_merged,sleep_quality,Exercise_Calories__abs_zscore,0.0493045298856584,Exercise_Calories,0.04930452988565862
p08_daily_merged,sleep_quality,Exercise_Avg_HR__change,0.0436156494400032,Exercise_Avg_HR,0.043615649440003394
p08_daily_merged,sleep_quality,Sleep_Revitalization__zscore,0.0261471201679967,Sleep_Revitalization,0.026147120167996814
p08_daily_merged,sleep_quality,Exercise_Duration__abs_zscore,0.0247581087586631,Exercise_Duration,0.02475810875866321
p08_daily_merged,sleep_quality,Exercise_Avg_HR__abs_zscore,0.0245689920616813,Exercise_Avg_HR,0.024568992061681408
p08_daily_merged,sleep_quality,Exercise_Avg_HR__rolling_3,0.0244340355618565,Exercise_Avg_HR,0.024434035561856606
p08_daily_merged,sleep_quality,Exercise_Distance__change,0.0238954803280727,Exercise_Distance,0.02389548032807281
p08_daily_merged,sleep_quality,Sleep_Revitalization__change,0.0237231474393985,Sleep_Revitalization,0.023723147439398604
p08_daily_merged,sleep_quality,Sleep_Score__deviation,0.0223615073385351,Sleep_Score,0.0223615073385352
p08_daily_merged,sleep_quality,Sleep_Score__raw,0.0203613047905474,Sleep_Score,0.02036130479054749
p08_daily_merged,sleep_quality,Steps__abs_zscore,0.0203342426545228,Steps,0.02033424265452289
p08_daily_merged,sleep_quality,Exercise_Distance__abs_zscore,0.0202734970582395,Exercise_Distance,0.02027349705823959
p08_daily_merged,sleep_quality,Sleep_Restlessness__abs_zscore,0.0195951284805284,Sleep_Restlessness,0.01959512848052849
p08_daily_merged,sleep_quality,Sleep_Revitalization__abs_zscore,0.0179419261426872,Sleep_Revitalization,0.01794192614268728
p08_daily_merged,sleep_quality,Sleep_Revitalization__deviation,0.0175125663462278,Sleep_Revitalization,0.017512566346227876
p08_daily_merged,sleep_quality,Sleep_Restlessness__zscore,0.0170486013137281,Sleep_Restlessness,0.017048601313728175
p08_daily_merged,sleep_quality,Sleep_Revitalization__raw,0.0170485748975045,Sleep_Revitalization,0.017048574897504578
p08_daily_merged,sleep_quality,Sleep_Score__zscore,0.0169347545272543,Sleep_Score,0.016934754527254375
p08_daily_merged,sleep_quality,Deep_Sleep_Minutes__rolling_3,0.0157511140599855,Deep_Sleep_Minutes,0.01575111405998557
p08_daily_merged,sleep_quality,Sleep_Score__rolling_3,0.0149966193595044,Sleep_Score,0.014996619359504465
p08_daily_merged,sleep_quality,Exercise_Calories__rolling_7,0.0144430277162082,Exercise_Calories,0.014443027716208263
p08_daily_merged,sleep_quality,Sleep_Score__change,0.0141284907164757,Sleep_Score,0.014128490716475763
p08_daily_merged,sleep_quality,Exercise_Duration__change,0.0137244295688109,Exercise_Duration,0.01372442956881096
p08_daily_merged,sleep_quality,Exercise_Distance__rolling_3,0.0133775901496317,Exercise_Distance,0.013377590149631758
p08_daily_merged,sleep_quality,Exercise_Distance__rolling_7,0.0117211653531332,Exercise_Distance,0.011721165353133252
p08_daily_merged,sleep_quality,Steps__rolling_3,0.0114855458291263,Steps,0.01148554582912635
p08_daily_merged,sleep_quality,Deep_Sleep_Minutes__abs_zscore,0.0114652731978106,Deep_Sleep_Minutes,0.01146527319781065
p08_daily_merged,sleep_quality,Sleep_Score__rolling_7,0.0109511421168001,Sleep_Score,0.010951142116800148
p08_daily_merged,sleep_quality,Exercise_Avg_HR__rolling_7,0.0105844150703769,Exercise_Avg_HR,0.010584415070376947
p08_daily_merged,sleep_quality,Exercise_Calories__change,0.0101443196866325,Exercise_Calories,0.010144319686632545
p08_daily_merged,sleep_quality,Sleep_Duration_Score__abs_zscore,0.0101257075703024,Sleep_Duration_Score,0.010125707570302445
p08_daily_merged,sleep_quality,Sleep_Restlessness__deviation,0.0095192149226204,Sleep_Restlessness,0.009519214922620442
p08_daily_merged,sleep_quality,Sleep_Hours__rolling_3,0.0094066113447822,Sleep_Hours,0.009406611344782241
p08_daily_merged,sleep_quality,Sleep_Composition__rolling_3,0.0089285809361561,Sleep_Composition,0.00892858093615614
p08_daily_merged,sleep_quality,Sleep_Duration_Score__change,0.0085864635533032,Sleep_Duration_Score,0.008586463553303237
p08_daily_merged,sleep_quality,Steps__change,0.0085527180967995,Steps,0.008552718096799538
p08_daily_merged,sleep_quality,Exercise_Duration__rolling_7,0.0084493720967474,Exercise_Duration,0.008449372096747438
p08_daily_merged,sleep_quality,Exercise_Avg_HR__deviation,0.008431076822424,Exercise_Avg_HR,0.008431076822424038
p08_daily_merged,sleep_quality,Deep_Sleep_Minutes__deviation,0.0081902856798961,Deep_Sleep_Minutes,0.008190285679896136
p08_daily_merged,sleep_quality,Steps__rolling_7,0.0077231554857334,Steps,0.007723155485733435
p08_daily_merged,sleep_quality,Deep_Sleep_Minutes__zscore,0.0077155956378229,Deep_Sleep_Minutes,0.007715595637822935
p08_daily_merged,sleep_quality,Sleep_Hours__rolling_7,0.0074965739647594,Sleep_Hours,0.007496573964759433
p08_daily_merged,sleep_quality,Exercise_Duration__rolling_3,0.0071944990074104,Exercise_Duration,0.007194499007410432
p08_daily_merged,sleep_quality,Deep_Sleep_Minutes__change,0.007024152720852,Deep_Sleep_Minutes,0.007024152720852031
p08_daily_merged,sleep_quality,Sleep_Restlessness__raw,0.0066567125910046,Sleep_Restlessness,0.006656712591004629
p08_daily_merged,sleep_quality,Exercise_Count__rolling_7,0.0063405784231584,Exercise_Count,0.006340578423158428
p08_daily_merged,sleep_quality,Sleep_Hours__abs_zscore,0.0062765013824421,Sleep_Hours,0.006276501382442128
p08_daily_merged,sleep_quality,Sleep_Restlessness__rolling_3,0.0062614074900356,Sleep_Restlessness,0.006261407490035628
p08_daily_merged,sleep_quality,Sleep_Duration_Score__rolling_3,0.0061271863796632,Sleep_Duration_Score,0.006127186379663227
p08_daily_merged,sleep_quality,Exercise_Distance__raw,0.0057431330827694,Exercise_Distance,0.005743133082769425
p08_daily_merged,sleep_quality,Exercise_Calories__zscore,0.0056672004458104,Exercise_Calories,0.005667200445810425
p08_daily_merged,sleep_quality,Exercise_Count__rolling_3,0.0056299938982756,Exercise_Count,0.0056299938982756256
p08_daily_merged,sleep_quality,Exercise_Distance__deviation,0.0056286962495592,Exercise_Distance,0.005628696249559225
p08_daily_merged,sleep_quality,Sleep_Revitalization__rolling_3,0.0049066061625314,Sleep_Revitalization,0.0049066061625314215
p08_daily_merged,sleep_quality,Steps__deviation,0.0047783370276876,Steps,0.004778337027687621
p08_daily_merged,sleep_quality,Exercise_Avg_HR__raw,0.0047438422713361,Exercise_Avg_HR,0.004743842271336121
p08_daily_merged,sleep_quality,Exercise_Calories__rolling_3,0.0044773033800177,Exercise_Calories,0.00447730338001772
p08_daily_merged,sleep_quality,Exercise_Count__change,0.0044295633435125,Exercise_Count,0.00442956334351252
p08_daily_merged,sleep_quality,Sleep_Revitalization__rolling_7,0.0044167847496369,Sleep_Revitalization,0.00441678474963692
p08_daily_merged,sleep_quality,Exercise_Distance__zscore,0.0044050546096946,Exercise_Distance,0.00440505460969462
p08_daily_merged,sleep_quality,Sleep_Composition__abs_zscore,0.0043452261324468,Sleep_Composition,0.004345226132446819
p08_daily_merged,sleep_quality,Deep_Sleep_Minutes__raw,0.0042953149511021,Deep_Sleep_Minutes,0.004295314951102119
p08_daily_merged,sleep_quality,Exercise_Calories__raw,0.0041286219741664,Exercise_Calories,0.004128621974166418
p08_daily_merged,sleep_quality,Sleep_Duration_Score__deviation,0.0040605728394757,Sleep_Duration_Score,0.004060572839475718
p08_daily_merged,sleep_quality,Deep_Sleep_Minutes__rolling_7,0.0038355506409967,Deep_Sleep_Minutes,0.0038355506409967167
p08_daily_merged,sleep_quality,Sleep_Score__abs_zscore,0.0036144104325213,Sleep_Score,0.003614410432521316
p08_daily_merged,sleep_quality,Exercise_Avg_HR__zscore,0.0031956518289091,Exercise_Avg_HR,0.0031956518289091144
p08_daily_merged,sleep_quality,Steps__zscore,0.0030164330819389,Steps,0.0030164330819389133
p08_daily_merged,sleep_quality,Sleep_Hours__change,0.0030028320315045,Sleep_Hours,0.0030028320315045134
p08_daily_merged,sleep_quality,Exercise_Duration__raw,0.0029418416385037,Exercise_Duration,0.002941841638503713
p08_daily_merged,sleep_quality,Exercise_Calories__deviation,0.0025727049779016,Exercise_Calories,0.002572704977901611
p08_daily_merged,sleep_quality,Sleep_Hours__zscore,0.002401116945907,Sleep_Hours,0.0024011169459070107
p08_daily_merged,sleep_quality,Exercise_Duration__zscore,0.0022592376684609,Exercise_Duration,0.0022592376684609098
p08_daily_merged,sleep_quality,Sleep_Restlessness__rolling_7,0.0021887936547469,Sleep_Restlessness,0.0021887936547469095
p08_daily_merged,sleep_quality,Sleep_Hours__deviation,0.0021194857475643,Sleep_Hours,0.0021194857475643094
p08_daily_merged,sleep_quality,Steps__raw,0.0021158116747276,Steps,0.0021158116747276097
p08_daily_merged,sleep_quality,Sleep_Composition__change,0.0020899391358604,Sleep_Composition,0.002089939135860409
p08_daily_merged,sleep_quality,Sleep_Hours__raw,0.0018726054713659,Sleep_Hours,0.0018726054713659082
p08_daily_merged,sleep_quality,Exercise_Duration__deviation,0.001811290317363,Exercise_Duration,0.001811290317363008
p08_daily_merged,sleep_quality,Sleep_Duration_Score__rolling_7,0.001452146741153,Sleep_Duration_Score,0.0014521467411530065
p08_daily_merged,sleep_quality,Exercise_Count__raw,0.0013824352734041,Exercise_Count,0.001382435273404106
p08_daily_merged,sleep_quality,Sleep_Duration_Score__raw,0.0010685360114677,Sleep_Duration_Score,0.0010685360114677047
p08_daily_merged,sleep_quality,Exercise_Count__zscore,0.001027194344451,Exercise_Count,0.0010271943444510045
p08_daily_merged,sleep_quality,Exercise_Count__deviation,0.0007148336754095,Exercise_Count,0.0007148336754095032
p08_daily_merged,sleep_quality,Sleep_Duration_Score__zscore,0.0006834779391283,Sleep_Duration_Score,0.000683477939128303
p08_daily_merged,sleep_quality,Sleep_Composition__raw,0.0005190695987435,Sleep_Composition,0.0005190695987435023
p08_daily_merged,sleep_quality,Sleep_Composition__rolling_7,0.0005046153237538,Sleep_Composition,0.0005046153237538022
p08_daily_merged,sleep_quality,Sleep_Composition__deviation,0.0002192483404299,Sleep_Composition,0.00021924834042990097
p08_daily_merged,sleep_quality,Sleep_Composition__zscore,0.0,Sleep_Composition,0.0
p08_daily_merged,stress,Sleep_Duration_Score__change,0.0842079985267189,Sleep_Duration_Score,0.08420799852671922
p08_daily_merged,stress,Exercise_Distance__abs_zscore,0.0631718607297145,Exercise_Distance,0.06317186072971473
p08_daily_merged,stress,Exercise_Avg_HR__change,0.0450122236007696,Exercise_Avg_HR,0.045012223600769764
p08_daily_merged,stress,Exercise_Distance__change,0.0428877754376288,Exercise_Distance,0.04288777543762896
p08_daily_merged,stress,Sleep_Restlessness__abs_zscore,0.0420739586056225,Sleep_Restlessness,0.04207395860562266
p08_daily_merged,stress,Exercise_Avg_HR__abs_zscore,0.0377975782973799,Exercise_Avg_HR,0.03779757829738004
p08_daily_merged,stress,Sleep_Hours__abs_zscore,0.0240951545571084,Sleep_Hours,0.024095154557108492
p08_daily_merged,stress,Exercise_Calories__abs_zscore,0.0225814228634444,Exercise_Calories,0.022581422863444486
p08_daily_merged,stress,Exercise_Distance__rolling_7,0.0218966965956025,Exercise_Distance,0.021896696595602585
p08_daily_merged,stress,Exercise_Duration__abs_zscore,0.0216730493227698,Exercise_Duration,0.021673049322769884
p08_daily_merged,stress,Exercise_Count__rolling_7,0.0214552047027756,Exercise_Count,0.02145520470277568
p08_daily_merged,stress,Sleep_Duration_Score__raw,0.0207656204046957,Sleep_Duration_Score,0.02076562040469578
p08_daily_merged,stress,Deep_Sleep_Minutes__abs_zscore,0.0196070220473142,Deep_Sleep_Minutes,0.019607022047314272
p08_daily_merged,stress,Sleep_Restlessness__change,0.0192955330392783,Sleep_Restlessness,0.019295533039278372
p08_daily_merged,stress,Exercise_Distance__rolling_3,0.0191983286148823,Exercise_Distance,0.01919832861488237
p08_daily_merged,stress,Steps__rolling_3,0.0184932362489445,Steps,0.01849323624894457
p08_daily_merged,stress,Sleep_Restlessness__rolling_3,0.0164678748860197,Sleep_Restlessness,0.01646787488601976
p08_daily_merged,stress,Sleep_Score__change,0.016325503019302,Sleep_Score,0.01632550301930206
p08_daily_merged,stress,Steps__change,0.0148642438627618,Steps,0.014864243862761856
p08_daily_merged,stress,Steps__zscore,0.0145771310729308,Steps,0.014577131072930856
p08_daily_merged,stress,Exercise_Avg_HR__rolling_7,0.0139466752773429,Exercise_Avg_HR,0.013946675277342953
p08_daily_merged,stress,Sleep_Duration_Score__deviation,0.0139252766839537,Sleep_Duration_Score,0.013925276683953752
p08_daily_merged,stress,Steps__rolling_7,0.0137087625641016,Steps,0.013708762564101652
p08_daily_merged,stress,Exercise_Count__rolling_3,0.0131811306192803,Exercise_Count,0.01318113061928035
p08_daily_merged,stress,Sleep_Duration_Score__zscore,0.0129279135836266,Sleep_Duration_Score,0.012927913583626648
p08_daily_merged,stress,Exercise_Duration__rolling_3,0.012824942513638,Exercise_Duration,0.01282494251363805
p08_daily_merged,stress,Exercise_Duration__rolling_7,0.0123555927981857,Exercise_Duration,0.012355592798185747
p08_daily_merged,stress,Sleep_Hours__change,0.0121797655330179,Sleep_Hours,0.012179765533017946
p08_daily_merged,stress,Exercise_Count__change,0.0109852951866503,Exercise_Count,0.010985295186650342
p08_daily_merged,stress,Sleep_Revitalization__rolling_3,0.0103612822235201,Sleep_Revitalization,0.01036128222352014
p08_daily_merged,stress,Sleep_Composition__rolling_3,0.0103580494844058,Sleep_Composition,0.01035804948440584
p08_daily_merged,stress,Exercise_Duration__change,0.009916441705148,Exercise_Duration,0.009916441705148039
p08_daily_merged,stress,Exercise_Avg_HR__rolling_3,0.0096586382846873,Exercise_Avg_HR,0.009658638284687337
p08_daily_merged,stress,Exercise_Count__abs_zscore,0.0095098949623984,Exercise_Count,0.009509894962398437
p08_daily_merged,stress,Deep_Sleep_Minutes__change,0.0094856904264639,Deep_Sleep_Minutes,0.009485690426463937
p08_daily_merged,stress,Exercise_Calories__rolling_7,0.0089790688985225,Exercise_Calories,0.008979068898522534
p08_daily_merged,stress,Exercise_Calories__rolling_3,0.008685989258913,Exercise_Calories,0.008685989258913033
p08_daily_merged,stress,Sleep_Hours__zscore,0.0086648118608486,Sleep_Hours,0.008664811860848633
p08_daily_merged,stress,Deep_Sleep_Minutes__rolling_3,0.0083835481950074,Deep_Sleep_Minutes,0.008383548195007431
p08_daily_merged,stress,Sleep_Hours__rolling_3,0.0081785755548519,Sleep_Hours,0.00817857555485193
p08_daily_merged,stress,Exercise_Avg_HR__deviation,0.0081540933926682,Exercise_Avg_HR,0.00815409339266823
p08_daily_merged,stress,Exercise_Avg_HR__zscore,0.0079453241125603,Exercise_Avg_HR,0.00794532411256033
p08_daily_merged,stress,Sleep_Composition__change,0.0079266859965821,Sleep_Composition,0.00792668599658213
p08_daily_merged,stress,Sleep_Hours__deviation,0.0072423697520711,Sleep_Hours,0.007242369752071128
p08_daily_merged,stress,Steps__abs_zscore,0.0070792397881157,Steps,0.0070792397881157265
p08_daily_merged,stress,Sleep_Score__abs_zscore,0.0069560607268148,Sleep_Score,0.006956060726814826
p08_daily_merged,stress,Sleep_Duration_Score__rolling_3,0.0065731243294065,Sleep_Duration_Score,0.006573124329406525
p08_daily_merged,stress,Sleep_Revitalization__change,0.0064123711373489,Sleep_Revitalization,0.006412371137348924
p08_daily_merged,stress,Steps__deviation,0.0063880780708615,Steps,0.006388078070861524
p08_daily_merged,stress,Exercise_Avg_HR__raw,0.0061795155393218,Exercise_Avg_HR,0.006179515539321823
p08_daily_merged,stress,Sleep_Duration_Score__rolling_7,0.006107349221798,Sleep_Duration_Score,0.006107349221798023
p08_daily_merged,stress,Sleep_Revitalization__abs_zscore,0.0059793938602041,Sleep_Revitalization,0.005979393860204123
p08_daily_merged,stress,Sleep_Duration_Score__abs_zscore,0.005655474786591,Sleep_Duration_Score,0.005655474786591022
p08_daily_merged,stress,Exercise_Distance__zscore,0.0055519250431995,Exercise_Distance,0.0055519250431995204
p08_daily_merged,stress,Exercise_Calories__change,0.0055369135869951,Exercise_Calories,0.005536913586995121
p08_daily_merged,stress,Sleep_Composition__rolling_7,0.0054778867938796,Sleep_Composition,0.00547788679387962
p08_daily_merged,stress,Sleep_Hours__rolling_7,0.0050679900383092,Sleep_Hours,0.005067990038309219
p08_daily_merged,stress,Sleep_Score__rolling_3,0.005006885309261,Sleep_Score,0.005006885309261019
p08_daily_merged,stress,Exercise_Distance__deviation,0.0046301337859474,Exercise_Distance,0.004630133785947417
p08_daily_merged,stress,Sleep_Restlessness__zscore,0.0043229641578771,Sleep_Restlessness,0.004322964157877116
p08_daily_merged,stress,Sleep_Score__zscore,0.004239825959775,Sleep_Score,0.0042398259597750156
p08_daily_merged,stress,Exercise_Calories__raw,0.0041440932416593,Exercise_Calories,0.0041440932416593156
p08_daily_merged,stress,Deep_Sleep_Minutes__zscore,0.00412681574222,Deep_Sleep_Minutes,0.004126815742220015
p08_daily_merged,stress,Steps__raw,0.0039569339815496,Steps,0.003956933981549615
p08_daily_merged,stress,Sleep_Score__raw,0.0039398712278144,Sleep_Score,0.003939871227814415
p08_daily_merged,stress,Deep_Sleep_Minutes__rolling_7,0.0035422974195098,Deep_Sleep_Minutes,0.0035422974195098134
p08_daily_merged,stress,Sleep_Hours__raw,0.0032735725755957,Sleep_Hours,0.0032735725755957124
p08_daily_merged,stress,Sleep_Restlessness__rolling_7,0.0032559093841814,Sleep_Restlessness,0.0032559093841814124
p08_daily_merged,stress,Exercise_Count__zscore,0.0030426744940321,Exercise_Count,0.003042674494032111
p08_daily_merged,stress,Sleep_Composition__abs_zscore,0.003018760014954,Sleep_Composition,0.0030187600149540112
p08_daily_merged,stress,Sleep_Score__rolling_7,0.0030091666141072,Sleep_Score,0.0030091666141072114
p08_daily_merged,stress,Exercise_Distance__raw,0.0027266535649396,Exercise_Distance,0.0027266535649396106
p08_daily_merged,stress,Sleep_Revitalization__rolling_7,0.0026608694809,Sleep_Revitalization,0.00266086948090001
p08_daily_merged,stress,Sleep_Score__deviation,0.0024011318670638,Sleep_Score,0.002401131867063809
p08_daily_merged,stress,Deep_Sleep_Minutes__deviation,0.0022917961471934,Deep_Sleep_Minutes,0.0022917961471934085
p08_daily_merged,stress,Exercise_Duration__zscore,0.0020122653116776,Exercise_Duration,0.002012265311677608
p08_daily_merged,stress,Sleep_Revitalization__zscore,0.0019567923518356,Sleep_Revitalization,0.0019567923518356073
p08_daily_merged,stress,Deep_Sleep_Minutes__raw,0.0019463247965967,Deep_Sleep_Minutes,0.0019463247965967074
p08_daily_merged,stress,Exercise_Calories__zscore,0.0019068586225677,Exercise_Calories,0.0019068586225677072
p08_daily_merged,stress,Sleep_Restlessness__raw,0.0018549554678951,Sleep_Restlessness,0.001854955467895107
p08_daily_merged,stress,Exercise_Count__deviation,0.0018240974786753,Exercise_Count,0.0018240974786753069
p08_daily_merged,stress,Sleep_Revitalization__deviation,0.0015414384309233,Sleep_Revitalization,0.001541438430923306
p08_daily_merged,stress,Exercise_Duration__deviation,0.0012486580597026,Exercise_Duration,0.0012486580597026048
p08_daily_merged,stress,Sleep_Restlessness__deviation,0.0012158083481206,Sleep_Restlessness,0.0012158083481206045
p08_daily_merged,stress,Exercise_Calories__deviation,0.0011581626530919,Exercise_Calories,0.0011581626530919042
p08_daily_merged,stress,Exercise_Count__raw,0.0011426259303757,Exercise_Count,0.0011426259303757044
p08_daily_merged,stress,Sleep_Revitalization__raw,0.0011335720202147,Sleep_Revitalization,0.0011335720202147043
p08_daily_merged,stress,Exercise_Duration__raw,0.0009980645390785,Exercise_Duration,0.0009980645390785037
p08_daily_merged,stress,Sleep_Composition__deviation,0.0006819765149018,Sleep_Composition,0.0006819765149018026
p08_daily_merged,stress,Sleep_Composition__raw,0.0005901363816767,Sleep_Composition,0.0005901363816767023
p08_daily_merged,stress,Sleep_Composition__zscore,0.0002993498971261,Sleep_Composition,0.00029934989712610113
p09_daily_merged,fatigue,Sleep_Restlessness__change,0.0560412666191509,Sleep_Restlessness,0.05604126661915115
p09_daily_merged,fatigue,Sleep_Duration_Score__change,0.0552132999531818,Sleep_Duration_Score,0.05521329995318204
p09_daily_merged,fatigue,Steps__rolling_3,0.054057608760239,Steps,0.05405760876023924
p09_daily_merged,fatigue,Sleep_Hours__deviation,0.0443873156754541,Sleep_Hours,0.04438731567545429
p09_daily_merged,fatigue,Sleep_Hours__raw,0.0440926260927061,Sleep_Hours,0.0440926260927063
p09_daily_merged,fatigue,Sleep_Duration_Score__raw,0.0438686951531711,Sleep_Duration_Score,0.043868695153171294
p09_daily_merged,fatigue,Deep_Sleep_Minutes__abs_zscore,0.0394449606386642,Deep_Sleep_Minutes,0.03944496063866437
p09_daily_merged,fatigue,Sleep_Hours__zscore,0.0364449421448478,Sleep_Hours,0.03644494214484796
p09_daily_merged,fatigue,Sleep_Revitalization__change,0.0303812016954306,Sleep_Revitalization,0.030381201695430734
p09_daily_merged,fatigue,Steps__change,0.0270727092946317,Steps,0.027072709294631823
p09_daily_merged,fatigue,Sleep_Composition__change,0.0243102060928246,Sleep_Composition,0.024310206092824707
p09_daily_merged,fatigue,Deep_Sleep_Minutes__rolling_3,0.0210720346931225,Deep_Sleep_Minutes,0.021072034693122594
p09_daily_merged,fatigue,Sleep_Score__raw,0.0206776222651682,Sleep_Score,0.02067762226516829
p09_daily_merged,fatigue,Sleep_Composition__rolling_3,0.0182442293454982,Sleep_Composition,0.01824422934549828
p09_daily_merged,fatigue,Steps__rolling_7,0.0181781816345782,Steps,0.01817818163457828
p09_daily_merged,fatigue,Sleep_Revitalization__rolling_3,0.018006068542376,Sleep_Revitalization,0.018006068542376078
p09_daily_merged,fatigue,Steps__abs_zscore,0.0179042778989222,Steps,0.01790427789892228
p09_daily_merged,fatigue,Sleep_Restlessness__deviation,0.0177596505514587,Sleep_Restlessness,0.01775965055145878
p09_daily_merged,fatigue,Sleep_Duration_Score__deviation,0.0171119140618366,Sleep_Duration_Score,0.017111914061836677
p09_daily_merged,fatigue,Steps__raw,0.0155564626823268,Steps,0.015556462682326869
p09_daily_merged,fatigue,Exercise_Duration__rolling_7,0.0152906617717108,Exercise_Duration,0.015290661771710868
p09_daily_merged,fatigue,Sleep_Duration_Score__zscore,0.014826140091466,Sleep_Duration_Score,0.014826140091466065
p09_daily_merged,fatigue,Sleep_Restlessness__rolling_3,0.0146424771654432,Sleep_Restlessness,0.014642477165443264
p09_daily_merged,fatigue,Steps__deviation,0.0142920947665896,Steps,0.014292094766589665
p09_daily_merged,fatigue,Sleep_Score__abs_zscore,0.0142108019340594,Sleep_Score,0.014210801934059462
p09_daily_merged,fatigue,Sleep_Duration_Score__rolling_7,0.0142090258378826,Sleep_Duration_Score,0.014209025837882663
p09_daily_merged,fatigue,Sleep_Restlessness__raw,0.0142086851269807,Sleep_Restlessness,0.014208685126980763
p09_daily_merged,fatigue,Sleep_Duration_Score__abs_zscore,0.0140678981396106,Sleep_Duration_Score,0.014067898139610662
p09_daily_merged,fatigue,Sleep_Hours__abs_zscore,0.0134098682448716,Sleep_Hours,0.01340986824487166
p09_daily_merged,fatigue,Sleep_Restlessness__zscore,0.0115889724531992,Sleep_Restlessness,0.011588972453199252
p09_daily_merged,fatigue,Sleep_Score__change,0.0114484848300192,Sleep_Score,0.01144848483001925
p09_daily_merged,fatigue,Sleep_Duration_Score__rolling_3,0.0110294098747117,Sleep_Duration_Score,0.011029409874711748
p09_daily_merged,fatigue,Exercise_Calories__change,0.0105150017425279,Exercise_Calories,0.010515001742527947
p09_daily_merged,fatigue,Steps__zscore,0.0103549281622546,Steps,0.010354928162254647
p09_daily_merged,fatigue,Sleep_Restlessness__abs_zscore,0.0093559927209644,Sleep_Restlessness,0.009355992720964441
p09_daily_merged,fatigue,Exercise_Distance__rolling_7,0.0092272542118937,Exercise_Distance,0.009227254211893741
p09_daily_merged,fatigue,Deep_Sleep_Minutes__change,0.0091955911141067,Deep_Sleep_Minutes,0.009195591114106741
p09_daily_merged,fatigue,Sleep_Score__rolling_7,0.0091120457554857,Sleep_Score,0.009112045755485739
p09_daily_merged,fatigue,Sleep_Score__deviation,0.008596612358648,Sleep_Score,0.008596612358648038
p09_daily_merged,fatigue,Sleep_Hours__rolling_3,0.0083818833197142,Sleep_Hours,0.008381883319714236
p09_daily_merged,fatigue,Sleep_Revitalization__abs_zscore,0.0079481841625045,Sleep_Revitalization,0.007948184162504535
p09_daily_merged,fatigue,Sleep_Hours__change,0.0076114973206135,Sleep_Hours,0.007611497320613534
p09_daily_merged,fatigue,Exercise_Duration__rolling_3,0.0075505351551434,Exercise_Duration,0.007550535155143433
p09_daily_merged,fatigue,Deep_Sleep_Minutes__zscore,0.0071976043817923,Deep_Sleep_Minutes,0.007197604381792332
p09_daily_merged,fatigue,Sleep_Composition__abs_zscore,0.0070756949252455,Sleep_Composition,0.007075694925245531
p09_daily_merged,fatigue,Sleep_Composition__rolling_7,0.0070259746657589,Sleep_Composition,0.007025974665758931
p09_daily_merged,fatigue,Sleep_Hours__rolling_7,0.0068214381777689,Sleep_Hours,0.006821438177768931
p09_daily_merged,fatigue,Deep_Sleep_Minutes__raw,0.0060366060629281,Deep_Sleep_Minutes,0.006036606062928127
p09_daily_merged,fatigue,Exercise_Duration__change,0.0060197051766585,Exercise_Duration,0.0060197051766585265
p09_daily_merged,fatigue,Deep_Sleep_Minutes__rolling_7,0.0055338831693232,Deep_Sleep_Minutes,0.005533883169323225
p09_daily_merged,fatigue,Sleep_Revitalization__raw,0.0053195811249474,Sleep_Revitalization,0.005319581124947423
p09_daily_merged,fatigue,Exercise_Avg_HR__abs_zscore,0.0052650764654173,Exercise_Avg_HR,0.005265076465417323
p09_daily_merged,fatigue,Sleep_Score__zscore,0.005197768893372,Sleep_Score,0.005197768893372023
p09_daily_merged,fatigue,Sleep_Score__rolling_3,0.0051475883949907,Sleep_Score,0.005147588394990722
p09_daily_merged,fatigue,Exercise_Calories__rolling_7,0.0048031876066176,Exercise_Calories,0.004803187606617622
p09_daily_merged,fatigue,Sleep_Composition__deviation,0.0040125846565124,Sleep_Composition,0.004012584656512418
p09_daily_merged,fatigue,Deep_Sleep_Minutes__deviation,0.0039075230438255,Deep_Sleep_Minutes,0.003907523043825517
p09_daily_merged,fatigue,Sleep_Revitalization__rolling_7,0.0038447493439666,Sleep_Revitalization,0.003844749343966617
p09_daily_merged,fatigue,Exercise_Calories__rolling_3,0.0038039990362492,Exercise_Calories,0.003803999036249217
p09_daily_merged,fatigue,Sleep_Restlessness__rolling_7,0.0035655983092471,Sleep_Restlessness,0.003565598309247116
p09_daily_merged,fatigue,Sleep_Composition__zscore,0.0028630655493181,Sleep_Composition,0.0028630655493181124
p09_daily_merged,fatigue,Exercise_Avg_HR__deviation,0.0026902291420391,Exercise_Avg_HR,0.002690229142039112
p09_daily_merged,fatigue,Exercise_Avg_HR__raw,0.0026221103821495,Exercise_Avg_HR,0.0026221103821495117
p09_daily_merged,fatigue,Sleep_Revitalization__zscore,0.0025309228556117,Sleep_Revitalization,0.0025309228556117114
p09_daily_merged,fatigue,Exercise_Count__rolling_7,0.0024924307483987,Exercise_Count,0.0024924307483987114
p09_daily_merged,fatigue,Sleep_Composition__raw,0.0023645809838602,Sleep_Composition,0.0023645809838602106
p09_daily_merged,fatigue,Exercise_Calories__abs_zscore,0.0023622861338031,Exercise_Calories,0.0023622861338031104
p09_daily_merged,fatigue,Exercise_Count__change,0.0013187633962722,Exercise_Count,0.001318763396272206
p09_daily_merged,fatigue,Sleep_Revitalization__deviation,0.0012782431563386,Sleep_Revitalization,0.0012782431563386056
p09_daily_merged,fatigue,Exercise_Count__rolling_3,0.0012048459843268,Exercise_Count,0.0012048459843268054
p09_daily_merged,fatigue,Exercise_Calories__raw,0.001017370544552,Exercise_Calories,0.0010173705445520045
p09_daily_merged,fatigue,Exercise_Duration__abs_zscore,0.0010032281249341,Exercise_Duration,0.0010032281249341046
p09_daily_merged,fatigue,Exercise_Avg_HR__zscore,0.0009816856990569,Exercise_Avg_HR,0.0009816856990569043
p09_daily_merged,fatigue,Exercise_Duration__raw,0.0008638669293669,Exercise_Duration,0.0008638669293669038
p09_daily_merged,fatigue,Exercise_Count__abs_zscore,0.0008462063256444,Exercise_Count,0.0008462063256444038
p09_daily_merged,fatigue,Exercise_Duration__deviation,0.0007337700551032,Exercise_Duration,0.0007337700551032033
p09_daily_merged,fatigue,Exercise_Count__raw,0.0006196258719969,Exercise_Count,0.0006196258719969027
p09_daily_merged,fatigue,Exercise_Count__zscore,0.0002884659171586,Exercise_Count,0.0002884659171586013
p09_daily_merged,fatigue,Exercise_Calories__zscore,0.0002823855038526,Exercise_Calories,0.00028238550385260126
p09_daily_merged,fatigue,Exercise_Count__deviation,0.0001580332056003,Exercise_Count,0.0001580332056003007
p09_daily_merged,fatigue,Exercise_Duration__zscore,0.0,Exercise_Duration,0.0
p09_daily_merged,fatigue,Exercise_Distance__raw,0.0,Exercise_Distance,0.0
p09_daily_merged,fatigue,Exercise_Distance__change,0.0,Exercise_Distance,0.0
p09_daily_merged,fatigue,Exercise_Distance__rolling_3,0.0,Exercise_Distance,0.0
p09_daily_merged,fatigue,Exercise_Distance__zscore,0.0,Exercise_Distance,0.0
p09_daily_merged,fatigue,Exercise_Distance__abs_zscore,0.0,Exercise_Distance,0.0
p09_daily_merged,fatigue,Exercise_Distance__deviation,0.0,Exercise_Distance,0.0
p09_daily_merged,fatigue,Exercise_Calories__deviation,0.0,Exercise_Calories,0.0
p09_daily_merged,fatigue,Exercise_Avg_HR__change,0.0,Exercise_Avg_HR,0.0
p09_daily_merged,fatigue,Exercise_Avg_HR__rolling_3,0.0,Exercise_Avg_HR,0.0
p09_daily_merged,fatigue,Exercise_Avg_HR__rolling_7,0.0,Exercise_Avg_HR,0.0
p09_daily_merged,mood,Sleep_Duration_Score__change,0.1135506267068473,Sleep_Duration_Score,0.11355062670684773
p09_daily_merged,mood,Sleep_Restlessness__abs_zscore,0.0801646698422348,Sleep_Restlessness,0.08016466984223511
p09_daily_merged,mood,Sleep_Restlessness__change,0.05591595821712,Sleep_Restlessness,0.055915958217120205
p09_daily_merged,mood,Steps__rolling_7,0.038212469589694,Steps,0.03821246958969415
p09_daily_merged,mood,Sleep_Score__abs_zscore,0.0301103675466232,Sleep_Score,0.030110367546623315
p09_daily_merged,mood,Deep_Sleep_Minutes__rolling_3,0.0300696910486229,Deep_Sleep_Minutes,0.030069691048623014
p09_daily_merged,mood,Steps__abs_zscore,0.0300213460062067,Steps,0.030021346006206814
p09_daily_merged,mood,Sleep_Revitalization__rolling_3,0.0272327217008104,Sleep_Revitalization,0.027232721700810505
p09_daily_merged,mood,Sleep_Revitalization__change,0.0271987098834341,Sleep_Revitalization,0.027198709883434206
p09_daily_merged,mood,Steps__change,0.0265341841301981,Steps,0.026534184130198202
p09_daily_merged,mood,Sleep_Hours__abs_zscore,0.0256775373376088,Sleep_Hours,0.025677537337608896
p09_daily_merged,mood,Deep_Sleep_Minutes__abs_zscore,0.0235264023774408,Deep_Sleep_Minutes,0.02352640237744089
p09_daily_merged,mood,Deep_Sleep_Minutes__raw,0.0223193257588215,Deep_Sleep_Minutes,0.022319325758821583
p09_daily_merged,mood,Steps__rolling_3,0.0216077206627323,Steps,0.021607720662732383
p09_daily_merged,mood,Deep_Sleep_Minutes__change,0.0168098674613246,Deep_Sleep_Minutes,0.01680986746132466
p09_daily_merged,mood,Sleep_Revitalization__abs_zscore,0.0167389872813508,Sleep_Revitalization,0.016738987281350863
p09_daily_merged,mood,Sleep_Hours__change,0.0167099161493275,Sleep_Hours,0.016709916149327562
p09_daily_merged,mood,Sleep_Score__change,0.01582416801007,Sleep_Score,0.01582416801007006
p09_daily_merged,mood,Sleep_Hours__raw,0.0155592840884907,Sleep_Hours,0.01555928408849076
p09_daily_merged,mood,Sleep_Revitalization__raw,0.0149369302365722,Sleep_Revitalization,0.014936930236572258
p09_daily_merged,mood,Sleep_Duration_Score__rolling_3,0.0130359908685481,Sleep_Duration_Score,0.013035990868548149
p09_daily_merged,mood,Sleep_Hours__deviation,0.0123862129573674,Sleep_Hours,0.012386212957367446
p09_daily_merged,mood,Sleep_Hours__rolling_3,0.0120984696729545,Sleep_Hours,0.012098469672954545
p09_daily_merged,mood,Deep_Sleep_Minutes__deviation,0.0118893552524098,Deep_Sleep_Minutes,0.011889355252409846
p09_daily_merged,mood,Sleep_Composition__rolling_3,0.0116406264214478,Sleep_Composition,0.011640626421447843
p09_daily_merged,mood,Sleep_Revitalization__zscore,0.0114170420552543,Sleep_Revitalization,0.011417042055254343
p09_daily_merged,mood,Exercise_Count__rolling_7,0.011161427648387,Exercise_Count,0.011161427648387042
p09_daily_merged,mood,Sleep_Duration_Score__abs_zscore,0.0109366854635352,Sleep_Duration_Score,0.010936685463535241
p09_daily_merged,mood,Steps__zscore,0.0108901565959241,Steps,0.010890156595924141
p09_daily_merged,mood,Sleep_Restlessness__rolling_3,0.0104379391352651,Sleep_Restlessness,0.01043793913526514
p09_daily_merged,mood,Sleep_Composition__change,0.0102040298845814,Sleep_Composition,0.010204029884581437
p09_daily_merged,mood,Sleep_Duration_Score__zscore,0.0098624860347508,Sleep_Duration_Score,0.009862486034750836
p09_daily_merged,mood,Deep_Sleep_Minutes__zscore,0.0097861821155746,Deep_Sleep_Minutes,0.009786182115574636
p09_daily_merged,mood,Sleep_Score__rolling_7,0.0095910859099792,Sleep_Score,0.009591085909979237
p09_daily_merged,mood,Sleep_Restlessness__deviation,0.0089110763627315,Sleep_Restlessness,0.008911076362731533
p09_daily_merged,mood,Sleep_Restlessness__raw,0.0088183201483603,Sleep_Restlessness,0.008818320148360334
p09_daily_merged,mood,Exercise_Duration__rolling_7,0.0085433270256799,Exercise_Duration,0.008543327025679934
p09_daily_merged,mood,Sleep_Score__rolling_3,0.0083067845008396,Sleep_Score,0.008306784500839631
p09_daily_merged,mood,Steps__deviation,0.0079123578589914,Steps,0.00791235785899143
p09_daily_merged,mood,Exercise_Calories__rolling_7,0.0073901162247869,Exercise_Calories,0.007390116224786928
p09_daily_merged,mood,Sleep_Revitalization__deviation,0.0071233613546362,Sleep_Revitalization,0.0071233613546362266
p09_daily_merged,mood,Exercise_Avg_HR__zscore,0.0067295896334487,Exercise_Avg_HR,0.006729589633448725
p09_daily_merged,mood,Deep_Sleep_Minutes__rolling_7,0.0066938442579667,Deep_Sleep_Minutes,0.006693844257966725
p09_daily_merged,mood,Exercise_Duration__rolling_3,0.0065376981474662,Exercise_Duration,0.006537698147466224
p09_daily_merged,mood,Sleep_Composition__abs_zscore,0.0065345249731892,Sleep_Composition,0.006534524973189224
p09_daily_merged,mood,Sleep_Composition__rolling_7,0.0063002879715408,Sleep_Composition,0.006300287971540823
p09_daily_merged,mood,Sleep_Composition__zscore,0.0062548685960736,Sleep_Composition,0.006254868596073623
p09_daily_merged,mood,Sleep_Duration_Score__rolling_7,0.0061706196574861,Sleep_Duration_Score,0.006170619657486123
p09_daily_merged,mood,Sleep_Score__deviation,0.0058571347983378,Sleep_Score,0.005857134798337822
p09_daily_merged,mood,Sleep_Restlessness__zscore,0.005689008445479,Sleep_Restlessness,0.0056890084454790215
p09_daily_merged,mood,Steps__raw,0.0054475165997381,Steps,0.005447516599738121
p09_daily_merged,mood,Sleep_Hours__rolling_7,0.0052384209299922,Sleep_Hours,0.00523842092999222
p09_daily_merged,mood,Sleep_Composition__deviation,0.0052265988311491,Sleep_Composition,0.00522659883114912
p09_daily_merged,mood,Sleep_Score__raw,0.0050328246344049,Sleep_Score,0.005032824634404919
p09_daily_merged,mood,Sleep_Revitalization__rolling_7,0.0046947475589729,Sleep_Revitalization,0.004694747558972917
p09_daily_merged,mood,Exercise_Calories__rolling_3,0.0046326543047933,Exercise_Calories,0.004632654304793317
p09_daily_merged,mood,Sleep_Hours__zscore,0.0045221366316049,Sleep_Hours,0.004522136631604917
p09_daily_merged,mood,Exercise_Duration__change,0.0044290147347214,Exercise_Duration,0.004429014734721417
p09_daily_merged,mood,Exercise_Distance__rolling_3,0.0042407443923804,Exercise_Distance,0.004240744392380416
p09_daily_merged,mood,Sleep_Duration_Score__raw,0.0039828242124668,Sleep_Duration_Score,0.003982824212466814
p09_daily_merged,mood,Sleep_Composition__raw,0.0039139741688474,Sleep_Composition,0.003913974168847415
p09_daily_merged,mood,Exercise_Avg_HR__abs_zscore,0.003869299924678,Exercise_Avg_HR,0.003869299924678015
p09_daily_merged,mood,Exercise_Count__rolling_3,0.003625849292617,Exercise_Count,0.003625849292617014
p09_daily_merged,mood,Exercise_Calories__change,0.0033787392589298,Exercise_Calories,0.0033787392589298124
p09_daily_merged,mood,Sleep_Score__zscore,0.0029690577521897,Sleep_Score,0.0029690577521897113
p09_daily_merged,mood,Sleep_Duration_Score__deviation,0.0025594659564636,Sleep_Duration_Score,0.0025594659564636096
p09_daily_merged,mood,Exercise_Calories__abs_zscore,0.0025157382712207,Exercise_Calories,0.0025157382712207095
p09_daily_merged,mood,Sleep_Restlessness__rolling_7,0.0018813872985783,Sleep_Restlessness,0.0018813872985783073
p09_daily_merged,mood,Exercise_Duration__abs_zscore,0.0017003354663906,Exercise_Duration,0.0017003354663906066
p09_daily_merged,mood,Exercise_Calories__deviation,0.0014390893375296,Exercise_Calories,0.0014390893375296053
p09_daily_merged,mood,Exercise_Avg_HR__deviation,0.0012330564092415,Exercise_Avg_HR,0.0012330564092415046
p09_daily_merged,mood,Exercise_Calories__raw,0.001185435502991,Exercise_Calories,0.0011854355029910046
p09_daily_merged,mood,Exercise_Duration__deviation,0.0009338265351832,Exercise_Duration,0.0009338265351832035
p09_daily_merged,mood,Exercise_Duration__zscore,0.0008563592790846,Exercise_Duration,0.0008563592790846033
p09_daily_merged,mood,Exercise_Duration__raw,0.0006932544542196,Exercise_Duration,0.0006932544542196026
p09_daily_merged,mood,Exercise_Count__abs_zscore,0.0005553839963781,Exercise_Count,0.0005553839963781021
p09_daily_merged,mood,Exercise_Count__raw,0.0004824488894956,Exercise_Count,0.00048244888949560186
p09_daily_merged,mood,Exercise_Count__deviation,0.0002807508694295,Exercise_Count,0.00028075086942950107
p09_daily_merged,mood,Exercise_Calories__zscore,0.0002700704293846,Exercise_Calories,0.00027007042938460103
p09_daily_merged,mood,Exercise_Count__change,0.0002221551943414,Exercise_Count,0.00022215519434140083
p09_daily_merged,mood,Exercise_Avg_HR__raw,0.0001553448740545,Exercise_Avg_HR,0.0001553448740545006
p09_daily_merged,mood,Exercise_Count__zscore,0.0,Exercise_Count,0.0
p09_daily_merged,mood,Exercise_Distance__raw,0.0,Exercise_Distance,0.0
p09_daily_merged,mood,Exercise_Distance__change,0.0,Exercise_Distance,0.0
p09_daily_merged,mood,Exercise_Distance__rolling_7,0.0,Exercise_Distance,0.0
p09_daily_merged,mood,Exercise_Distance__zscore,0.0,Exercise_Distance,0.0
p09_daily_merged,mood,Exercise_Distance__abs_zscore,0.0,Exercise_Distance,0.0
p09_daily_merged,mood,Exercise_Distance__deviation,0.0,Exercise_Distance,0.0
p09_daily_merged,mood,Exercise_Avg_HR__change,0.0,Exercise_Avg_HR,0.0
p09_daily_merged,mood,Exercise_Avg_HR__rolling_3,0.0,Exercise_Avg_HR,0.0
p09_daily_merged,mood,Exercise_Avg_HR__rolling_7,0.0,Exercise_Avg_HR,0.0
p09_daily_merged,readiness,Sleep_Score__change,0.0876949740029603,Sleep_Score,0.08769497400296064
p09_daily_merged,readiness,Steps__change,0.0437971453137938,Steps,0.04379714531379397
p09_daily_merged,readiness,Steps__abs_zscore,0.043369766937441,Steps,0.04336976693744116
p09_daily_merged,readiness,Sleep_Score__rolling_3,0.043350402027699,Sleep_Score,0.043350402027699166
p09_daily_merged,readiness,Sleep_Hours__deviation,0.0414435988853672,Sleep_Hours,0.04144359888536736
p09_daily_merged,readiness,Sleep_Score__rolling_7,0.0377484608113854,Sleep_Score,0.03774846081138555
p09_daily_merged,readiness,Sleep_Duration_Score__change,0.0335178262652386,Sleep_Duration_Score,0.033517826265238734
p09_daily_merged,readiness,Sleep_Hours__zscore,0.0317082281710216,Sleep_Hours,0.03170822817102172
p09_daily_merged,readiness,Sleep_Hours__raw,0.0315433029511702,Sleep_Hours,0.031543302951170325
p09_daily_merged,readiness,Sleep_Hours__change,0.0283910446791072,Sleep_Hours,0.028391044679107313
p09_daily_merged,readiness,Steps__rolling_3,0.0236356037999479,Steps,0.02363560379994799
p09_daily_merged,readiness,Sleep_Restlessness__change,0.0233791194663386,Sleep_Restlessness,0.02337911946633869
p09_daily_merged,readiness,Deep_Sleep_Minutes__abs_zscore,0.0232500962508605,Deep_Sleep_Minutes,0.02325009625086059
p09_daily_merged,readiness,Steps__rolling_7,0.0228734777813223,Steps,0.022873477781322392
p09_daily_merged,readiness,Sleep_Hours__abs_zscore,0.0217225352775405,Sleep_Hours,0.021722535277540582
p09_daily_merged,readiness,Sleep_Revitalization__change,0.0207796346652855,Sleep_Revitalization,0.02077963466528558
p09_daily_merged,readiness,Deep_Sleep_Minutes__rolling_3,0.0203533106622764,Deep_Sleep_Minutes,0.02035331066227648
p09_daily_merged,readiness,Sleep_Restlessness__rolling_3,0.0202271155881618,Sleep_Restlessness,0.02022711558816188
p09_daily_merged,readiness,Sleep_Composition__rolling_7,0.019980533209193,Sleep_Composition,0.019980533209193078
p09_daily_merged,readiness,Sleep_Duration_Score__rolling_3,0.0167491563553878,Sleep_Duration_Score,0.016749156355387866
p09_daily_merged,readiness,Sleep_Hours__rolling_3,0.0166343388920956,Sleep_Hours,0.016634338892095667
p09_daily_merged,readiness,Exercise_Calories__change,0.015717492703117,Exercise_Calories,0.015717492703117064
p09_daily_merged,readiness,Sleep_Score__zscore,0.014979618056708,Sleep_Score,0.014979618056708058
p09_daily_merged,readiness,Sleep_Score__abs_zscore,0.0149423607059818,Sleep_Score,0.014942360705981858
p09_daily_merged,readiness,Sleep_Composition__abs_zscore,0.0149141760263679,Sleep_Composition,0.014914176026367958
p09_daily_merged,readiness,Sleep_Revitalization__abs_zscore,0.0139231862786719,Sleep_Revitalization,0.013923186278671954
p09_daily_merged,readiness,Sleep_Composition__change,0.0137736527119653,Sleep_Composition,0.013773652711965354
p09_daily_merged,readiness,Deep_Sleep_Minutes__change,0.0133386710090328,Deep_Sleep_Minutes,0.013338671009032852
p09_daily_merged,readiness,Sleep_Duration_Score__abs_zscore,0.0122438444154763,Sleep_Duration_Score,0.012243844415476346
p09_daily_merged,readiness,Exercise_Duration__change,0.01174757767417,Exercise_Duration,0.011747577674170045
p09_daily_merged,readiness,Sleep_Restlessness__raw,0.010708685982347,Sleep_Restlessness,0.010708685982347041
p09_daily_merged,readiness,Sleep_Restlessness__rolling_7,0.0101556141543214,Sleep_Restlessness,0.01015561415432144
p09_daily_merged,readiness,Sleep_Restlessness__zscore,0.0095752660152714,Sleep_Restlessness,0.009575266015271436
p09_daily_merged,readiness,Sleep_Revitalization__raw,0.009414326015786,Sleep_Revitalization,0.009414326015786036
p09_daily_merged,readiness,Steps__deviation,0.0092176205919636,Steps,0.009217620591963637
p09_daily_merged,readiness,Sleep_Score__deviation,0.0090645127066733,Sleep_Score,0.009064512706673335
p09_daily_merged,readiness,Exercise_Duration__rolling_7,0.0089936438177305,Exercise_Duration,0.008993643817730535
p09_daily_merged,readiness,Exercise_Calories__rolling_7,0.0085220540836722,Exercise_Calories,0.008522054083672233
p09_daily_merged,readiness,Deep_Sleep_Minutes__deviation,0.0084316731272867,Deep_Sleep_Minutes,0.008431673127286732
p09_daily_merged,readiness,Exercise_Count__change,0.008146355155148,Exercise_Count,0.00814635515514803
p09_daily_merged,readiness,Sleep_Duration_Score__deviation,0.008006252665693,Sleep_Duration_Score,0.00800625266569303
p09_daily_merged,readiness,Sleep_Duration_Score__raw,0.0079884367111746,Sleep_Duration_Score,0.007988436711174631
p09_daily_merged,readiness,Sleep_Restlessness__abs_zscore,0.0079635944880096,Sleep_Restlessness,0.007963594488009632
p09_daily_merged,readiness,Sleep_Restlessness__deviation,0.0074288114510404,Sleep_Restlessness,0.0074288114510404285
p09_daily_merged,readiness,Sleep_Revitalization__rolling_3,0.0072601953009146,Sleep_Revitalization,0.007260195300914629
p09_daily_merged,readiness,Deep_Sleep_Minutes__zscore,0.0068748524006162,Deep_Sleep_Minutes,0.006874852400616227
p09_daily_merged,readiness,Deep_Sleep_Minutes__raw,0.0068221533689914,Deep_Sleep_Minutes,0.006822153368991427
p09_daily_merged,readiness,Steps__raw,0.0064646973403895,Steps,0.006464697340389525
p09_daily_merged,readiness,Steps__zscore,0.0062732054929757,Steps,0.006273205492975724
p09_daily_merged,readiness,Sleep_Revitalization__deviation,0.0061263420991684,Sleep_Revitalization,0.006126342099168423
p09_daily_merged,readiness,Sleep_Revitalization__zscore,0.0061138372281253,Sleep_Revitalization,0.006113837228125324
p09_daily_merged,readiness,Sleep_Duration_Score__zscore,0.0060733176099456,Sleep_Duration_Score,0.0060733176099456235
p09_daily_merged,readiness,Sleep_Duration_Score__rolling_7,0.0057935984085935,Sleep_Duration_Score,0.005793598408593522
p09_daily_merged,readiness,Exercise_Duration__rolling_3,0.0045520173397794,Exercise_Duration,0.0045520173397794175
p09_daily_merged,readiness,Sleep_Composition__rolling_3,0.0041890803179113,Sleep_Composition,0.004189080317911317
p09_daily_merged,readiness,Exercise_Calories__rolling_3,0.0037973868772452,Exercise_Calories,0.0037973868772452147
p09_daily_merged,readiness,Sleep_Score__raw,0.003761284062505,Sleep_Score,0.0037612840625050148
p09_daily_merged,readiness,Exercise_Avg_HR__abs_zscore,0.0031103502526993,Exercise_Avg_HR,0.003110350252699312
p09_daily_merged,readiness,Sleep_Composition__raw,0.0026448153815998,Sleep_Composition,0.0026448153815998104
p09_daily_merged,readiness,Deep_Sleep_Minutes__rolling_7,0.0026209139326851,Deep_Sleep_Minutes,0.00262091393268511
p09_daily_merged,readiness,Exercise_Calories__deviation,0.0024308879133608,Exercise_Calories,0.0024308879133608094
p09_daily_merged,readiness,Exercise_Calories__zscore,0.001551635761731,Exercise_Calories,0.0015516357617310062
p09_daily_merged,readiness,Exercise_Duration__deviation,0.0014247518375476,Exercise_Duration,0.0014247518375476056
p09_daily_merged,readiness,Sleep_Revitalization__rolling_7,0.0014195871959378,Sleep_Revitalization,0.0014195871959378054
p09_daily_merged,readiness,Exercise_Count__rolling_7,0.0012259218609984,Exercise_Count,0.0012259218609984048
p09_daily_merged,readiness,Exercise_Count__raw,0.0012190112296735,Exercise_Count,0.0012190112296735047
p09_daily_merged,readiness,Exercise_Avg_HR__deviation,0.0011136682242967,Exercise_Avg_HR,0.0011136682242967044
p09_daily_merged,readiness,Exercise_Calories__abs_zscore,0.001033017840167,Exercise_Calories,0.0010330178401670041
p09_daily_merged,readiness,Exercise_Duration__zscore,0.0009266772134668,Exercise_Duration,0.0009266772134668036
p09_daily_merged,readiness,Sleep_Composition__zscore,0.0006968581982499,Sleep_Composition,0.0006968581982499027
p09_daily_merged,readiness,Exercise_Distance__rolling_7,0.0006513863636005,Exercise_Distance,0.0006513863636005025
p09_daily_merged,readiness,Sleep_Hours__rolling_7,0.0006297839024154,Sleep_Hours,0.0006297839024154025
p09_daily_merged,readiness,Exercise_Calories__raw,0.000472186734169,Exercise_Calories,0.00047218673416900183
p09_daily_merged,readiness,Sleep_Composition__deviation,0.0003525752461373,Sleep_Composition,0.00035257524613730134
p09_daily_merged,readiness,Exercise_Duration__raw,0.0003209397508673,Exercise_Duration,0.00032093975086730124
p09_daily_merged,readiness,Exercise_Avg_HR__raw,0.0002211809058881,Exercise_Avg_HR,0.00022118090588810085
p09_daily_merged,readiness,Exercise_Count__rolling_3,0.0001597892469735,Exercise_Count,0.00015978924697350062
p09_daily_merged,readiness,Exercise_Count__zscore,0.0001547433263361,Exercise_Count,0.0001547433263361006
p09_daily_merged,readiness,Exercise_Avg_HR__zscore,0.0001461364700489,Exercise_Avg_HR,0.00014613647004890057
p09_daily_merged,readiness,Exercise_Count__deviation,1.4157232183013205e-05,Exercise_Count,1.4157232183013259e-05
p09_daily_merged,readiness,Exercise_Count__abs_zscore,9.957590599337303e-06,Exercise_Count,9.957590599337342e-06
p09_daily_merged,readiness,Exercise_Duration__abs_zscore,0.0,Exercise_Duration,0.0
p09_daily_merged,readiness,Exercise_Distance__raw,0.0,Exercise_Distance,0.0
p09_daily_merged,readiness,Exercise_Distance__change,0.0,Exercise_Distance,0.0
p09_daily_merged,readiness,Exercise_Distance__rolling_3,0.0,Exercise_Distance,0.0
p09_daily_merged,readiness,Exercise_Distance__zscore,0.0,Exercise_Distance,0.0
p09_daily_merged,readiness,Exercise_Distance__abs_zscore,0.0,Exercise_Distance,0.0
p09_daily_merged,readiness,Exercise_Distance__deviation,0.0,Exercise_Distance,0.0
p09_daily_merged,readiness,Exercise_Avg_HR__change,0.0,Exercise_Avg_HR,0.0
p09_daily_merged,readiness,Exercise_Avg_HR__rolling_3,0.0,Exercise_Avg_HR,0.0
p09_daily_merged,readiness,Exercise_Avg_HR__rolling_7,0.0,Exercise_Avg_HR,0.0
p09_daily_merged,sleep_quality,Sleep_Duration_Score__change,0.0804817101982744,Sleep_Duration_Score,0.0804817101982747
p09_daily_merged,sleep_quality,Sleep_Duration_Score__raw,0.0739102829405752,Sleep_Duration_Score,0.07391028294057547
p09_daily_merged,sleep_quality,Steps__change,0.0572798526002092,Steps,0.057279852600209416
p09_daily_merged,sleep_quality,Sleep_Duration_Score__zscore,0.0435434123176087,Sleep_Duration_Score,0.043543412317608866
p09_daily_merged,sleep_quality,Sleep_Duration_Score__deviation,0.0432929077960415,Sleep_Duration_Score,0.04329290779604167
p09_daily_merged,sleep_quality,Sleep_Restlessness__change,0.0424171705379111,Sleep_Restlessness,0.04241717053791126
p09_daily_merged,sleep_quality,Sleep_Restlessness__rolling_3,0.0376412790616667,Sleep_Restlessness,0.03764127906166684
p09_daily_merged,sleep_quality,Deep_Sleep_Minutes__deviation,0.0333639632874649,Deep_Sleep_Minutes,0.03336396328746503
p09_daily_merged,sleep_quality,Sleep_Composition__change,0.0288678578118157,Sleep_Composition,0.02886785781181581
p09_daily_merged,sleep_quality,Deep_Sleep_Minutes__change,0.0268910039365446,Deep_Sleep_Minutes,0.0268910039365447
p09_daily_merged,sleep_quality,Sleep_Score__raw,0.0261838639585679,Sleep_Score,0.026183863958567997
p09_daily_merged,sleep_quality,Sleep_Hours__raw,0.0245292447859207,Sleep_Hours,0.024529244785920792
p09_daily_merged,sleep_quality,Sleep_Score__zscore,0.0223785292915941,Sleep_Score,0.022378529291594184
p09_daily_merged,sleep_quality,Steps__rolling_3,0.0217033565289955,Steps,0.021703356528995583
p09_daily_merged,sleep_quality,Sleep_Score__abs_zscore,0.0185739571190475,Sleep_Score,0.01857395711904757
p09_daily_merged,sleep_quality,Steps__rolling_7,0.0177702952872393,Steps,0.017770295287239366
p09_daily_merged,sleep_quality,Sleep_Duration_Score__abs_zscore,0.0176762450355074,Sleep_Duration_Score,0.017676245035507465
p09_daily_merged,sleep_quality,Sleep_Hours__zscore,0.0168842614493537,Sleep_Hours,0.016884261449353764
p09_daily_merged,sleep_quality,Steps__abs_zscore,0.0157753677784272,Steps,0.01577536777842726
p09_daily_merged,sleep_quality,Sleep_Restlessness__abs_zscore,0.0152550272197375,Sleep_Restlessness,0.015255027219737557
p09_daily_merged,sleep_quality,Deep_Sleep_Minutes__rolling_3,0.0150717732312685,Deep_Sleep_Minutes,0.015071773231268557
p09_daily_merged,sleep_quality,Sleep_Score__change,0.0149518028187349,Sleep_Score,0.014951802818734957
p09_daily_merged,sleep_quality,Deep_Sleep_Minutes__raw,0.0132830043328008,Deep_Sleep_Minutes,0.01328300433280085
p09_daily_merged,sleep_quality,Sleep_Hours__change,0.0132273592776977,Sleep_Hours,0.01322735927769775
p09_daily_merged,sleep_quality,Sleep_Hours__deviation,0.012940916027398,Sleep_Hours,0.01294091602739805
p09_daily_merged,sleep_quality,Sleep_Revitalization__rolling_3,0.0120586560950559,Sleep_Revitalization,0.012058656095055945
p09_daily_merged,sleep_quality,Sleep_Composition__abs_zscore,0.0115866529212684,Sleep_Composition,0.011586652921268443
p09_daily_merged,sleep_quality,Steps__zscore,0.0115707081081207,Steps,0.011570708108120744
p09_daily_merged,sleep_quality,Sleep_Score__deviation,0.0112977098723752,Sleep_Score,0.011297709872375243
p09_daily_merged,sleep_quality,Deep_Sleep_Minutes__abs_zscore,0.0108138592443182,Deep_Sleep_Minutes,0.010813859244318241
p09_daily_merged,sleep_quality,Steps__raw,0.0096468835534542,Steps,0.009646883553454236
p09_daily_merged,sleep_quality,Sleep_Restlessness__rolling_7,0.0092365896484723,Sleep_Restlessness,0.009236589648472335
p09_daily_merged,sleep_quality,Sleep_Revitalization__change,0.0088626183297209,Sleep_Revitalization,0.008862618329720934
p09_daily_merged,sleep_quality,Sleep_Score__rolling_7,0.0088589545265842,Sleep_Score,0.008858954526584233
p09_daily_merged,sleep_quality,Sleep_Revitalization__abs_zscore,0.0081219241728455,Sleep_Revitalization,0.00812192417284553
p09_daily_merged,sleep_quality,Deep_Sleep_Minutes__zscore,0.0079792139515583,Deep_Sleep_Minutes,0.00797921395155833
p09_daily_merged,sleep_quality,Sleep_Restlessness__deviation,0.0077290145892455,Sleep_Restlessness,0.007729014589245529
p09_daily_merged,sleep_quality,Exercise_Distance__rolling_7,0.0076109597456295,Exercise_Distance,0.007610959745629528
p09_daily_merged,sleep_quality,Sleep_Duration_Score__rolling_7,0.0075645740845262,Sleep_Duration_Score,0.007564574084526229
p09_daily_merged,sleep_quality,Exercise_Calories__abs_zscore,0.0073089158633612,Exercise_Calories,0.007308915863361228
p09_daily_merged,sleep_quality,Exercise_Duration__rolling_3,0.0070199527391432,Exercise_Duration,0.007019952739143227
p09_daily_merged,sleep_quality,Deep_Sleep_Minutes__rolling_7,0.0066761201742991,Deep_Sleep_Minutes,0.006676120174299125
p09_daily_merged,sleep_quality,Exercise_Calories__rolling_3,0.0065248333304245,Exercise_Calories,0.006524833330424524
p09_daily_merged,sleep_quality,Sleep_Hours__abs_zscore,0.006460915062814,Sleep_Hours,0.006460915062814024
p09_daily_merged,sleep_quality,Sleep_Restlessness__zscore,0.0061789751042598,Sleep_Restlessness,0.006178975104259824
p09_daily_merged,sleep_quality,Steps__deviation,0.0059717211894836,Steps,0.0059717211894836225
p09_daily_merged,sleep_quality,Sleep_Duration_Score__rolling_3,0.0058705884376992,Sleep_Duration_Score,0.005870588437699223
p09_daily_merged,sleep_quality,Sleep_Composition__zscore,0.0057673015331787,Sleep_Composition,0.0057673015331787215
p09_daily_merged,sleep_quality,Sleep_Hours__rolling_7,0.0055221756957243,Sleep_Hours,0.005522175695724321
p09_daily_merged,sleep_quality,Sleep_Restlessness__raw,0.0054759076130301,Sleep_Restlessness,0.005475907613030121
p09_daily_merged,sleep_quality,Exercise_Duration__change,0.0046314793787254,Exercise_Duration,0.004631479378725417
p09_daily_merged,sleep_quality,Exercise_Calories__change,0.0045462809253809,Exercise_Calories,0.0045462809253809175
p09_daily_merged,sleep_quality,Sleep_Composition__rolling_3,0.0044759951440436,Sleep_Composition,0.004475995144043616
p09_daily_merged,sleep_quality,Sleep_Revitalization__rolling_7,0.0044756214099479,Sleep_Revitalization,0.004475621409947917
p09_daily_merged,sleep_quality,Sleep_Hours__rolling_3,0.0044503889533574,Sleep_Hours,0.004450388953357417
p09_daily_merged,sleep_quality,Exercise_Count__change,0.0039595537678882,Exercise_Count,0.003959553767888215
p09_daily_merged,sleep_quality,Sleep_Revitalization__zscore,0.0039458392789325,Sleep_Revitalization,0.003945839278932515
p09_daily_merged,sleep_quality,Sleep_Score__rolling_3,0.0036432443135801,Sleep_Score,0.003643244313580114
p09_daily_merged,sleep_quality,Sleep_Composition__raw,0.0035623804435224,Sleep_Composition,0.0035623804435224136
p09_daily_merged,sleep_quality,Exercise_Duration__rolling_7,0.0032792906232965,Exercise_Duration,0.0032792906232965127
p09_daily_merged,sleep_quality,Sleep_Composition__deviation,0.0031311777395944,Sleep_Composition,0.0031311777395944115
p09_daily_merged,sleep_quality,Sleep_Revitalization__deviation,0.0028809380140801,Sleep_Revitalization,0.0028809380140801108
p09_daily_merged,sleep_quality,Exercise_Count__rolling_7,0.0028147937392757,Exercise_Count,0.0028147937392757104
p09_daily_merged,sleep_quality,Exercise_Count__rolling_3,0.0022386681487344,Exercise_Count,0.002238668148734408
p09_daily_merged,sleep_quality,Exercise_Avg_HR__abs_zscore,0.0020121030933849,Exercise_Avg_HR,0.0020121030933849078
p09_daily_merged,sleep_quality,Exercise_Calories__raw,0.0019878897418062,Exercise_Calories,0.0019878897418062072
p09_daily_merged,sleep_quality,Exercise_Avg_HR__zscore,0.0017980016890815,Exercise_Avg_HR,0.0017980016890815067
p09_daily_merged,sleep_quality,Sleep_Composition__rolling_7,0.0016922571450532,Sleep_Composition,0.0016922571450532064
p09_daily_merged,sleep_quality,Exercise_Calories__rolling_7,0.0011933268486814,Exercise_Calories,0.0011933268486814046
p09_daily_merged,sleep_quality,Exercise_Duration__raw,0.0007304216062437,Exercise_Duration,0.0007304216062437027
p09_daily_merged,sleep_quality,Exercise_Duration__abs_zscore,0.0007181054369789,Exercise_Duration,0.0007181054369789027
p09_daily_merged,sleep_quality,Exercise_Calories__zscore,0.0006880463167014,Exercise_Calories,0.0006880463167014026
p09_daily_merged,sleep_quality,Exercise_Distance__rolling_3,0.000620166008569,Exercise_Distance,0.0006201660085690024
p09_daily_merged,sleep_quality,Sleep_Revitalization__raw,0.0003942485628291,Sleep_Revitalization,0.00039424856282910145
p09_daily_merged,sleep_quality,Exercise_Avg_HR__raw,0.0002215182069661,Exercise_Avg_HR,0.00022151820696610084
p09_daily_merged,sleep_quality,Exercise_Avg_HR__deviation,0.0001547713514401,Exercise_Avg_HR,0.0001547713514401006
p09_daily_merged,sleep_quality,Exercise_Duration__zscore,8.50574501445441e-05,Exercise_Duration,8.505745014454442e-05
p09_daily_merged,sleep_quality,Exercise_Count__abs_zscore,5.826444476126827e-05,Exercise_Count,5.826444476126849e-05
p09_daily_merged,sleep_quality,Exercise_Count__raw,0.0,Exercise_Count,0.0
p09_daily_merged,sleep_quality,Exercise_Count__zscore,0.0,Exercise_Count,0.0
p09_daily_merged,sleep_quality,Exercise_Count__deviation,0.0,Exercise_Count,0.0
p09_daily_merged,sleep_quality,Exercise_Duration__deviation,0.0,Exercise_Duration,0.0
p09_daily_merged,sleep_quality,Exercise_Distance__raw,0.0,Exercise_Distance,0.0
p09_daily_merged,sleep_quality,Exercise_Distance__change,0.0,Exercise_Distance,0.0
p09_daily_merged,sleep_quality,Exercise_Distance__zscore,0.0,Exercise_Distance,0.0
p09_daily_merged,sleep_quality,Exercise_Distance__abs_zscore,0.0,Exercise_Distance,0.0
p09_daily_merged,sleep_quality,Exercise_Distance__deviation,0.0,Exercise_Distance,0.0
p09_daily_merged,sleep_quality,Exercise_Calories__deviation,0.0,Exercise_Calories,0.0
p09_daily_merged,sleep_quality,Exercise_Avg_HR__change,0.0,Exercise_Avg_HR,0.0
p09_daily_merged,sleep_quality,Exercise_Avg_HR__rolling_3,0.0,Exercise_Avg_HR,0.0
p09_daily_merged,sleep_quality,Exercise_Avg_HR__rolling_7,0.0,Exercise_Avg_HR,0.0
p09_daily_merged,stress,Steps__abs_zscore,0.1269416453228964,Steps,0.1269416453228969
p09_daily_merged,stress,Sleep_Revitalization__change,0.056632623445229,Sleep_Revitalization,0.05663262344522922
p09_daily_merged,stress,Sleep_Restlessness__change,0.0496819478505405,Sleep_Restlessness,0.0496819478505407
p09_daily_merged,stress,Steps__change,0.0442331168231086,Steps,0.04423311682310877
p09_daily_merged,stress,Sleep_Score__abs_zscore,0.0376920804595435,Sleep_Score,0.03769208045954365
p09_daily_merged,stress,Sleep_Hours__abs_zscore,0.03705601043203,Sleep_Hours,0.03705601043203015
p09_daily_merged,stress,Sleep_Hours__rolling_3,0.0314807409401518,Sleep_Hours,0.03148074094015192
p09_daily_merged,stress,Sleep_Duration_Score__abs_zscore,0.0293760042958487,Sleep_Duration_Score,0.029376004295848815
p09_daily_merged,stress,Steps__rolling_7,0.0286087045750801,Steps,0.02860870457508021
p09_daily_merged,stress,Sleep_Score__change,0.0229423129569664,Sleep_Score,0.02294231295696649
p09_daily_merged,stress,Deep_Sleep_Minutes__abs_zscore,0.022790666676034,Deep_Sleep_Minutes,0.02279066667603409
p09_daily_merged,stress,Sleep_Restlessness__abs_zscore,0.0212690781971097,Sleep_Restlessness,0.021269078197109784
p09_daily_merged,stress,Steps__rolling_3,0.0210417044510579,Steps,0.021041704451057984
p09_daily_merged,stress,Steps__zscore,0.0207462198191223,Steps,0.02074621981912238
p09_daily_merged,stress,Deep_Sleep_Minutes__change,0.0185504955716596,Deep_Sleep_Minutes,0.01855049557165967
p09_daily_merged,stress,Sleep_Revitalization__rolling_3,0.0175010516848223,Sleep_Revitalization,0.01750105168482237
p09_daily_merged,stress,Steps__raw,0.0170853542994898,Steps,0.017085354299489867
p09_daily_merged,stress,Sleep_Restlessness__zscore,0.0166024305193578,Sleep_Restlessness,0.016602430519357867
p09_daily_merged,stress,Sleep_Revitalization__zscore,0.0161310058222166,Sleep_Revitalization,0.016131005822216663
p09_daily_merged,stress,Steps__deviation,0.0159149588050623,Steps,0.015914958805062364
p09_daily_merged,stress,Deep_Sleep_Minutes__rolling_3,0.0155411080054802,Deep_Sleep_Minutes,0.01554110800548026
p09_daily_merged,stress,Sleep_Revitalization__abs_zscore,0.0151476007457763,Sleep_Revitalization,0.01514760074577636
p09_daily_merged,stress,Deep_Sleep_Minutes__raw,0.0148259310504921,Deep_Sleep_Minutes,0.014825931050492158
p09_daily_merged,stress,Sleep_Restlessness__deviation,0.0137156659964393,Sleep_Restlessness,0.013715665996439353
p09_daily_merged,stress,Sleep_Composition__abs_zscore,0.0131432731378567,Sleep_Composition,0.01314327313785675
p09_daily_merged,stress,Deep_Sleep_Minutes__deviation,0.0123292684672885,Deep_Sleep_Minutes,0.012329268467288549
p09_daily_merged,stress,Sleep_Restlessness__raw,0.0110861348434627,Sleep_Restlessness,0.011086134843462743
p09_daily_merged,stress,Sleep_Score__rolling_3,0.010777392178571,Sleep_Score,0.010777392178571042
p09_daily_merged,stress,Exercise_Duration__rolling_7,0.0105515102401975,Exercise_Duration,0.010551510240197542
p09_daily_merged,stress,Sleep_Duration_Score__change,0.0101766175009712,Sleep_Duration_Score,0.010176617500971239
p09_daily_merged,stress,Sleep_Revitalization__raw,0.0099928396276543,Sleep_Revitalization,0.009992839627654338
p09_daily_merged,stress,Sleep_Hours__raw,0.0098954745685702,Sleep_Hours,0.009895474568570237
p09_daily_merged,stress,Sleep_Composition__rolling_7,0.0098793693083892,Sleep_Composition,0.009879369308389238
p09_daily_merged,stress,Exercise_Calories__rolling_7,0.0098611596058423,Exercise_Calories,0.009861159605842338
p09_daily_merged,stress,Sleep_Composition__change,0.0093887555997283,Sleep_Composition,0.009388755599728337
p09_daily_merged,stress,Sleep_Restlessness__rolling_3,0.0087030760599175,Sleep_Restlessness,0.008703076059917533
p09_daily_merged,stress,Sleep_Hours__change,0.0083884594954072,Sleep_Hours,0.008388459495407233
p09_daily_merged,stress,Sleep_Revitalization__deviation,0.0078650039474104,Sleep_Revitalization,0.007865003947410432
p09_daily_merged,stress,Sleep_Score__zscore,0.0076149427090839,Sleep_Score,0.007614942709083929
p09_daily_merged,stress,Sleep_Duration_Score__zscore,0.0067315971903856,Sleep_Duration_Score,0.006731597190385626
p09_daily_merged,stress,Sleep_Hours__zscore,0.0067160064232341,Sleep_Hours,0.006716006423234126
p09_daily_merged,stress,Deep_Sleep_Minutes__rolling_7,0.0067070138003257,Deep_Sleep_Minutes,0.006707013800325726
p09_daily_merged,stress,Sleep_Hours__deviation,0.0065267679832139,Sleep_Hours,0.006526767983213925
p09_daily_merged,stress,Sleep_Restlessness__rolling_7,0.0062022191159985,Sleep_Restlessness,0.006202219115998524
p09_daily_merged,stress,Exercise_Count__change,0.0059606861228404,Exercise_Count,0.005960686122840423
p09_daily_merged,stress,Sleep_Duration_Score__rolling_3,0.0056089815941669,Sleep_Duration_Score,0.005608981594166921
p09_daily_merged,stress,Sleep_Composition__rolling_3,0.0055441788839151,Sleep_Composition,0.005544178883915122
p09_daily_merged,stress,Sleep_Duration_Score__raw,0.0053905104454534,Sleep_Duration_Score,0.005390510445453421
p09_daily_merged,stress,Exercise_Duration__rolling_3,0.0052860878782601,Exercise_Duration,0.005286087878260121
p09_daily_merged,stress,Deep_Sleep_Minutes__zscore,0.0052504904502332,Deep_Sleep_Minutes,0.0052504904502332205
p09_daily_merged,stress,Exercise_Count__rolling_3,0.0052343610006322,Exercise_Count,0.00523436100063222
p09_daily_merged,stress,Sleep_Score__raw,0.0050302265508834,Sleep_Score,0.00503022655088342
p09_daily_merged,stress,Exercise_Calories__rolling_3,0.0050066874726294,Exercise_Calories,0.005006687472629419
p09_daily_merged,stress,Exercise_Count__rolling_7,0.0049408431882993,Exercise_Count,0.004940843188299319
p09_daily_merged,stress,Sleep_Score__deviation,0.004290515326247,Sleep_Score,0.004290515326247016
p09_daily_merged,stress,Sleep_Score__rolling_7,0.0040814468078916,Sleep_Score,0.0040814468078916154
p09_daily_merged,stress,Exercise_Calories__change,0.0040017960012345,Exercise_Calories,0.004001796001234515
p09_daily_merged,stress,Exercise_Avg_HR__deviation,0.0036231542453399,Exercise_Avg_HR,0.0036231542453399137
p09_daily_merged,stress,Exercise_Avg_HR__raw,0.0034333265846994,Exercise_Avg_HR,0.0034333265846994135
p09_daily_merged,stress,Sleep_Composition__raw,0.0032123680909234,Sleep_Composition,0.0032123680909234126
p09_daily_merged,stress,Exercise_Avg_HR__abs_zscore,0.0031765004545183,Exercise_Avg_HR,0.003176500454518312
p09_daily_merged,stress,Sleep_Hours__rolling_7,0.0031438346081936,Sleep_Hours,0.003143834608193612
p09_daily_merged,stress,Exercise_Count__abs_zscore,0.0027242146728592,Exercise_Count,0.0027242146728592106
p09_daily_merged,stress,Exercise_Avg_HR__zscore,0.0023471972200569,Exercise_Avg_HR,0.002347197220056909
p09_daily_merged,stress,Exercise_Duration__change,0.0022264820674799,Exercise_Duration,0.0022264820674799085
p09_daily_merged,stress,Exercise_Calories__raw,0.0022032834473328,Exercise_Calories,0.0022032834473328087
p09_daily_merged,stress,Sleep_Composition__deviation,0.0020549546860225,Sleep_Composition,0.002054954686022508
p09_daily_merged,stress,Exercise_Calories__deviation,0.0016229734280715,Exercise_Calories,0.0016229734280715062
p09_daily_merged,stress,Sleep_Duration_Score__rolling_7,0.0015647834032825,Sleep_Duration_Score,0.001564783403282506
p09_daily_merged,stress,Sleep_Composition__zscore,0.0015473393991321,Sleep_Composition,0.001547339399132106
p09_daily_merged,stress,Exercise_Avg_HR__change,0.0014863288028543,Exercise_Avg_HR,0.001486328802854306
p09_daily_merged,stress,Exercise_Calories__abs_zscore,0.0014212349109124,Exercise_Calories,0.0014212349109124054
p09_daily_merged,stress,Exercise_Duration__deviation,0.0008756147703377,Exercise_Duration,0.0008756147703377034
p09_daily_merged,stress,Sleep_Revitalization__rolling_7,0.0008230750073556,Sleep_Revitalization,0.0008230750073556031
p09_daily_merged,stress,Sleep_Duration_Score__deviation,0.0007299811651396,Sleep_Duration_Score,0.0007299811651396028
p09_daily_merged,stress,Exercise_Count__zscore,0.0006200748383969,Exercise_Count,0.0006200748383969024
p09_daily_merged,stress,Exercise_Duration__abs_zscore,0.0005716458600819,Exercise_Duration,0.0005716458600819021
p09_daily_merged,stress,Exercise_Duration__zscore,0.0003136567377495,Exercise_Duration,0.0003136567377495012
p09_daily_merged,stress,Exercise_Calories__zscore,0.0002338279981427,Exercise_Calories,0.00023382799814270093
p09_daily_merged,stress,Exercise_Distance__rolling_7,0.0001992834847419,Exercise_Distance,0.00019928348474190078
p09_daily_merged,stress,Exercise_Count__deviation,0.0001307670166454,Exercise_Count,0.0001307670166454005
p09_daily_merged,stress,Exercise_Count__raw,4.194482801582277e-05,Exercise_Count,4.194482801582293e-05
p09_daily_merged,stress,Exercise_Duration__raw,0.0,Exercise_Duration,0.0
p09_daily_merged,stress,Exercise_Distance__raw,0.0,Exercise_Distance,0.0
p09_daily_merged,stress,Exercise_Distance__change,0.0,Exercise_Distance,0.0
p09_daily_merged,stress,Exercise_Distance__rolling_3,0.0,Exercise_Distance,0.0
p09_daily_merged,stress,Exercise_Distance__zscore,0.0,Exercise_Distance,0.0
p09_daily_merged,stress,Exercise_Distance__abs_zscore,0.0,Exercise_Distance,0.0
p09_daily_merged,stress,Exercise_Distance__deviation,0.0,Exercise_Distance,0.0
p09_daily_merged,stress,Exercise_Avg_HR__rolling_3,0.0,Exercise_Avg_HR,0.0
p09_daily_merged,stress,Exercise_Avg_HR__rolling_7,0.0,Exercise_Avg_HR,0.0
p10_daily_merged,fatigue,Sleep_Duration_Score__deviation,0.0823985273656496,Sleep_Duration_Score,0.08239852736564993
p10_daily_merged,fatigue,Sleep_Duration_Score__raw,0.0777042647675535,Sleep_Duration_Score,0.07770426476755382
p10_daily_merged,fatigue,Sleep_Score__change,0.075837168083672,Sleep_Score,0.0758371680836723
p10_daily_merged,fatigue,Sleep_Duration_Score__zscore,0.0665509729705908,Sleep_Duration_Score,0.06655097297059108
p10_daily_merged,fatigue,Sleep_Restlessness__abs_zscore,0.0426099014446881,Sleep_Restlessness,0.04260990144468827
p10_daily_merged,fatigue,Sleep_Restlessness__rolling_3,0.0290681877423991,Sleep_Restlessness,0.029068187742399217
p10_daily_merged,fatigue,Sleep_Score__zscore,0.0260446530599806,Sleep_Score,0.02604465305998071
p10_daily_merged,fatigue,Steps__abs_zscore,0.0252555759386279,Steps,0.025255575938628004
p10_daily_merged,fatigue,Steps__change,0.0248843103430221,Steps,0.0248843103430222
p10_daily_merged,fatigue,Sleep_Score__raw,0.0243972661212003,Sleep_Score,0.0243972661212004
p10_daily_merged,fatigue,Exercise_Avg_HR__change,0.0215857014663617,Exercise_Avg_HR,0.021585701466361792
p10_daily_merged,fatigue,Sleep_Duration_Score__change,0.0209620321160845,Sleep_Duration_Score,0.02096203211608459
p10_daily_merged,fatigue,Exercise_Avg_HR__raw,0.0209248951609953,Exercise_Avg_HR,0.020924895160995386
p10_daily_merged,fatigue,Sleep_Hours__rolling_3,0.0209030986108905,Sleep_Hours,0.020903098610890587
p10_daily_merged,fatigue,Steps__rolling_3,0.0177073309054882,Steps,0.01770733090548827
p10_daily_merged,fatigue,Sleep_Score__rolling_3,0.0175096132300541,Sleep_Score,0.017509613230054174
p10_daily_merged,fatigue,Sleep_Restlessness__change,0.0152565656796108,Sleep_Restlessness,0.015256565679610862
p10_daily_merged,fatigue,Exercise_Duration__change,0.0139367760835295,Exercise_Duration,0.013936776083529558
p10_daily_merged,fatigue,Exercise_Duration__rolling_7,0.0130822656395894,Exercise_Duration,0.013082265639589453
p10_daily_merged,fatigue,Exercise_Duration__rolling_3,0.0127621524581222,Exercise_Duration,0.012762152458122253
p10_daily_merged,fatigue,Sleep_Composition__change,0.0121940315714196,Sleep_Composition,0.01219403157141965
p10_daily_merged,fatigue,Steps__rolling_7,0.0120316204906201,Steps,0.012031620490620148
p10_daily_merged,fatigue,Sleep_Hours__change,0.0116239755301799,Sleep_Hours,0.011623975530179948
p10_daily_merged,fatigue,Exercise_Avg_HR__deviation,0.0113883830451067,Exercise_Avg_HR,0.011388383045106747
p10_daily_merged,fatigue,Exercise_Avg_HR__abs_zscore,0.010968230729771,Exercise_Avg_HR,0.010968230729771045
p10_daily_merged,fatigue,Exercise_Calories__rolling_7,0.0109167102871808,Exercise_Calories,0.010916710287180845
p10_daily_merged,fatigue,Sleep_Duration_Score__rolling_3,0.0108263496959626,Sleep_Duration_Score,0.010826349695962646
p10_daily_merged,fatigue,Sleep_Hours__abs_zscore,0.0104805609957102,Sleep_Hours,0.010480560995710243
p10_daily_merged,fatigue,Sleep_Score__deviation,0.0103753420864484,Sleep_Score,0.010375342086448443
p10_daily_merged,fatigue,Exercise_Calories__change,0.0102119903917813,Exercise_Calories,0.010211990391781342
p10_daily_merged,fatigue,Exercise_Distance__rolling_3,0.0101591523074032,Exercise_Distance,0.010159152307403241
p10_daily_merged,fatigue,Exercise_Avg_HR__zscore,0.0098084562094851,Exercise_Avg_HR,0.00980845620948514
p10_daily_merged,fatigue,Deep_Sleep_Minutes__rolling_3,0.0097897382379766,Deep_Sleep_Minutes,0.00978973823797664
p10_daily_merged,fatigue,Exercise_Distance__change,0.0096443338722958,Exercise_Distance,0.00964433387229584
p10_daily_merged,fatigue,Steps__zscore,0.0094411942693221,Steps,0.009441194269322137
p10_daily_merged,fatigue,Sleep_Revitalization__change,0.0093634493904944,Sleep_Revitalization,0.009363449390494438
p10_daily_merged,fatigue,Sleep_Hours__deviation,0.0085974238536302,Sleep_Hours,0.008597423853630234
p10_daily_merged,fatigue,Sleep_Revitalization__rolling_7,0.0079798497525453,Sleep_Revitalization,0.007979849752545332
p10_daily_merged,fatigue,Deep_Sleep_Minutes__deviation,0.0079577317552171,Deep_Sleep_Minutes,0.007957731755217133
p10_daily_merged,fatigue,Exercise_Avg_HR__rolling_3,0.0076958436161293,Exercise_Avg_HR,0.0076958436161293315
p10_daily_merged,fatigue,Exercise_Distance__rolling_7,0.0064137156165044,Exercise_Distance,0.006413715616504426
p10_daily_merged,fatigue,Sleep_Revitalization__abs_zscore,0.0063134685749328,Sleep_Revitalization,0.006313468574932826
p10_daily_merged,fatigue,Steps__deviation,0.0061126085876304,Steps,0.0061126085876304255
p10_daily_merged,fatigue,Steps__raw,0.0059808800562001,Steps,0.0059808800562001245
p10_daily_merged,fatigue,Exercise_Count__abs_zscore,0.0059055187970009,Exercise_Count,0.005905518797000925
p10_daily_merged,fatigue,Deep_Sleep_Minutes__change,0.005862172212981,Deep_Sleep_Minutes,0.005862172212981024
p10_daily_merged,fatigue,Deep_Sleep_Minutes__abs_zscore,0.0056426225290457,Deep_Sleep_Minutes,0.005642622529045724
p10_daily_merged,fatigue,Exercise_Calories__rolling_3,0.0051662831013338,Exercise_Calories,0.0051662831013338205
p10_daily_merged,fatigue,Sleep_Revitalization__rolling_3,0.005136360362763,Sleep_Revitalization,0.0051363603627630205
p10_daily_merged,fatigue,Exercise_Count__rolling_7,0.0050641881111743,Exercise_Count,0.0050641881111743205
p10_daily_merged,fatigue,Exercise_Calories__abs_zscore,0.0050599076844528,Exercise_Calories,0.005059907684452821
p10_daily_merged,fatigue,Deep_Sleep_Minutes__raw,0.0047033882594187,Deep_Sleep_Minutes,0.004703388259418719
p10_daily_merged,fatigue,Exercise_Duration__abs_zscore,0.0045895423485218,Exercise_Duration,0.004589542348521819
p10_daily_merged,fatigue,Exercise_Count__change,0.0043481110107508,Exercise_Count,0.004348111010750819
p10_daily_merged,fatigue,Sleep_Revitalization__deviation,0.0042237152302381,Sleep_Revitalization,0.004223715230238117
p10_daily_merged,fatigue,Sleep_Score__abs_zscore,0.0040694088850427,Sleep_Score,0.004069408885042716
p10_daily_merged,fatigue,Exercise_Calories__zscore,0.0039710224096073,Exercise_Calories,0.003971022409607316
p10_daily_merged,fatigue,Exercise_Calories__raw,0.0037740758956243,Exercise_Calories,0.0037740758956243156
p10_daily_merged,fatigue,Sleep_Hours__raw,0.003399013972621,Sleep_Hours,0.003399013972621014
p10_daily_merged,fatigue,Sleep_Composition__raw,0.0033560808279417,Sleep_Composition,0.003356080827941714
p10_daily_merged,fatigue,Deep_Sleep_Minutes__zscore,0.0033122122259919,Deep_Sleep_Minutes,0.0033122122259919133
p10_daily_merged,fatigue,Exercise_Calories__deviation,0.0032430141124956,Exercise_Calories,0.0032430141124956133
p10_daily_merged,fatigue,Sleep_Restlessness__raw,0.0031438396363991,Sleep_Restlessness,0.003143839636399113
p10_daily_merged,fatigue,Sleep_Restlessness__zscore,0.0030706685997669,Sleep_Restlessness,0.0030706685997669127
p10_daily_merged,fatigue,Exercise_Duration__raw,0.0026177652139576,Exercise_Duration,0.002617765213957611
p10_daily_merged,fatigue,Sleep_Hours__zscore,0.0026129360535289,Sleep_Hours,0.0026129360535289106
p10_daily_merged,fatigue,Sleep_Composition__rolling_3,0.0024532329869873,Sleep_Composition,0.00245323298698731
p10_daily_merged,fatigue,Sleep_Composition__abs_zscore,0.0024278336086693,Sleep_Composition,0.00242783360866931
p10_daily_merged,fatigue,Sleep_Composition__zscore,0.0024242890585865,Sleep_Composition,0.00242428905858651
p10_daily_merged,fatigue,Sleep_Restlessness__deviation,0.0024176849837903,Sleep_Restlessness,0.00241768498379031
p10_daily_merged,fatigue,Sleep_Score__rolling_7,0.0024152713750485,Sleep_Score,0.00241527137504851
p10_daily_merged,fatigue,Exercise_Count__rolling_3,0.0021427002564105,Exercise_Count,0.0021427002564105087
p10_daily_merged,fatigue,Exercise_Duration__deviation,0.002040779408358,Exercise_Duration,0.0020407794083580084
p10_daily_merged,fatigue,Exercise_Distance__zscore,0.0019758780241241,Exercise_Distance,0.0019758780241241084
p10_daily_merged,fatigue,Sleep_Duration_Score__abs_zscore,0.0019182117086991,Sleep_Duration_Score,0.0019182117086991078
p10_daily_merged,fatigue,Exercise_Count__zscore,0.0017416516214852,Exercise_Count,0.0017416516214852071
p10_daily_merged,fatigue,Exercise_Count__raw,0.0016230707144856,Exercise_Count,0.0016230707144856066
p10_daily_merged,fatigue,Exercise_Count__deviation,0.0015065082604186,Exercise_Count,0.0015065082604186063
p10_daily_merged,fatigue,Sleep_Revitalization__raw,0.001313229177572,Sleep_Revitalization,0.0013132291775720055
p10_daily_merged,fatigue,Sleep_Composition__rolling_7,0.001165650392621,Sleep_Composition,0.0011656503926210048
p10_daily_merged,fatigue,Exercise_Duration__zscore,0.0009549171059882,Exercise_Duration,0.0009549171059882039
p10_daily_merged,fatigue,Sleep_Hours__rolling_7,0.0008545643305157,Sleep_Hours,0.0008545643305157035
p10_daily_merged,fatigue,Deep_Sleep_Minutes__rolling_7,0.0006521573937749,Deep_Sleep_Minutes,0.0006521573937749028
p10_daily_merged,fatigue,Sleep_Revitalization__zscore,0.0005957628610898,Sleep_Revitalization,0.0005957628610898024
p10_daily_merged,fatigue,Sleep_Composition__deviation,0.0005166467375263,Sleep_Composition,0.0005166467375263021
p10_daily_merged,fatigue,Exercise_Distance__deviation,0.0003361238817753,Exercise_Distance,0.00033612388177530134
p10_daily_merged,fatigue,Exercise_Distance__raw,0.0002476182418057,Exercise_Distance,0.000247618241805701
p10_daily_merged,fatigue,Sleep_Duration_Score__rolling_7,0.0002317683762734,Sleep_Duration_Score,0.00023176837627340095
p10_daily_merged,fatigue,Sleep_Restlessness__rolling_7,6.460870016179145e-05,Sleep_Restlessness,6.460870016179172e-05
p10_daily_merged,fatigue,Exercise_Distance__abs_zscore,5.16932011132632e-05,Exercise_Distance,5.169320111326341e-05
p10_daily_merged,fatigue,Exercise_Avg_HR__rolling_7,0.0,Exercise_Avg_HR,0.0
p10_daily_merged,mood,Sleep_Restlessness__change,0.0587808441899771,Sleep_Restlessness,0.05878084418997734
p10_daily_merged,mood,Sleep_Score__change,0.0569141149760089,Sleep_Score,0.05691411497600913
p10_daily_merged,mood,Deep_Sleep_Minutes__change,0.0516365694582618,Deep_Sleep_Minutes,0.051636569458262005
p10_daily_merged,mood,Sleep_Hours__rolling_3,0.0431912314673731,Sleep_Hours,0.043191231467373276
p10_daily_merged,mood,Exercise_Calories__change,0.0408593613902344,Exercise_Calories,0.040859361390234564
p10_daily_merged,mood,Exercise_Calories__abs_zscore,0.0352393895075714,Exercise_Calories,0.035239389507571536
p10_daily_merged,mood,Deep_Sleep_Minutes__abs_zscore,0.0321538098718522,Deep_Sleep_Minutes,0.03215380987185233
p10_daily_merged,mood,Steps__abs_zscore,0.0294497417838681,Steps,0.02944974178386822
p10_daily_merged,mood,Exercise_Duration__change,0.0273683015612534,Exercise_Duration,0.02736830156125351
p10_daily_merged,mood,Sleep_Restlessness__rolling_3,0.0268682574167625,Sleep_Restlessness,0.026868257416762607
p10_daily_merged,mood,Exercise_Avg_HR__abs_zscore,0.0248651417394189,Exercise_Avg_HR,0.024865141739419002
p10_daily_merged,mood,Steps__rolling_3,0.0243407714288155,Steps,0.024340771428815598
p10_daily_merged,mood,Sleep_Hours__abs_zscore,0.0227011394503254,Sleep_Hours,0.02270113945032549
p10_daily_merged,mood,Sleep_Score__abs_zscore,0.0224365481098237,Sleep_Score,0.02243654810982379
p10_daily_merged,mood,Exercise_Duration__abs_zscore,0.022101648681294,Exercise_Duration,0.022101648681294085
p10_daily_merged,mood,Steps__change,0.0215194594576082,Steps,0.021519459457608286
p10_daily_merged,mood,Steps__rolling_7,0.0211773442070014,Steps,0.021177344207001483
p10_daily_merged,mood,Sleep_Revitalization__change,0.0177693980252844,Sleep_Revitalization,0.017769398025284468
p10_daily_merged,mood,Sleep_Duration_Score__change,0.0174867819978993,Sleep_Duration_Score,0.01748678199789937
p10_daily_merged,mood,Sleep_Score__deviation,0.0158035596393183,Sleep_Score,0.015803559639318364
p10_daily_merged,mood,Sleep_Composition__change,0.0143123913679477,Sleep_Composition,0.014312391367947758
p10_daily_merged,mood,Exercise_Calories__zscore,0.0142396997981203,Exercise_Calories,0.014239699798120358
p10_daily_merged,mood,Sleep_Restlessness__abs_zscore,0.0142023235391247,Sleep_Restlessness,0.014202323539124758
p10_daily_merged,mood,Steps__deviation,0.0135349716220926,Steps,0.013534971622092653
p10_daily_merged,mood,Exercise_Distance__rolling_3,0.0127817604436111,Exercise_Distance,0.012781760443611151
p10_daily_merged,mood,Exercise_Calories__rolling_3,0.0118559943204193,Exercise_Calories,0.011855994320419347
p10_daily_merged,mood,Exercise_Duration__rolling_3,0.0117929017288316,Exercise_Duration,0.011792901728831648
p10_daily_merged,mood,Sleep_Duration_Score__abs_zscore,0.0116562423476759,Sleep_Duration_Score,0.011656242347675946
p10_daily_merged,mood,Exercise_Calories__raw,0.0115575039486618,Exercise_Calories,0.011557503948661847
p10_daily_merged,mood,Exercise_Calories__rolling_7,0.0115521626443845,Exercise_Calories,0.011552162644384547
p10_daily_merged,mood,Sleep_Revitalization__rolling_3,0.0111812114926828,Sleep_Revitalization,0.011181211492682846
p10_daily_merged,mood,Exercise_Duration__rolling_7,0.011016895881805,Exercise_Duration,0.011016895881805043
p10_daily_merged,mood,Exercise_Count__abs_zscore,0.0107762052798629,Exercise_Count,0.010776205279862944
p10_daily_merged,mood,Sleep_Hours__raw,0.0106806723261288,Sleep_Hours,0.010680672326128843
p10_daily_merged,mood,Exercise_Calories__deviation,0.0104743686084068,Exercise_Calories,0.010474368608406842
p10_daily_merged,mood,Steps__zscore,0.0101242986354132,Steps,0.01012429863541324
p10_daily_merged,mood,Sleep_Hours__change,0.0091717317271469,Sleep_Hours,0.009171731727146937
p10_daily_merged,mood,Sleep_Restlessness__zscore,0.0091251795821391,Sleep_Restlessness,0.009125179582139136
p10_daily_merged,mood,Sleep_Score__raw,0.0089672413124415,Sleep_Score,0.008967241312441537
p10_daily_merged,mood,Deep_Sleep_Minutes__rolling_3,0.0088010672007785,Deep_Sleep_Minutes,0.008801067200778535
p10_daily_merged,mood,Sleep_Revitalization__abs_zscore,0.0083648119531129,Sleep_Revitalization,0.008364811953112932
p10_daily_merged,mood,Sleep_Score__rolling_3,0.007856606980558,Sleep_Score,0.007856606980558031
p10_daily_merged,mood,Sleep_Hours__deviation,0.0073252093458358,Sleep_Hours,0.00732520934583583
p10_daily_merged,mood,Deep_Sleep_Minutes__zscore,0.0071761956702684,Deep_Sleep_Minutes,0.007176195670268428
p10_daily_merged,mood,Sleep_Restlessness__raw,0.0070396436421887,Sleep_Restlessness,0.0070396436421887275
p10_daily_merged,mood,Sleep_Duration_Score__zscore,0.0070299749101484,Sleep_Duration_Score,0.007029974910148428
p10_daily_merged,mood,Sleep_Restlessness__deviation,0.0068037772053114,Sleep_Restlessness,0.006803777205311427
p10_daily_merged,mood,Exercise_Distance__rolling_7,0.0065605386770155,Exercise_Distance,0.006560538677015526
p10_daily_merged,mood,Steps__raw,0.006285094707136,Steps,0.006285094707136025
p10_daily_merged,mood,Exercise_Duration__raw,0.0060837380782577,Exercise_Duration,0.006083738078257724
p10_daily_merged,mood,Sleep_Score__zscore,0.005821539031457,Sleep_Score,0.005821539031457023
p10_daily_merged,mood,Exercise_Avg_HR__deviation,0.0054357154446048,Exercise_Avg_HR,0.0054357154446048215
p10_daily_merged,mood,Exercise_Count__rolling_7,0.0051307323336495,Exercise_Count,0.005130732333649521
p10_daily_merged,mood,Exercise_Avg_HR__change,0.0050713627777039,Exercise_Avg_HR,0.00507136277770392
p10_daily_merged,mood,Sleep_Duration_Score__rolling_3,0.0048141571219996,Sleep_Duration_Score,0.004814157121999619
p10_daily_merged,mood,Exercise_Avg_HR__zscore,0.0040160290825318,Exercise_Avg_HR,0.004016029082531816
p10_daily_merged,mood,Sleep_Revitalization__raw,0.0038446510374997,Sleep_Revitalization,0.0038446510374997153
p10_daily_merged,mood,Deep_Sleep_Minutes__raw,0.0036184181016495,Deep_Sleep_Minutes,0.0036184181016495143
p10_daily_merged,mood,Exercise_Avg_HR__raw,0.0033289912681492,Exercise_Avg_HR,0.0033289912681492132
p10_daily_merged,mood,Sleep_Duration_Score__raw,0.0031244059679058,Sleep_Duration_Score,0.0031244059679058126
p10_daily_merged,mood,Exercise_Duration__deviation,0.0029926913202399,Exercise_Duration,0.0029926913202399123
p10_daily_merged,mood,Exercise_Count__rolling_3,0.0029867538426372,Exercise_Count,0.002986753842637212
p10_daily_merged,mood,Sleep_Composition__abs_zscore,0.0029770158009723,Sleep_Composition,0.002977015800972312
p10_daily_merged,mood,Sleep_Restlessness__rolling_7,0.0027740970247267,Sleep_Restlessness,0.0027740970247267112
p10_daily_merged,mood,Sleep_Revitalization__deviation,0.0026111191003153,Sleep_Revitalization,0.0026111191003153106
p10_daily_merged,mood,Sleep_Revitalization__zscore,0.00255004617325,Sleep_Revitalization,0.0025500461732500105
p10_daily_merged,mood,Sleep_Hours__rolling_7,0.0022811277248199,Sleep_Hours,0.002281127724819909
p10_daily_merged,mood,Deep_Sleep_Minutes__deviation,0.0022488573660037,Deep_Sleep_Minutes,0.002248857366003709
p10_daily_merged,mood,Sleep_Duration_Score__rolling_7,0.0021660165988706,Sleep_Duration_Score,0.0021660165988706087
p10_daily_merged,mood,Sleep_Composition__rolling_7,0.0018540594905027,Sleep_Composition,0.0018540594905027074
p10_daily_merged,mood,Sleep_Composition__rolling_3,0.0018327457810034,Sleep_Composition,0.0018327457810034073
p10_daily_merged,mood,Exercise_Duration__zscore,0.0017702498536718,Exercise_Duration,0.001770249853671807
p10_daily_merged,mood,Exercise_Distance__raw,0.0017159660210781,Exercise_Distance,0.001715966021078107
p10_daily_merged,mood,Exercise_Count__deviation,0.0016899425373099,Exercise_Count,0.0016899425373099067
p10_daily_merged,mood,Exercise_Count__zscore,0.0015380072439351,Exercise_Count,0.0015380072439351061
p10_daily_merged,mood,Sleep_Duration_Score__deviation,0.0015164829772523,Sleep_Duration_Score,0.001516482977252306
p10_daily_merged,mood,Sleep_Hours__zscore,0.0014767093933136,Sleep_Hours,0.001476709393313606
p10_daily_merged,mood,Exercise_Distance__change,0.0014674528497931,Exercise_Distance,0.0014674528497931058
p10_daily_merged,mood,Sleep_Revitalization__rolling_7,0.0012988142131983,Sleep_Revitalization,0.0012988142131983053
p10_daily_merged,mood,Exercise_Count__change,0.001246590871008,Exercise_Count,0.001246590871008005
p10_daily_merged,mood,Exercise_Avg_HR__rolling_3,0.0010853203326302,Exercise_Avg_HR,0.0010853203326302043
p10_daily_merged,mood,Exercise_Count__raw,0.0009827870085674,Exercise_Count,0.0009827870085674039
p10_daily_merged,mood,Sleep_Score__rolling_7,0.0008938249736911,Sleep_Score,0.0008938249736911035
p10_daily_merged,mood,Sleep_Composition__zscore,0.0006792775872611,Sleep_Composition,0.0006792775872611028
p10_daily_merged,mood,Sleep_Composition__raw,0.0001642124093337,Sleep_Composition,0.00016421240933370065
p10_daily_merged,mood,Exercise_Distance__zscore,0.0,Exercise_Distance,0.0
p10_daily_merged,mood,Exercise_Distance__abs_zscore,0.0,Exercise_Distance,0.0
p10_daily_merged,mood,Exercise_Distance__deviation,0.0,Exercise_Distance,0.0
p10_daily_merged,mood,Exercise_Avg_HR__rolling_7,0.0,Exercise_Avg_HR,0.0
p10_daily_merged,mood,Deep_Sleep_Minutes__rolling_7,0.0,Deep_Sleep_Minutes,0.0
p10_daily_merged,mood,Sleep_Composition__deviation,0.0,Sleep_Composition,0.0
p10_daily_merged,readiness,Sleep_Score__abs_zscore,0.049962028176978,Sleep_Score,0.04996202817697821
p10_daily_merged,readiness,Sleep_Hours__change,0.0396381861696859,Sleep_Hours,0.03963818616968607
p10_daily_merged,readiness,Exercise_Avg_HR__change,0.0333192999187321,Exercise_Avg_HR,0.03331929991873224
p10_daily_merged,readiness,Sleep_Restlessness__abs_zscore,0.0332770015425038,Sleep_Restlessness,0.03327700154250394
p10_daily_merged,readiness,Sleep_Score__change,0.0324600735404119,Sleep_Score,0.03246007354041204
p10_daily_merged,readiness,Sleep_Score__deviation,0.0312279227623347,Sleep_Score,0.031227922762334832
p10_daily_merged,readiness,Steps__change,0.0290750053126684,Steps,0.02907500531266852
p10_daily_merged,readiness,Exercise_Distance__rolling_3,0.0290667289990685,Exercise_Distance,0.029066728999068623
p10_daily_merged,readiness,Exercise_Duration__change,0.0277288897729229,Exercise_Duration,0.027728889772923017
p10_daily_merged,readiness,Sleep_Hours__abs_zscore,0.0272717247082247,Sleep_Hours,0.027271724708224813
p10_daily_merged,readiness,Sleep_Score__zscore,0.0242802304186623,Sleep_Score,0.024280230418662403
p10_daily_merged,readiness,Sleep_Hours__rolling_3,0.0235069728421667,Sleep_Hours,0.0235069728421668
p10_daily_merged,readiness,Exercise_Calories__abs_zscore,0.0221447586819004,Exercise_Calories,0.022144758681900495
p10_daily_merged,readiness,Deep_Sleep_Minutes__abs_zscore,0.0221012856254035,Deep_Sleep_Minutes,0.022101285625403595
p10_daily_merged,readiness,Sleep_Restlessness__rolling_3,0.0217732987541954,Sleep_Restlessness,0.02177329875419549
p10_daily_merged,readiness,Steps__rolling_3,0.0213332456844354,Steps,0.02133324568443549
p10_daily_merged,readiness,Sleep_Duration_Score__change,0.0211541127991513,Sleep_Duration_Score,0.02115411279915139
p10_daily_merged,readiness,Exercise_Calories__rolling_3,0.0210374919774062,Exercise_Calories,0.02103749197740629
p10_daily_merged,readiness,Steps__abs_zscore,0.0203989824271027,Steps,0.020398982427102787
p10_daily_merged,readiness,Exercise_Calories__change,0.0201192155341586,Exercise_Calories,0.020119215534158682
p10_daily_merged,readiness,Steps__rolling_7,0.0195891768855872,Steps,0.019589176885587284
p10_daily_merged,readiness,Deep_Sleep_Minutes__zscore,0.0190772038881548,Deep_Sleep_Minutes,0.01907720388815488
p10_daily_merged,readiness,Exercise_Distance__rolling_7,0.0185110588976789,Exercise_Distance,0.01851105889767898
p10_daily_merged,readiness,Sleep_Score__raw,0.0179066968272091,Sleep_Score,0.017906696827209176
p10_daily_merged,readiness,Exercise_Duration__rolling_7,0.0175419453351328,Exercise_Duration,0.017541945335132873
p10_daily_merged,readiness,Exercise_Calories__rolling_7,0.0169576568872313,Exercise_Calories,0.016957656887231373
p10_daily_merged,readiness,Sleep_Revitalization__abs_zscore,0.0161779465347626,Sleep_Revitalization,0.01617794653476267
p10_daily_merged,readiness,Exercise_Avg_HR__abs_zscore,0.0149827589537123,Exercise_Avg_HR,0.014982758953712363
p10_daily_merged,readiness,Exercise_Duration__abs_zscore,0.0149241605610441,Exercise_Duration,0.014924160561044163
p10_daily_merged,readiness,Deep_Sleep_Minutes__change,0.0136058412952733,Deep_Sleep_Minutes,0.013605841295273357
p10_daily_merged,readiness,Sleep_Duration_Score__zscore,0.0131154076639142,Sleep_Duration_Score,0.013115407663914256
p10_daily_merged,readiness,Sleep_Restlessness__raw,0.0107239694905783,Sleep_Restlessness,0.010723969490578345
p10_daily_merged,readiness,Sleep_Duration_Score__raw,0.0107021101509648,Sleep_Duration_Score,0.010702110150964846
p10_daily_merged,readiness,Exercise_Calories__deviation,0.010361585944249,Exercise_Calories,0.010361585944249043
p10_daily_merged,readiness,Exercise_Avg_HR__rolling_3,0.0100335245149294,Exercise_Avg_HR,0.010033524514929441
p10_daily_merged,readiness,Sleep_Composition__rolling_3,0.0097934991887766,Sleep_Composition,0.00979349918877664
p10_daily_merged,readiness,Exercise_Duration__rolling_3,0.0095414999441043,Exercise_Duration,0.00954149994410434
p10_daily_merged,readiness,Exercise_Count__rolling_7,0.0092480457915132,Exercise_Count,0.009248045791513239
p10_daily_merged,readiness,Deep_Sleep_Minutes__deviation,0.0091824273777923,Deep_Sleep_Minutes,0.009182427377792339
p10_daily_merged,readiness,Sleep_Hours__deviation,0.0091492996774513,Sleep_Hours,0.009149299677451338
p10_daily_merged,readiness,Sleep_Restlessness__change,0.0088112571554228,Sleep_Restlessness,0.008811257155422837
p10_daily_merged,readiness,Exercise_Distance__change,0.0087019035650648,Exercise_Distance,0.008701903565064836
p10_daily_merged,readiness,Exercise_Avg_HR__deviation,0.0081166118305751,Exercise_Avg_HR,0.008116611830575134
p10_daily_merged,readiness,Deep_Sleep_Minutes__rolling_3,0.007911641313628,Deep_Sleep_Minutes,0.007911641313628034
p10_daily_merged,readiness,Exercise_Avg_HR__zscore,0.0077238572057768,Exercise_Avg_HR,0.007723857205776833
p10_daily_merged,readiness,Sleep_Revitalization__rolling_3,0.0073334256795402,Sleep_Revitalization,0.0073334256795402316
p10_daily_merged,readiness,Sleep_Duration_Score__deviation,0.0070177476265054,Sleep_Duration_Score,0.0070177476265054295
p10_daily_merged,readiness,Sleep_Revitalization__change,0.0064755657706154,Sleep_Revitalization,0.0064755657706154265
p10_daily_merged,readiness,Sleep_Hours__raw,0.0064649441471766,Sleep_Hours,0.006464944147176627
p10_daily_merged,readiness,Deep_Sleep_Minutes__raw,0.0064413603831386,Deep_Sleep_Minutes,0.006441360383138627
p10_daily_merged,readiness,Sleep_Duration_Score__abs_zscore,0.0063218889943503,Sleep_Duration_Score,0.006321888994350327
p10_daily_merged,readiness,Sleep_Duration_Score__rolling_3,0.0054334337463083,Sleep_Duration_Score,0.005433433746308323
p10_daily_merged,readiness,Sleep_Hours__zscore,0.0053851542050235,Sleep_Hours,0.005385154205023523
p10_daily_merged,readiness,Exercise_Avg_HR__raw,0.0049509089995026,Exercise_Avg_HR,0.004950908999502621
p10_daily_merged,readiness,Sleep_Restlessness__zscore,0.004933618919925,Sleep_Restlessness,0.0049336189199250206
p10_daily_merged,readiness,Exercise_Calories__zscore,0.0048815246676164,Exercise_Calories,0.00488152466761642
p10_daily_merged,readiness,Exercise_Count__rolling_3,0.0048602628404824,Exercise_Count,0.004860262840482421
p10_daily_merged,readiness,Exercise_Duration__deviation,0.0047666446688764,Exercise_Duration,0.00476664466887642
p10_daily_merged,readiness,Exercise_Count__change,0.0046868934124856,Exercise_Count,0.00468689341248562
p10_daily_merged,readiness,Sleep_Composition__rolling_7,0.0043962989694,Sleep_Composition,0.0043962989694000185
p10_daily_merged,readiness,Sleep_Score__rolling_3,0.0042027034364895,Sleep_Score,0.004202703436489518
p10_daily_merged,readiness,Sleep_Restlessness__rolling_7,0.0036891987960466,Sleep_Restlessness,0.0036891987960466156
p10_daily_merged,readiness,Sleep_Restlessness__deviation,0.0036284551228469,Sleep_Restlessness,0.003628455122846915
p10_daily_merged,readiness,Steps__raw,0.0033611602728567,Steps,0.0033611602728567144
p10_daily_merged,readiness,Sleep_Revitalization__raw,0.0031753219442642,Sleep_Revitalization,0.0031753219442642133
p10_daily_merged,readiness,Steps__deviation,0.002940182142108,Steps,0.0029401821421080124
p10_daily_merged,readiness,Exercise_Count__abs_zscore,0.0025322166523816,Exercise_Count,0.002532216652381611
p10_daily_merged,readiness,Sleep_Duration_Score__rolling_7,0.0024504069390389,Sleep_Duration_Score,0.0024504069390389105
p10_daily_merged,readiness,Steps__zscore,0.0023232461102621,Steps,0.00232324611026211
p10_daily_merged,readiness,Sleep_Composition__change,0.0021792542553451,Sleep_Composition,0.002179254255345109
p10_daily_merged,readiness,Sleep_Composition__zscore,0.0021027090816939,Sleep_Composition,0.0021027090816939085
p10_daily_merged,readiness,Sleep_Hours__rolling_7,0.0019661661655199,Sleep_Hours,0.001966166165519908
p10_daily_merged,readiness,Sleep_Composition__deviation,0.0019578637031728,Sleep_Composition,0.0019578637031728084
p10_daily_merged,readiness,Exercise_Duration__raw,0.0019082755684834,Exercise_Duration,0.001908275568483408
p10_daily_merged,readiness,Sleep_Revitalization__zscore,0.0017460472512719,Sleep_Revitalization,0.0017460472512719073
p10_daily_merged,readiness,Exercise_Calories__raw,0.0016050182977228,Exercise_Calories,0.0016050182977228066
p10_daily_merged,readiness,Exercise_Count__zscore,0.0015474538480536,Exercise_Count,0.0015474538480536066
p10_daily_merged,readiness,Exercise_Count__deviation,0.0015274259073657,Exercise_Count,0.0015274259073657064
p10_daily_merged,readiness,Sleep_Composition__abs_zscore,0.0013466731719471,Sleep_Composition,0.0013466731719471057
p10_daily_merged,readiness,Exercise_Duration__zscore,0.001327037521459,Exercise_Duration,0.0013270375214590056
p10_daily_merged,readiness,Deep_Sleep_Minutes__rolling_7,0.0011837550642192,Deep_Sleep_Minutes,0.001183755064219205
p10_daily_merged,readiness,Sleep_Revitalization__deviation,0.0011150328591611,Sleep_Revitalization,0.0011150328591611048
p10_daily_merged,readiness,Sleep_Score__rolling_7,0.000631605012969,Sleep_Score,0.0006316050129690028
p10_daily_merged,readiness,Exercise_Distance__deviation,0.0006155111105051,Exercise_Distance,0.0006155111105051026
p10_daily_merged,readiness,Exercise_Distance__zscore,0.0004887329301096,Exercise_Distance,0.000488732930109602
p10_daily_merged,readiness,Exercise_Count__raw,0.0003088438473839,Exercise_Count,0.0003088438473839013
p10_daily_merged,readiness,Sleep_Composition__raw,0.0002719540859235,Sleep_Composition,0.00027195408592350115
p10_daily_merged,readiness,Sleep_Revitalization__rolling_7,0.0001302805085865,Sleep_Revitalization,0.00013028050858650053
p10_daily_merged,readiness,Exercise_Distance__raw,0.0001202528332208,Exercise_Distance,0.0001202528332208005
p10_daily_merged,readiness,Exercise_Distance__abs_zscore,0.0,Exercise_Distance,0.0
p10_daily_merged,readiness,Exercise_Avg_HR__rolling_7,0.0,Exercise_Avg_HR,0.0
p10_daily_merged,sleep_quality,Sleep_Score__change,0.0770352708062722,Sleep_Score,0.07703527080627254
p10_daily_merged,sleep_quality,Sleep_Restlessness__rolling_3,0.0462980391284754,Sleep_Restlessness,0.046298039128475604
p10_daily_merged,sleep_quality,Sleep_Duration_Score__change,0.0412290792851246,Sleep_Duration_Score,0.04122907928512478
p10_daily_merged,sleep_quality,Sleep_Hours__change,0.0410836925869059,Sleep_Hours,0.04108369258690608
p10_daily_merged,sleep_quality,Sleep_Revitalization__change,0.0403009208329694,Sleep_Revitalization,0.04030092083296957
p10_daily_merged,sleep_quality,Sleep_Duration_Score__zscore,0.0348746386500053,Sleep_Duration_Score,0.03487463865000545
p10_daily_merged,sleep_quality,Sleep_Hours__rolling_3,0.0313085511610316,Sleep_Hours,0.03130855116103174
p10_daily_merged,sleep_quality,Deep_Sleep_Minutes__change,0.0280908829775574,Deep_Sleep_Minutes,0.028090882977557522
p10_daily_merged,sleep_quality,Sleep_Restlessness__raw,0.0220513424829913,Sleep_Restlessness,0.0220513424829914
p10_daily_merged,sleep_quality,Sleep_Score__deviation,0.0204626747941367,Sleep_Score,0.02046267479413679
p10_daily_merged,sleep_quality,Steps__rolling_3,0.0199529215657786,Steps,0.019952921565778686
p10_daily_merged,sleep_quality,Steps__abs_zscore,0.0197998540882095,Steps,0.019799854088209588
p10_daily_merged,sleep_quality,Exercise_Avg_HR__rolling_3,0.0190415193043881,Exercise_Avg_HR,0.019041519304388185
p10_daily_merged,sleep_quality,Sleep_Score__raw,0.0190245147198075,Sleep_Score,0.019024514719807584
p10_daily_merged,sleep_quality,Exercise_Duration__rolling_3,0.0186693644111869,Exercise_Duration,0.01866936441118698
p10_daily_merged,sleep_quality,Sleep_Duration_Score__rolling_3,0.018256929137773,Sleep_Duration_Score,0.01825692913777308
p10_daily_merged,sleep_quality,Steps__change,0.0181950114052913,Steps,0.01819501140529138
p10_daily_merged,sleep_quality,Sleep_Score__zscore,0.0176578965687784,Sleep_Score,0.017657896568778475
p10_daily_merged,sleep_quality,Sleep_Restlessness__change,0.016804773827853,Sleep_Restlessness,0.016804773827853073
p10_daily_merged,sleep_quality,Sleep_Duration_Score__deviation,0.0158987759750409,Sleep_Duration_Score,0.01589877597504097
p10_daily_merged,sleep_quality,Exercise_Avg_HR__abs_zscore,0.0157560346807249,Exercise_Avg_HR,0.015756034680724968
p10_daily_merged,sleep_quality,Sleep_Duration_Score__raw,0.015270676834484,Sleep_Duration_Score,0.015270676834484066
p10_daily_merged,sleep_quality,Exercise_Calories__change,0.0148939725069405,Exercise_Calories,0.014893972506940564
p10_daily_merged,sleep_quality,Sleep_Duration_Score__abs_zscore,0.0145750537650045,Sleep_Duration_Score,0.014575053765004562
p10_daily_merged,sleep_quality,Deep_Sleep_Minutes__abs_zscore,0.0142930826744555,Deep_Sleep_Minutes,0.014293082674455563
p10_daily_merged,sleep_quality,Exercise_Calories__rolling_7,0.0137303041344181,Exercise_Calories,0.01373030413441816
p10_daily_merged,sleep_quality,Sleep_Restlessness__zscore,0.0135634424762242,Sleep_Restlessness,0.013563442476224258
p10_daily_merged,sleep_quality,Steps__rolling_7,0.012977143401595,Steps,0.012977143401595056
p10_daily_merged,sleep_quality,Sleep_Restlessness__deviation,0.012538648911442,Sleep_Restlessness,0.012538648911442053
p10_daily_merged,sleep_quality,Exercise_Duration__change,0.0124940635434771,Exercise_Duration,0.012494063543477154
p10_daily_merged,sleep_quality,Exercise_Count__rolling_7,0.0116998309910584,Exercise_Count,0.01169983099105845
p10_daily_merged,sleep_quality,Exercise_Avg_HR__change,0.0113756431139696,Exercise_Avg_HR,0.01137564311396965
p10_daily_merged,sleep_quality,Exercise_Distance__change,0.0112672094368447,Exercise_Distance,0.011267209436844748
p10_daily_merged,sleep_quality,Sleep_Hours__abs_zscore,0.0111519914793963,Sleep_Hours,0.011151991479396349
p10_daily_merged,sleep_quality,Exercise_Avg_HR__raw,0.0110721047642883,Exercise_Avg_HR,0.011072104764288349
p10_daily_merged,sleep_quality,Exercise_Calories__abs_zscore,0.0110031284568157,Exercise_Calories,0.011003128456815748
p10_daily_merged,sleep_quality,Deep_Sleep_Minutes__rolling_7,0.010515176474507,Deep_Sleep_Minutes,0.010515176474507046
p10_daily_merged,sleep_quality,Deep_Sleep_Minutes__rolling_3,0.010395199637761,Deep_Sleep_Minutes,0.010395199637761044
p10_daily_merged,sleep_quality,Sleep_Restlessness__abs_zscore,0.0101845909026026,Sleep_Restlessness,0.010184590902602644
p10_daily_merged,sleep_quality,Exercise_Duration__abs_zscore,0.0095428060416979,Exercise_Duration,0.009542806041697941
p10_daily_merged,sleep_quality,Exercise_Distance__rolling_3,0.0094766261763564,Exercise_Distance,0.009476626176356442
p10_daily_merged,sleep_quality,Sleep_Score__rolling_3,0.0086651118580781,Sleep_Score,0.008665111858078138
p10_daily_merged,sleep_quality,Exercise_Duration__rolling_7,0.0081907901817899,Exercise_Duration,0.008190790181789935
p10_daily_merged,sleep_quality,Sleep_Composition__change,0.008163261416215,Sleep_Composition,0.008163261416215034
p10_daily_merged,sleep_quality,Steps__raw,0.0078527918845476,Steps,0.007852791884547634
p10_daily_merged,sleep_quality,Exercise_Duration__zscore,0.0076953169865711,Exercise_Duration,0.007695316986571133
p10_daily_merged,sleep_quality,Sleep_Composition__rolling_3,0.0074259263735584,Sleep_Composition,0.007425926373558432
p10_daily_merged,sleep_quality,Sleep_Revitalization__rolling_3,0.0073678504120423,Sleep_Revitalization,0.007367850412042332
p10_daily_merged,sleep_quality,Deep_Sleep_Minutes__zscore,0.0069652073404426,Deep_Sleep_Minutes,0.00696520734044263
p10_daily_merged,sleep_quality,Sleep_Hours__zscore,0.0068349164182789,Sleep_Hours,0.00683491641827893
p10_daily_merged,sleep_quality,Sleep_Hours__rolling_7,0.0064251204955171,Sleep_Hours,0.006425120495517128
p10_daily_merged,sleep_quality,Exercise_Calories__rolling_3,0.0063356083424469,Exercise_Calories,0.006335608342446928
p10_daily_merged,sleep_quality,Exercise_Avg_HR__deviation,0.0062922810848564,Exercise_Avg_HR,0.006292281084856427
p10_daily_merged,sleep_quality,Exercise_Distance__rolling_7,0.0055848831041919,Exercise_Distance,0.005584883104191924
p10_daily_merged,sleep_quality,Exercise_Avg_HR__zscore,0.0055580406882589,Exercise_Avg_HR,0.005558040688258924
p10_daily_merged,sleep_quality,Sleep_Composition__rolling_7,0.004844513845698,Sleep_Composition,0.004844513845698021
p10_daily_merged,sleep_quality,Steps__deviation,0.0046198926013458,Steps,0.00461989260134582
p10_daily_merged,sleep_quality,Sleep_Score__abs_zscore,0.0045753853172586,Sleep_Score,0.00457538531725862
p10_daily_merged,sleep_quality,Deep_Sleep_Minutes__deviation,0.0041441166844049,Deep_Sleep_Minutes,0.004144116684404918
p10_daily_merged,sleep_quality,Exercise_Duration__deviation,0.0039197704752923,Exercise_Duration,0.003919770475292317
p10_daily_merged,sleep_quality,Steps__zscore,0.0038973873813396,Steps,0.003897387381339617
p10_daily_merged,sleep_quality,Sleep_Revitalization__abs_zscore,0.003610312627692,Sleep_Revitalization,0.0036103126276920156
p10_daily_merged,sleep_quality,Exercise_Count__change,0.0032981307528832,Exercise_Count,0.0032981307528832144
p10_daily_merged,sleep_quality,Exercise_Distance__zscore,0.0032454972955084,Exercise_Distance,0.0032454972955084137
p10_daily_merged,sleep_quality,Deep_Sleep_Minutes__raw,0.0031159916168981,Deep_Sleep_Minutes,0.0031159916168981136
p10_daily_merged,sleep_quality,Sleep_Duration_Score__rolling_7,0.00283648941137,Sleep_Duration_Score,0.002836489411370012
p10_daily_merged,sleep_quality,Sleep_Hours__raw,0.0028316936776479,Sleep_Hours,0.0028316936776479123
p10_daily_merged,sleep_quality,Exercise_Duration__raw,0.0027986536025389,Exercise_Duration,0.0027986536025389123
p10_daily_merged,sleep_quality,Sleep_Restlessness__rolling_7,0.0027327866701477,Sleep_Restlessness,0.0027327866701477117
p10_daily_merged,sleep_quality,Exercise_Calories__raw,0.0026653239580612,Exercise_Calories,0.002665323958061212
p10_daily_merged,sleep_quality,Sleep_Score__rolling_7,0.0026450169469202,Sleep_Score,0.002645016946920211
p10_daily_merged,sleep_quality,Sleep_Revitalization__raw,0.0025687662183789,Sleep_Revitalization,0.0025687662183789114
p10_daily_merged,sleep_quality,Sleep_Revitalization__deviation,0.0024727631388672,Sleep_Revitalization,0.002472763138867211
p10_daily_merged,sleep_quality,Sleep_Composition__abs_zscore,0.0021149395416224,Sleep_Composition,0.002114939541622409
p10_daily_merged,sleep_quality,Sleep_Hours__deviation,0.0020846847637625,Sleep_Hours,0.0020846847637625092
p10_daily_merged,sleep_quality,Exercise_Calories__zscore,0.0018985254826188,Exercise_Calories,0.0018985254826188083
p10_daily_merged,sleep_quality,Exercise_Count__rolling_3,0.0017411698877802,Exercise_Count,0.0017411698877802075
p10_daily_merged,sleep_quality,Exercise_Calories__deviation,0.0016097703272909,Exercise_Calories,0.001609770327290907
p10_daily_merged,sleep_quality,Sleep_Revitalization__zscore,0.001587140169842,Sleep_Revitalization,0.001587140169842007
p10_daily_merged,sleep_quality,Sleep_Composition__raw,0.0012752592997715,Sleep_Composition,0.0012752592997715055
p10_daily_merged,sleep_quality,Sleep_Revitalization__rolling_7,0.0010565179684386,Sleep_Revitalization,0.0010565179684386046
p10_daily_merged,sleep_quality,Exercise_Count__abs_zscore,0.0009963704315952,Exercise_Count,0.0009963704315952043
p10_daily_merged,sleep_quality,Sleep_Composition__deviation,0.0004435025470335,Sleep_Composition,0.0004435025470335019
p10_daily_merged,sleep_quality,Exercise_Count__deviation,0.0004399000544324,Exercise_Count,0.0004399000544324019
p10_daily_merged,sleep_quality,Exercise_Count__raw,0.0003126803415938,Exercise_Count,0.00031268034159380134
p10_daily_merged,sleep_quality,Sleep_Composition__zscore,0.0002498500548539,Sleep_Composition,0.00024985005485390107
p10_daily_merged,sleep_quality,Exercise_Distance__deviation,0.0001967062066712,Exercise_Distance,0.00019670620667120085
p10_daily_merged,sleep_quality,Exercise_Count__zscore,0.0,Exercise_Count,0.0
p10_daily_merged,sleep_quality,Exercise_Distance__raw,0.0,Exercise_Distance,0.0
p10_daily_merged,sleep_quality,Exercise_Distance__abs_zscore,0.0,Exercise_Distance,0.0
p10_daily_merged,sleep_quality,Exercise_Avg_HR__rolling_7,0.0,Exercise_Avg_HR,0.0
p10_daily_merged,stress,Sleep_Score__abs_zscore,0.0470318675587513,Sleep_Score,0.047031867558751515
p10_daily_merged,stress,Sleep_Restlessness__change,0.0448373671084761,Sleep_Restlessness,0.0448373671084763
p10_daily_merged,stress,Steps__change,0.0362249631511998,Steps,0.03622496315119997
p10_daily_merged,stress,Sleep_Score__deviation,0.0361397504793337,Sleep_Score,0.03613975047933387
p10_daily_merged,stress,Sleep_Duration_Score__change,0.0354416625139957,Sleep_Duration_Score,0.03544166251399586
p10_daily_merged,stress,Steps__abs_zscore,0.0346115653707704,Steps,0.03461156537077056
p10_daily_merged,stress,Steps__rolling_7,0.0323045809768113,Steps,0.032304580976811444
p10_daily_merged,stress,Steps__rolling_3,0.0317347532450649,Steps,0.03173475324506505
p10_daily_merged,stress,Sleep_Revitalization__change,0.0311781417354599,Sleep_Revitalization,0.031178141735460043
p10_daily_merged,stress,Exercise_Calories__rolling_3,0.0238207500060085,Exercise_Calories,0.02382075000600861
p10_daily_merged,stress,Sleep_Score__raw,0.0221909616213666,Sleep_Score,0.0221909616213667
p10_daily_merged,stress,Sleep_Restlessness__rolling_3,0.0219157335044638,Sleep_Restlessness,0.0219157335044639
p10_daily_merged,stress,Sleep_Restlessness__abs_zscore,0.0207946938885876,Sleep_Restlessness,0.020794693888587693
p10_daily_merged,stress,Deep_Sleep_Minutes__change,0.0207209360161333,Deep_Sleep_Minutes,0.020720936016133392
p10_daily_merged,stress,Sleep_Duration_Score__abs_zscore,0.0205187859348856,Sleep_Duration_Score,0.020518785934885694
p10_daily_merged,stress,Exercise_Avg_HR__rolling_3,0.0204207871492765,Exercise_Avg_HR,0.020420787149276594
p10_daily_merged,stress,Exercise_Duration__rolling_3,0.0188073903529064,Exercise_Duration,0.018807390352906486
p10_daily_merged,stress,Exercise_Duration__rolling_7,0.0174662000501572,Exercise_Duration,0.01746620005015728
p10_daily_merged,stress,Deep_Sleep_Minutes__rolling_3,0.0172992155273651,Deep_Sleep_Minutes,0.01729921552736518
p10_daily_merged,stress,Exercise_Duration__change,0.0166544428014303,Exercise_Duration,0.016654442801430375
p10_daily_merged,stress,Sleep_Score__change,0.0156674261882856,Sleep_Score,0.015667426188285673
p10_daily_merged,stress,Sleep_Hours__abs_zscore,0.0150096876243307,Sleep_Hours,0.015009687624330768
p10_daily_merged,stress,Deep_Sleep_Minutes__abs_zscore,0.0148192113170854,Deep_Sleep_Minutes,0.014819211317085468
p10_daily_merged,stress,Sleep_Hours__change,0.014574378519393,Sleep_Hours,0.014574378519393066
p10_daily_merged,stress,Sleep_Score__zscore,0.014283807158486,Sleep_Score,0.014283807158486064
p10_daily_merged,stress,Sleep_Duration_Score__raw,0.0137736747804725,Sleep_Duration_Score,0.013773674780472563
p10_daily_merged,stress,Deep_Sleep_Minutes__rolling_7,0.0128075480567631,Deep_Sleep_Minutes,0.012807548056763159
p10_daily_merged,stress,Exercise_Distance__rolling_7,0.0126628665157153,Exercise_Distance,0.012662866515715358
p10_daily_merged,stress,Deep_Sleep_Minutes__zscore,0.0123577552210602,Deep_Sleep_Minutes,0.012357755221060255
p10_daily_merged,stress,Sleep_Revitalization__rolling_3,0.012162208635379,Sleep_Revitalization,0.012162208635379056
p10_daily_merged,stress,Sleep_Duration_Score__zscore,0.0118938594840315,Sleep_Duration_Score,0.011893859484031554
p10_daily_merged,stress,Exercise_Count__change,0.0118336230352259,Exercise_Count,0.011833623035225954
p10_daily_merged,stress,Sleep_Hours__rolling_3,0.0115705726594134,Sleep_Hours,0.011570572659413452
p10_daily_merged,stress,Exercise_Calories__rolling_7,0.0111954208055641,Exercise_Calories,0.011195420805564151
p10_daily_merged,stress,Steps__raw,0.0111539230905593,Steps,0.01115392309055935
p10_daily_merged,stress,Sleep_Restlessness__raw,0.0108505760172563,Sleep_Restlessness,0.010850576017256348
p10_daily_merged,stress,Deep_Sleep_Minutes__deviation,0.010752710708797,Deep_Sleep_Minutes,0.01075271070879705
p10_daily_merged,stress,Exercise_Avg_HR__abs_zscore,0.0106809699718658,Exercise_Avg_HR,0.010680969971865848
p10_daily_merged,stress,Exercise_Calories__change,0.0106183006312958,Exercise_Calories,0.010618300631295848
p10_daily_merged,stress,Steps__deviation,0.0097572891556354,Steps,0.009757289155635444
p10_daily_merged,stress,Exercise_Calories__abs_zscore,0.009682915063292,Exercise_Calories,0.009682915063292044
p10_daily_merged,stress,Sleep_Duration_Score__rolling_3,0.0086345510036945,Sleep_Duration_Score,0.00863455100369454
p10_daily_merged,stress,Exercise_Count__rolling_3,0.0084389554706887,Exercise_Count,0.008438955470688738
p10_daily_merged,stress,Sleep_Composition__change,0.0082662638289051,Sleep_Composition,0.008266263828905138
p10_daily_merged,stress,Exercise_Calories__zscore,0.0081746896080593,Exercise_Calories,0.008174689608059336
p10_daily_merged,stress,Exercise_Duration__abs_zscore,0.0076843676124628,Exercise_Duration,0.007684367612462835
p10_daily_merged,stress,Deep_Sleep_Minutes__raw,0.0075488006965338,Deep_Sleep_Minutes,0.0075488006965338346
p10_daily_merged,stress,Sleep_Restlessness__zscore,0.0073680179141804,Sleep_Restlessness,0.007368017914180434
p10_daily_merged,stress,Sleep_Revitalization__abs_zscore,0.0071298809749763,Sleep_Revitalization,0.007129880974976332
p10_daily_merged,stress,Sleep_Revitalization__rolling_7,0.0069271807111909,Sleep_Revitalization,0.0069271807111909315
p10_daily_merged,stress,Sleep_Hours__zscore,0.0065198400632956,Sleep_Hours,0.00651984006329563
p10_daily_merged,stress,Sleep_Hours__raw,0.0063261309134166,Sleep_Hours,0.006326130913416629
p10_daily_merged,stress,Sleep_Score__rolling_7,0.0062302918801009,Sleep_Score,0.0062302918801009285
p10_daily_merged,stress,Steps__zscore,0.0061641038533547,Steps,0.006164103853354728
p10_daily_merged,stress,Sleep_Composition__deviation,0.0061370331250852,Sleep_Composition,0.006137033125085228
p10_daily_merged,stress,Exercise_Avg_HR__zscore,0.0056708728439686,Exercise_Avg_HR,0.005670872843968626
p10_daily_merged,stress,Exercise_Calories__raw,0.005572045760178,Exercise_Calories,0.005572045760178025
p10_daily_merged,stress,Exercise_Count__rolling_7,0.0055624044151166,Exercise_Count,0.005562404415116625
p10_daily_merged,stress,Sleep_Restlessness__rolling_7,0.00524240533624,Sleep_Restlessness,0.005242405336240024
p10_daily_merged,stress,Sleep_Restlessness__deviation,0.0048705026266288,Sleep_Restlessness,0.004870502626628822
p10_daily_merged,stress,Sleep_Hours__deviation,0.0048531018716343,Sleep_Hours,0.004853101871634321
p10_daily_merged,stress,Exercise_Calories__deviation,0.0045186319743596,Exercise_Calories,0.004518631974359621
p10_daily_merged,stress,Sleep_Duration_Score__deviation,0.004116377231114,Sleep_Duration_Score,0.0041163772311140195
p10_daily_merged,stress,Sleep_Duration_Score__rolling_7,0.0040151143498534,Sleep_Duration_Score,0.004015114349853418
p10_daily_merged,stress,Exercise_Distance__change,0.0037265970724079,Exercise_Distance,0.003726597072407917
p10_daily_merged,stress,Sleep_Composition__rolling_3,0.003619981579284,Sleep_Composition,0.0036199815792840166
p10_daily_merged,stress,Exercise_Avg_HR__deviation,0.0035894256136098,Exercise_Avg_HR,0.0035894256136098164
p10_daily_merged,stress,Sleep_Hours__rolling_7,0.0034196296978268,Sleep_Hours,0.0034196296978268154
p10_daily_merged,stress,Sleep_Revitalization__zscore,0.0031943442425844,Sleep_Revitalization,0.003194344242584415
p10_daily_merged,stress,Sleep_Score__rolling_3,0.002970282896684,Sleep_Score,0.0029702828966840134
p10_daily_merged,stress,Sleep_Composition__rolling_7,0.0027943594552948,Sleep_Composition,0.0027943594552948124
p10_daily_merged,stress,Exercise_Distance__rolling_3,0.0027941362001515,Exercise_Distance,0.0027941362001515126
p10_daily_merged,stress,Exercise_Avg_HR__raw,0.0027936310003848,Exercise_Avg_HR,0.0027936310003848124
p10_daily_merged,stress,Sleep_Composition__zscore,0.0026875866929195,Sleep_Composition,0.002687586692919512
p10_daily_merged,stress,Exercise_Avg_HR__change,0.0026847644920403,Exercise_Avg_HR,0.002684764492040312
p10_daily_merged,stress,Sleep_Revitalization__deviation,0.0021679932293427,Sleep_Revitalization,0.00216799322934271
p10_daily_merged,stress,Sleep_Revitalization__raw,0.0017754296751192,Sleep_Revitalization,0.001775429675119208
p10_daily_merged,stress,Sleep_Composition__abs_zscore,0.0017428958719194,Sleep_Composition,0.001742895871919408
p10_daily_merged,stress,Sleep_Composition__raw,0.0015215958074365,Sleep_Composition,0.001521595807436507
p10_daily_merged,stress,Exercise_Duration__deviation,0.0014977113415028,Exercise_Duration,0.0014977113415028068
p10_daily_merged,stress,Exercise_Duration__zscore,0.0014962818308906,Exercise_Duration,0.0014962818308906067
p10_daily_merged,stress,Exercise_Count__deviation,0.0005020968287479,Exercise_Count,0.0005020968287479023
p10_daily_merged,stress,Exercise_Distance__deviation,0.0002408430066856,Exercise_Distance,0.00024084300668560107
p10_daily_merged,stress,Exercise_Count__abs_zscore,0.0002387966211128,Exercise_Count,0.00023879662111280108
p10_daily_merged,stress,Exercise_Count__zscore,0.0001943944671434,Exercise_Count,0.0001943944671434009
p10_daily_merged,stress,Exercise_Duration__raw,0.0001021887891288,Exercise_Duration,0.00010218878912880046
p10_daily_merged,stress,Exercise_Count__raw,5.0195890388565866e-05,Exercise_Count,5.0195890388566096e-05
p10_daily_merged,stress,Exercise_Distance__raw,0.0,Exercise_Distance,0.0
p10_daily_merged,stress,Exercise_Distance__zscore,0.0,Exercise_Distance,0.0
p10_daily_merged,stress,Exercise_Distance__abs_zscore,0.0,Exercise_Distance,0.0
p10_daily_merged,stress,Exercise_Avg_HR__rolling_7,0.0,Exercise_Avg_HR,0.0
p11_daily_merged,fatigue,Steps__raw,0.1106803881561655,Steps,0.11068038815616593
p11_daily_merged,fatigue,Steps__deviation,0.0983203378762261,Steps,0.09832033787622649
p11_daily_merged,fatigue,Steps__zscore,0.0892932478823374,Steps,0.08929324788233775
p11_daily_merged,fatigue,Steps__abs_zscore,0.0494113634489559,Steps,0.049411363448956094
p11_daily_merged,fatigue,Sleep_Restlessness__rolling_7,0.0372388789508092,Sleep_Restlessness,0.037238878950809344
p11_daily_merged,fatigue,Sleep_Restlessness__abs_zscore,0.024863552011825,Sleep_Restlessness,0.024863552011825097
p11_daily_merged,fatigue,Sleep_Hours__rolling_3,0.0236248302023319,Sleep_Hours,0.02362483020233199
p11_daily_merged,fatigue,Steps__change,0.0219334471497038,Steps,0.021933447149703886
p11_daily_merged,fatigue,Exercise_Duration__change,0.0214832746443059,Exercise_Duration,0.021483274644305984
p11_daily_merged,fatigue,Exercise_Calories__change,0.0210975305653771,Exercise_Calories,0.021097530565377182
p11_daily_merged,fatigue,Sleep_Composition__rolling_3,0.0210928344202217,Sleep_Composition,0.021092834420221782
p11_daily_merged,fatigue,Sleep_Score__change,0.020917477259484,Sleep_Score,0.02091747725948408
p11_daily_merged,fatigue,Sleep_Score__rolling_3,0.0178673385885504,Sleep_Score,0.01786733858855047
p11_daily_merged,fatigue,Deep_Sleep_Minutes__change,0.0167724265430782,Deep_Sleep_Minutes,0.016772426543078266
p11_daily_merged,fatigue,Deep_Sleep_Minutes__rolling_3,0.0161323505132294,Deep_Sleep_Minutes,0.016132350513229463
p11_daily_merged,fatigue,Exercise_Calories__rolling_3,0.0159327312384388,Exercise_Calories,0.01593273123843886
p11_daily_merged,fatigue,Sleep_Revitalization__change,0.0157405990588091,Sleep_Revitalization,0.015740599058809163
p11_daily_merged,fatigue,Deep_Sleep_Minutes__raw,0.0139756383310346,Deep_Sleep_Minutes,0.013975638331034653
p11_daily_merged,fatigue,Exercise_Duration__abs_zscore,0.013746268744453,Exercise_Duration,0.013746268744453054
p11_daily_merged,fatigue,Sleep_Revitalization__rolling_3,0.0135297800347536,Sleep_Revitalization,0.013529780034753651
p11_daily_merged,fatigue,Sleep_Composition__rolling_7,0.0127715778065625,Sleep_Composition,0.01277157780656255
p11_daily_merged,fatigue,Sleep_Score__zscore,0.0127428563611118,Sleep_Score,0.01274285636111185
p11_daily_merged,fatigue,Sleep_Revitalization__rolling_7,0.0126473789380422,Sleep_Revitalization,0.012647378938042249
p11_daily_merged,fatigue,Sleep_Hours__change,0.0125334878345086,Sleep_Hours,0.012533487834508649
p11_daily_merged,fatigue,Exercise_Duration__rolling_7,0.0125046722259963,Exercise_Duration,0.012504672225996348
p11_daily_merged,fatigue,Sleep_Duration_Score__rolling_7,0.0123796698961168,Sleep_Duration_Score,0.012379669896116849
p11_daily_merged,fatigue,Sleep_Hours__rolling_7,0.0109980654074275,Sleep_Hours,0.010998065407427543
p11_daily_merged,fatigue,Exercise_Calories__abs_zscore,0.0109960290408329,Exercise_Calories,0.010996029040832944
p11_daily_merged,fatigue,Exercise_Avg_HR__zscore,0.0104191182424813,Exercise_Avg_HR,0.01041911824248134
p11_daily_merged,fatigue,Sleep_Restlessness__change,0.0102213363521771,Sleep_Restlessness,0.01022133635217714
p11_daily_merged,fatigue,Sleep_Restlessness__rolling_3,0.0100473655656079,Sleep_Restlessness,0.01004736556560794
p11_daily_merged,fatigue,Exercise_Calories__rolling_7,0.0100357059436492,Exercise_Calories,0.010035705943649238
p11_daily_merged,fatigue,Exercise_Distance__rolling_7,0.009402146734047,Exercise_Distance,0.009402146734047037
p11_daily_merged,fatigue,Sleep_Composition__change,0.0085697018156964,Sleep_Composition,0.008569701815696433
p11_daily_merged,fatigue,Exercise_Avg_HR__deviation,0.0081888255487682,Exercise_Avg_HR,0.00818882554876823
p11_daily_merged,fatigue,Sleep_Score__raw,0.0080126111991225,Sleep_Score,0.008012611199122532
p11_daily_merged,fatigue,Sleep_Duration_Score__change,0.007984972552527,Sleep_Duration_Score,0.007984972552527031
p11_daily_merged,fatigue,Deep_Sleep_Minutes__deviation,0.0079324291747681,Deep_Sleep_Minutes,0.007932429174768132
p11_daily_merged,fatigue,Steps__rolling_3,0.0077803787141608,Steps,0.00778037871416083
p11_daily_merged,fatigue,Sleep_Hours__zscore,0.0073245964271942,Sleep_Hours,0.007324596427194229
p11_daily_merged,fatigue,Sleep_Duration_Score__rolling_3,0.0067498529599256,Sleep_Duration_Score,0.006749852959925626
p11_daily_merged,fatigue,Deep_Sleep_Minutes__zscore,0.0066091782379019,Deep_Sleep_Minutes,0.006609178237901926
p11_daily_merged,fatigue,Sleep_Hours__deviation,0.0062837496842247,Sleep_Hours,0.0062837496842247246
p11_daily_merged,fatigue,Deep_Sleep_Minutes__rolling_7,0.0060459211671504,Deep_Sleep_Minutes,0.006045921167150424
p11_daily_merged,fatigue,Exercise_Avg_HR__raw,0.0057176053341466,Exercise_Avg_HR,0.0057176053341466224
p11_daily_merged,fatigue,Sleep_Score__rolling_7,0.0050526081248347,Sleep_Score,0.00505260812483472
p11_daily_merged,fatigue,Exercise_Distance__change,0.0050198004065442,Exercise_Distance,0.005019800406544219
p11_daily_merged,fatigue,Sleep_Revitalization__raw,0.005010276851742,Sleep_Revitalization,0.005010276851742019
p11_daily_merged,fatigue,Steps__rolling_7,0.0047578005686179,Steps,0.004757800568617918
p11_daily_merged,fatigue,Sleep_Duration_Score__abs_zscore,0.0047095398173247,Sleep_Duration_Score,0.004709539817324718
p11_daily_merged,fatigue,Sleep_Revitalization__abs_zscore,0.004615609930903,Sleep_Revitalization,0.004615609930903018
p11_daily_merged,fatigue,Sleep_Restlessness__zscore,0.0043149292443037,Sleep_Restlessness,0.0043149292443037165
p11_daily_merged,fatigue,Sleep_Hours__raw,0.0041528391677604,Sleep_Hours,0.004152839167760417
p11_daily_merged,fatigue,Sleep_Restlessness__raw,0.0039124535110785,Sleep_Restlessness,0.003912453511078515
p11_daily_merged,fatigue,Exercise_Distance__rolling_3,0.003902794478015,Exercise_Distance,0.0039027944780150154
p11_daily_merged,fatigue,Exercise_Count__rolling_7,0.0037357454332033,Exercise_Count,0.0037357454332033143
p11_daily_merged,fatigue,Exercise_Avg_HR__abs_zscore,0.0035110903428598,Exercise_Avg_HR,0.0035110903428598136
p11_daily_merged,fatigue,Sleep_Hours__abs_zscore,0.003439276837459,Sleep_Hours,0.0034392768374590134
p11_daily_merged,fatigue,Exercise_Count__rolling_3,0.0034229939663753,Exercise_Count,0.0034229939663753136
p11_daily_merged,fatigue,Sleep_Score__deviation,0.0033834524723367,Sleep_Score,0.003383452472336713
p11_daily_merged,fatigue,Sleep_Duration_Score__raw,0.0029469734497353,Sleep_Duration_Score,0.0029469734497353114
p11_daily_merged,fatigue,Sleep_Duration_Score__deviation,0.0029136468532782,Sleep_Duration_Score,0.0029136468532782113
p11_daily_merged,fatigue,Exercise_Calories__raw,0.0028496413715639,Exercise_Calories,0.002849641371563911
p11_daily_merged,fatigue,Exercise_Duration__rolling_3,0.0026559696803959,Exercise_Duration,0.0026559696803959104
p11_daily_merged,fatigue,Sleep_Score__abs_zscore,0.0026166608008159,Sleep_Score,0.00261666080081591
p11_daily_merged,fatigue,Sleep_Revitalization__zscore,0.0025905793473271,Sleep_Revitalization,0.00259057934732711
p11_daily_merged,fatigue,Sleep_Revitalization__deviation,0.0024097771705398,Sleep_Revitalization,0.0024097771705398094
p11_daily_merged,fatigue,Exercise_Calories__deviation,0.0023836727696625,Exercise_Calories,0.002383672769662509
p11_daily_merged,fatigue,Exercise_Distance__raw,0.0020108759685334,Exercise_Distance,0.0020108759685334076
p11_daily_merged,fatigue,Exercise_Duration__deviation,0.0019168998801553,Exercise_Duration,0.0019168998801553075
p11_daily_merged,fatigue,Sleep_Restlessness__deviation,0.0018900725301888,Sleep_Restlessness,0.0018900725301888074
p11_daily_merged,fatigue,Deep_Sleep_Minutes__abs_zscore,0.0016614339528891,Deep_Sleep_Minutes,0.0016614339528891065
p11_daily_merged,fatigue,Exercise_Avg_HR__change,0.0014185590007792,Exercise_Avg_HR,0.0014185590007792055
p11_daily_merged,fatigue,Exercise_Duration__raw,0.0012614137827282,Exercise_Duration,0.001261413782728205
p11_daily_merged,fatigue,Sleep_Composition__deviation,0.0011521679526093,Sleep_Composition,0.0011521679526093045
p11_daily_merged,fatigue,Sleep_Composition__zscore,0.0010042584959192,Sleep_Composition,0.001004258495919204
p11_daily_merged,fatigue,Exercise_Count__abs_zscore,0.0009481612680618,Exercise_Count,0.0009481612680618036
p11_daily_merged,fatigue,Exercise_Count__change,0.0007280581386889,Exercise_Count,0.0007280581386889028
p11_daily_merged,fatigue,Exercise_Avg_HR__rolling_3,0.0007036164778807,Exercise_Avg_HR,0.0007036164778807027
p11_daily_merged,fatigue,Sleep_Duration_Score__zscore,0.0006451175882974,Sleep_Duration_Score,0.0006451175882974025
p11_daily_merged,fatigue,Sleep_Composition__abs_zscore,0.0006290024732851,Sleep_Composition,0.0006290024732851024
p11_daily_merged,fatigue,Sleep_Composition__raw,0.0005089372676516,Sleep_Composition,0.0005089372676516019
p11_daily_merged,fatigue,Exercise_Calories__zscore,0.0002342833198015,Exercise_Calories,0.00023428331980150093
p11_daily_merged,fatigue,Exercise_Duration__zscore,0.0001749418281245,Exercise_Duration,0.00017494182812450069
p11_daily_merged,fatigue,Exercise_Distance__zscore,0.0001362624931474,Exercise_Distance,0.00013626249314740055
p11_daily_merged,fatigue,Exercise_Count__raw,0.0001142762003398,Exercise_Count,0.00011427620033980044
p11_daily_merged,fatigue,Exercise_Count__zscore,0.0,Exercise_Count,0.0
p11_daily_merged,fatigue,Exercise_Count__deviation,0.0,Exercise_Count,0.0
p11_daily_merged,fatigue,Exercise_Distance__abs_zscore,0.0,Exercise_Distance,0.0
p11_daily_merged,fatigue,Exercise_Distance__deviation,0.0,Exercise_Distance,0.0
p11_daily_merged,fatigue,Exercise_Avg_HR__rolling_7,0.0,Exercise_Avg_HR,0.0
p11_daily_merged,mood,Exercise_Distance__change,0.216877697586193,Exercise_Distance,0.2168776975861937
p11_daily_merged,mood,Steps__raw,0.116317925072014,Steps,0.11631792507201438
p11_daily_merged,mood,Steps__deviation,0.1080150185669207,Steps,0.10801501856692106
p11_daily_merged,mood,Sleep_Composition__rolling_3,0.0996835615281163,Sleep_Composition,0.09968356152811664
p11_daily_merged,mood,Steps__zscore,0.0883460649840331,Steps,0.0883460649840334
p11_daily_merged,mood,Exercise_Distance__rolling_3,0.0516520078349443,Exercise_Distance,0.051652007834944474
p11_daily_merged,mood,Exercise_Calories__abs_zscore,0.0436105251064668,Exercise_Calories,0.043610525106466944
p11_daily_merged,mood,Steps__change,0.0384074834695126,Steps,0.038407483469512727
p11_daily_merged,mood,Sleep_Composition__rolling_7,0.0285861807481099,Sleep_Composition,0.028586180748109993
p11_daily_merged,mood,Steps__rolling_7,0.0148362993488206,Steps,0.014836299348820648
p11_daily_merged,mood,Exercise_Count__rolling_3,0.0145052085682618,Exercise_Count,0.01450520856826185
p11_daily_merged,mood,Exercise_Calories__rolling_3,0.0108031165161546,Exercise_Calories,0.010803116516154636
p11_daily_merged,mood,Exercise_Avg_HR__rolling_3,0.0106434448143368,Exercise_Avg_HR,0.010643444814336834
p11_daily_merged,mood,Sleep_Hours__rolling_7,0.0097150421392465,Sleep_Hours,0.009715042139246533
p11_daily_merged,mood,Steps__abs_zscore,0.009663233855571,Steps,0.009663233855571033
p11_daily_merged,mood,Exercise_Count__rolling_7,0.0079680647146666,Exercise_Count,0.007968064714666627
p11_daily_merged,mood,Sleep_Restlessness__raw,0.0075339956382204,Sleep_Restlessness,0.007533995638220425
p11_daily_merged,mood,Sleep_Hours__abs_zscore,0.0074242958388941,Sleep_Hours,0.007424295838894125
p11_daily_merged,mood,Sleep_Hours__rolling_3,0.0067405427096676,Sleep_Hours,0.006740542709667623
p11_daily_merged,mood,Sleep_Revitalization__change,0.0064348602861895,Sleep_Revitalization,0.0064348602861895214
p11_daily_merged,mood,Sleep_Revitalization__abs_zscore,0.0056662815887368,Sleep_Revitalization,0.005666281588736819
p11_daily_merged,mood,Deep_Sleep_Minutes__deviation,0.0053494335311666,Deep_Sleep_Minutes,0.005349433531166618
p11_daily_merged,mood,Sleep_Hours__raw,0.0049564387331282,Sleep_Hours,0.004956438733128217
p11_daily_merged,mood,Exercise_Avg_HR__change,0.0048189892254673,Exercise_Avg_HR,0.004818989225467317
p11_daily_merged,mood,Exercise_Duration__rolling_7,0.0046115884988815,Exercise_Duration,0.004611588498881516
p11_daily_merged,mood,Deep_Sleep_Minutes__raw,0.0045124956144146,Deep_Sleep_Minutes,0.004512495614414615
p11_daily_merged,mood,Exercise_Calories__change,0.0043196215715635,Exercise_Calories,0.0043196215715635145
p11_daily_merged,mood,Sleep_Restlessness__rolling_3,0.0042375728612401,Sleep_Restlessness,0.004237572861240114
p11_daily_merged,mood,Exercise_Duration__rolling_3,0.0039826691051023,Exercise_Duration,0.003982669105102313
p11_daily_merged,mood,Exercise_Calories__rolling_7,0.0038852623376879,Exercise_Calories,0.0038852623376879132
p11_daily_merged,mood,Sleep_Duration_Score__rolling_7,0.0038559842448061,Sleep_Duration_Score,0.003855984244806113
p11_daily_merged,mood,Deep_Sleep_Minutes__zscore,0.0037468977352617,Deep_Sleep_Minutes,0.0037468977352617125
p11_daily_merged,mood,Sleep_Hours__change,0.0036895052764208,Sleep_Hours,0.003689505276420812
p11_daily_merged,mood,Sleep_Score__change,0.0033802351510265,Sleep_Score,0.0033802351510265113
p11_daily_merged,mood,Exercise_Duration__abs_zscore,0.0033009753171083,Exercise_Duration,0.003300975317108311
p11_daily_merged,mood,Deep_Sleep_Minutes__rolling_3,0.0032637500746896,Deep_Sleep_Minutes,0.003263750074689611
p11_daily_merged,mood,Sleep_Revitalization__rolling_3,0.0024802334692042,Sleep_Revitalization,0.002480233469204208
p11_daily_merged,mood,Sleep_Revitalization__rolling_7,0.002433411955055,Sleep_Revitalization,0.002433411955055008
p11_daily_merged,mood,Sleep_Composition__zscore,0.0022070900418749,Sleep_Composition,0.0022070900418749073
p11_daily_merged,mood,Sleep_Duration_Score__abs_zscore,0.0022063810680027,Sleep_Duration_Score,0.0022063810680027075
p11_daily_merged,mood,Exercise_Duration__zscore,0.0020924445562232,Exercise_Duration,0.002092444556223207
p11_daily_merged,mood,Exercise_Duration__raw,0.0020650518303807,Exercise_Duration,0.002065051830380707
p11_daily_merged,mood,Sleep_Restlessness__deviation,0.0020356087556056,Sleep_Restlessness,0.002035608755605607
p11_daily_merged,mood,Deep_Sleep_Minutes__rolling_7,0.0019217511974573,Deep_Sleep_Minutes,0.0019217511974573066
p11_daily_merged,mood,Sleep_Revitalization__raw,0.0018801956796695,Sleep_Revitalization,0.0018801956796695063
p11_daily_merged,mood,Sleep_Revitalization__zscore,0.0016131276442417,Sleep_Revitalization,0.0016131276442417053
p11_daily_merged,mood,Sleep_Duration_Score__change,0.0015236185913407,Sleep_Duration_Score,0.001523618591340705
p11_daily_merged,mood,Sleep_Restlessness__zscore,0.001274974180842,Sleep_Restlessness,0.0012749741808420042
p11_daily_merged,mood,Sleep_Hours__zscore,0.0012263159107046,Sleep_Hours,0.0012263159107046041
p11_daily_merged,mood,Sleep_Composition__abs_zscore,0.0012150644409917,Sleep_Composition,0.0012150644409917042
p11_daily_merged,mood,Sleep_Score__zscore,0.0011900473474596,Sleep_Score,0.001190047347459604
p11_daily_merged,mood,Sleep_Composition__deviation,0.0011429921130463,Sleep_Composition,0.0011429921130463039
p11_daily_merged,mood,Sleep_Hours__deviation,0.0009738481331379,Sleep_Hours,0.0009738481331379033
p11_daily_merged,mood,Sleep_Score__abs_zscore,0.0009156975174662,Sleep_Score,0.0009156975174662031
p11_daily_merged,mood,Steps__rolling_3,0.0008972524387236,Steps,0.000897252438723603
p11_daily_merged,mood,Exercise_Duration__deviation,0.0006820142394807,Exercise_Duration,0.0006820142394807023
p11_daily_merged,mood,Sleep_Duration_Score__raw,0.0006152033911421,Sleep_Duration_Score,0.000615203391142102
p11_daily_merged,mood,Sleep_Restlessness__rolling_7,0.0003502301482902,Sleep_Restlessness,0.0003502301482902012
p11_daily_merged,mood,Exercise_Count__raw,0.0003414948453608,Exercise_Count,0.00034149484536080113
p11_daily_merged,mood,Sleep_Revitalization__deviation,0.0003316802087413,Sleep_Revitalization,0.0003316802087413011
p11_daily_merged,mood,Exercise_Calories__deviation,0.0003095867856093,Exercise_Calories,0.000309586785609301
p11_daily_merged,mood,Sleep_Restlessness__abs_zscore,0.0003002954389088,Sleep_Restlessness,0.00030029543890880097
p11_daily_merged,mood,Exercise_Calories__zscore,0.0001982203112793,Exercise_Calories,0.00019822031127930066
p11_daily_merged,mood,Exercise_Calories__raw,0.0001641297688853,Exercise_Calories,0.00016412976888530053
p11_daily_merged,mood,Exercise_Count__change,6.976779782951437e-05,Exercise_Count,6.97677978295146e-05
p11_daily_merged,mood,Exercise_Count__zscore,0.0,Exercise_Count,0.0
p11_daily_merged,mood,Exercise_Count__abs_zscore,0.0,Exercise_Count,0.0
p11_daily_merged,mood,Exercise_Count__deviation,0.0,Exercise_Count,0.0
p11_daily_merged,mood,Exercise_Duration__change,0.0,Exercise_Duration,0.0
p11_daily_merged,mood,Exercise_Distance__raw,0.0,Exercise_Distance,0.0
p11_daily_merged,mood,Exercise_Distance__rolling_7,0.0,Exercise_Distance,0.0
p11_daily_merged,mood,Exercise_Distance__zscore,0.0,Exercise_Distance,0.0
p11_daily_merged,mood,Exercise_Distance__abs_zscore,0.0,Exercise_Distance,0.0
p11_daily_merged,mood,Exercise_Distance__deviation,0.0,Exercise_Distance,0.0
p11_daily_merged,mood,Exercise_Avg_HR__raw,0.0,Exercise_Avg_HR,0.0
p11_daily_merged,mood,Exercise_Avg_HR__rolling_7,0.0,Exercise_Avg_HR,0.0
p11_daily_merged,mood,Exercise_Avg_HR__zscore,0.0,Exercise_Avg_HR,0.0
p11_daily_merged,mood,Exercise_Avg_HR__abs_zscore,0.0,Exercise_Avg_HR,0.0
p11_daily_merged,mood,Exercise_Avg_HR__deviation,0.0,Exercise_Avg_HR,0.0
p11_daily_merged,mood,Sleep_Duration_Score__rolling_3,0.0,Sleep_Duration_Score,0.0
p11_daily_merged,mood,Sleep_Duration_Score__zscore,0.0,Sleep_Duration_Score,0.0
p11_daily_merged,mood,Sleep_Duration_Score__deviation,0.0,Sleep_Duration_Score,0.0
p11_daily_merged,mood,Deep_Sleep_Minutes__change,0.0,Deep_Sleep_Minutes,0.0
p11_daily_merged,mood,Deep_Sleep_Minutes__abs_zscore,0.0,Deep_Sleep_Minutes,0.0
p11_daily_merged,mood,Sleep_Restlessness__change,0.0,Sleep_Restlessness,0.0
p11_daily_merged,mood,Sleep_Composition__raw,0.0,Sleep_Composition,0.0
p11_daily_merged,mood,Sleep_Composition__change,0.0,Sleep_Composition,0.0
p11_daily_merged,mood,Sleep_Score__raw,0.0,Sleep_Score,0.0
p11_daily_merged,mood,Sleep_Score__rolling_3,0.0,Sleep_Score,0.0
p11_daily_merged,mood,Sleep_Score__rolling_7,0.0,Sleep_Score,0.0
p11_daily_merged,mood,Sleep_Score__deviation,0.0,Sleep_Score,0.0
p11_daily_merged,readiness,Steps__abs_zscore,0.0998783560572702,Steps,0.09987835605727066
p11_daily_merged,readiness,Sleep_Duration_Score__abs_zscore,0.0503220414782274,Sleep_Duration_Score,0.05032204147822763
p11_daily_merged,readiness,Sleep_Score__abs_zscore,0.0458254998611647,Sleep_Score,0.04582549986116491
p11_daily_merged,readiness,Exercise_Avg_HR__abs_zscore,0.0430202633566224,Exercise_Avg_HR,0.043020263356622596
p11_daily_merged,readiness,Sleep_Restlessness__abs_zscore,0.0408573656069529,Sleep_Restlessness,0.040857365606953085
p11_daily_merged,readiness,Exercise_Calories__deviation,0.0356441541668225,Exercise_Calories,0.03564415416682266
p11_daily_merged,readiness,Exercise_Calories__raw,0.028381770636309,Exercise_Calories,0.028381770636309128
p11_daily_merged,readiness,Exercise_Avg_HR__raw,0.0271211794323373,Exercise_Avg_HR,0.027121179432337425
p11_daily_merged,readiness,Deep_Sleep_Minutes__rolling_3,0.0262350834774317,Deep_Sleep_Minutes,0.02623508347743182
p11_daily_merged,readiness,Steps__change,0.0245121191775145,Steps,0.02451211917751461
p11_daily_merged,readiness,Exercise_Calories__zscore,0.0233058913199681,Exercise_Calories,0.023305891319968207
p11_daily_merged,readiness,Sleep_Revitalization__raw,0.0231107371096455,Sleep_Revitalization,0.023110737109645604
p11_daily_merged,readiness,Exercise_Avg_HR__zscore,0.0201541546358914,Exercise_Avg_HR,0.02015415463589149
p11_daily_merged,readiness,Steps__deviation,0.0200360141947424,Steps,0.02003601419474249
p11_daily_merged,readiness,Sleep_Hours__abs_zscore,0.0189985722279997,Sleep_Hours,0.018998572227999787
p11_daily_merged,readiness,Sleep_Score__rolling_3,0.0177106973392355,Sleep_Score,0.017710697339235578
p11_daily_merged,readiness,Steps__rolling_3,0.0161901930305589,Steps,0.016190193030558974
p11_daily_merged,readiness,Steps__raw,0.0150391816419318,Steps,0.015039181641931867
p11_daily_merged,readiness,Sleep_Hours__change,0.0145043265047193,Sleep_Hours,0.014504326504719367
p11_daily_merged,readiness,Sleep_Score__change,0.0143756630519842,Sleep_Score,0.014375663051984266
p11_daily_merged,readiness,Sleep_Restlessness__rolling_3,0.0142740895460541,Sleep_Restlessness,0.014274089546054164
p11_daily_merged,readiness,Sleep_Duration_Score__rolling_7,0.014052685254344,Sleep_Duration_Score,0.014052685254344064
p11_daily_merged,readiness,Sleep_Restlessness__rolling_7,0.013665065416497,Sleep_Restlessness,0.013665065416497063
p11_daily_merged,readiness,Sleep_Score__raw,0.0132145200280889,Sleep_Score,0.01321452002808896
p11_daily_merged,readiness,Exercise_Calories__rolling_3,0.01302234028556,Exercise_Calories,0.013022340285560059
p11_daily_merged,readiness,Sleep_Hours__rolling_7,0.0129100196775154,Sleep_Hours,0.012910019677515459
p11_daily_merged,readiness,Deep_Sleep_Minutes__abs_zscore,0.0128726668351526,Deep_Sleep_Minutes,0.012872666835152658
p11_daily_merged,readiness,Steps__zscore,0.0127203503910775,Steps,0.012720350391077558
p11_daily_merged,readiness,Deep_Sleep_Minutes__rolling_7,0.0123354762603699,Deep_Sleep_Minutes,0.012335476260369956
p11_daily_merged,readiness,Sleep_Duration_Score__change,0.0123208366918216,Sleep_Duration_Score,0.012320836691821655
p11_daily_merged,readiness,Exercise_Duration__deviation,0.0112587845639975,Exercise_Duration,0.011258784563997553
p11_daily_merged,readiness,Deep_Sleep_Minutes__change,0.0109929101344869,Deep_Sleep_Minutes,0.010992910134486951
p11_daily_merged,readiness,Exercise_Avg_HR__deviation,0.0109343878380957,Exercise_Avg_HR,0.010934387838095751
p11_daily_merged,readiness,Sleep_Restlessness__deviation,0.009862931255975,Sleep_Restlessness,0.009862931255975045
p11_daily_merged,readiness,Sleep_Revitalization__abs_zscore,0.0097255468180479,Sleep_Revitalization,0.009725546818047945
p11_daily_merged,readiness,Steps__rolling_7,0.0095771485984425,Steps,0.009577148598442543
p11_daily_merged,readiness,Exercise_Duration__rolling_3,0.0093394835105386,Exercise_Duration,0.009339483510538643
p11_daily_merged,readiness,Exercise_Duration__zscore,0.008873690430017,Exercise_Duration,0.00887369043001704
p11_daily_merged,readiness,Sleep_Composition__abs_zscore,0.008818347387465,Sleep_Composition,0.00881834738746504
p11_daily_merged,readiness,Sleep_Revitalization__rolling_3,0.0087416458617895,Sleep_Revitalization,0.00874164586178954
p11_daily_merged,readiness,Sleep_Duration_Score__rolling_3,0.0086398936143131,Sleep_Duration_Score,0.00863989361431314
p11_daily_merged,readiness,Sleep_Revitalization__rolling_7,0.0082980675789899,Sleep_Revitalization,0.008298067578989939
p11_daily_merged,readiness,Sleep_Score__zscore,0.0081693587371689,Sleep_Score,0.008169358737168937
p11_daily_merged,readiness,Exercise_Duration__change,0.0072994976760984,Exercise_Duration,0.007299497676098433
p11_daily_merged,readiness,Sleep_Revitalization__deviation,0.0069487261630541,Sleep_Revitalization,0.0069487261630541315
p11_daily_merged,readiness,Sleep_Composition__change,0.0064033961758347,Sleep_Composition,0.006403396175834729
p11_daily_merged,readiness,Sleep_Revitalization__change,0.0059773852565933,Sleep_Revitalization,0.005977385256593327
p11_daily_merged,readiness,Sleep_Hours__rolling_3,0.0058840180857162,Sleep_Hours,0.005884018085716227
p11_daily_merged,readiness,Deep_Sleep_Minutes__raw,0.0057633909265352,Deep_Sleep_Minutes,0.005763390926535226
p11_daily_merged,readiness,Sleep_Composition__rolling_7,0.0057009362335706,Sleep_Composition,0.005700936233570626
p11_daily_merged,readiness,Sleep_Restlessness__zscore,0.0054677391900844,Sleep_Restlessness,0.005467739190084425
p11_daily_merged,readiness,Sleep_Restlessness__change,0.0053750143896348,Sleep_Restlessness,0.005375014389634824
p11_daily_merged,readiness,Sleep_Revitalization__zscore,0.0053404487032456,Sleep_Revitalization,0.005340448703245624
p11_daily_merged,readiness,Sleep_Score__rolling_7,0.0052931461330352,Sleep_Score,0.005293146133035225
p11_daily_merged,readiness,Exercise_Calories__rolling_7,0.0052402124460531,Exercise_Calories,0.005240212446053124
p11_daily_merged,readiness,Sleep_Restlessness__raw,0.0052130364254779,Sleep_Restlessness,0.005213036425477924
p11_daily_merged,readiness,Exercise_Duration__rolling_7,0.0049373000222252,Exercise_Duration,0.004937300022225223
p11_daily_merged,readiness,Sleep_Duration_Score__deviation,0.0046111808745632,Sleep_Duration_Score,0.004611180874563221
p11_daily_merged,readiness,Exercise_Calories__change,0.0045964249877413,Exercise_Calories,0.004596424987741321
p11_daily_merged,readiness,Sleep_Composition__rolling_3,0.0044063116626609,Sleep_Composition,0.00440631166266092
p11_daily_merged,readiness,Exercise_Distance__rolling_7,0.0039998298222693,Exercise_Distance,0.0039998298222693185
p11_daily_merged,readiness,Exercise_Duration__raw,0.0038987996885734,Exercise_Duration,0.0038987996885734176
p11_daily_merged,readiness,Deep_Sleep_Minutes__zscore,0.0035673239704322,Deep_Sleep_Minutes,0.003567323970432216
p11_daily_merged,readiness,Exercise_Count__change,0.0034464258537757,Exercise_Count,0.0034464258537757154
p11_daily_merged,readiness,Deep_Sleep_Minutes__deviation,0.0028434371284049,Deep_Sleep_Minutes,0.002843437128404913
p11_daily_merged,readiness,Exercise_Count__rolling_3,0.0027631021220327,Exercise_Count,0.0027631021220327124
p11_daily_merged,readiness,Sleep_Hours__deviation,0.0025964565773362,Sleep_Hours,0.002596456577336212
p11_daily_merged,readiness,Sleep_Duration_Score__raw,0.00209403800549,Sleep_Duration_Score,0.0020940380054900094
p11_daily_merged,readiness,Exercise_Avg_HR__change,0.00198199219605,Exercise_Avg_HR,0.0019819921960500093
p11_daily_merged,readiness,Sleep_Hours__raw,0.0018973763925207,Sleep_Hours,0.0018973763925207087
p11_daily_merged,readiness,Sleep_Score__deviation,0.0016095109452671,Sleep_Score,0.0016095109452671074
p11_daily_merged,readiness,Exercise_Calories__abs_zscore,0.0015658676810816,Exercise_Calories,0.0015658676810816072
p11_daily_merged,readiness,Sleep_Composition__deviation,0.0015173335517962,Sleep_Composition,0.0015173335517962069
p11_daily_merged,readiness,Sleep_Hours__zscore,0.0014475732654636,Sleep_Hours,0.0014475732654636066
p11_daily_merged,readiness,Exercise_Count__rolling_7,0.0012334137247844,Exercise_Count,0.0012334137247844057
p11_daily_merged,readiness,Sleep_Composition__zscore,0.0012108722070217,Sleep_Composition,0.0012108722070217053
p11_daily_merged,readiness,Sleep_Composition__raw,0.0011802693632521,Sleep_Composition,0.0011802693632521053
p11_daily_merged,readiness,Sleep_Duration_Score__zscore,0.0010183730681815,Sleep_Duration_Score,0.0010183730681815046
p11_daily_merged,readiness,Exercise_Distance__deviation,0.0009200017383098,Exercise_Distance,0.0009200017383098042
p11_daily_merged,readiness,Exercise_Duration__abs_zscore,0.0009143608281645,Exercise_Duration,0.0009143608281645041
p11_daily_merged,readiness,Exercise_Distance__change,0.0008436368082729,Exercise_Distance,0.0008436368082729038
p11_daily_merged,readiness,Exercise_Distance__zscore,0.0007575251262715,Exercise_Distance,0.0007575251262715034
p11_daily_merged,readiness,Exercise_Distance__raw,0.0006193045034233,Exercise_Distance,0.0006193045034233028
p11_daily_merged,readiness,Exercise_Count__raw,0.0005537436146474,Exercise_Count,0.0005537436146474025
p11_daily_merged,readiness,Exercise_Distance__rolling_3,0.0005310034826041,Exercise_Distance,0.0005310034826041023
p11_daily_merged,readiness,Exercise_Count__deviation,0.0003598125625839,Exercise_Count,0.0003598125625839016
p11_daily_merged,readiness,Exercise_Distance__abs_zscore,0.0003065155464734,Exercise_Distance,0.0003065155464734014
p11_daily_merged,readiness,Exercise_Count__abs_zscore,2.0423850249320617e-05,Exercise_Count,2.042385024932071e-05
p11_daily_merged,readiness,Exercise_Count__zscore,0.0,Exercise_Count,0.0
p11_daily_merged,readiness,Exercise_Avg_HR__rolling_3,0.0,Exercise_Avg_HR,0.0
p11_daily_merged,readiness,Exercise_Avg_HR__rolling_7,0.0,Exercise_Avg_HR,0.0
p11_daily_merged,sleep_quality,Sleep_Score__abs_zscore,0.098092386685626,Sleep_Score,0.09809238668562638
p11_daily_merged,sleep_quality,Sleep_Hours__change,0.0403234703762614,Sleep_Hours,0.04032347037626156
p11_daily_merged,sleep_quality,Sleep_Restlessness__rolling_7,0.036114752018739,Sleep_Restlessness,0.03611475201873914
p11_daily_merged,sleep_quality,Sleep_Revitalization__rolling_3,0.0324649009885603,Sleep_Revitalization,0.032464900988560426
p11_daily_merged,sleep_quality,Sleep_Hours__rolling_3,0.0262436039417365,Sleep_Hours,0.0262436039417366
p11_daily_merged,sleep_quality,Deep_Sleep_Minutes__rolling_3,0.025547213488542,Deep_Sleep_Minutes,0.025547213488542102
p11_daily_merged,sleep_quality,Sleep_Hours__abs_zscore,0.0254618759306135,Sleep_Hours,0.025461875930613602
p11_daily_merged,sleep_quality,Sleep_Revitalization__change,0.02374753553174,Sleep_Revitalization,0.023747535531740093
p11_daily_merged,sleep_quality,Steps__rolling_7,0.0227260489207453,Steps,0.02272604892074539
p11_daily_merged,sleep_quality,Sleep_Restlessness__abs_zscore,0.0222088661423879,Sleep_Restlessness,0.022208866142387988
p11_daily_merged,sleep_quality,Sleep_Duration_Score__change,0.0209085514663277,Sleep_Duration_Score,0.02090855146632778
p11_daily_merged,sleep_quality,Steps__abs_zscore,0.0205781901715132,Steps,0.02057819017151328
p11_daily_merged,sleep_quality,Steps__rolling_3,0.0200160310426251,Steps,0.020016031042625178
p11_daily_merged,sleep_quality,Sleep_Score__raw,0.0199103287073117,Sleep_Score,0.019910328707311777
p11_daily_merged,sleep_quality,Sleep_Score__rolling_3,0.018799264523651,Sleep_Score,0.018799264523651073
p11_daily_merged,sleep_quality,Exercise_Calories__rolling_3,0.018542193310704,Exercise_Calories,0.018542193310704072
p11_daily_merged,sleep_quality,Sleep_Composition__rolling_3,0.0184809689542351,Sleep_Composition,0.018480968954235174
p11_daily_merged,sleep_quality,Deep_Sleep_Minutes__zscore,0.0171190950914691,Deep_Sleep_Minutes,0.017119095091469166
p11_daily_merged,sleep_quality,Sleep_Composition__abs_zscore,0.0159824469847141,Sleep_Composition,0.015982446984714162
p11_daily_merged,sleep_quality,Sleep_Duration_Score__rolling_7,0.0159209440887994,Sleep_Duration_Score,0.015920944088799464
p11_daily_merged,sleep_quality,Deep_Sleep_Minutes__change,0.0154961838522276,Deep_Sleep_Minutes,0.01549618385222766
p11_daily_merged,sleep_quality,Exercise_Duration__change,0.0150510456004647,Exercise_Duration,0.015051045600464759
p11_daily_merged,sleep_quality,Sleep_Composition__deviation,0.0149928348889474,Sleep_Composition,0.014992834888947459
p11_daily_merged,sleep_quality,Sleep_Score__rolling_7,0.0144838779608721,Sleep_Score,0.014483877960872155
p11_daily_merged,sleep_quality,Exercise_Duration__rolling_3,0.014408925855781,Exercise_Duration,0.014408925855781055
p11_daily_merged,sleep_quality,Deep_Sleep_Minutes__abs_zscore,0.0136914245780735,Deep_Sleep_Minutes,0.013691424578073553
p11_daily_merged,sleep_quality,Deep_Sleep_Minutes__deviation,0.0133785554584854,Deep_Sleep_Minutes,0.013378555458485451
p11_daily_merged,sleep_quality,Sleep_Score__zscore,0.013225194539006,Sleep_Score,0.013225194539006052
p11_daily_merged,sleep_quality,Deep_Sleep_Minutes__rolling_7,0.0130319483630085,Deep_Sleep_Minutes,0.01303194836300855
p11_daily_merged,sleep_quality,Steps__change,0.0129940976442076,Steps,0.01299409764420765
p11_daily_merged,sleep_quality,Exercise_Count__rolling_3,0.0125249610045398,Exercise_Count,0.012524961004539849
p11_daily_merged,sleep_quality,Exercise_Duration__deviation,0.0123203369791282,Exercise_Duration,0.012320336979128248
p11_daily_merged,sleep_quality,Exercise_Duration__raw,0.012253951705986,Exercise_Duration,0.012253951705986046
p11_daily_merged,sleep_quality,Sleep_Score__change,0.0119089097666669,Sleep_Score,0.011908909766666947
p11_daily_merged,sleep_quality,Sleep_Composition__rolling_7,0.0107418809379561,Sleep_Composition,0.010741880937956142
p11_daily_merged,sleep_quality,Sleep_Score__deviation,0.0106131459455735,Sleep_Score,0.010613145945573542
p11_daily_merged,sleep_quality,Steps__deviation,0.0100829390391021,Steps,0.01008293903910214
p11_daily_merged,sleep_quality,Sleep_Composition__zscore,0.0099240304911846,Sleep_Composition,0.009924030491184638
p11_daily_merged,sleep_quality,Exercise_Duration__abs_zscore,0.0091879472624007,Exercise_Duration,0.009187947262400737
p11_daily_merged,sleep_quality,Sleep_Hours__deviation,0.0090101782999194,Sleep_Hours,0.009010178299919435
p11_daily_merged,sleep_quality,Sleep_Composition__raw,0.0088158741512747,Sleep_Composition,0.008815874151274735
p11_daily_merged,sleep_quality,Sleep_Composition__change,0.0086917010482618,Sleep_Composition,0.008691701048261833
p11_daily_merged,sleep_quality,Exercise_Duration__zscore,0.008590861520959,Exercise_Duration,0.008590861520959033
p11_daily_merged,sleep_quality,Sleep_Revitalization__rolling_7,0.0083674236152977,Sleep_Revitalization,0.008367423615297733
p11_daily_merged,sleep_quality,Sleep_Restlessness__change,0.0082993422248558,Sleep_Restlessness,0.008299342224855833
p11_daily_merged,sleep_quality,Sleep_Restlessness__rolling_3,0.0077967055906444,Sleep_Restlessness,0.00779670559064443
p11_daily_merged,sleep_quality,Sleep_Duration_Score__rolling_3,0.0077244101046562,Sleep_Duration_Score,0.00772441010465623
p11_daily_merged,sleep_quality,Exercise_Distance__rolling_3,0.0076952564278962,Exercise_Distance,0.00769525642789623
p11_daily_merged,sleep_quality,Sleep_Revitalization__abs_zscore,0.0074590698446414,Sleep_Revitalization,0.0074590698446414284
p11_daily_merged,sleep_quality,Sleep_Duration_Score__abs_zscore,0.0072667376908369,Sleep_Duration_Score,0.007266737690836929
p11_daily_merged,sleep_quality,Exercise_Duration__rolling_7,0.0072183621114795,Exercise_Duration,0.007218362111479528
p11_daily_merged,sleep_quality,Exercise_Calories__abs_zscore,0.0069450817629596,Exercise_Calories,0.0069450817629596266
p11_daily_merged,sleep_quality,Exercise_Calories__raw,0.0067763339818335,Exercise_Calories,0.006776333981833526
p11_daily_merged,sleep_quality,Sleep_Restlessness__raw,0.0066902219563028,Sleep_Restlessness,0.006690221956302826
p11_daily_merged,sleep_quality,Sleep_Restlessness__zscore,0.0065342681771102,Sleep_Restlessness,0.006534268177110225
p11_daily_merged,sleep_quality,Sleep_Hours__rolling_7,0.0064823144112926,Sleep_Hours,0.006482314411292625
p11_daily_merged,sleep_quality,Exercise_Calories__deviation,0.0064325440284958,Exercise_Calories,0.006432544028495825
p11_daily_merged,sleep_quality,Exercise_Calories__change,0.0063828342356566,Exercise_Calories,0.006382834235656625
p11_daily_merged,sleep_quality,Steps__zscore,0.0059043400048491,Steps,0.005904340004849123
p11_daily_merged,sleep_quality,Sleep_Hours__raw,0.0057906764958289,Sleep_Hours,0.005790676495828923
p11_daily_merged,sleep_quality,Exercise_Count__rolling_7,0.0055555380251689,Exercise_Count,0.005555538025168921
p11_daily_merged,sleep_quality,Deep_Sleep_Minutes__raw,0.0051149780458886,Deep_Sleep_Minutes,0.00511497804588862
p11_daily_merged,sleep_quality,Exercise_Avg_HR__abs_zscore,0.0049148271024975,Exercise_Avg_HR,0.004914827102497519
p11_daily_merged,sleep_quality,Exercise_Calories__rolling_7,0.0047181290386595,Exercise_Calories,0.004718129038659518
p11_daily_merged,sleep_quality,Exercise_Distance__rolling_7,0.0044454479789797,Exercise_Distance,0.0044454479789797175
p11_daily_merged,sleep_quality,Exercise_Avg_HR__zscore,0.004216320881502,Exercise_Avg_HR,0.004216320881502016
p11_daily_merged,sleep_quality,Sleep_Revitalization__zscore,0.0040014324844954,Sleep_Revitalization,0.004001432484495415
p11_daily_merged,sleep_quality,Sleep_Hours__zscore,0.003762450498352,Sleep_Hours,0.0037624504983520147
p11_daily_merged,sleep_quality,Sleep_Duration_Score__raw,0.0034931466380423,Sleep_Duration_Score,0.0034931466380423134
p11_daily_merged,sleep_quality,Sleep_Revitalization__raw,0.0032039106356813,Sleep_Revitalization,0.0032039106356813126
p11_daily_merged,sleep_quality,Exercise_Calories__zscore,0.0030814426283661,Exercise_Calories,0.003081442628366112
p11_daily_merged,sleep_quality,Sleep_Revitalization__deviation,0.0029676781613089,Sleep_Revitalization,0.0029676781613089116
p11_daily_merged,sleep_quality,Exercise_Count__change,0.0027319826017206,Exercise_Count,0.0027319826017206104
p11_daily_merged,sleep_quality,Steps__raw,0.0025609673127661,Steps,0.00256096731276611
p11_daily_merged,sleep_quality,Sleep_Restlessness__deviation,0.0025310147657389,Sleep_Restlessness,0.00253101476573891
p11_daily_merged,sleep_quality,Exercise_Avg_HR__change,0.0017873569560383,Exercise_Avg_HR,0.001787356956038307
p11_daily_merged,sleep_quality,Sleep_Duration_Score__deviation,0.0015996341948817,Sleep_Duration_Score,0.0015996341948817062
p11_daily_merged,sleep_quality,Exercise_Distance__change,0.0009423976381344,Exercise_Distance,0.0009423976381344037
p11_daily_merged,sleep_quality,Sleep_Duration_Score__zscore,0.0009234369996467,Sleep_Duration_Score,0.0009234369996467035
p11_daily_merged,sleep_quality,Exercise_Avg_HR__raw,0.0008255895122212,Exercise_Avg_HR,0.0008255895122212032
p11_daily_merged,sleep_quality,Exercise_Count__raw,0.0008105593139367,Exercise_Count,0.0008105593139367031
p11_daily_merged,sleep_quality,Exercise_Count__deviation,0.0007613443244648,Exercise_Count,0.000761344324464803
p11_daily_merged,sleep_quality,Exercise_Avg_HR__deviation,0.0004619605600172,Exercise_Avg_HR,0.0004619605600172018
p11_daily_merged,sleep_quality,Exercise_Avg_HR__rolling_3,0.0001383809715046,Exercise_Avg_HR,0.00013838097150460055
p11_daily_merged,sleep_quality,Exercise_Distance__abs_zscore,7.467480501656385e-05,Exercise_Distance,7.467480501656413e-05
p11_daily_merged,sleep_quality,Exercise_Count__zscore,0.0,Exercise_Count,0.0
p11_daily_merged,sleep_quality,Exercise_Count__abs_zscore,0.0,Exercise_Count,0.0
p11_daily_merged,sleep_quality,Exercise_Distance__raw,0.0,Exercise_Distance,0.0
p11_daily_merged,sleep_quality,Exercise_Distance__zscore,0.0,Exercise_Distance,0.0
p11_daily_merged,sleep_quality,Exercise_Distance__deviation,0.0,Exercise_Distance,0.0
p11_daily_merged,sleep_quality,Exercise_Avg_HR__rolling_7,0.0,Exercise_Avg_HR,0.0
p11_daily_merged,stress,Steps__change,0.1575647155547174,Steps,0.15756471555471796
p11_daily_merged,stress,Deep_Sleep_Minutes__rolling_7,0.1201545540453549,Deep_Sleep_Minutes,0.12015455404535533
p11_daily_merged,stress,Sleep_Restlessness__rolling_3,0.0783967677677426,Sleep_Restlessness,0.07839676776774288
p11_daily_merged,stress,Exercise_Avg_HR__rolling_3,0.0610007353154083,Exercise_Avg_HR,0.06100073531540851
p11_daily_merged,stress,Sleep_Hours__change,0.0480165437830688,Sleep_Hours,0.04801654378306897
p11_daily_merged,stress,Sleep_Restlessness__deviation,0.0446717207002084,Sleep_Restlessness,0.04467172070020856
p11_daily_merged,stress,Exercise_Distance__change,0.0391339572875806,Exercise_Distance,0.03913395728758074
p11_daily_merged,stress,Sleep_Restlessness__abs_zscore,0.0383267110399796,Sleep_Restlessness,0.03832671103997974
p11_daily_merged,stress,Sleep_Restlessness__zscore,0.026239951349662,Sleep_Restlessness,0.026239951349662095
p11_daily_merged,stress,Exercise_Count__rolling_3,0.0251353976912415,Exercise_Count,0.02513539769124159
p11_daily_merged,stress,Exercise_Duration__abs_zscore,0.0246630603405623,Exercise_Duration,0.024663060340562388
p11_daily_merged,stress,Steps__rolling_7,0.0215114690350267,Steps,0.021511469035026775
p11_daily_merged,stress,Sleep_Restlessness__change,0.0195869131330185,Sleep_Restlessness,0.01958691313301857
p11_daily_merged,stress,Sleep_Hours__abs_zscore,0.0189634113026952,Sleep_Hours,0.018963411302695268
p11_daily_merged,stress,Sleep_Score__deviation,0.0187438792368703,Sleep_Score,0.018743879236870365
p11_daily_merged,stress,Sleep_Composition__rolling_7,0.0162026888410693,Sleep_Composition,0.01620268884106936
p11_daily_merged,stress,Steps__rolling_3,0.0147704896969847,Steps,0.014770489696984752
p11_daily_merged,stress,Steps__zscore,0.0145034869047838,Steps,0.014503486904783851
p11_daily_merged,stress,Sleep_Restlessness__raw,0.0144179842115254,Sleep_Restlessness,0.014417984211525452
p11_daily_merged,stress,Deep_Sleep_Minutes__change,0.0124939108433755,Deep_Sleep_Minutes,0.012493910843375545
p11_daily_merged,stress,Sleep_Score__zscore,0.0118912569005061,Sleep_Score,0.011891256900506141
p11_daily_merged,stress,Deep_Sleep_Minutes__raw,0.0102041838610676,Deep_Sleep_Minutes,0.010204183861067636
p11_daily_merged,stress,Sleep_Score__raw,0.0100052656238222,Sleep_Score,0.010005265623822234
p11_daily_merged,stress,Sleep_Score__abs_zscore,0.0099323319303409,Sleep_Score,0.009932331930340935
p11_daily_merged,stress,Sleep_Composition__rolling_3,0.0088307617893637,Sleep_Composition,0.008830761789363732
p11_daily_merged,stress,Exercise_Avg_HR__change,0.0085813404719121,Exercise_Avg_HR,0.00858134047191213
p11_daily_merged,stress,Exercise_Distance__rolling_3,0.0067977483084873,Exercise_Distance,0.006797748308487324
p11_daily_merged,stress,Sleep_Revitalization__zscore,0.0067708954764286,Sleep_Revitalization,0.006770895476428625
p11_daily_merged,stress,Sleep_Revitalization__raw,0.0063799362679968,Sleep_Revitalization,0.006379936267996823
p11_daily_merged,stress,Exercise_Calories__rolling_3,0.0063139225602759,Exercise_Calories,0.0063139225602759225
p11_daily_merged,stress,Sleep_Hours__raw,0.0058656795983028,Sleep_Hours,0.005865679598302821
p11_daily_merged,stress,Steps__deviation,0.0055755074748778,Steps,0.00557550747487782
p11_daily_merged,stress,Sleep_Revitalization__rolling_3,0.0054988744699889,Sleep_Revitalization,0.00549887446998892
p11_daily_merged,stress,Sleep_Score__change,0.005204736226102,Sleep_Score,0.005204736226102018
p11_daily_merged,stress,Deep_Sleep_Minutes__abs_zscore,0.0049238278231987,Deep_Sleep_Minutes,0.004923827823198717
p11_daily_merged,stress,Sleep_Revitalization__abs_zscore,0.0048503535647203,Sleep_Revitalization,0.004850353564720317
p11_daily_merged,stress,Sleep_Composition__change,0.0040591629634542,Sleep_Composition,0.004059162963454215
p11_daily_merged,stress,Steps__raw,0.0039542584371179,Steps,0.0039542584371179135
p11_daily_merged,stress,Exercise_Calories__rolling_7,0.0039151323695011,Exercise_Calories,0.003915132369501114
p11_daily_merged,stress,Exercise_Calories__abs_zscore,0.0038666582727911,Exercise_Calories,0.0038666582727911137
p11_daily_merged,stress,Sleep_Hours__rolling_7,0.0038158407764347,Sleep_Hours,0.0038158407764347134
p11_daily_merged,stress,Sleep_Hours__deviation,0.0035571126211619,Sleep_Hours,0.0035571126211619126
p11_daily_merged,stress,Sleep_Duration_Score__rolling_7,0.0035511492719267,Sleep_Duration_Score,0.0035511492719267125
p11_daily_merged,stress,Exercise_Duration__rolling_3,0.0035250374749459,Exercise_Duration,0.0035250374749459124
p11_daily_merged,stress,Sleep_Revitalization__change,0.0034340745895996,Sleep_Revitalization,0.0034340745895996123
p11_daily_merged,stress,Exercise_Distance__rolling_7,0.0029982727278007,Exercise_Distance,0.002998272727800711
p11_daily_merged,stress,Exercise_Count__rolling_7,0.0027725884075963,Exercise_Count,0.00277258840759631
p11_daily_merged,stress,Exercise_Duration__deviation,0.0023783736450415,Exercise_Duration,0.002378373645041508
p11_daily_merged,stress,Sleep_Duration_Score__abs_zscore,0.0022645533623285,Sleep_Duration_Score,0.0022645533623285082
p11_daily_merged,stress,Sleep_Revitalization__deviation,0.0022631522483518,Sleep_Revitalization,0.0022631522483518083
p11_daily_merged,stress,Deep_Sleep_Minutes__zscore,0.0021928901442852,Deep_Sleep_Minutes,0.0021928901442852078
p11_daily_merged,stress,Sleep_Hours__zscore,0.0018490260768263,Sleep_Hours,0.0018490260768263065
p11_daily_merged,stress,Sleep_Duration_Score__zscore,0.0017891227339028,Sleep_Duration_Score,0.0017891227339028063
p11_daily_merged,stress,Sleep_Composition__abs_zscore,0.0015921289037913,Sleep_Composition,0.0015921289037913056
p11_daily_merged,stress,Exercise_Avg_HR__deviation,0.0015234379485179,Exercise_Avg_HR,0.0015234379485179054
p11_daily_merged,stress,Exercise_Count__change,0.0014727551636693,Exercise_Count,0.0014727551636693052
p11_daily_merged,stress,Exercise_Avg_HR__raw,0.0014153349926665,Exercise_Avg_HR,0.001415334992666505
p11_daily_merged,stress,Exercise_Calories__raw,0.0014019103600293,Exercise_Calories,0.001401910360029305
p11_daily_merged,stress,Exercise_Calories__change,0.0012997590854825,Exercise_Calories,0.0012997590854825045
p11_daily_merged,stress,Sleep_Duration_Score__deviation,0.0011406680440771,Sleep_Duration_Score,0.0011406680440771042
p11_daily_merged,stress,Exercise_Avg_HR__zscore,0.0011015883718349,Exercise_Avg_HR,0.001101588371834904
p11_daily_merged,stress,Sleep_Hours__rolling_3,0.0008034944428126,Sleep_Hours,0.0008034944428126029
p11_daily_merged,stress,Exercise_Distance__zscore,0.0007655239140492,Exercise_Distance,0.0007655239140492027
p11_daily_merged,stress,Exercise_Duration__zscore,0.0007170822136246,Exercise_Duration,0.0007170822136246025
p11_daily_merged,stress,Sleep_Score__rolling_7,0.0005541340984914,Sleep_Score,0.000554134098491402
p11_daily_merged,stress,Sleep_Restlessness__rolling_7,0.0003771566694785,Sleep_Restlessness,0.00037715666947850136
p11_daily_merged,stress,Deep_Sleep_Minutes__rolling_3,0.0003013559992382,Deep_Sleep_Minutes,0.0003013559992382011
p11_daily_merged,stress,Exercise_Distance__abs_zscore,0.0002784926471118,Exercise_Distance,0.00027849264711180097
p11_daily_merged,stress,Exercise_Distance__raw,0.0002542201251381,Exercise_Distance,0.00025422012513810093
p11_daily_merged,stress,Exercise_Distance__deviation,0.0002461226396606,Exercise_Distance,0.00024612263966060084
p11_daily_merged,stress,Exercise_Duration__change,0.0001701493980563,Exercise_Duration,0.0001701493980563006
p11_daily_merged,stress,Sleep_Revitalization__rolling_7,0.0001480098091406,Sleep_Revitalization,0.00014800980914060052
p11_daily_merged,stress,Exercise_Duration__raw,0.000125298621792,Exercise_Duration,0.00012529862179200043
p11_daily_merged,stress,Steps__abs_zscore,0.0,Steps,0.0
p11_daily_merged,stress,Exercise_Count__raw,0.0,Exercise_Count,0.0
p11_daily_merged,stress,Exercise_Count__zscore,0.0,Exercise_Count,0.0
p11_daily_merged,stress,Exercise_Count__abs_zscore,0.0,Exercise_Count,0.0
p11_daily_merged,stress,Exercise_Count__deviation,0.0,Exercise_Count,0.0
p11_daily_merged,stress,Exercise_Duration__rolling_7,0.0,Exercise_Duration,0.0
p11_daily_merged,stress,Exercise_Calories__zscore,0.0,Exercise_Calories,0.0
p11_daily_merged,stress,Exercise_Calories__deviation,0.0,Exercise_Calories,0.0
p11_daily_merged,stress,Exercise_Avg_HR__rolling_7,0.0,Exercise_Avg_HR,0.0
p11_daily_merged,stress,Exercise_Avg_HR__abs_zscore,0.0,Exercise_Avg_HR,0.0
p11_daily_merged,stress,Sleep_Duration_Score__raw,0.0,Sleep_Duration_Score,0.0
p11_daily_merged,stress,Sleep_Duration_Score__change,0.0,Sleep_Duration_Score,0.0
p11_daily_merged,stress,Sleep_Duration_Score__rolling_3,0.0,Sleep_Duration_Score,0.0
p11_daily_merged,stress,Deep_Sleep_Minutes__deviation,0.0,Deep_Sleep_Minutes,0.0
p11_daily_merged,stress,Sleep_Composition__raw,0.0,Sleep_Composition,0.0
p11_daily_merged,stress,Sleep_Composition__zscore,0.0,Sleep_Composition,0.0
p11_daily_merged,stress,Sleep_Composition__deviation,0.0,Sleep_Composition,0.0
p11_daily_merged,stress,Sleep_Score__rolling_3,0.0,Sleep_Score,0.0
p12_daily_merged,fatigue,Exercise_Avg_HR__change,0.193851207947215,Exercise_Avg_HR,0.19385120794721536
p12_daily_merged,fatigue,Steps__abs_zscore,0.1246472672262574,Steps,0.12464726722625763
p12_daily_merged,fatigue,Exercise_Duration__change,0.0875868335678392,Exercise_Duration,0.08758683356783936
p12_daily_merged,fatigue,Steps__change,0.0763366417159903,Steps,0.07633664171599044
p12_daily_merged,fatigue,Steps__rolling_3,0.0588526723270891,Steps,0.05885267232708921
p12_daily_merged,fatigue,Steps__rolling_7,0.0530301113304337,Steps,0.053030111330433796
p12_daily_merged,fatigue,Exercise_Duration__rolling_3,0.0354835706252781,Exercise_Duration,0.03548357062527817
p12_daily_merged,fatigue,Exercise_Calories__rolling_3,0.0338906392896405,Exercise_Calories,0.03389063928964056
p12_daily_merged,fatigue,Exercise_Calories__rolling_7,0.0312907605353514,Exercise_Calories,0.031290760535351465
p12_daily_merged,fatigue,Steps__raw,0.0305950363994144,Steps,0.03059503639941446
p12_daily_merged,fatigue,Steps__deviation,0.0288392363291362,Steps,0.028839236329136257
p12_daily_merged,fatigue,Steps__zscore,0.0266871879582808,Steps,0.02668718795828085
p12_daily_merged,fatigue,Exercise_Duration__rolling_7,0.0210757335973575,Exercise_Duration,0.021075733597357538
p12_daily_merged,fatigue,Exercise_Avg_HR__abs_zscore,0.0209760588733291,Exercise_Avg_HR,0.020976058873329137
p12_daily_merged,fatigue,Exercise_Calories__change,0.0207200831806797,Exercise_Calories,0.02072008318067974
p12_daily_merged,fatigue,Exercise_Count__change,0.0196622390750398,Exercise_Count,0.019662239075039837
p12_daily_merged,fatigue,Exercise_Count__rolling_7,0.0189699492732113,Exercise_Count,0.018969949273211335
p12_daily_merged,fatigue,Exercise_Duration__abs_zscore,0.0167734795051068,Exercise_Duration,0.016773479505106832
p12_daily_merged,fatigue,Exercise_Avg_HR__deviation,0.0131652465557142,Exercise_Avg_HR,0.013165246555714225
p12_daily_merged,fatigue,Exercise_Distance__rolling_3,0.013100953581881,Exercise_Distance,0.013100953581881025
p12_daily_merged,fatigue,Exercise_Distance__rolling_7,0.0124493738843409,Exercise_Distance,0.012449373884340925
p12_daily_merged,fatigue,Exercise_Avg_HR__zscore,0.0114393723796566,Exercise_Avg_HR,0.01143937237965662
p12_daily_merged,fatigue,Exercise_Count__rolling_3,0.0098667321393649,Exercise_Count,0.009866732139364918
p12_daily_merged,fatigue,Exercise_Avg_HR__raw,0.0085068349003925,Exercise_Avg_HR,0.008506834900392515
p12_daily_merged,fatigue,Exercise_Calories__abs_zscore,0.0069248229294632,Exercise_Calories,0.006924822929463213
p12_daily_merged,fatigue,Exercise_Duration__raw,0.0033125767676456,Exercise_Duration,0.003312576767645606
p12_daily_merged,fatigue,Exercise_Avg_HR__rolling_3,0.0032462902662381,Exercise_Avg_HR,0.003246290266238106
p12_daily_merged,fatigue,Exercise_Duration__deviation,0.0027119914114779,Exercise_Duration,0.002711991411477905
p12_daily_merged,fatigue,Exercise_Distance__zscore,0.0026267606604285,Exercise_Distance,0.002626760660428505
p12_daily_merged,fatigue,Exercise_Duration__zscore,0.0022778283360443,Exercise_Duration,0.0022778283360443043
p12_daily_merged,fatigue,Exercise_Count__zscore,0.0018881547939543,Exercise_Count,0.0018881547939543035
p12_daily_merged,fatigue,Exercise_Distance__raw,0.0018848482736996,Exercise_Distance,0.0018848482736996035
p12_daily_merged,fatigue,Exercise_Calories__deviation,0.00163487980603,Exercise_Calories,0.001634879806030003
p12_daily_merged,fatigue,Exercise_Calories__raw,0.0015865335060408,Exercise_Calories,0.001586533506040803
p12_daily_merged,fatigue,Exercise_Count__abs_zscore,0.0013853064194996,Exercise_Count,0.0013853064194996026
p12_daily_merged,fatigue,Exercise_Count__raw,0.0013418039126318,Exercise_Count,0.0013418039126318025
p12_daily_merged,fatigue,Exercise_Calories__zscore,0.00072815818522,Exercise_Calories,0.0007281581852200015
p12_daily_merged,fatigue,Exercise_Distance__change,0.0004842726505871,Exercise_Distance,0.0004842726505871009
p12_daily_merged,fatigue,Exercise_Count__deviation,0.0001685498830369,Exercise_Count,0.00016854988303690032
p12_daily_merged,fatigue,Exercise_Distance__abs_zscore,0.0,Exercise_Distance,0.0
p12_daily_merged,fatigue,Exercise_Distance__deviation,0.0,Exercise_Distance,0.0
p12_daily_merged,fatigue,Exercise_Avg_HR__rolling_7,0.0,Exercise_Avg_HR,0.0
p12_daily_merged,fatigue,Sleep_Hours__raw,0.0,Sleep_Hours,0.0
p12_daily_merged,fatigue,Sleep_Hours__change,0.0,Sleep_Hours,0.0
p12_daily_merged,fatigue,Sleep_Hours__rolling_3,0.0,Sleep_Hours,0.0
p12_daily_merged,fatigue,Sleep_Hours__rolling_7,0.0,Sleep_Hours,0.0
p12_daily_merged,fatigue,Sleep_Hours__zscore,0.0,Sleep_Hours,0.0
p12_daily_merged,fatigue,Sleep_Hours__abs_zscore,0.0,Sleep_Hours,0.0
p12_daily_merged,fatigue,Sleep_Hours__deviation,0.0,Sleep_Hours,0.0
p12_daily_merged,fatigue,Sleep_Duration_Score__raw,0.0,Sleep_Duration_Score,0.0
p12_daily_merged,fatigue,Sleep_Duration_Score__change,0.0,Sleep_Duration_Score,0.0
p12_daily_merged,fatigue,Sleep_Duration_Score__rolling_3,0.0,Sleep_Duration_Score,0.0
p12_daily_merged,fatigue,Sleep_Duration_Score__rolling_7,0.0,Sleep_Duration_Score,0.0
p12_daily_merged,fatigue,Sleep_Duration_Score__zscore,0.0,Sleep_Duration_Score,0.0
p12_daily_merged,fatigue,Sleep_Duration_Score__abs_zscore,0.0,Sleep_Duration_Score,0.0
p12_daily_merged,fatigue,Sleep_Duration_Score__deviation,0.0,Sleep_Duration_Score,0.0
p12_daily_merged,fatigue,Deep_Sleep_Minutes__raw,0.0,Deep_Sleep_Minutes,0.0
p12_daily_merged,fatigue,Deep_Sleep_Minutes__change,0.0,Deep_Sleep_Minutes,0.0
p12_daily_merged,fatigue,Deep_Sleep_Minutes__rolling_3,0.0,Deep_Sleep_Minutes,0.0
p12_daily_merged,fatigue,Deep_Sleep_Minutes__rolling_7,0.0,Deep_Sleep_Minutes,0.0
p12_daily_merged,fatigue,Deep_Sleep_Minutes__zscore,0.0,Deep_Sleep_Minutes,0.0
p12_daily_merged,fatigue,Deep_Sleep_Minutes__abs_zscore,0.0,Deep_Sleep_Minutes,0.0
p12_daily_merged,fatigue,Deep_Sleep_Minutes__deviation,0.0,Deep_Sleep_Minutes,0.0
p12_daily_merged,fatigue,Sleep_Restlessness__raw,0.0,Sleep_Restlessness,0.0
p12_daily_merged,fatigue,Sleep_Restlessness__change,0.0,Sleep_Restlessness,0.0
p12_daily_merged,fatigue,Sleep_Restlessness__rolling_3,0.0,Sleep_Restlessness,0.0
p12_daily_merged,fatigue,Sleep_Restlessness__rolling_7,0.0,Sleep_Restlessness,0.0
p12_daily_merged,fatigue,Sleep_Restlessness__zscore,0.0,Sleep_Restlessness,0.0
p12_daily_merged,fatigue,Sleep_Restlessness__abs_zscore,0.0,Sleep_Restlessness,0.0
p12_daily_merged,fatigue,Sleep_Restlessness__deviation,0.0,Sleep_Restlessness,0.0
p12_daily_merged,fatigue,Sleep_Composition__raw,0.0,Sleep_Composition,0.0
p12_daily_merged,fatigue,Sleep_Composition__change,0.0,Sleep_Composition,0.0
p12_daily_merged,fatigue,Sleep_Composition__rolling_3,0.0,Sleep_Composition,0.0
p12_daily_merged,fatigue,Sleep_Composition__rolling_7,0.0,Sleep_Composition,0.0
p12_daily_merged,fatigue,Sleep_Composition__zscore,0.0,Sleep_Composition,0.0
p12_daily_merged,fatigue,Sleep_Composition__abs_zscore,0.0,Sleep_Composition,0.0
p12_daily_merged,fatigue,Sleep_Composition__deviation,0.0,Sleep_Composition,0.0
p12_daily_merged,fatigue,Sleep_Revitalization__raw,0.0,Sleep_Revitalization,0.0
p12_daily_merged,fatigue,Sleep_Revitalization__change,0.0,Sleep_Revitalization,0.0
p12_daily_merged,fatigue,Sleep_Revitalization__rolling_3,0.0,Sleep_Revitalization,0.0
p12_daily_merged,fatigue,Sleep_Revitalization__rolling_7,0.0,Sleep_Revitalization,0.0
p12_daily_merged,fatigue,Sleep_Revitalization__zscore,0.0,Sleep_Revitalization,0.0
p12_daily_merged,fatigue,Sleep_Revitalization__abs_zscore,0.0,Sleep_Revitalization,0.0
p12_daily_merged,fatigue,Sleep_Revitalization__deviation,0.0,Sleep_Revitalization,0.0
p12_daily_merged,fatigue,Sleep_Score__raw,0.0,Sleep_Score,0.0
p12_daily_merged,fatigue,Sleep_Score__change,0.0,Sleep_Score,0.0
p12_daily_merged,fatigue,Sleep_Score__rolling_3,0.0,Sleep_Score,0.0
p12_daily_merged,fatigue,Sleep_Score__rolling_7,0.0,Sleep_Score,0.0
p12_daily_merged,fatigue,Sleep_Score__zscore,0.0,Sleep_Score,0.0
p12_daily_merged,fatigue,Sleep_Score__abs_zscore,0.0,Sleep_Score,0.0
p12_daily_merged,fatigue,Sleep_Score__deviation,0.0,Sleep_Score,0.0
p12_daily_merged,mood,Exercise_Avg_HR__change,0.2134109992747186,Exercise_Avg_HR,0.213410999274719
p12_daily_merged,mood,Steps__abs_zscore,0.1094502136984286,Steps,0.10945021369842879
p12_daily_merged,mood,Exercise_Avg_HR__abs_zscore,0.1074131308914397,Exercise_Avg_HR,0.10741313089143989
p12_daily_merged,mood,Exercise_Calories__rolling_7,0.0945138567667284,Exercise_Calories,0.09451385676672856
p12_daily_merged,mood,Steps__rolling_7,0.0598447196736727,Steps,0.0598447196736728
p12_daily_merged,mood,Steps__change,0.058998252222939,Steps,0.058998252222939106
p12_daily_merged,mood,Exercise_Count__rolling_7,0.0317008494888882,Exercise_Count,0.03170084948888825
p12_daily_merged,mood,Exercise_Distance__change,0.0308208527077797,Exercise_Distance,0.030820852707779754
p12_daily_merged,mood,Exercise_Avg_HR__deviation,0.0307788334662488,Exercise_Avg_HR,0.030778833466248854
p12_daily_merged,mood,Exercise_Duration__rolling_3,0.0285185664486412,Exercise_Duration,0.02851856644864125
p12_daily_merged,mood,Exercise_Calories__rolling_3,0.0258265549214818,Exercise_Calories,0.025826554921481844
p12_daily_merged,mood,Steps__rolling_3,0.0224986417680495,Steps,0.02249864176804954
p12_daily_merged,mood,Exercise_Duration__rolling_7,0.0214447135865068,Exercise_Duration,0.021444713586506837
p12_daily_merged,mood,Exercise_Avg_HR__zscore,0.0204821443678768,Exercise_Avg_HR,0.020482144367876834
p12_daily_merged,mood,Exercise_Avg_HR__raw,0.0195127319306275,Exercise_Avg_HR,0.019512731930627535
p12_daily_merged,mood,Exercise_Count__change,0.0142263156467668,Exercise_Count,0.014226315646766826
p12_daily_merged,mood,Steps__raw,0.0141536068865461,Steps,0.014153606886546124
p12_daily_merged,mood,Exercise_Calories__abs_zscore,0.0116297766129947,Exercise_Calories,0.01162977661299472
p12_daily_merged,mood,Exercise_Distance__rolling_7,0.010553538596627,Exercise_Distance,0.01055353859662702
p12_daily_merged,mood,Exercise_Count__rolling_3,0.0086558155787301,Exercise_Count,0.008655815578730115
p12_daily_merged,mood,Exercise_Calories__raw,0.0072778625205628,Exercise_Calories,0.007277862520562813
p12_daily_merged,mood,Steps__deviation,0.006965879277274,Steps,0.006965879277274012
p12_daily_merged,mood,Exercise_Duration__abs_zscore,0.0066517020156311,Exercise_Duration,0.0066517020156311125
p12_daily_merged,mood,Exercise_Duration__change,0.0056592956354869,Exercise_Duration,0.0056592956354869104
p12_daily_merged,mood,Exercise_Distance__abs_zscore,0.0053442555665765,Exercise_Distance,0.00534425556657651
p12_daily_merged,mood,Exercise_Calories__zscore,0.0046914867904608,Exercise_Calories,0.004691486790460809
p12_daily_merged,mood,Exercise_Count__zscore,0.0040811247978101,Exercise_Count,0.004081124797810107
p12_daily_merged,mood,Exercise_Calories__deviation,0.0040192972623158,Exercise_Calories,0.004019297262315807
p12_daily_merged,mood,Exercise_Duration__zscore,0.0035103340240383,Exercise_Duration,0.003510334024038306
p12_daily_merged,mood,Steps__zscore,0.0033359001115542,Steps,0.003335900111554206
p12_daily_merged,mood,Exercise_Count__abs_zscore,0.0032564743773256,Exercise_Count,0.0032564743773256057
p12_daily_merged,mood,Exercise_Distance__zscore,0.0024516301141218,Exercise_Distance,0.0024516301141218042
p12_daily_merged,mood,Exercise_Duration__raw,0.0024444338452733,Exercise_Duration,0.0024444338452733042
p12_daily_merged,mood,Exercise_Distance__raw,0.0023944117392967,Exercise_Distance,0.0023944117392967045
p12_daily_merged,mood,Exercise_Distance__rolling_3,0.002282077474803,Exercise_Distance,0.0022820774748030037
p12_daily_merged,mood,Exercise_Calories__change,0.0003992846626607,Exercise_Calories,0.0003992846626607007
p12_daily_merged,mood,Exercise_Duration__deviation,0.0003947905293996,Exercise_Duration,0.0003947905293996007
p12_daily_merged,mood,Exercise_Distance__deviation,0.0002842980678468,Exercise_Distance,0.0002842980678468005
p12_daily_merged,mood,Exercise_Count__deviation,0.0001213466518682,Exercise_Count,0.00012134665186820022
p12_daily_merged,mood,Exercise_Count__raw,0.0,Exercise_Count,0.0
p12_daily_merged,mood,Exercise_Avg_HR__rolling_3,0.0,Exercise_Avg_HR,0.0
p12_daily_merged,mood,Exercise_Avg_HR__rolling_7,0.0,Exercise_Avg_HR,0.0
p12_daily_merged,mood,Sleep_Hours__raw,0.0,Sleep_Hours,0.0
p12_daily_merged,mood,Sleep_Hours__change,0.0,Sleep_Hours,0.0
p12_daily_merged,mood,Sleep_Hours__rolling_3,0.0,Sleep_Hours,0.0
p12_daily_merged,mood,Sleep_Hours__rolling_7,0.0,Sleep_Hours,0.0
p12_daily_merged,mood,Sleep_Hours__zscore,0.0,Sleep_Hours,0.0
p12_daily_merged,mood,Sleep_Hours__abs_zscore,0.0,Sleep_Hours,0.0
p12_daily_merged,mood,Sleep_Hours__deviation,0.0,Sleep_Hours,0.0
p12_daily_merged,mood,Sleep_Duration_Score__raw,0.0,Sleep_Duration_Score,0.0
p12_daily_merged,mood,Sleep_Duration_Score__change,0.0,Sleep_Duration_Score,0.0
p12_daily_merged,mood,Sleep_Duration_Score__rolling_3,0.0,Sleep_Duration_Score,0.0
p12_daily_merged,mood,Sleep_Duration_Score__rolling_7,0.0,Sleep_Duration_Score,0.0
p12_daily_merged,mood,Sleep_Duration_Score__zscore,0.0,Sleep_Duration_Score,0.0
p12_daily_merged,mood,Sleep_Duration_Score__abs_zscore,0.0,Sleep_Duration_Score,0.0
p12_daily_merged,mood,Sleep_Duration_Score__deviation,0.0,Sleep_Duration_Score,0.0
p12_daily_merged,mood,Deep_Sleep_Minutes__raw,0.0,Deep_Sleep_Minutes,0.0
p12_daily_merged,mood,Deep_Sleep_Minutes__change,0.0,Deep_Sleep_Minutes,0.0
p12_daily_merged,mood,Deep_Sleep_Minutes__rolling_3,0.0,Deep_Sleep_Minutes,0.0
p12_daily_merged,mood,Deep_Sleep_Minutes__rolling_7,0.0,Deep_Sleep_Minutes,0.0
p12_daily_merged,mood,Deep_Sleep_Minutes__zscore,0.0,Deep_Sleep_Minutes,0.0
p12_daily_merged,mood,Deep_Sleep_Minutes__abs_zscore,0.0,Deep_Sleep_Minutes,0.0
p12_daily_merged,mood,Deep_Sleep_Minutes__deviation,0.0,Deep_Sleep_Minutes,0.0
p12_daily_merged,mood,Sleep_Restlessness__raw,0.0,Sleep_Restlessness,0.0
p12_daily_merged,mood,Sleep_Restlessness__change,0.0,Sleep_Restlessness,0.0
p12_daily_merged,mood,Sleep_Restlessness__rolling_3,0.0,Sleep_Restlessness,0.0
p12_daily_merged,mood,Sleep_Restlessness__rolling_7,0.0,Sleep_Restlessness,0.0
p12_daily_merged,mood,Sleep_Restlessness__zscore,0.0,Sleep_Restlessness,0.0
p12_daily_merged,mood,Sleep_Restlessness__abs_zscore,0.0,Sleep_Restlessness,0.0
p12_daily_merged,mood,Sleep_Restlessness__deviation,0.0,Sleep_Restlessness,0.0
p12_daily_merged,mood,Sleep_Composition__raw,0.0,Sleep_Composition,0.0
p12_daily_merged,mood,Sleep_Composition__change,0.0,Sleep_Composition,0.0
p12_daily_merged,mood,Sleep_Composition__rolling_3,0.0,Sleep_Composition,0.0
p12_daily_merged,mood,Sleep_Composition__rolling_7,0.0,Sleep_Composition,0.0
p12_daily_merged,mood,Sleep_Composition__zscore,0.0,Sleep_Composition,0.0
p12_daily_merged,mood,Sleep_Composition__abs_zscore,0.0,Sleep_Composition,0.0
p12_daily_merged,mood,Sleep_Composition__deviation,0.0,Sleep_Composition,0.0
p12_daily_merged,mood,Sleep_Revitalization__raw,0.0,Sleep_Revitalization,0.0
p12_daily_merged,mood,Sleep_Revitalization__change,0.0,Sleep_Revitalization,0.0
p12_daily_merged,mood,Sleep_Revitalization__rolling_3,0.0,Sleep_Revitalization,0.0
p12_daily_merged,mood,Sleep_Revitalization__rolling_7,0.0,Sleep_Revitalization,0.0
p12_daily_merged,mood,Sleep_Revitalization__zscore,0.0,Sleep_Revitalization,0.0
p12_daily_merged,mood,Sleep_Revitalization__abs_zscore,0.0,Sleep_Revitalization,0.0
p12_daily_merged,mood,Sleep_Revitalization__deviation,0.0,Sleep_Revitalization,0.0
p12_daily_merged,mood,Sleep_Score__raw,0.0,Sleep_Score,0.0
p12_daily_merged,mood,Sleep_Score__change,0.0,Sleep_Score,0.0
p12_daily_merged,mood,Sleep_Score__rolling_3,0.0,Sleep_Score,0.0
p12_daily_merged,mood,Sleep_Score__rolling_7,0.0,Sleep_Score,0.0
p12_daily_merged,mood,Sleep_Score__zscore,0.0,Sleep_Score,0.0
p12_daily_merged,mood,Sleep_Score__abs_zscore,0.0,Sleep_Score,0.0
p12_daily_merged,mood,Sleep_Score__deviation,0.0,Sleep_Score,0.0
p12_daily_merged,readiness,Steps__deviation,0.1239494103733272,Steps,0.1239494103733274
p12_daily_merged,readiness,Steps__zscore,0.1025555904617434,Steps,0.10255559046174356
p12_daily_merged,readiness,Steps__rolling_3,0.0901195765785055,Steps,0.09011957657850565
p12_daily_merged,readiness,Steps__raw,0.0801247717495085,Steps,0.08012477174950863
p12_daily_merged,readiness,Steps__change,0.0768611272727397,Steps,0.07686112727273982
p12_daily_merged,readiness,Steps__rolling_7,0.0735428168320788,Steps,0.07354281683207893
p12_daily_merged,readiness,Steps__abs_zscore,0.0581903122952004,Steps,0.0581903122952005
p12_daily_merged,readiness,Exercise_Distance__rolling_7,0.0516947237771644,Exercise_Distance,0.051694723777164484
p12_daily_merged,readiness,Exercise_Avg_HR__change,0.0466999943968739,Exercise_Avg_HR,0.04669999439687398
p12_daily_merged,readiness,Exercise_Calories__rolling_7,0.034567490218364,Exercise_Calories,0.034567490218364055
p12_daily_merged,readiness,Exercise_Duration__rolling_3,0.0277916027251299,Exercise_Duration,0.027791602725129944
p12_daily_merged,readiness,Exercise_Count__abs_zscore,0.0268213165608452,Exercise_Count,0.026821316560845247
p12_daily_merged,readiness,Exercise_Duration__change,0.0258422626359895,Exercise_Duration,0.02584226263598954
p12_daily_merged,readiness,Exercise_Calories__change,0.0198333279823633,Exercise_Calories,0.019833327982363334
p12_daily_merged,readiness,Exercise_Calories__rolling_3,0.0185050094695462,Exercise_Calories,0.01850500946954623
p12_daily_merged,readiness,Exercise_Duration__rolling_7,0.0183539507681675,Exercise_Duration,0.01835395076816753
p12_daily_merged,readiness,Exercise_Count__change,0.015608857683984,Exercise_Count,0.015608857683984026
p12_daily_merged,readiness,Exercise_Calories__abs_zscore,0.0153548126218392,Exercise_Calories,0.015354812621839227
p12_daily_merged,readiness,Exercise_Count__rolling_7,0.0134502087821629,Exercise_Count,0.013450208782162923
p12_daily_merged,readiness,Exercise_Count__rolling_3,0.0111729623109342,Exercise_Count,0.01117296231093422
p12_daily_merged,readiness,Exercise_Avg_HR__abs_zscore,0.0098969840627965,Exercise_Avg_HR,0.009896984062796517
p12_daily_merged,readiness,Exercise_Avg_HR__rolling_3,0.0077346894758952,Exercise_Avg_HR,0.007734689475895213
p12_daily_merged,readiness,Exercise_Duration__abs_zscore,0.0072849463955607,Exercise_Duration,0.007284946395560712
p12_daily_merged,readiness,Exercise_Duration__zscore,0.0061965049486288,Exercise_Duration,0.00619650494862881
p12_daily_merged,readiness,Exercise_Calories__zscore,0.005489692446538,Exercise_Calories,0.00548969244653801
p12_daily_merged,readiness,Exercise_Avg_HR__zscore,0.0054361617123789,Exercise_Avg_HR,0.005436161712378909
p12_daily_merged,readiness,Exercise_Avg_HR__deviation,0.0045551198150267,Exercise_Avg_HR,0.004555119815026707
p12_daily_merged,readiness,Exercise_Avg_HR__raw,0.0044397424448293,Exercise_Avg_HR,0.004439742444829308
p12_daily_merged,readiness,Exercise_Count__deviation,0.0039835742356726,Exercise_Count,0.003983574235672607
p12_daily_merged,readiness,Exercise_Calories__raw,0.0035631967409191,Exercise_Calories,0.0035631967409191063
p12_daily_merged,readiness,Exercise_Duration__raw,0.0027550396521347,Exercise_Duration,0.0027550396521347047
p12_daily_merged,readiness,Exercise_Calories__deviation,0.0025871861931748,Exercise_Calories,0.0025871861931748043
p12_daily_merged,readiness,Exercise_Duration__deviation,0.0023107185839535,Exercise_Duration,0.002310718583953504
p12_daily_merged,readiness,Exercise_Distance__rolling_3,0.0021369482432416,Exercise_Distance,0.0021369482432416036
p12_daily_merged,readiness,Exercise_Count__raw,0.0003478998085253,Exercise_Count,0.0003478998085253006
p12_daily_merged,readiness,Exercise_Count__zscore,0.0002414697442549,Exercise_Count,0.0002414697442549004
p12_daily_merged,readiness,Exercise_Distance__raw,0.0,Exercise_Distance,0.0
p12_daily_merged,readiness,Exercise_Distance__change,0.0,Exercise_Distance,0.0
p12_daily_merged,readiness,Exercise_Distance__zscore,0.0,Exercise_Distance,0.0
p12_daily_merged,readiness,Exercise_Distance__abs_zscore,0.0,Exercise_Distance,0.0
p12_daily_merged,readiness,Exercise_Distance__deviation,0.0,Exercise_Distance,0.0
p12_daily_merged,readiness,Exercise_Avg_HR__rolling_7,0.0,Exercise_Avg_HR,0.0
p12_daily_merged,readiness,Sleep_Hours__raw,0.0,Sleep_Hours,0.0
p12_daily_merged,readiness,Sleep_Hours__change,0.0,Sleep_Hours,0.0
p12_daily_merged,readiness,Sleep_Hours__rolling_3,0.0,Sleep_Hours,0.0
p12_daily_merged,readiness,Sleep_Hours__rolling_7,0.0,Sleep_Hours,0.0
p12_daily_merged,readiness,Sleep_Hours__zscore,0.0,Sleep_Hours,0.0
p12_daily_merged,readiness,Sleep_Hours__abs_zscore,0.0,Sleep_Hours,0.0
p12_daily_merged,readiness,Sleep_Hours__deviation,0.0,Sleep_Hours,0.0
p12_daily_merged,readiness,Sleep_Duration_Score__raw,0.0,Sleep_Duration_Score,0.0
p12_daily_merged,readiness,Sleep_Duration_Score__change,0.0,Sleep_Duration_Score,0.0
p12_daily_merged,readiness,Sleep_Duration_Score__rolling_3,0.0,Sleep_Duration_Score,0.0
p12_daily_merged,readiness,Sleep_Duration_Score__rolling_7,0.0,Sleep_Duration_Score,0.0
p12_daily_merged,readiness,Sleep_Duration_Score__zscore,0.0,Sleep_Duration_Score,0.0
p12_daily_merged,readiness,Sleep_Duration_Score__abs_zscore,0.0,Sleep_Duration_Score,0.0
p12_daily_merged,readiness,Sleep_Duration_Score__deviation,0.0,Sleep_Duration_Score,0.0
p12_daily_merged,readiness,Deep_Sleep_Minutes__raw,0.0,Deep_Sleep_Minutes,0.0
p12_daily_merged,readiness,Deep_Sleep_Minutes__change,0.0,Deep_Sleep_Minutes,0.0
p12_daily_merged,readiness,Deep_Sleep_Minutes__rolling_3,0.0,Deep_Sleep_Minutes,0.0
p12_daily_merged,readiness,Deep_Sleep_Minutes__rolling_7,0.0,Deep_Sleep_Minutes,0.0
p12_daily_merged,readiness,Deep_Sleep_Minutes__zscore,0.0,Deep_Sleep_Minutes,0.0
p12_daily_merged,readiness,Deep_Sleep_Minutes__abs_zscore,0.0,Deep_Sleep_Minutes,0.0
p12_daily_merged,readiness,Deep_Sleep_Minutes__deviation,0.0,Deep_Sleep_Minutes,0.0
p12_daily_merged,readiness,Sleep_Restlessness__raw,0.0,Sleep_Restlessness,0.0
p12_daily_merged,readiness,Sleep_Restlessness__change,0.0,Sleep_Restlessness,0.0
p12_daily_merged,readiness,Sleep_Restlessness__rolling_3,0.0,Sleep_Restlessness,0.0
p12_daily_merged,readiness,Sleep_Restlessness__rolling_7,0.0,Sleep_Restlessness,0.0
p12_daily_merged,readiness,Sleep_Restlessness__zscore,0.0,Sleep_Restlessness,0.0
p12_daily_merged,readiness,Sleep_Restlessness__abs_zscore,0.0,Sleep_Restlessness,0.0
p12_daily_merged,readiness,Sleep_Restlessness__deviation,0.0,Sleep_Restlessness,0.0
p12_daily_merged,readiness,Sleep_Composition__raw,0.0,Sleep_Composition,0.0
p12_daily_merged,readiness,Sleep_Composition__change,0.0,Sleep_Composition,0.0
p12_daily_merged,readiness,Sleep_Composition__rolling_3,0.0,Sleep_Composition,0.0
p12_daily_merged,readiness,Sleep_Composition__rolling_7,0.0,Sleep_Composition,0.0
p12_daily_merged,readiness,Sleep_Composition__zscore,0.0,Sleep_Composition,0.0
p12_daily_merged,readiness,Sleep_Composition__abs_zscore,0.0,Sleep_Composition,0.0
p12_daily_merged,readiness,Sleep_Composition__deviation,0.0,Sleep_Composition,0.0
p12_daily_merged,readiness,Sleep_Revitalization__raw,0.0,Sleep_Revitalization,0.0
p12_daily_merged,readiness,Sleep_Revitalization__change,0.0,Sleep_Revitalization,0.0
p12_daily_merged,readiness,Sleep_Revitalization__rolling_3,0.0,Sleep_Revitalization,0.0
p12_daily_merged,readiness,Sleep_Revitalization__rolling_7,0.0,Sleep_Revitalization,0.0
p12_daily_merged,readiness,Sleep_Revitalization__zscore,0.0,Sleep_Revitalization,0.0
p12_daily_merged,readiness,Sleep_Revitalization__abs_zscore,0.0,Sleep_Revitalization,0.0
p12_daily_merged,readiness,Sleep_Revitalization__deviation,0.0,Sleep_Revitalization,0.0
p12_daily_merged,readiness,Sleep_Score__raw,0.0,Sleep_Score,0.0
p12_daily_merged,readiness,Sleep_Score__change,0.0,Sleep_Score,0.0
p12_daily_merged,readiness,Sleep_Score__rolling_3,0.0,Sleep_Score,0.0
p12_daily_merged,readiness,Sleep_Score__rolling_7,0.0,Sleep_Score,0.0
p12_daily_merged,readiness,Sleep_Score__zscore,0.0,Sleep_Score,0.0
p12_daily_merged,readiness,Sleep_Score__abs_zscore,0.0,Sleep_Score,0.0
p12_daily_merged,readiness,Sleep_Score__deviation,0.0,Sleep_Score,0.0
p12_daily_merged,sleep_quality,Steps__abs_zscore,0.2367477748207088,Steps,0.2367477748207092
p12_daily_merged,sleep_quality,Exercise_Calories__change,0.1083229257645853,Exercise_Calories,0.10832292576458548
p12_daily_merged,sleep_quality,Steps__rolling_3,0.0813574075453966,Steps,0.08135740754539673
p12_daily_merged,sleep_quality,Steps__change,0.0782822656320354,Steps,0.07828226563203552
p12_daily_merged,sleep_quality,Steps__rolling_7,0.0509954798485406,Steps,0.050995479848540685
p12_daily_merged,sleep_quality,Steps__deviation,0.0486674659353947,Steps,0.04866746593539478
p12_daily_merged,sleep_quality,Exercise_Count__change,0.0460827547495022,Exercise_Count,0.046082754749502276
p12_daily_merged,sleep_quality,Steps__zscore,0.044800776922496,Steps,0.04480077692249607
p12_daily_merged,sleep_quality,Exercise_Duration__rolling_7,0.0366705158292773,Exercise_Duration,0.03667051582927736
p12_daily_merged,sleep_quality,Steps__raw,0.0309966601557549,Steps,0.030996660155754953
p12_daily_merged,sleep_quality,Exercise_Duration__abs_zscore,0.0285445980901646,Exercise_Duration,0.028544598090164647
p12_daily_merged,sleep_quality,Exercise_Calories__rolling_7,0.0250277704990891,Exercise_Calories,0.025027770499089143
p12_daily_merged,sleep_quality,Exercise_Duration__rolling_3,0.0247913294425705,Exercise_Duration,0.02479132944257054
p12_daily_merged,sleep_quality,Exercise_Duration__change,0.0243290565267419,Exercise_Duration,0.02432905652674194
p12_daily_merged,sleep_quality,Exercise_Avg_HR__change,0.0220058955066329,Exercise_Avg_HR,0.022005895506632938
p12_daily_merged,sleep_quality,Exercise_Count__rolling_7,0.0195225314818375,Exercise_Count,0.01952253148183753
p12_daily_merged,sleep_quality,Exercise_Calories__rolling_3,0.0191931163607298,Exercise_Calories,0.01919311636072983
p12_daily_merged,sleep_quality,Exercise_Duration__zscore,0.0101874620037186,Exercise_Duration,0.010187462003718617
p12_daily_merged,sleep_quality,Exercise_Avg_HR__abs_zscore,0.0100720831043863,Exercise_Avg_HR,0.010072083104386318
p12_daily_merged,sleep_quality,Exercise_Count__rolling_3,0.0077560906824015,Exercise_Count,0.007756090682401513
p12_daily_merged,sleep_quality,Exercise_Calories__abs_zscore,0.0058721934943753,Exercise_Calories,0.005872193494375309
p12_daily_merged,sleep_quality,Exercise_Duration__deviation,0.0052565624938489,Exercise_Duration,0.005256562493848909
p12_daily_merged,sleep_quality,Exercise_Avg_HR__raw,0.004767887353969,Exercise_Avg_HR,0.004767887353969008
p12_daily_merged,sleep_quality,Exercise_Avg_HR__zscore,0.0046336111814742,Exercise_Avg_HR,0.004633611181474208
p12_daily_merged,sleep_quality,Exercise_Calories__zscore,0.0039598718037655,Exercise_Calories,0.003959871803765507
p12_daily_merged,sleep_quality,Exercise_Distance__rolling_3,0.003602374127205,Exercise_Distance,0.0036023741272050063
p12_daily_merged,sleep_quality,Exercise_Avg_HR__deviation,0.0030937174702081,Exercise_Avg_HR,0.0030937174702081053
p12_daily_merged,sleep_quality,Exercise_Count__abs_zscore,0.0030555373486173,Exercise_Count,0.0030555373486173053
p12_daily_merged,sleep_quality,Exercise_Avg_HR__rolling_3,0.0029003233191821,Exercise_Avg_HR,0.0029003233191821046
p12_daily_merged,sleep_quality,Exercise_Duration__raw,0.0028643468464298,Exercise_Duration,0.002864346846429805
p12_daily_merged,sleep_quality,Exercise_Calories__raw,0.0019711334071456,Exercise_Calories,0.0019711334071456036
p12_daily_merged,sleep_quality,Exercise_Calories__deviation,0.0017534878480006,Exercise_Calories,0.0017534878480006029
p12_daily_merged,sleep_quality,Exercise_Distance__rolling_7,0.0007911294015122,Exercise_Distance,0.0007911294015122013
p12_daily_merged,sleep_quality,Exercise_Count__raw,0.0005263812757229,Exercise_Count,0.0005263812757229009
p12_daily_merged,sleep_quality,Exercise_Count__deviation,0.000360998650585,Exercise_Count,0.0003609986505850006
p12_daily_merged,sleep_quality,Exercise_Count__zscore,0.0002364830759923,Exercise_Count,0.0002364830759923004
p12_daily_merged,sleep_quality,Exercise_Distance__raw,0.0,Exercise_Distance,0.0
p12_daily_merged,sleep_quality,Exercise_Distance__change,0.0,Exercise_Distance,0.0
p12_daily_merged,sleep_quality,Exercise_Distance__zscore,0.0,Exercise_Distance,0.0
p12_daily_merged,sleep_quality,Exercise_Distance__abs_zscore,0.0,Exercise_Distance,0.0
p12_daily_merged,sleep_quality,Exercise_Distance__deviation,0.0,Exercise_Distance,0.0
p12_daily_merged,sleep_quality,Exercise_Avg_HR__rolling_7,0.0,Exercise_Avg_HR,0.0
p12_daily_merged,sleep_quality,Sleep_Hours__raw,0.0,Sleep_Hours,0.0
p12_daily_merged,sleep_quality,Sleep_Hours__change,0.0,Sleep_Hours,0.0
p12_daily_merged,sleep_quality,Sleep_Hours__rolling_3,0.0,Sleep_Hours,0.0
p12_daily_merged,sleep_quality,Sleep_Hours__rolling_7,0.0,Sleep_Hours,0.0
p12_daily_merged,sleep_quality,Sleep_Hours__zscore,0.0,Sleep_Hours,0.0
p12_daily_merged,sleep_quality,Sleep_Hours__abs_zscore,0.0,Sleep_Hours,0.0
p12_daily_merged,sleep_quality,Sleep_Hours__deviation,0.0,Sleep_Hours,0.0
p12_daily_merged,sleep_quality,Sleep_Duration_Score__raw,0.0,Sleep_Duration_Score,0.0
p12_daily_merged,sleep_quality,Sleep_Duration_Score__change,0.0,Sleep_Duration_Score,0.0
p12_daily_merged,sleep_quality,Sleep_Duration_Score__rolling_3,0.0,Sleep_Duration_Score,0.0
p12_daily_merged,sleep_quality,Sleep_Duration_Score__rolling_7,0.0,Sleep_Duration_Score,0.0
p12_daily_merged,sleep_quality,Sleep_Duration_Score__zscore,0.0,Sleep_Duration_Score,0.0
p12_daily_merged,sleep_quality,Sleep_Duration_Score__abs_zscore,0.0,Sleep_Duration_Score,0.0
p12_daily_merged,sleep_quality,Sleep_Duration_Score__deviation,0.0,Sleep_Duration_Score,0.0
p12_daily_merged,sleep_quality,Deep_Sleep_Minutes__raw,0.0,Deep_Sleep_Minutes,0.0
p12_daily_merged,sleep_quality,Deep_Sleep_Minutes__change,0.0,Deep_Sleep_Minutes,0.0
p12_daily_merged,sleep_quality,Deep_Sleep_Minutes__rolling_3,0.0,Deep_Sleep_Minutes,0.0
p12_daily_merged,sleep_quality,Deep_Sleep_Minutes__rolling_7,0.0,Deep_Sleep_Minutes,0.0
p12_daily_merged,sleep_quality,Deep_Sleep_Minutes__zscore,0.0,Deep_Sleep_Minutes,0.0
p12_daily_merged,sleep_quality,Deep_Sleep_Minutes__abs_zscore,0.0,Deep_Sleep_Minutes,0.0
p12_daily_merged,sleep_quality,Deep_Sleep_Minutes__deviation,0.0,Deep_Sleep_Minutes,0.0
p12_daily_merged,sleep_quality,Sleep_Restlessness__raw,0.0,Sleep_Restlessness,0.0
p12_daily_merged,sleep_quality,Sleep_Restlessness__change,0.0,Sleep_Restlessness,0.0
p12_daily_merged,sleep_quality,Sleep_Restlessness__rolling_3,0.0,Sleep_Restlessness,0.0
p12_daily_merged,sleep_quality,Sleep_Restlessness__rolling_7,0.0,Sleep_Restlessness,0.0
p12_daily_merged,sleep_quality,Sleep_Restlessness__zscore,0.0,Sleep_Restlessness,0.0
p12_daily_merged,sleep_quality,Sleep_Restlessness__abs_zscore,0.0,Sleep_Restlessness,0.0
p12_daily_merged,sleep_quality,Sleep_Restlessness__deviation,0.0,Sleep_Restlessness,0.0
p12_daily_merged,sleep_quality,Sleep_Composition__raw,0.0,Sleep_Composition,0.0
p12_daily_merged,sleep_quality,Sleep_Composition__change,0.0,Sleep_Composition,0.0
p12_daily_merged,sleep_quality,Sleep_Composition__rolling_3,0.0,Sleep_Composition,0.0
p12_daily_merged,sleep_quality,Sleep_Composition__rolling_7,0.0,Sleep_Composition,0.0
p12_daily_merged,sleep_quality,Sleep_Composition__zscore,0.0,Sleep_Composition,0.0
p12_daily_merged,sleep_quality,Sleep_Composition__abs_zscore,0.0,Sleep_Composition,0.0
p12_daily_merged,sleep_quality,Sleep_Composition__deviation,0.0,Sleep_Composition,0.0
p12_daily_merged,sleep_quality,Sleep_Revitalization__raw,0.0,Sleep_Revitalization,0.0
p12_daily_merged,sleep_quality,Sleep_Revitalization__change,0.0,Sleep_Revitalization,0.0
p12_daily_merged,sleep_quality,Sleep_Revitalization__rolling_3,0.0,Sleep_Revitalization,0.0
p12_daily_merged,sleep_quality,Sleep_Revitalization__rolling_7,0.0,Sleep_Revitalization,0.0
p12_daily_merged,sleep_quality,Sleep_Revitalization__zscore,0.0,Sleep_Revitalization,0.0
p12_daily_merged,sleep_quality,Sleep_Revitalization__abs_zscore,0.0,Sleep_Revitalization,0.0
p12_daily_merged,sleep_quality,Sleep_Revitalization__deviation,0.0,Sleep_Revitalization,0.0
p12_daily_merged,sleep_quality,Sleep_Score__raw,0.0,Sleep_Score,0.0
p12_daily_merged,sleep_quality,Sleep_Score__change,0.0,Sleep_Score,0.0
p12_daily_merged,sleep_quality,Sleep_Score__rolling_3,0.0,Sleep_Score,0.0
p12_daily_merged,sleep_quality,Sleep_Score__rolling_7,0.0,Sleep_Score,0.0
p12_daily_merged,sleep_quality,Sleep_Score__zscore,0.0,Sleep_Score,0.0
p12_daily_merged,sleep_quality,Sleep_Score__abs_zscore,0.0,Sleep_Score,0.0
p12_daily_merged,sleep_quality,Sleep_Score__deviation,0.0,Sleep_Score,0.0
p12_daily_merged,stress,Exercise_Duration__change,0.0880384130448628,Exercise_Duration,0.08803841304486296
p12_daily_merged,stress,Exercise_Calories__abs_zscore,0.0755023281964002,Exercise_Calories,0.07550232819640033
p12_daily_merged,stress,Exercise_Calories__change,0.0714170999134749,Exercise_Calories,0.07141709991347503
p12_daily_merged,stress,Steps__abs_zscore,0.0645581444201318,Steps,0.06455814442013191
p12_daily_merged,stress,Exercise_Avg_HR__deviation,0.0520617632999893,Exercise_Avg_HR,0.05206176329998939
p12_daily_merged,stress,Steps__rolling_7,0.0487668865444827,Steps,0.04876688654448278
p12_daily_merged,stress,Exercise_Avg_HR__raw,0.0435984543474928,Exercise_Avg_HR,0.043598454347492877
p12_daily_merged,stress,Steps__rolling_3,0.0420625882883404,Steps,0.042062588288340474
p12_daily_merged,stress,Exercise_Avg_HR__change,0.0414824864530853,Exercise_Avg_HR,0.041482486453085374
p12_daily_merged,stress,Steps__change,0.0408021738488383,Steps,0.04080217384883837
p12_daily_merged,stress,Exercise_Avg_HR__zscore,0.0380506052306577,Exercise_Avg_HR,0.03805060523065777
p12_daily_merged,stress,Exercise_Calories__rolling_7,0.036733143555004,Exercise_Calories,0.03673314355500406
p12_daily_merged,stress,Exercise_Calories__rolling_3,0.0348288978848024,Exercise_Calories,0.034828897884802465
p12_daily_merged,stress,Exercise_Duration__abs_zscore,0.0335106884262862,Exercise_Duration,0.03351068842628626
p12_daily_merged,stress,Exercise_Duration__rolling_3,0.0320457079494332,Exercise_Duration,0.032045707949433254
p12_daily_merged,stress,Exercise_Distance__rolling_3,0.0293448320700737,Exercise_Distance,0.029344832070073754
p12_daily_merged,stress,Steps__zscore,0.0292391539585494,Steps,0.029239153958549452
p12_daily_merged,stress,Exercise_Count__rolling_7,0.0267923327059679,Exercise_Count,0.02679233270596795
p12_daily_merged,stress,Exercise_Duration__rolling_7,0.0222047819817836,Exercise_Duration,0.022204781981783637
p12_daily_merged,stress,Steps__raw,0.022098463597386,Steps,0.02209846359738604
p12_daily_merged,stress,Exercise_Avg_HR__abs_zscore,0.0180608406157311,Exercise_Avg_HR,0.01806084061573113
p12_daily_merged,stress,Steps__deviation,0.0179736422819739,Steps,0.017973642281973932
p12_daily_merged,stress,Exercise_Count__abs_zscore,0.0154282799757137,Exercise_Count,0.015428279975713728
p12_daily_merged,stress,Exercise_Count__rolling_3,0.0107062952178417,Exercise_Count,0.01070629521784172
p12_daily_merged,stress,Exercise_Duration__raw,0.0104790064379471,Exercise_Duration,0.010479006437947119
p12_daily_merged,stress,Exercise_Duration__deviation,0.0091027970871602,Exercise_Duration,0.009102797087160216
p12_daily_merged,stress,Exercise_Count__deviation,0.0073924555557161,Exercise_Count,0.007392455555716113
p12_daily_merged,stress,Exercise_Avg_HR__rolling_3,0.0063296441242113,Exercise_Avg_HR,0.006329644124211311
p12_daily_merged,stress,Exercise_Duration__zscore,0.005988627648418,Exercise_Duration,0.00598862764841801
p12_daily_merged,stress,Exercise_Calories__deviation,0.0053574998453298,Exercise_Calories,0.0053574998453298096
p12_daily_merged,stress,Exercise_Distance__rolling_7,0.004788631474386,Exercise_Distance,0.0047886314743860086
p12_daily_merged,stress,Exercise_Count__raw,0.0039794914419095,Exercise_Count,0.003979491441909507
p12_daily_merged,stress,Exercise_Count__zscore,0.0035383220045576,Exercise_Count,0.003538322004557606
p12_daily_merged,stress,Exercise_Calories__zscore,0.0035036962771726,Exercise_Calories,0.003503696277172606
p12_daily_merged,stress,Exercise_Calories__raw,0.0019378443884559,Exercise_Calories,0.0019378443884559035
p12_daily_merged,stress,Exercise_Count__change,0.0014251342623838,Exercise_Count,0.0014251342623838026
p12_daily_merged,stress,Exercise_Distance__deviation,0.0006453626917141,Exercise_Distance,0.0006453626917141012
p12_daily_merged,stress,Exercise_Distance__zscore,0.0002234829523332,Exercise_Distance,0.00022348295233320042
p12_daily_merged,stress,Exercise_Distance__raw,0.0,Exercise_Distance,0.0
p12_daily_merged,stress,Exercise_Distance__change,0.0,Exercise_Distance,0.0
p12_daily_merged,stress,Exercise_Distance__abs_zscore,0.0,Exercise_Distance,0.0
p12_daily_merged,stress,Exercise_Avg_HR__rolling_7,0.0,Exercise_Avg_HR,0.0
p12_daily_merged,stress,Sleep_Hours__raw,0.0,Sleep_Hours,0.0
p12_daily_merged,stress,Sleep_Hours__change,0.0,Sleep_Hours,0.0
p12_daily_merged,stress,Sleep_Hours__rolling_3,0.0,Sleep_Hours,0.0
p12_daily_merged,stress,Sleep_Hours__rolling_7,0.0,Sleep_Hours,0.0
p12_daily_merged,stress,Sleep_Hours__zscore,0.0,Sleep_Hours,0.0
p12_daily_merged,stress,Sleep_Hours__abs_zscore,0.0,Sleep_Hours,0.0
p12_daily_merged,stress,Sleep_Hours__deviation,0.0,Sleep_Hours,0.0
p12_daily_merged,stress,Sleep_Duration_Score__raw,0.0,Sleep_Duration_Score,0.0
p12_daily_merged,stress,Sleep_Duration_Score__change,0.0,Sleep_Duration_Score,0.0
p12_daily_merged,stress,Sleep_Duration_Score__rolling_3,0.0,Sleep_Duration_Score,0.0
p12_daily_merged,stress,Sleep_Duration_Score__rolling_7,0.0,Sleep_Duration_Score,0.0
p12_daily_merged,stress,Sleep_Duration_Score__zscore,0.0,Sleep_Duration_Score,0.0
p12_daily_merged,stress,Sleep_Duration_Score__abs_zscore,0.0,Sleep_Duration_Score,0.0
p12_daily_merged,stress,Sleep_Duration_Score__deviation,0.0,Sleep_Duration_Score,0.0
p12_daily_merged,stress,Deep_Sleep_Minutes__raw,0.0,Deep_Sleep_Minutes,0.0
p12_daily_merged,stress,Deep_Sleep_Minutes__change,0.0,Deep_Sleep_Minutes,0.0
p12_daily_merged,stress,Deep_Sleep_Minutes__rolling_3,0.0,Deep_Sleep_Minutes,0.0
p12_daily_merged,stress,Deep_Sleep_Minutes__rolling_7,0.0,Deep_Sleep_Minutes,0.0
p12_daily_merged,stress,Deep_Sleep_Minutes__zscore,0.0,Deep_Sleep_Minutes,0.0
p12_daily_merged,stress,Deep_Sleep_Minutes__abs_zscore,0.0,Deep_Sleep_Minutes,0.0
p12_daily_merged,stress,Deep_Sleep_Minutes__deviation,0.0,Deep_Sleep_Minutes,0.0
p12_daily_merged,stress,Sleep_Restlessness__raw,0.0,Sleep_Restlessness,0.0
p12_daily_merged,stress,Sleep_Restlessness__change,0.0,Sleep_Restlessness,0.0
p12_daily_merged,stress,Sleep_Restlessness__rolling_3,0.0,Sleep_Restlessness,0.0
p12_daily_merged,stress,Sleep_Restlessness__rolling_7,0.0,Sleep_Restlessness,0.0
p12_daily_merged,stress,Sleep_Restlessness__zscore,0.0,Sleep_Restlessness,0.0
p12_daily_merged,stress,Sleep_Restlessness__abs_zscore,0.0,Sleep_Restlessness,0.0
p12_daily_merged,stress,Sleep_Restlessness__deviation,0.0,Sleep_Restlessness,0.0
p12_daily_merged,stress,Sleep_Composition__raw,0.0,Sleep_Composition,0.0
p12_daily_merged,stress,Sleep_Composition__change,0.0,Sleep_Composition,0.0
p12_daily_merged,stress,Sleep_Composition__rolling_3,0.0,Sleep_Composition,0.0
p12_daily_merged,stress,Sleep_Composition__rolling_7,0.0,Sleep_Composition,0.0
p12_daily_merged,stress,Sleep_Composition__zscore,0.0,Sleep_Composition,0.0
p12_daily_merged,stress,Sleep_Composition__abs_zscore,0.0,Sleep_Composition,0.0
p12_daily_merged,stress,Sleep_Composition__deviation,0.0,Sleep_Composition,0.0
p12_daily_merged,stress,Sleep_Revitalization__raw,0.0,Sleep_Revitalization,0.0
p12_daily_merged,stress,Sleep_Revitalization__change,0.0,Sleep_Revitalization,0.0
p12_daily_merged,stress,Sleep_Revitalization__rolling_3,0.0,Sleep_Revitalization,0.0
p12_daily_merged,stress,Sleep_Revitalization__rolling_7,0.0,Sleep_Revitalization,0.0
p12_daily_merged,stress,Sleep_Revitalization__zscore,0.0,Sleep_Revitalization,0.0
p12_daily_merged,stress,Sleep_Revitalization__abs_zscore,0.0,Sleep_Revitalization,0.0
p12_daily_merged,stress,Sleep_Revitalization__deviation,0.0,Sleep_Revitalization,0.0
p12_daily_merged,stress,Sleep_Score__raw,0.0,Sleep_Score,0.0
p12_daily_merged,stress,Sleep_Score__change,0.0,Sleep_Score,0.0
p12_daily_merged,stress,Sleep_Score__rolling_3,0.0,Sleep_Score,0.0
p12_daily_merged,stress,Sleep_Score__rolling_7,0.0,Sleep_Score,0.0
p12_daily_merged,stress,Sleep_Score__zscore,0.0,Sleep_Score,0.0
p12_daily_merged,stress,Sleep_Score__abs_zscore,0.0,Sleep_Score,0.0
p12_daily_merged,stress,Sleep_Score__deviation,0.0,Sleep_Score,0.0
p13_daily_merged,fatigue,Steps__change,0.0852096586297531,Steps,0.08520965862975344
p13_daily_merged,fatigue,Exercise_Calories__rolling_7,0.0809165699387155,Exercise_Calories,0.08091656993871582
p13_daily_merged,fatigue,Sleep_Hours__abs_zscore,0.0659828577065162,Sleep_Hours,0.06598285770651645
p13_daily_merged,fatigue,Sleep_Restlessness__abs_zscore,0.0475432397050613,Sleep_Restlessness,0.04754323970506149
p13_daily_merged,fatigue,Steps__abs_zscore,0.0449447726900038,Steps,0.04494477269000397
p13_daily_merged,fatigue,Exercise_Distance__rolling_7,0.0448955836938109,Exercise_Distance,0.044895583693811074
p13_daily_merged,fatigue,Steps__rolling_3,0.0446718792122551,Steps,0.044671879212255274
p13_daily_merged,fatigue,Exercise_Duration__rolling_7,0.0406361853625445,Exercise_Duration,0.04063618536254466
p13_daily_merged,fatigue,Exercise_Calories__rolling_3,0.0395661923994484,Exercise_Calories,0.03956619239944855
p13_daily_merged,fatigue,Sleep_Score__abs_zscore,0.0323085567538227,Sleep_Score,0.032308556753822826
p13_daily_merged,fatigue,Exercise_Distance__rolling_3,0.0313161819228878,Exercise_Distance,0.031316181922887924
p13_daily_merged,fatigue,Steps__rolling_7,0.0263888234084815,Steps,0.026388823408481605
p13_daily_merged,fatigue,Exercise_Count__rolling_7,0.0259738515698314,Exercise_Count,0.0259738515698315
p13_daily_merged,fatigue,Exercise_Duration__rolling_3,0.0198174787353592,Exercise_Duration,0.019817478735359276
p13_daily_merged,fatigue,Sleep_Restlessness__change,0.0179329302624132,Sleep_Restlessness,0.017932930262413268
p13_daily_merged,fatigue,Exercise_Count__rolling_3,0.0175522329848807,Exercise_Count,0.017552232984880768
p13_daily_merged,fatigue,Sleep_Hours__zscore,0.0158713525287364,Sleep_Hours,0.015871352528736463
p13_daily_merged,fatigue,Sleep_Hours__change,0.0149441577147219,Sleep_Hours,0.014944157714721957
p13_daily_merged,fatigue,Sleep_Duration_Score__change,0.0139426001155064,Sleep_Duration_Score,0.013942600115506455
p13_daily_merged,fatigue,Sleep_Hours__deviation,0.0136862670982168,Sleep_Hours,0.013686267098216853
p13_daily_merged,fatigue,Deep_Sleep_Minutes__abs_zscore,0.0135118434195296,Deep_Sleep_Minutes,0.013511843419529651
p13_daily_merged,fatigue,Sleep_Composition__zscore,0.0134283993059096,Sleep_Composition,0.013428399305909652
p13_daily_merged,fatigue,Sleep_Revitalization__abs_zscore,0.0127351814024169,Sleep_Revitalization,0.01273518140241695
p13_daily_merged,fatigue,Steps__raw,0.0117808595566146,Steps,0.011780859556614644
p13_daily_merged,fatigue,Steps__deviation,0.0113047395774724,Steps,0.011304739577472443
p13_daily_merged,fatigue,Sleep_Restlessness__zscore,0.0112342032634169,Sleep_Restlessness,0.011234203263416943
p13_daily_merged,fatigue,Exercise_Count__change,0.0107013895513598,Exercise_Count,0.010701389551359842
p13_daily_merged,fatigue,Sleep_Restlessness__deviation,0.0102068871039431,Sleep_Restlessness,0.01020688710394314
p13_daily_merged,fatigue,Exercise_Duration__change,0.0094667116689358,Exercise_Duration,0.009466711668935836
p13_daily_merged,fatigue,Steps__zscore,0.0090518864526757,Steps,0.009051886452675734
p13_daily_merged,fatigue,Exercise_Calories__change,0.0085926116506932,Exercise_Calories,0.008592611650693234
p13_daily_merged,fatigue,Deep_Sleep_Minutes__change,0.008263608553852,Deep_Sleep_Minutes,0.008263608553852032
p13_daily_merged,fatigue,Exercise_Calories__zscore,0.0079851185820994,Exercise_Calories,0.00798511858209943
p13_daily_merged,fatigue,Sleep_Revitalization__change,0.0079220580149213,Sleep_Revitalization,0.00792205801492133
p13_daily_merged,fatigue,Deep_Sleep_Minutes__raw,0.0078853470558298,Deep_Sleep_Minutes,0.007885347055829831
p13_daily_merged,fatigue,Sleep_Revitalization__raw,0.0078253577011155,Sleep_Revitalization,0.007825357701115532
p13_daily_merged,fatigue,Deep_Sleep_Minutes__deviation,0.0075733853960879,Deep_Sleep_Minutes,0.007573385396087929
p13_daily_merged,fatigue,Exercise_Calories__raw,0.0075530307562115,Exercise_Calories,0.00755303075621153
p13_daily_merged,fatigue,Deep_Sleep_Minutes__zscore,0.0070590224372811,Deep_Sleep_Minutes,0.007059022437281128
p13_daily_merged,fatigue,Sleep_Hours__raw,0.0065553646337304,Sleep_Hours,0.006555364633730425
p13_daily_merged,fatigue,Sleep_Restlessness__raw,0.005310482713432,Sleep_Restlessness,0.005310482713432021
p13_daily_merged,fatigue,Sleep_Hours__rolling_3,0.0051125438232834,Sleep_Hours,0.00511254382328342
p13_daily_merged,fatigue,Sleep_Duration_Score__abs_zscore,0.0044529297346665,Sleep_Duration_Score,0.004452929734666517
p13_daily_merged,fatigue,Sleep_Score__change,0.0043344265739614,Sleep_Score,0.004334426573961416
p13_daily_merged,fatigue,Sleep_Score__rolling_3,0.0042153984618394,Sleep_Score,0.004215398461839416
p13_daily_merged,fatigue,Exercise_Avg_HR__abs_zscore,0.0037127328148681,Exercise_Avg_HR,0.0037127328148681142
p13_daily_merged,fatigue,Exercise_Avg_HR__zscore,0.0036811560027752,Exercise_Avg_HR,0.003681156002775214
p13_daily_merged,fatigue,Sleep_Restlessness__rolling_3,0.0036715303174789,Sleep_Restlessness,0.0036715303174789144
p13_daily_merged,fatigue,Sleep_Composition__raw,0.0036106191217077,Sleep_Composition,0.003610619121707714
p13_daily_merged,fatigue,Deep_Sleep_Minutes__rolling_3,0.0032520849825307,Deep_Sleep_Minutes,0.0032520849825307127
p13_daily_merged,fatigue,Exercise_Count__raw,0.0029109971965592,Exercise_Count,0.0029109971965592114
p13_daily_merged,fatigue,Exercise_Duration__zscore,0.0028501911403389,Exercise_Duration,0.0028501911403389112
p13_daily_merged,fatigue,Sleep_Duration_Score__zscore,0.0026968746463128,Sleep_Duration_Score,0.0026968746463128103
p13_daily_merged,fatigue,Sleep_Score__zscore,0.0025801527587445,Sleep_Score,0.00258015275874451
p13_daily_merged,fatigue,Exercise_Distance__deviation,0.0025285538625808,Exercise_Distance,0.00252855386258081
p13_daily_merged,fatigue,Sleep_Composition__deviation,0.0025228838183123,Sleep_Composition,0.00252288381831231
p13_daily_merged,fatigue,Sleep_Score__deviation,0.0022332477371063,Sleep_Score,0.0022332477371063086
p13_daily_merged,fatigue,Exercise_Avg_HR__deviation,0.0020994879320713,Exercise_Avg_HR,0.0020994879320713083
p13_daily_merged,fatigue,Sleep_Composition__change,0.0020832155910521,Sleep_Composition,0.002083215591052108
p13_daily_merged,fatigue,Sleep_Revitalization__zscore,0.0020678461507718,Sleep_Revitalization,0.002067846150771808
p13_daily_merged,fatigue,Exercise_Calories__abs_zscore,0.0018526513188329,Exercise_Calories,0.0018526513188329072
p13_daily_merged,fatigue,Exercise_Avg_HR__raw,0.0017671178381719,Exercise_Avg_HR,0.001767117838171907
p13_daily_merged,fatigue,Sleep_Revitalization__deviation,0.0016512906105792,Sleep_Revitalization,0.0016512906105792065
p13_daily_merged,fatigue,Sleep_Duration_Score__rolling_3,0.0016192675285733,Sleep_Duration_Score,0.0016192675285733062
p13_daily_merged,fatigue,Sleep_Composition__rolling_3,0.0016005618313759,Sleep_Composition,0.0016005618313759062
p13_daily_merged,fatigue,Sleep_Composition__abs_zscore,0.0015697677661872,Sleep_Composition,0.001569767766187206
p13_daily_merged,fatigue,Exercise_Distance__raw,0.0015170195837128,Exercise_Distance,0.0015170195837128058
p13_daily_merged,fatigue,Exercise_Avg_HR__change,0.0013880420282803,Exercise_Avg_HR,0.0013880420282803053
p13_daily_merged,fatigue,Exercise_Duration__deviation,0.0012742666043104,Exercise_Duration,0.001274266604310405
p13_daily_merged,fatigue,Sleep_Duration_Score__deviation,0.0011258737015962,Sleep_Duration_Score,0.0011258737015962044
p13_daily_merged,fatigue,Sleep_Revitalization__rolling_3,0.0008654316797376,Sleep_Revitalization,0.0008654316797376034
p13_daily_merged,fatigue,Exercise_Count__abs_zscore,0.0008133899736659,Exercise_Count,0.0008133899736659032
p13_daily_merged,fatigue,Exercise_Duration__raw,0.0006273177378202,Exercise_Duration,0.0006273177378202024
p13_daily_merged,fatigue,Exercise_Count__zscore,0.0005082620580386,Exercise_Count,0.0005082620580386019
p13_daily_merged,fatigue,Sleep_Duration_Score__raw,0.0003740431593168,Sleep_Duration_Score,0.00037404315931680146
p13_daily_merged,fatigue,Exercise_Duration__abs_zscore,0.0003159918298956,Exercise_Duration,0.00031599182989560125
p13_daily_merged,fatigue,Sleep_Hours__rolling_7,0.0002521657017208,Sleep_Hours,0.000252165701720801
p13_daily_merged,fatigue,Exercise_Count__deviation,0.0001331666384208,Exercise_Count,0.0001331666384208005
p13_daily_merged,fatigue,Sleep_Revitalization__rolling_7,7.863851230317356e-05,Sleep_Revitalization,7.863851230317387e-05
p13_daily_merged,fatigue,Exercise_Distance__change,0.0,Exercise_Distance,0.0
p13_daily_merged,fatigue,Exercise_Distance__zscore,0.0,Exercise_Distance,0.0
p13_daily_merged,fatigue,Exercise_Distance__abs_zscore,0.0,Exercise_Distance,0.0
p13_daily_merged,fatigue,Exercise_Calories__deviation,0.0,Exercise_Calories,0.0
p13_daily_merged,fatigue,Exercise_Avg_HR__rolling_3,0.0,Exercise_Avg_HR,0.0
p13_daily_merged,fatigue,Exercise_Avg_HR__rolling_7,0.0,Exercise_Avg_HR,0.0
p13_daily_merged,fatigue,Sleep_Duration_Score__rolling_7,0.0,Sleep_Duration_Score,0.0
p13_daily_merged,fatigue,Deep_Sleep_Minutes__rolling_7,0.0,Deep_Sleep_Minutes,0.0
p13_daily_merged,fatigue,Sleep_Restlessness__rolling_7,0.0,Sleep_Restlessness,0.0
p13_daily_merged,fatigue,Sleep_Composition__rolling_7,0.0,Sleep_Composition,0.0
p13_daily_merged,fatigue,Sleep_Score__raw,0.0,Sleep_Score,0.0
p13_daily_merged,fatigue,Sleep_Score__rolling_7,0.0,Sleep_Score,0.0
p13_daily_merged,mood,Exercise_Calories__change,0.1175678784728025,Exercise_Calories,0.11756787847280294
p13_daily_merged,mood,Steps__abs_zscore,0.100862006220773,Steps,0.10086200622077338
p13_daily_merged,mood,Steps__change,0.0889468209782511,Steps,0.08894682097825142
p13_daily_merged,mood,Exercise_Avg_HR__abs_zscore,0.0414030003727355,Exercise_Avg_HR,0.04140300037273565
p13_daily_merged,mood,Exercise_Calories__rolling_7,0.0405365953615964,Exercise_Calories,0.040536595361596546
p13_daily_merged,mood,Steps__rolling_3,0.0387838552432616,Steps,0.038783855243261736
p13_daily_merged,mood,Exercise_Duration__rolling_7,0.0366101480773388,Exercise_Duration,0.03661014807733893
p13_daily_merged,mood,Exercise_Count__rolling_7,0.0267075502226595,Exercise_Count,0.026707550222659596
p13_daily_merged,mood,Steps__rolling_7,0.0249110887916698,Steps,0.02491108879166989
p13_daily_merged,mood,Exercise_Duration__rolling_3,0.022376542610138,Exercise_Duration,0.02237654261013808
p13_daily_merged,mood,Steps__raw,0.0215061453497999,Steps,0.02150614534979998
p13_daily_merged,mood,Sleep_Hours__change,0.020869482941978,Sleep_Hours,0.020869482941978077
p13_daily_merged,mood,Exercise_Calories__rolling_3,0.0191000371489814,Exercise_Calories,0.01910003714898147
p13_daily_merged,mood,Exercise_Duration__change,0.0174999542214801,Exercise_Duration,0.017499954221480162
p13_daily_merged,mood,Sleep_Composition__abs_zscore,0.016991717270957,Sleep_Composition,0.016991717270957062
p13_daily_merged,mood,Sleep_Hours__deviation,0.0151040988113443,Sleep_Hours,0.015104098811344356
p13_daily_merged,mood,Deep_Sleep_Minutes__abs_zscore,0.0148819125352011,Deep_Sleep_Minutes,0.014881912535201153
p13_daily_merged,mood,Steps__zscore,0.0146633992350146,Steps,0.014663399235014654
p13_daily_merged,mood,Exercise_Distance__rolling_7,0.0141601051012892,Exercise_Distance,0.014160105101289252
p13_daily_merged,mood,Exercise_Count__rolling_3,0.0130876670709281,Exercise_Count,0.013087667070928148
p13_daily_merged,mood,Sleep_Hours__abs_zscore,0.0121898517690208,Sleep_Hours,0.012189851769020845
p13_daily_merged,mood,Sleep_Hours__raw,0.0119758582657415,Sleep_Hours,0.011975858265741544
p13_daily_merged,mood,Sleep_Duration_Score__zscore,0.0117477904477875,Sleep_Duration_Score,0.011747790447787544
p13_daily_merged,mood,Deep_Sleep_Minutes__zscore,0.0117098882357063,Deep_Sleep_Minutes,0.011709888235706343
p13_daily_merged,mood,Exercise_Distance__rolling_3,0.0109663088513884,Exercise_Distance,0.01096630885138844
p13_daily_merged,mood,Exercise_Count__abs_zscore,0.0109053556107099,Exercise_Count,0.01090535561070994
p13_daily_merged,mood,Sleep_Hours__zscore,0.0106732285272112,Sleep_Hours,0.01067322852721124
p13_daily_merged,mood,Sleep_Restlessness__abs_zscore,0.0099370161337822,Sleep_Restlessness,0.009937016133782237
p13_daily_merged,mood,Sleep_Duration_Score__raw,0.0092675420804829,Sleep_Duration_Score,0.009267542080482935
p13_daily_merged,mood,Sleep_Score__abs_zscore,0.0092134540836707,Sleep_Score,0.009213454083670733
p13_daily_merged,mood,Sleep_Restlessness__deviation,0.0086461820853198,Sleep_Restlessness,0.008646182085319832
p13_daily_merged,mood,Sleep_Restlessness__raw,0.0084514400746215,Sleep_Restlessness,0.00845144007462153
p13_daily_merged,mood,Sleep_Duration_Score__deviation,0.0083324546276726,Sleep_Duration_Score,0.00833245462767263
p13_daily_merged,mood,Steps__deviation,0.0083188264365432,Steps,0.008318826436543232
p13_daily_merged,mood,Sleep_Restlessness__zscore,0.0083085336546358,Sleep_Restlessness,0.008308533654635832
p13_daily_merged,mood,Exercise_Calories__abs_zscore,0.0082648960273749,Exercise_Calories,0.00826489602737493
p13_daily_merged,mood,Exercise_Calories__zscore,0.0081840422716178,Exercise_Calories,0.00818404227161783
p13_daily_merged,mood,Sleep_Revitalization__change,0.007440104629183,Sleep_Revitalization,0.007440104629183027
p13_daily_merged,mood,Exercise_Count__change,0.0073098900725122,Exercise_Count,0.007309890072512227
p13_daily_merged,mood,Sleep_Score__deviation,0.0062818275009284,Sleep_Score,0.006281827500928423
p13_daily_merged,mood,Deep_Sleep_Minutes__change,0.0061576026810708,Deep_Sleep_Minutes,0.006157602681070823
p13_daily_merged,mood,Sleep_Composition__raw,0.0060287696068718,Sleep_Composition,0.006028769606871822
p13_daily_merged,mood,Deep_Sleep_Minutes__raw,0.0059099545039169,Deep_Sleep_Minutes,0.0059099545039169215
p13_daily_merged,mood,Sleep_Revitalization__abs_zscore,0.005592304679153,Sleep_Revitalization,0.0055923046791530205
p13_daily_merged,mood,Sleep_Composition__rolling_3,0.0054193878928924,Sleep_Composition,0.00541938789289242
p13_daily_merged,mood,Sleep_Score__zscore,0.0053310337665518,Sleep_Score,0.00533103376655182
p13_daily_merged,mood,Sleep_Composition__zscore,0.0051275657723693,Sleep_Composition,0.005127565772369319
p13_daily_merged,mood,Sleep_Duration_Score__change,0.0050358887350206,Sleep_Duration_Score,0.005035888735020618
p13_daily_merged,mood,Sleep_Score__raw,0.0048734333684262,Sleep_Score,0.004873433368426218
p13_daily_merged,mood,Exercise_Calories__raw,0.0044772060182969,Exercise_Calories,0.004477206018296916
p13_daily_merged,mood,Exercise_Avg_HR__zscore,0.0041947170382324,Exercise_Avg_HR,0.004194717038232415
p13_daily_merged,mood,Sleep_Restlessness__change,0.004174231501881,Sleep_Restlessness,0.0041742315018810155
p13_daily_merged,mood,Sleep_Revitalization__deviation,0.0040908972430969,Sleep_Revitalization,0.004090897243096915
p13_daily_merged,mood,Sleep_Hours__rolling_3,0.0039601263445787,Sleep_Hours,0.003960126344578715
p13_daily_merged,mood,Sleep_Revitalization__rolling_3,0.0039292845594436,Sleep_Revitalization,0.003929284559443615
p13_daily_merged,mood,Sleep_Duration_Score__abs_zscore,0.0035498400837864,Sleep_Duration_Score,0.003549840083786413
p13_daily_merged,mood,Exercise_Avg_HR__raw,0.0030961905045969,Exercise_Avg_HR,0.003096190504596911
p13_daily_merged,mood,Deep_Sleep_Minutes__rolling_3,0.0030125112669233,Deep_Sleep_Minutes,0.003012511266923311
p13_daily_merged,mood,Exercise_Distance__raw,0.0028602955407017,Exercise_Distance,0.0028602955407017105
p13_daily_merged,mood,Sleep_Composition__deviation,0.0028461752149133,Sleep_Composition,0.0028461752149133105
p13_daily_merged,mood,Sleep_Composition__change,0.0022974934555507,Sleep_Composition,0.002297493455550708
p13_daily_merged,mood,Exercise_Calories__deviation,0.0020800906211323,Exercise_Calories,0.0020800906211323076
p13_daily_merged,mood,Exercise_Count__zscore,0.0015192785280577,Exercise_Count,0.0015192785280577056
p13_daily_merged,mood,Exercise_Duration__raw,0.0013554966087901,Exercise_Duration,0.001355496608790105
p13_daily_merged,mood,Sleep_Restlessness__rolling_3,0.0012569504975829,Sleep_Restlessness,0.0012569504975829045
p13_daily_merged,mood,Sleep_Revitalization__raw,0.0012126012316914,Sleep_Revitalization,0.0012126012316914043
p13_daily_merged,mood,Sleep_Score__change,0.0009608375577318,Sleep_Score,0.0009608375577318034
p13_daily_merged,mood,Sleep_Revitalization__zscore,0.0008483715007143,Sleep_Revitalization,0.0008483715007143031
p13_daily_merged,mood,Exercise_Count__deviation,0.0008409000974377,Exercise_Count,0.000840900097437703
p13_daily_merged,mood,Deep_Sleep_Minutes__deviation,0.0007805507294985,Deep_Sleep_Minutes,0.0007805507294985028
p13_daily_merged,mood,Exercise_Duration__zscore,0.000695006542728,Exercise_Duration,0.0006950065427280025
p13_daily_merged,mood,Exercise_Duration__deviation,0.0006242367584362,Exercise_Duration,0.0006242367584362023
p13_daily_merged,mood,Exercise_Distance__change,0.0005424654651061,Exercise_Distance,0.000542465465106102
p13_daily_merged,mood,Exercise_Count__raw,0.0003726071240522,Exercise_Count,0.00037260712405220135
p13_daily_merged,mood,Sleep_Composition__rolling_7,0.0001942105424913,Sleep_Composition,0.00019421054249130071
p13_daily_merged,mood,Exercise_Avg_HR__deviation,5.698899216068756e-05,Exercise_Avg_HR,5.698899216068777e-05
p13_daily_merged,mood,Exercise_Duration__abs_zscore,0.0,Exercise_Duration,0.0
p13_daily_merged,mood,Exercise_Distance__zscore,0.0,Exercise_Distance,0.0
p13_daily_merged,mood,Exercise_Distance__abs_zscore,0.0,Exercise_Distance,0.0
p13_daily_merged,mood,Exercise_Distance__deviation,0.0,Exercise_Distance,0.0
p13_daily_merged,mood,Exercise_Avg_HR__change,0.0,Exercise_Avg_HR,0.0
p13_daily_merged,mood,Exercise_Avg_HR__rolling_3,0.0,Exercise_Avg_HR,0.0
p13_daily_merged,mood,Exercise_Avg_HR__rolling_7,0.0,Exercise_Avg_HR,0.0
p13_daily_merged,mood,Sleep_Hours__rolling_7,0.0,Sleep_Hours,0.0
p13_daily_merged,mood,Sleep_Duration_Score__rolling_3,0.0,Sleep_Duration_Score,0.0
p13_daily_merged,mood,Sleep_Duration_Score__rolling_7,0.0,Sleep_Duration_Score,0.0
p13_daily_merged,mood,Deep_Sleep_Minutes__rolling_7,0.0,Deep_Sleep_Minutes,0.0
p13_daily_merged,mood,Sleep_Restlessness__rolling_7,0.0,Sleep_Restlessness,0.0
p13_daily_merged,mood,Sleep_Revitalization__rolling_7,0.0,Sleep_Revitalization,0.0
p13_daily_merged,mood,Sleep_Score__rolling_3,0.0,Sleep_Score,0.0
p13_daily_merged,mood,Sleep_Score__rolling_7,0.0,Sleep_Score,0.0
p13_daily_merged,readiness,Sleep_Restlessness__change,0.1232529376272107,Sleep_Restlessness,0.12325293762721119
p13_daily_merged,readiness,Sleep_Restlessness__abs_zscore,0.0568364557980107,Sleep_Restlessness,0.05683645579801093
p13_daily_merged,readiness,Exercise_Distance__rolling_3,0.0555111284580572,Exercise_Distance,0.055511128458057425
p13_daily_merged,readiness,Exercise_Calories__rolling_7,0.0491483450545483,Exercise_Calories,0.049148345054548494
p13_daily_merged,readiness,Deep_Sleep_Minutes__raw,0.0412033698203071,Deep_Sleep_Minutes,0.04120336982030726
p13_daily_merged,readiness,Exercise_Avg_HR__abs_zscore,0.0370025524533379,Exercise_Avg_HR,0.03700255245333805
p13_daily_merged,readiness,Exercise_Calories__rolling_3,0.0369448582876292,Exercise_Calories,0.03694485828762935
p13_daily_merged,readiness,Deep_Sleep_Minutes__zscore,0.0355317955407439,Deep_Sleep_Minutes,0.03553179554074404
p13_daily_merged,readiness,Exercise_Duration__rolling_7,0.0349722561799664,Exercise_Duration,0.03497225617996654
p13_daily_merged,readiness,Deep_Sleep_Minutes__abs_zscore,0.0323947345383996,Deep_Sleep_Minutes,0.03239473453839973
p13_daily_merged,readiness,Exercise_Distance__rolling_7,0.0230952434882528,Exercise_Distance,0.023095243488252894
p13_daily_merged,readiness,Steps__rolling_3,0.0219383568968247,Steps,0.021938356896824787
p13_daily_merged,readiness,Exercise_Count__rolling_7,0.0201902518543763,Exercise_Count,0.02019025185437638
p13_daily_merged,readiness,Exercise_Calories__change,0.0199178689092123,Exercise_Calories,0.01991786890921238
p13_daily_merged,readiness,Steps__change,0.0177186445986201,Steps,0.01771864459862017
p13_daily_merged,readiness,Steps__rolling_7,0.0175814380804199,Steps,0.01758143808041997
p13_daily_merged,readiness,Sleep_Revitalization__abs_zscore,0.0175042860629245,Sleep_Revitalization,0.01750428606292457
p13_daily_merged,readiness,Exercise_Avg_HR__change,0.0169814780261089,Exercise_Avg_HR,0.01698147802610897
p13_daily_merged,readiness,Steps__raw,0.01580069511375,Steps,0.01580069511375006
p13_daily_merged,readiness,Sleep_Restlessness__zscore,0.0153792513810235,Sleep_Restlessness,0.01537925138102356
p13_daily_merged,readiness,Deep_Sleep_Minutes__deviation,0.0145263609267509,Deep_Sleep_Minutes,0.014526360926750958
p13_daily_merged,readiness,Sleep_Hours__change,0.0135924740217197,Sleep_Hours,0.013592474021719753
p13_daily_merged,readiness,Sleep_Hours__abs_zscore,0.0127224367479618,Sleep_Hours,0.01272243674796185
p13_daily_merged,readiness,Sleep_Restlessness__deviation,0.0122606613121034,Sleep_Restlessness,0.012260661312103448
p13_daily_merged,readiness,Exercise_Count__rolling_3,0.0122383516288922,Exercise_Count,0.012238351628892249
p13_daily_merged,readiness,Sleep_Restlessness__raw,0.0121217860591609,Sleep_Restlessness,0.01212178605916095
p13_daily_merged,readiness,Sleep_Revitalization__change,0.0119989491077502,Sleep_Revitalization,0.011998949107750248
p13_daily_merged,readiness,Steps__deviation,0.0114211757524175,Steps,0.011421175752417545
p13_daily_merged,readiness,Exercise_Avg_HR__raw,0.0110957208798276,Exercise_Avg_HR,0.011095720879827645
p13_daily_merged,readiness,Exercise_Duration__change,0.0110713032230959,Exercise_Duration,0.011071303223095946
p13_daily_merged,readiness,Sleep_Score__rolling_3,0.0095259715045171,Sleep_Score,0.009525971504517138
p13_daily_merged,readiness,Exercise_Distance__change,0.0093929996718079,Exercise_Distance,0.009392999671807938
p13_daily_merged,readiness,Deep_Sleep_Minutes__change,0.009267420827951,Deep_Sleep_Minutes,0.009267420827951036
p13_daily_merged,readiness,Exercise_Avg_HR__zscore,0.0087180000590143,Exercise_Avg_HR,0.008718000059014335
p13_daily_merged,readiness,Exercise_Duration__abs_zscore,0.0082707062824234,Exercise_Duration,0.008270706282423433
p13_daily_merged,readiness,Exercise_Calories__zscore,0.0080637958010607,Exercise_Calories,0.008063795801060734
p13_daily_merged,readiness,Exercise_Duration__rolling_3,0.0079694557563338,Exercise_Duration,0.007969455756333831
p13_daily_merged,readiness,Deep_Sleep_Minutes__rolling_3,0.0073611475499102,Deep_Sleep_Minutes,0.0073611475499102295
p13_daily_merged,readiness,Exercise_Distance__raw,0.0071849186844878,Exercise_Distance,0.007184918684487829
p13_daily_merged,readiness,Steps__abs_zscore,0.0070153138321353,Steps,0.007015313832135328
p13_daily_merged,readiness,Steps__zscore,0.0069440462195905,Steps,0.006944046219590528
p13_daily_merged,readiness,Exercise_Avg_HR__deviation,0.0065899556282338,Exercise_Avg_HR,0.006589955628233826
p13_daily_merged,readiness,Sleep_Hours__rolling_3,0.0064602301062166,Sleep_Hours,0.006460230106216626
p13_daily_merged,readiness,Sleep_Duration_Score__abs_zscore,0.0063266091247309,Sleep_Duration_Score,0.006326609124730925
p13_daily_merged,readiness,Exercise_Count__change,0.0054571690408931,Exercise_Count,0.005457169040893122
p13_daily_merged,readiness,Exercise_Duration__deviation,0.0053238707026449,Exercise_Duration,0.005323870702644922
p13_daily_merged,readiness,Sleep_Duration_Score__change,0.0053213889362815,Sleep_Duration_Score,0.005321388936281522
p13_daily_merged,readiness,Exercise_Distance__abs_zscore,0.0047956763411969,Exercise_Distance,0.004795676341196919
p13_daily_merged,readiness,Exercise_Count__raw,0.0044235882801966,Exercise_Count,0.004423588280196618
p13_daily_merged,readiness,Sleep_Revitalization__zscore,0.0041589713232466,Sleep_Revitalization,0.004158971323246616
p13_daily_merged,readiness,Exercise_Count__abs_zscore,0.0040219335414348,Exercise_Count,0.004021933541434816
p13_daily_merged,readiness,Sleep_Composition__zscore,0.0039445431324225,Sleep_Composition,0.003944543132422516
p13_daily_merged,readiness,Sleep_Restlessness__rolling_3,0.0034838713267614,Sleep_Restlessness,0.003483871326761414
p13_daily_merged,readiness,Sleep_Revitalization__deviation,0.0033706001691447,Sleep_Revitalization,0.0033706001691447135
p13_daily_merged,readiness,Sleep_Hours__raw,0.0032088568162186,Sleep_Hours,0.003208856816218613
p13_daily_merged,readiness,Sleep_Composition__change,0.0031169425241665,Sleep_Composition,0.0031169425241665124
p13_daily_merged,readiness,Sleep_Composition__raw,0.0027198183931153,Sleep_Composition,0.002719818393115311
p13_daily_merged,readiness,Sleep_Score__deviation,0.0024639329460339,Sleep_Score,0.00246393294603391
p13_daily_merged,readiness,Exercise_Calories__raw,0.0022111773964246,Exercise_Calories,0.002211177396424609
p13_daily_merged,readiness,Sleep_Duration_Score__raw,0.0016910251368873,Sleep_Duration_Score,0.0016910251368873067
p13_daily_merged,readiness,Exercise_Duration__raw,0.0016244988212036,Exercise_Duration,0.0016244988212036065
p13_daily_merged,readiness,Sleep_Score__raw,0.0016231636191076,Sleep_Score,0.0016231636191076065
p13_daily_merged,readiness,Deep_Sleep_Minutes__rolling_7,0.0015631119121605,Deep_Sleep_Minutes,0.0015631119121605063
p13_daily_merged,readiness,Sleep_Duration_Score__deviation,0.0015574644435591,Sleep_Duration_Score,0.0015574644435591063
p13_daily_merged,readiness,Sleep_Hours__deviation,0.0015266984841993,Sleep_Hours,0.001526698484199306
p13_daily_merged,readiness,Sleep_Hours__rolling_7,0.0014462060299581,Sleep_Hours,0.0014462060299581059
p13_daily_merged,readiness,Exercise_Calories__abs_zscore,0.0010439026846033,Exercise_Calories,0.0010439026846033041
p13_daily_merged,readiness,Sleep_Hours__zscore,0.0010201159128181,Sleep_Hours,0.0010201159128181041
p13_daily_merged,readiness,Exercise_Distance__zscore,0.0009585398462527,Exercise_Distance,0.0009585398462527038
p13_daily_merged,readiness,Sleep_Composition__deviation,0.0009347878688457,Sleep_Composition,0.0009347878688457037
p13_daily_merged,readiness,Sleep_Score__abs_zscore,0.0008947560483125,Sleep_Score,0.0008947560483125035
p13_daily_merged,readiness,Sleep_Revitalization__raw,0.0008823585454139,Sleep_Revitalization,0.0008823585454139036
p13_daily_merged,readiness,Sleep_Revitalization__rolling_3,0.0008673783908275,Sleep_Revitalization,0.0008673783908275034
p13_daily_merged,readiness,Sleep_Duration_Score__zscore,0.0008448594127716,Sleep_Duration_Score,0.0008448594127716034
p13_daily_merged,readiness,Sleep_Composition__abs_zscore,0.0008311358980904,Sleep_Composition,0.0008311358980904034
p13_daily_merged,readiness,Exercise_Calories__deviation,0.0007700511645233,Exercise_Calories,0.0007700511645233031
p13_daily_merged,readiness,Exercise_Count__zscore,0.0004237990708662,Exercise_Count,0.00042379907086620167
p13_daily_merged,readiness,Exercise_Duration__zscore,0.0002360793552671,Exercise_Duration,0.00023607935526710094
p13_daily_merged,readiness,Sleep_Duration_Score__rolling_3,0.0001588401010663,Sleep_Duration_Score,0.00015884010106630064
p13_daily_merged,readiness,Sleep_Score__zscore,3.3147505262538154e-05,Sleep_Score,3.314750526253829e-05
p13_daily_merged,readiness,Exercise_Count__deviation,0.0,Exercise_Count,0.0
p13_daily_merged,readiness,Exercise_Distance__deviation,0.0,Exercise_Distance,0.0
p13_daily_merged,readiness,Exercise_Avg_HR__rolling_3,0.0,Exercise_Avg_HR,0.0
p13_daily_merged,readiness,Exercise_Avg_HR__rolling_7,0.0,Exercise_Avg_HR,0.0
p13_daily_merged,readiness,Sleep_Duration_Score__rolling_7,0.0,Sleep_Duration_Score,0.0
p13_daily_merged,readiness,Sleep_Restlessness__rolling_7,0.0,Sleep_Restlessness,0.0
p13_daily_merged,readiness,Sleep_Composition__rolling_3,0.0,Sleep_Composition,0.0
p13_daily_merged,readiness,Sleep_Composition__rolling_7,0.0,Sleep_Composition,0.0
p13_daily_merged,readiness,Sleep_Revitalization__rolling_7,0.0,Sleep_Revitalization,0.0
p13_daily_merged,readiness,Sleep_Score__change,0.0,Sleep_Score,0.0
p13_daily_merged,readiness,Sleep_Score__rolling_7,0.0,Sleep_Score,0.0
p13_daily_merged,sleep_quality,Steps__abs_zscore,0.0869297922890198,Steps,0.0869297922890201
p13_daily_merged,sleep_quality,Steps__change,0.0695675358080996,Steps,0.06956753580809984
p13_daily_merged,sleep_quality,Exercise_Calories__rolling_7,0.0633429637999581,Exercise_Calories,0.06334296379995832
p13_daily_merged,sleep_quality,Steps__rolling_3,0.055017532190164,Steps,0.055017532190164184
p13_daily_merged,sleep_quality,Sleep_Score__abs_zscore,0.0485797181662197,Sleep_Score,0.048579718166219865
p13_daily_merged,sleep_quality,Exercise_Calories__rolling_3,0.0442163710147249,Exercise_Calories,0.04421637101472505
p13_daily_merged,sleep_quality,Sleep_Hours__change,0.0404634569001952,Sleep_Hours,0.04046345690019534
p13_daily_merged,sleep_quality,Sleep_Hours__abs_zscore,0.0362645198319544,Sleep_Hours,0.03626451983195453
p13_daily_merged,sleep_quality,Exercise_Calories__change,0.0312990131340371,Exercise_Calories,0.03129901313403721
p13_daily_merged,sleep_quality,Deep_Sleep_Minutes__abs_zscore,0.0258360880268476,Deep_Sleep_Minutes,0.02583608802684769
p13_daily_merged,sleep_quality,Sleep_Hours__raw,0.0226005596228618,Sleep_Hours,0.022600559622861876
p13_daily_merged,sleep_quality,Sleep_Score__rolling_7,0.0219344584348374,Sleep_Score,0.021934458434837475
p13_daily_merged,sleep_quality,Exercise_Duration__change,0.0217414890331842,Exercise_Duration,0.021741489033184278
p13_daily_merged,sleep_quality,Sleep_Revitalization__deviation,0.0212778647109244,Sleep_Revitalization,0.021277864710924473
p13_daily_merged,sleep_quality,Steps__raw,0.0209188037543983,Steps,0.020918803754398373
p13_daily_merged,sleep_quality,Sleep_Hours__deviation,0.0197714871975333,Sleep_Hours,0.01977148719753337
p13_daily_merged,sleep_quality,Exercise_Duration__rolling_7,0.0196331143166428,Exercise_Duration,0.019633114316642865
p13_daily_merged,sleep_quality,Exercise_Count__rolling_7,0.0193432937128082,Exercise_Count,0.019343293712808265
p13_daily_merged,sleep_quality,Sleep_Duration_Score__change,0.0191666830467055,Sleep_Duration_Score,0.019166683046705567
p13_daily_merged,sleep_quality,Steps__rolling_7,0.01685883590806,Steps,0.01685883590806006
p13_daily_merged,sleep_quality,Sleep_Revitalization__rolling_3,0.0167975581774354,Sleep_Revitalization,0.01679755817743546
p13_daily_merged,sleep_quality,Steps__deviation,0.0159925709699444,Steps,0.015992570969944456
p13_daily_merged,sleep_quality,Deep_Sleep_Minutes__rolling_7,0.0153733820341403,Deep_Sleep_Minutes,0.015373382034140353
p13_daily_merged,sleep_quality,Sleep_Hours__zscore,0.0152806798630476,Sleep_Hours,0.015280679863047653
p13_daily_merged,sleep_quality,Sleep_Revitalization__zscore,0.0141645506973926,Sleep_Revitalization,0.014164550697392649
p13_daily_merged,sleep_quality,Exercise_Distance__rolling_3,0.0129596088779734,Exercise_Distance,0.012959608877973445
p13_daily_merged,sleep_quality,Steps__zscore,0.0124004681374143,Steps,0.012400468137414343
p13_daily_merged,sleep_quality,Deep_Sleep_Minutes__change,0.0116340545244553,Deep_Sleep_Minutes,0.01163405452445534
p13_daily_merged,sleep_quality,Exercise_Distance__rolling_7,0.0111833644173406,Exercise_Distance,0.011183364417340639
p13_daily_merged,sleep_quality,Exercise_Count__rolling_3,0.0106554872332258,Exercise_Count,0.010655487233225836
p13_daily_merged,sleep_quality,Sleep_Restlessness__rolling_3,0.0104134705874968,Sleep_Restlessness,0.010413470587496837
p13_daily_merged,sleep_quality,Sleep_Restlessness__abs_zscore,0.0090017700298294,Sleep_Restlessness,0.009001770029829432
p13_daily_merged,sleep_quality,Deep_Sleep_Minutes__raw,0.0085910282998741,Deep_Sleep_Minutes,0.00859102829987413
p13_daily_merged,sleep_quality,Sleep_Composition__change,0.008290303927836,Sleep_Composition,0.008290303927836027
p13_daily_merged,sleep_quality,Sleep_Composition__abs_zscore,0.0078837221862365,Sleep_Composition,0.007883722186236527
p13_daily_merged,sleep_quality,Exercise_Duration__rolling_3,0.0075994351511994,Exercise_Duration,0.007599435151199426
p13_daily_merged,sleep_quality,Sleep_Revitalization__abs_zscore,0.0074636829088665,Sleep_Revitalization,0.0074636829088665264
p13_daily_merged,sleep_quality,Sleep_Composition__rolling_3,0.0063217094883012,Sleep_Composition,0.0063217094883012215
p13_daily_merged,sleep_quality,Sleep_Duration_Score__raw,0.0060632433945701,Sleep_Duration_Score,0.006063243394570121
p13_daily_merged,sleep_quality,Sleep_Restlessness__change,0.0056527927620374,Sleep_Restlessness,0.0056527927620374195
p13_daily_merged,sleep_quality,Sleep_Hours__rolling_3,0.0055847309881232,Sleep_Hours,0.005584730988123219
p13_daily_merged,sleep_quality,Sleep_Revitalization__raw,0.0054919127451566,Sleep_Revitalization,0.005491912745156619
p13_daily_merged,sleep_quality,Exercise_Calories__raw,0.0051809844383345,Exercise_Calories,0.0051809844383345184
p13_daily_merged,sleep_quality,Exercise_Avg_HR__zscore,0.0046767424720657,Exercise_Avg_HR,0.004676742472065717
p13_daily_merged,sleep_quality,Exercise_Count__change,0.004654741609606,Exercise_Count,0.004654741609606015
p13_daily_merged,sleep_quality,Sleep_Duration_Score__zscore,0.0044277972363982,Sleep_Duration_Score,0.004427797236398216
p13_daily_merged,sleep_quality,Sleep_Revitalization__change,0.003903155012638,Sleep_Revitalization,0.0039031550126380136
p13_daily_merged,sleep_quality,Sleep_Duration_Score__deviation,0.0036891709610788,Sleep_Duration_Score,0.0036891709610788128
p13_daily_merged,sleep_quality,Exercise_Duration__raw,0.0035906570447317,Exercise_Duration,0.003590657044731712
p13_daily_merged,sleep_quality,Exercise_Calories__deviation,0.0035631153778585,Exercise_Calories,0.0035631153778585122
p13_daily_merged,sleep_quality,Deep_Sleep_Minutes__zscore,0.0029789151315014,Deep_Sleep_Minutes,0.0029789151315014104
p13_daily_merged,sleep_quality,Deep_Sleep_Minutes__deviation,0.0028508952595938,Deep_Sleep_Minutes,0.00285089525959381
p13_daily_merged,sleep_quality,Sleep_Score__zscore,0.0028061860422228,Sleep_Score,0.0028061860422228095
p13_daily_merged,sleep_quality,Exercise_Count__zscore,0.0024042383762573,Exercise_Count,0.0024042383762573082
p13_daily_merged,sleep_quality,Exercise_Duration__abs_zscore,0.0023511109710182,Exercise_Duration,0.002351110971018208
p13_daily_merged,sleep_quality,Exercise_Avg_HR__abs_zscore,0.0020433812613751,Exercise_Avg_HR,0.002043381261375107
p13_daily_merged,sleep_quality,Sleep_Score__deviation,0.0018744401681985,Sleep_Score,0.0018744401681985066
p13_daily_merged,sleep_quality,Exercise_Calories__abs_zscore,0.0018545787294319,Exercise_Calories,0.0018545787294319063
p13_daily_merged,sleep_quality,Sleep_Score__raw,0.0016164253238742,Sleep_Score,0.0016164253238742056
p13_daily_merged,sleep_quality,Sleep_Duration_Score__abs_zscore,0.0016062012698843,Sleep_Duration_Score,0.0016062012698843055
p13_daily_merged,sleep_quality,Exercise_Avg_HR__raw,0.0015767071899481,Exercise_Avg_HR,0.0015767071899481053
p13_daily_merged,sleep_quality,Exercise_Count__raw,0.0014939076493665,Exercise_Count,0.0014939076493665053
p13_daily_merged,sleep_quality,Exercise_Avg_HR__deviation,0.0014307818129022,Exercise_Avg_HR,0.001430781812902205
p13_daily_merged,sleep_quality,Exercise_Count__deviation,0.001417224061665,Exercise_Count,0.0014172240616650048
p13_daily_merged,sleep_quality,Exercise_Distance__change,0.0013145806620226,Exercise_Distance,0.0013145806620226046
p13_daily_merged,sleep_quality,Sleep_Restlessness__zscore,0.0010032744440918,Sleep_Restlessness,0.0010032744440918034
p13_daily_merged,sleep_quality,Sleep_Composition__deviation,0.0009351671288223,Sleep_Composition,0.0009351671288223033
p13_daily_merged,sleep_quality,Exercise_Duration__zscore,0.0008494461367135,Exercise_Duration,0.0008494461367135029
p13_daily_merged,sleep_quality,Deep_Sleep_Minutes__rolling_3,0.0007906292807118,Deep_Sleep_Minutes,0.0007906292807118027
p13_daily_merged,sleep_quality,Sleep_Restlessness__deviation,0.0007436083768249,Sleep_Restlessness,0.0007436083768249026
p13_daily_merged,sleep_quality,Exercise_Calories__zscore,0.0007291849888182,Exercise_Calories,0.0007291849888182025
p13_daily_merged,sleep_quality,Sleep_Score__change,0.0005983466089495,Sleep_Score,0.0005983466089495021
p13_daily_merged,sleep_quality,Sleep_Composition__raw,0.000500797523594,Sleep_Composition,0.0005007975235940017
p13_daily_merged,sleep_quality,Sleep_Duration_Score__rolling_3,0.0004703521803595,Sleep_Duration_Score,0.00047035218035950164
p13_daily_merged,sleep_quality,Sleep_Composition__zscore,0.0002588937028505,Sleep_Composition,0.0002588937028505009
p13_daily_merged,sleep_quality,Sleep_Score__rolling_3,0.0001548955505885,Sleep_Score,0.00015489555058850055
p13_daily_merged,sleep_quality,Exercise_Count__abs_zscore,5.6004144585326914e-05,Exercise_Count,5.6004144585327104e-05
p13_daily_merged,sleep_quality,Sleep_Restlessness__raw,4.035357004027062e-05,Sleep_Restlessness,4.0353570040270756e-05
p13_daily_merged,sleep_quality,Exercise_Duration__deviation,0.0,Exercise_Duration,0.0
p13_daily_merged,sleep_quality,Exercise_Distance__raw,0.0,Exercise_Distance,0.0
p13_daily_merged,sleep_quality,Exercise_Distance__zscore,0.0,Exercise_Distance,0.0
p13_daily_merged,sleep_quality,Exercise_Distance__abs_zscore,0.0,Exercise_Distance,0.0
p13_daily_merged,sleep_quality,Exercise_Distance__deviation,0.0,Exercise_Distance,0.0
p13_daily_merged,sleep_quality,Exercise_Avg_HR__change,0.0,Exercise_Avg_HR,0.0
p13_daily_merged,sleep_quality,Exercise_Avg_HR__rolling_3,0.0,Exercise_Avg_HR,0.0
p13_daily_merged,sleep_quality,Exercise_Avg_HR__rolling_7,0.0,Exercise_Avg_HR,0.0
p13_daily_merged,sleep_quality,Sleep_Hours__rolling_7,0.0,Sleep_Hours,0.0
p13_daily_merged,sleep_quality,Sleep_Duration_Score__rolling_7,0.0,Sleep_Duration_Score,0.0
p13_daily_merged,sleep_quality,Sleep_Restlessness__rolling_7,0.0,Sleep_Restlessness,0.0
p13_daily_merged,sleep_quality,Sleep_Composition__rolling_7,0.0,Sleep_Composition,0.0
p13_daily_merged,sleep_quality,Sleep_Revitalization__rolling_7,0.0,Sleep_Revitalization,0.0
p13_daily_merged,stress,Steps__abs_zscore,0.1095961670956122,Steps,0.1095961670956126
p13_daily_merged,stress,Steps__change,0.1012652238518192,Steps,0.10126522385181956
p13_daily_merged,stress,Exercise_Duration__change,0.0983651147498429,Exercise_Duration,0.09836511474984325
p13_daily_merged,stress,Exercise_Calories__rolling_7,0.0930279163972258,Exercise_Calories,0.09302791639722613
p13_daily_merged,stress,Exercise_Count__rolling_7,0.0736127461069915,Exercise_Count,0.07361274610699177
p13_daily_merged,stress,Steps__rolling_3,0.0454267250241097,Steps,0.04542672502410986
p13_daily_merged,stress,Exercise_Duration__rolling_7,0.0431063668505445,Exercise_Duration,0.043106366850544656
p13_daily_merged,stress,Exercise_Distance__rolling_7,0.0348969034297971,Exercise_Distance,0.034896903429797226
p13_daily_merged,stress,Steps__deviation,0.027114852393916,Steps,0.027114852393916096
p13_daily_merged,stress,Steps__raw,0.0224031300518541,Steps,0.02240313005185418
p13_daily_merged,stress,Steps__zscore,0.0222797113001349,Steps,0.02227971130013498
p13_daily_merged,stress,Exercise_Calories__change,0.0188634987174836,Exercise_Calories,0.018863498717483666
p13_daily_merged,stress,Steps__rolling_7,0.0179652023247338,Steps,0.01796520232473386
p13_daily_merged,stress,Sleep_Duration_Score__rolling_3,0.0178745704587636,Sleep_Duration_Score,0.017874570458763662
p13_daily_merged,stress,Exercise_Calories__rolling_3,0.0161275930537896,Exercise_Calories,0.01612759305378966
p13_daily_merged,stress,Exercise_Duration__rolling_3,0.0150194190676797,Exercise_Duration,0.015019419067679753
p13_daily_merged,stress,Exercise_Count__rolling_3,0.0145554983078124,Exercise_Count,0.014555498307812453
p13_daily_merged,stress,Sleep_Restlessness__rolling_3,0.0144288164349188,Sleep_Restlessness,0.014428816434918851
p13_daily_merged,stress,Sleep_Hours__abs_zscore,0.0126108236182349,Sleep_Hours,0.012610823618234944
p13_daily_merged,stress,Sleep_Revitalization__change,0.012038145547499,Sleep_Revitalization,0.012038145547499043
p13_daily_merged,stress,Sleep_Restlessness__abs_zscore,0.0105670492977226,Sleep_Restlessness,0.010567049297722638
p13_daily_merged,stress,Exercise_Calories__deviation,0.0104828771076683,Exercise_Calories,0.010482877107668336
p13_daily_merged,stress,Deep_Sleep_Minutes__zscore,0.0095508648304427,Deep_Sleep_Minutes,0.009550864830442735
p13_daily_merged,stress,Sleep_Composition__deviation,0.0085298282506453,Sleep_Composition,0.008529828250645329
p13_daily_merged,stress,Sleep_Hours__rolling_3,0.0077342860155428,Sleep_Hours,0.007734286015542827
p13_daily_merged,stress,Deep_Sleep_Minutes__raw,0.0071069897208318,Deep_Sleep_Minutes,0.007106989720831825
p13_daily_merged,stress,Exercise_Count__change,0.0070718041497673,Exercise_Count,0.007071804149767325
p13_daily_merged,stress,Sleep_Composition__raw,0.0070357249792609,Sleep_Composition,0.007035724979260925
p13_daily_merged,stress,Deep_Sleep_Minutes__change,0.006956080141565,Deep_Sleep_Minutes,0.006956080141565024
p13_daily_merged,stress,Sleep_Composition__zscore,0.0066910435040262,Sleep_Composition,0.006691043504026223
p13_daily_merged,stress,Sleep_Revitalization__rolling_3,0.0059613893200835,Sleep_Revitalization,0.0059613893200835206
p13_daily_merged,stress,Exercise_Calories__zscore,0.0058898450085184,Exercise_Calories,0.005889845008518421
p13_daily_merged,stress,Exercise_Calories__raw,0.0055481703995396,Exercise_Calories,0.00554817039953962
p13_daily_merged,stress,Exercise_Calories__abs_zscore,0.0053481263635528,Exercise_Calories,0.005348126363552819
p13_daily_merged,stress,Sleep_Score__rolling_3,0.005329440762221,Sleep_Score,0.005329440762221019
p13_daily_merged,stress,Deep_Sleep_Minutes__abs_zscore,0.0051283652649017,Deep_Sleep_Minutes,0.005128365264901718
p13_daily_merged,stress,Sleep_Restlessness__zscore,0.004396693486216,Sleep_Restlessness,0.0043966934862160155
p13_daily_merged,stress,Exercise_Count__abs_zscore,0.0043946233631907,Exercise_Count,0.004394623363190716
p13_daily_merged,stress,Deep_Sleep_Minutes__rolling_3,0.0042614392390956,Deep_Sleep_Minutes,0.0042614392390956145
p13_daily_merged,stress,Sleep_Restlessness__raw,0.0042316803319073,Sleep_Restlessness,0.004231680331907315
p13_daily_merged,stress,Sleep_Hours__change,0.0041269546266516,Sleep_Hours,0.004126954626651615
p13_daily_merged,stress,Exercise_Distance__rolling_3,0.0040821206090017,Exercise_Distance,0.004082120609001714
p13_daily_merged,stress,Sleep_Duration_Score__raw,0.0037771669057907,Sleep_Duration_Score,0.0037771669057907135
p13_daily_merged,stress,Sleep_Duration_Score__abs_zscore,0.003520632492415,Sleep_Duration_Score,0.0035206324924150125
p13_daily_merged,stress,Sleep_Revitalization__abs_zscore,0.003384479195293,Sleep_Revitalization,0.003384479195293012
p13_daily_merged,stress,Sleep_Restlessness__deviation,0.0032034237237592,Sleep_Restlessness,0.0032034237237592114
p13_daily_merged,stress,Deep_Sleep_Minutes__deviation,0.0026758823167602,Deep_Sleep_Minutes,0.0026758823167602097
p13_daily_merged,stress,Sleep_Revitalization__deviation,0.0026649224291585,Sleep_Revitalization,0.0026649224291585096
p13_daily_merged,stress,Sleep_Score__abs_zscore,0.0026639463154972,Sleep_Score,0.0026639463154972095
p13_daily_merged,stress,Sleep_Composition__abs_zscore,0.00261629090458,Sleep_Composition,0.0026162909045800093
p13_daily_merged,stress,Exercise_Duration__deviation,0.0023688533612118,Exercise_Duration,0.002368853361211808
p13_daily_merged,stress,Sleep_Hours__zscore,0.0019743898572859,Sleep_Hours,0.0019743898572859068
p13_daily_merged,stress,Sleep_Restlessness__change,0.0019626137769711,Sleep_Restlessness,0.001962613776971107
p13_daily_merged,stress,Exercise_Count__zscore,0.0018943924426103,Exercise_Count,0.0018943924426103066
p13_daily_merged,stress,Exercise_Avg_HR__deviation,0.0016606337379892,Exercise_Avg_HR,0.0016606337379892059
p13_daily_merged,stress,Sleep_Duration_Score__change,0.0015988379596897,Sleep_Duration_Score,0.0015988379596897056
p13_daily_merged,stress,Exercise_Count__deviation,0.0014530804517071,Exercise_Count,0.0014530804517071051
p13_daily_merged,stress,Sleep_Composition__change,0.0013999393890073,Sleep_Composition,0.0013999393890073049
p13_daily_merged,stress,Sleep_Revitalization__raw,0.0011861364100422,Sleep_Revitalization,0.0011861364100422041
p13_daily_merged,stress,Sleep_Hours__raw,0.0011614450736285,Sleep_Hours,0.0011614450736285042
p13_daily_merged,stress,Exercise_Avg_HR__abs_zscore,0.0011427697993131,Exercise_Avg_HR,0.001142769799313104
p13_daily_merged,stress,Sleep_Hours__deviation,0.0010942414999801,Sleep_Hours,0.001094241499980104
p13_daily_merged,stress,Sleep_Score__deviation,0.0009985972874318,Sleep_Score,0.0009985972874318036
p13_daily_merged,stress,Sleep_Revitalization__zscore,0.0007713961611054,Sleep_Revitalization,0.0007713961611054027
p13_daily_merged,stress,Exercise_Duration__zscore,0.0007653893161065,Exercise_Duration,0.0007653893161065027
p13_daily_merged,stress,Exercise_Duration__abs_zscore,0.0007258157595039,Exercise_Duration,0.0007258157595039026
p13_daily_merged,stress,Sleep_Score__zscore,0.0006897633362153,Sleep_Score,0.0006897633362153025
p13_daily_merged,stress,Sleep_Duration_Score__zscore,0.0005988616896043,Sleep_Duration_Score,0.0005988616896043022
p13_daily_merged,stress,Sleep_Composition__rolling_3,0.0003241861567903,Sleep_Composition,0.00032418615679030114
p13_daily_merged,stress,Exercise_Avg_HR__zscore,0.0002754936692892,Exercise_Avg_HR,0.00027549366928920096
p13_daily_merged,stress,Exercise_Distance__change,0.0002290851813429,Exercise_Distance,0.0002290851813429008
p13_daily_merged,stress,Sleep_Score__change,0.0002135118448006,Sleep_Score,0.00021351184480060075
p13_daily_merged,stress,Exercise_Count__raw,0.0,Exercise_Count,0.0
p13_daily_merged,stress,Exercise_Duration__raw,0.0,Exercise_Duration,0.0
p13_daily_merged,stress,Exercise_Distance__raw,0.0,Exercise_Distance,0.0
p13_daily_merged,stress,Exercise_Distance__zscore,0.0,Exercise_Distance,0.0
p13_daily_merged,stress,Exercise_Distance__abs_zscore,0.0,Exercise_Distance,0.0
p13_daily_merged,stress,Exercise_Distance__deviation,0.0,Exercise_Distance,0.0
p13_daily_merged,stress,Exercise_Avg_HR__raw,0.0,Exercise_Avg_HR,0.0
p13_daily_merged,stress,Exercise_Avg_HR__change,0.0,Exercise_Avg_HR,0.0
p13_daily_merged,stress,Exercise_Avg_HR__rolling_3,0.0,Exercise_Avg_HR,0.0
p13_daily_merged,stress,Exercise_Avg_HR__rolling_7,0.0,Exercise_Avg_HR,0.0
p13_daily_merged,stress,Sleep_Hours__rolling_7,0.0,Sleep_Hours,0.0
p13_daily_merged,stress,Sleep_Duration_Score__rolling_7,0.0,Sleep_Duration_Score,0.0
p13_daily_merged,stress,Sleep_Duration_Score__deviation,0.0,Sleep_Duration_Score,0.0
p13_daily_merged,stress,Deep_Sleep_Minutes__rolling_7,0.0,Deep_Sleep_Minutes,0.0
p13_daily_merged,stress,Sleep_Restlessness__rolling_7,0.0,Sleep_Restlessness,0.0
p13_daily_merged,stress,Sleep_Composition__rolling_7,0.0,Sleep_Composition,0.0
p13_daily_merged,stress,Sleep_Revitalization__rolling_7,0.0,Sleep_Revitalization,0.0
p13_daily_merged,stress,Sleep_Score__raw,0.0,Sleep_Score,0.0
p13_daily_merged,stress,Sleep_Score__rolling_7,0.0,Sleep_Score,0.0
p14_daily_merged,fatigue,Sleep_Duration_Score__change,0.0605953611219072,Sleep_Duration_Score,0.06059536112190746
p14_daily_merged,fatigue,Sleep_Hours__abs_zscore,0.0452411969884712,Sleep_Hours,0.04524119698847139
p14_daily_merged,fatigue,Sleep_Score__rolling_3,0.0401064345335731,Sleep_Score,0.040106434533573265
p14_daily_merged,fatigue,Sleep_Restlessness__change,0.0377889230075297,Sleep_Restlessness,0.03778892300752986
p14_daily_merged,fatigue,Exercise_Calories__rolling_3,0.0340708577473899,Exercise_Calories,0.03407085774739005
p14_daily_merged,fatigue,Exercise_Avg_HR__change,0.0324307949073592,Exercise_Avg_HR,0.03243079490735934
p14_daily_merged,fatigue,Sleep_Restlessness__zscore,0.0319984444730842,Sleep_Restlessness,0.03199844447308433
p14_daily_merged,fatigue,Sleep_Score__change,0.0314453301993109,Sleep_Score,0.03144533019931103
p14_daily_merged,fatigue,Exercise_Duration__rolling_3,0.0293287138171423,Exercise_Duration,0.029328713817142426
p14_daily_merged,fatigue,Sleep_Restlessness__deviation,0.0254794045932655,Sleep_Restlessness,0.025479404593265607
p14_daily_merged,fatigue,Exercise_Calories__abs_zscore,0.0236787194670588,Exercise_Calories,0.0236787194670589
p14_daily_merged,fatigue,Steps__abs_zscore,0.0227729686985255,Steps,0.022772968698525596
p14_daily_merged,fatigue,Sleep_Revitalization__rolling_3,0.0227008745849002,Sleep_Revitalization,0.022700874584900298
p14_daily_merged,fatigue,Steps__rolling_3,0.0203372146291272,Steps,0.020337214629127288
p14_daily_merged,fatigue,Sleep_Score__abs_zscore,0.0200117279544864,Sleep_Score,0.020011727954486483
p14_daily_merged,fatigue,Sleep_Restlessness__raw,0.0194291741157094,Sleep_Restlessness,0.019429174115709484
p14_daily_merged,fatigue,Exercise_Duration__rolling_7,0.0176482957243269,Exercise_Duration,0.01764829572432697
p14_daily_merged,fatigue,Sleep_Duration_Score__abs_zscore,0.0175544092949015,Sleep_Duration_Score,0.017554409294901572
p14_daily_merged,fatigue,Sleep_Restlessness__abs_zscore,0.016457207563914,Sleep_Restlessness,0.01645720756391407
p14_daily_merged,fatigue,Exercise_Distance__rolling_7,0.0150621480660257,Exercise_Distance,0.015062148066025764
p14_daily_merged,fatigue,Sleep_Hours__change,0.0146790427481206,Sleep_Hours,0.014679042748120662
p14_daily_merged,fatigue,Exercise_Duration__abs_zscore,0.0138759334652803,Exercise_Duration,0.01387593346528036
p14_daily_merged,fatigue,Exercise_Calories__rolling_7,0.0137475593287181,Exercise_Calories,0.013747559328718158
p14_daily_merged,fatigue,Deep_Sleep_Minutes__rolling_3,0.0135993334065754,Deep_Sleep_Minutes,0.013599333406575457
p14_daily_merged,fatigue,Exercise_Duration__change,0.012658215937558,Exercise_Duration,0.012658215937558054
p14_daily_merged,fatigue,Sleep_Score__rolling_7,0.0123844193033298,Sleep_Score,0.012384419303329851
p14_daily_merged,fatigue,Steps__raw,0.0119908398840321,Steps,0.011990839884032151
p14_daily_merged,fatigue,Sleep_Composition__abs_zscore,0.0119275215177654,Sleep_Composition,0.01192752151776545
p14_daily_merged,fatigue,Sleep_Duration_Score__rolling_3,0.011845826897896,Sleep_Duration_Score,0.01184582689789605
p14_daily_merged,fatigue,Sleep_Restlessness__rolling_3,0.0117139847623521,Sleep_Restlessness,0.011713984762352149
p14_daily_merged,fatigue,Steps__deviation,0.0109866175512409,Steps,0.010986617551240948
p14_daily_merged,fatigue,Steps__rolling_7,0.0109855729670304,Steps,0.010985572967030446
p14_daily_merged,fatigue,Sleep_Hours__rolling_3,0.0109530798787172,Sleep_Hours,0.010953079878717248
p14_daily_merged,fatigue,Exercise_Calories__deviation,0.0106092436412782,Exercise_Calories,0.010609243641278245
p14_daily_merged,fatigue,Exercise_Distance__rolling_3,0.0099958615933822,Exercise_Distance,0.009995861593382241
p14_daily_merged,fatigue,Exercise_Count__rolling_3,0.0099780582779107,Exercise_Count,0.009978058277910741
p14_daily_merged,fatigue,Sleep_Duration_Score__rolling_7,0.0096681247535306,Sleep_Duration_Score,0.00966812475353064
p14_daily_merged,fatigue,Exercise_Avg_HR__rolling_3,0.0096028989294027,Exercise_Avg_HR,0.00960289892940274
p14_daily_merged,fatigue,Deep_Sleep_Minutes__change,0.009480802169533,Deep_Sleep_Minutes,0.00948080216953304
p14_daily_merged,fatigue,Sleep_Composition__rolling_3,0.0089917667626829,Sleep_Composition,0.008991766762682938
p14_daily_merged,fatigue,Exercise_Avg_HR__rolling_7,0.007893517785392,Exercise_Avg_HR,0.007893517785392034
p14_daily_merged,fatigue,Exercise_Distance__deviation,0.0078853925799138,Exercise_Distance,0.007885392579913834
p14_daily_merged,fatigue,Exercise_Calories__change,0.0077837334040328,Exercise_Calories,0.007783733404032833
p14_daily_merged,fatigue,Steps__zscore,0.0072415989657183,Steps,0.00724159896571833
p14_daily_merged,fatigue,Exercise_Avg_HR__deviation,0.0071287402730767,Exercise_Avg_HR,0.00712874027307673
p14_daily_merged,fatigue,Deep_Sleep_Minutes__raw,0.0071032077664315,Deep_Sleep_Minutes,0.0071032077664315305
p14_daily_merged,fatigue,Deep_Sleep_Minutes__zscore,0.0070055596578859,Deep_Sleep_Minutes,0.0070055596578859295
p14_daily_merged,fatigue,Exercise_Distance__change,0.0069541387899903,Exercise_Distance,0.0069541387899903296
p14_daily_merged,fatigue,Deep_Sleep_Minutes__abs_zscore,0.006758238233309,Deep_Sleep_Minutes,0.006758238233309029
p14_daily_merged,fatigue,Exercise_Calories__raw,0.0066623705557713,Exercise_Calories,0.006662370555771328
p14_daily_merged,fatigue,Exercise_Distance__raw,0.0065711673754251,Exercise_Distance,0.006571167375425128
p14_daily_merged,fatigue,Sleep_Hours__deviation,0.0064844843302791,Sleep_Hours,0.006484484330279127
p14_daily_merged,fatigue,Sleep_Hours__raw,0.0061199508180801,Sleep_Hours,0.006119950818080126
p14_daily_merged,fatigue,Exercise_Duration__deviation,0.0058137305289806,Exercise_Duration,0.0058137305289806245
p14_daily_merged,fatigue,Exercise_Distance__zscore,0.0057550919388515,Exercise_Distance,0.005755091938851525
p14_daily_merged,fatigue,Sleep_Revitalization__raw,0.005680855962787,Sleep_Revitalization,0.005680855962787024
p14_daily_merged,fatigue,Exercise_Avg_HR__zscore,0.0056671502305743,Exercise_Avg_HR,0.0056671502305743245
p14_daily_merged,fatigue,Exercise_Count__change,0.0055127801544762,Exercise_Count,0.005512780154476224
p14_daily_merged,fatigue,Sleep_Composition__zscore,0.0049960277163877,Sleep_Composition,0.004996027716387721
p14_daily_merged,fatigue,Sleep_Revitalization__zscore,0.0049282737755349,Sleep_Revitalization,0.0049282737755349205
p14_daily_merged,fatigue,Steps__change,0.0047810452759873,Steps,0.00478104527598732
p14_daily_merged,fatigue,Sleep_Hours__rolling_7,0.0046026549981873,Sleep_Hours,0.004602654998187319
p14_daily_merged,fatigue,Exercise_Avg_HR__abs_zscore,0.0043750468795115,Exercise_Avg_HR,0.004375046879511518
p14_daily_merged,fatigue,Exercise_Duration__raw,0.0039926273111369,Exercise_Duration,0.003992627311136917
p14_daily_merged,fatigue,Sleep_Revitalization__abs_zscore,0.0037898449672355,Sleep_Revitalization,0.003789844967235516
p14_daily_merged,fatigue,Sleep_Composition__deviation,0.003536064451399,Sleep_Composition,0.0035360644513990147
p14_daily_merged,fatigue,Exercise_Avg_HR__raw,0.0034416588362482,Exercise_Avg_HR,0.003441658836248214
p14_daily_merged,fatigue,Sleep_Hours__zscore,0.0032997344837251,Sleep_Hours,0.0032997344837251137
p14_daily_merged,fatigue,Sleep_Restlessness__rolling_7,0.0032598703198907,Sleep_Restlessness,0.003259870319890714
p14_daily_merged,fatigue,Exercise_Calories__zscore,0.0030231556647,Exercise_Calories,0.0030231556647000125
p14_daily_merged,fatigue,Exercise_Duration__zscore,0.002920982758791,Exercise_Duration,0.002920982758791012
p14_daily_merged,fatigue,Sleep_Composition__raw,0.0027918423828307,Sleep_Composition,0.0027918423828307117
p14_daily_merged,fatigue,Sleep_Score__deviation,0.0027721804314527,Sleep_Score,0.0027721804314527116
p14_daily_merged,fatigue,Exercise_Count__zscore,0.0026481309182154,Exercise_Count,0.002648130918215411
p14_daily_merged,fatigue,Sleep_Revitalization__change,0.0025562848444267,Sleep_Revitalization,0.0025562848444267107
p14_daily_merged,fatigue,Sleep_Composition__change,0.0023361336925445,Sleep_Composition,0.00233613369254451
p14_daily_merged,fatigue,Sleep_Duration_Score__raw,0.0023017171643665,Sleep_Duration_Score,0.0023017171643665096
p14_daily_merged,fatigue,Sleep_Revitalization__rolling_7,0.0022946541428178,Sleep_Revitalization,0.0022946541428178094
p14_daily_merged,fatigue,Sleep_Duration_Score__deviation,0.002284264764717,Sleep_Duration_Score,0.0022842647647170096
p14_daily_merged,fatigue,Sleep_Score__zscore,0.0022766514417045,Sleep_Score,0.0022766514417045095
p14_daily_merged,fatigue,Exercise_Count__rolling_7,0.0022287934549842,Exercise_Count,0.0022287934549842093
p14_daily_merged,fatigue,Sleep_Revitalization__deviation,0.0020625065256142,Sleep_Revitalization,0.002062506525614209
p14_daily_merged,fatigue,Exercise_Count__abs_zscore,0.0017026640395574,Exercise_Count,0.0017026640395574073
p14_daily_merged,fatigue,Sleep_Composition__rolling_7,0.0014712993123794,Sleep_Composition,0.0014712993123794063
p14_daily_merged,fatigue,Sleep_Duration_Score__zscore,0.00143789821797,Sleep_Duration_Score,0.0014378982179700061
p14_daily_merged,fatigue,Exercise_Distance__abs_zscore,0.0014284577014414,Exercise_Distance,0.001428457701441406
p14_daily_merged,fatigue,Sleep_Score__raw,0.0010075727387813,Sleep_Score,0.0010075727387813043
p14_daily_merged,fatigue,Deep_Sleep_Minutes__rolling_7,0.0008455168820079,Deep_Sleep_Minutes,0.0008455168820079036
p14_daily_merged,fatigue,Deep_Sleep_Minutes__deviation,0.0005858830727088,Deep_Sleep_Minutes,0.0005858830727088025
p14_daily_merged,fatigue,Exercise_Count__deviation,0.0001859462174194,Exercise_Count,0.00018594621741940077
p14_daily_merged,fatigue,Exercise_Count__raw,0.0,Exercise_Count,0.0
p14_daily_merged,mood,Sleep_Restlessness__abs_zscore,0.1490853689469447,Sleep_Restlessness,0.1490853689469453
p14_daily_merged,mood,Exercise_Calories__rolling_7,0.062551272823838,Exercise_Calories,0.06255127282383825
p14_daily_merged,mood,Exercise_Calories__rolling_3,0.0541851311243745,Exercise_Calories,0.054185131124374716
p14_daily_merged,mood,Sleep_Revitalization__rolling_3,0.0528065916877175,Sleep_Revitalization,0.05280659168771771
p14_daily_merged,mood,Sleep_Score__change,0.0501938193228356,Sleep_Score,0.0501938193228358
p14_daily_merged,mood,Exercise_Duration__rolling_7,0.0469755207101164,Exercise_Duration,0.04697552071011659
p14_daily_merged,mood,Exercise_Duration__rolling_3,0.0382675578860145,Exercise_Duration,0.03826755788601465
p14_daily_merged,mood,Deep_Sleep_Minutes__rolling_7,0.0360748318265354,Deep_Sleep_Minutes,0.03607483182653554
p14_daily_merged,mood,Sleep_Composition__rolling_7,0.0322210869142567,Sleep_Composition,0.03222108691425683
p14_daily_merged,mood,Sleep_Composition__rolling_3,0.0279995437818669,Sleep_Composition,0.02799954378186701
p14_daily_merged,mood,Sleep_Restlessness__rolling_7,0.0276534666160242,Sleep_Restlessness,0.02765346661602431
p14_daily_merged,mood,Sleep_Duration_Score__change,0.0267560121087535,Sleep_Duration_Score,0.026756012108753606
p14_daily_merged,mood,Sleep_Composition__change,0.0262709477318306,Sleep_Composition,0.026270947731830703
p14_daily_merged,mood,Exercise_Distance__rolling_3,0.0197857528846131,Exercise_Distance,0.01978575288461318
p14_daily_merged,mood,Exercise_Distance__rolling_7,0.0181880954133487,Exercise_Distance,0.018188095413348773
p14_daily_merged,mood,Sleep_Revitalization__rolling_7,0.0179329084101257,Sleep_Revitalization,0.017932908410125774
p14_daily_merged,mood,Sleep_Revitalization__abs_zscore,0.0160168318482281,Sleep_Revitalization,0.016016831848228164
p14_daily_merged,mood,Deep_Sleep_Minutes__rolling_3,0.012323283554488,Deep_Sleep_Minutes,0.012323283554488048
p14_daily_merged,mood,Exercise_Duration__change,0.0123126510274718,Exercise_Duration,0.012312651027471849
p14_daily_merged,mood,Exercise_Avg_HR__change,0.0120358365376059,Exercise_Avg_HR,0.012035836537605949
p14_daily_merged,mood,Sleep_Revitalization__change,0.0114753681427381,Sleep_Revitalization,0.011475368142738146
p14_daily_merged,mood,Sleep_Duration_Score__abs_zscore,0.0108424656746294,Sleep_Duration_Score,0.010842465674629443
p14_daily_merged,mood,Exercise_Calories__abs_zscore,0.0099417479961609,Exercise_Calories,0.00994174799616094
p14_daily_merged,mood,Sleep_Restlessness__deviation,0.0092428195565852,Sleep_Restlessness,0.009242819556585236
p14_daily_merged,mood,Sleep_Restlessness__zscore,0.0084051884090646,Sleep_Restlessness,0.008405188409064634
p14_daily_merged,mood,Sleep_Restlessness__change,0.0083237191388846,Sleep_Restlessness,0.008323719138884633
p14_daily_merged,mood,Deep_Sleep_Minutes__zscore,0.0081848863634546,Deep_Sleep_Minutes,0.008184886363454633
p14_daily_merged,mood,Deep_Sleep_Minutes__abs_zscore,0.0081705787822871,Deep_Sleep_Minutes,0.008170578782287132
p14_daily_merged,mood,Exercise_Calories__raw,0.0081315985502873,Exercise_Calories,0.008131598550287333
p14_daily_merged,mood,Exercise_Duration__raw,0.0077712281638965,Exercise_Duration,0.007771228163896532
p14_daily_merged,mood,Steps__deviation,0.0075955282764194,Steps,0.007595528276419431
p14_daily_merged,mood,Sleep_Score__rolling_7,0.0072781717423234,Sleep_Score,0.007278171742323429
p14_daily_merged,mood,Exercise_Calories__change,0.0072235262117146,Exercise_Calories,0.0072235262117146285
p14_daily_merged,mood,Exercise_Calories__deviation,0.0070846708678009,Exercise_Calories,0.007084670867800929
p14_daily_merged,mood,Steps__rolling_3,0.0066979617663365,Steps,0.006697961766336527
p14_daily_merged,mood,Sleep_Duration_Score__zscore,0.0064884072609415,Sleep_Duration_Score,0.006488407260941526
p14_daily_merged,mood,Sleep_Hours__rolling_3,0.0060087228548788,Sleep_Hours,0.006008722854878824
p14_daily_merged,mood,Sleep_Score__rolling_3,0.0056196233234618,Sleep_Score,0.005619623323461822
p14_daily_merged,mood,Exercise_Duration__deviation,0.0053920586882353,Exercise_Duration,0.005392058688235322
p14_daily_merged,mood,Deep_Sleep_Minutes__change,0.0051844134817836,Deep_Sleep_Minutes,0.0051844134817836205
p14_daily_merged,mood,Exercise_Avg_HR__zscore,0.005011319740621,Exercise_Avg_HR,0.0050113197406210196
p14_daily_merged,mood,Exercise_Calories__zscore,0.0047977295391505,Exercise_Calories,0.004797729539150519
p14_daily_merged,mood,Sleep_Score__deviation,0.0047879221308693,Sleep_Score,0.004787922130869319
p14_daily_merged,mood,Exercise_Duration__abs_zscore,0.004715763697052,Exercise_Duration,0.004715763697052019
p14_daily_merged,mood,Sleep_Restlessness__rolling_3,0.0044115543096181,Sleep_Restlessness,0.004411554309618117
p14_daily_merged,mood,Sleep_Hours__abs_zscore,0.0043638686231261,Sleep_Hours,0.0043638686231261175
p14_daily_merged,mood,Deep_Sleep_Minutes__deviation,0.004348411152983,Deep_Sleep_Minutes,0.004348411152983018
p14_daily_merged,mood,Exercise_Avg_HR__deviation,0.0040283904818138,Exercise_Avg_HR,0.004028390481813817
p14_daily_merged,mood,Steps__abs_zscore,0.0038809601492204,Steps,0.0038809601492204157
p14_daily_merged,mood,Sleep_Duration_Score__raw,0.0038718535023295,Sleep_Duration_Score,0.0038718535023295154
p14_daily_merged,mood,Steps__change,0.0036728588273268,Steps,0.003672858827326815
p14_daily_merged,mood,Exercise_Count__rolling_3,0.0036014791777447,Exercise_Count,0.0036014791777447142
p14_daily_merged,mood,Steps__raw,0.0033847221012199,Steps,0.0033847221012199133
p14_daily_merged,mood,Exercise_Count__change,0.0032695975582981,Exercise_Count,0.003269597558298113
p14_daily_merged,mood,Sleep_Duration_Score__rolling_7,0.0032029911346727,Sleep_Duration_Score,0.003202991134672713
p14_daily_merged,mood,Sleep_Score__raw,0.0031404310242713,Sleep_Score,0.0031404310242713128
p14_daily_merged,mood,Sleep_Revitalization__raw,0.0029110867403036,Sleep_Revitalization,0.0029110867403036116
p14_daily_merged,mood,Sleep_Score__zscore,0.0029095883559098,Sleep_Score,0.002909588355909812
p14_daily_merged,mood,Sleep_Duration_Score__rolling_3,0.0027584178175438,Sleep_Duration_Score,0.002758417817543811
p14_daily_merged,mood,Sleep_Restlessness__raw,0.0026947643452095,Sleep_Restlessness,0.002694764345209511
p14_daily_merged,mood,Steps__rolling_7,0.0025200196432001,Steps,0.00252001964320011
p14_daily_merged,mood,Deep_Sleep_Minutes__raw,0.0024828454352161,Deep_Sleep_Minutes,0.00248284543521611
p14_daily_merged,mood,Exercise_Count__deviation,0.002393923132995,Exercise_Count,0.0023939231329950096
p14_daily_merged,mood,Sleep_Revitalization__deviation,0.0022762173999396,Sleep_Revitalization,0.0022762173999396093
p14_daily_merged,mood,Exercise_Distance__abs_zscore,0.0019249223433398,Exercise_Distance,0.0019249223433398077
p14_daily_merged,mood,Sleep_Hours__change,0.0018111643503202,Sleep_Hours,0.0018111643503202072
p14_daily_merged,mood,Sleep_Composition__abs_zscore,0.0017829176525245,Sleep_Composition,0.001782917652524507
p14_daily_merged,mood,Sleep_Hours__deviation,0.0017177237803277,Sleep_Hours,0.001717723780327707
p14_daily_merged,mood,Exercise_Distance__deviation,0.0015125076123108,Exercise_Distance,0.001512507612310806
p14_daily_merged,mood,Sleep_Score__abs_zscore,0.0014627590744546,Sleep_Score,0.0014627590744546058
p14_daily_merged,mood,Sleep_Composition__deviation,0.0014165793685234,Sleep_Composition,0.0014165793685234056
p14_daily_merged,mood,Sleep_Duration_Score__deviation,0.001326169288911,Sleep_Duration_Score,0.0013261692889110052
p14_daily_merged,mood,Exercise_Duration__zscore,0.0011998925370495,Exercise_Duration,0.0011998925370495048
p14_daily_merged,mood,Exercise_Avg_HR__abs_zscore,0.0009698273953946,Exercise_Avg_HR,0.0009698273953946039
p14_daily_merged,mood,Exercise_Distance__change,0.0009205881549497,Exercise_Distance,0.0009205881549497036
p14_daily_merged,mood,Sleep_Composition__raw,0.0007300792657488,Sleep_Composition,0.000730079265748803
p14_daily_merged,mood,Exercise_Distance__zscore,0.0006077262761325,Exercise_Distance,0.0006077262761325023
p14_daily_merged,mood,Sleep_Revitalization__zscore,0.0005522134429992,Sleep_Revitalization,0.0005522134429992022
p14_daily_merged,mood,Exercise_Count__rolling_7,0.0005071658436174,Exercise_Count,0.000507165843617402
p14_daily_merged,mood,Exercise_Avg_HR__raw,0.0004433788845352,Exercise_Avg_HR,0.0004433788845352018
p14_daily_merged,mood,Steps__zscore,0.0004304857354356,Steps,0.0004304857354356017
p14_daily_merged,mood,Sleep_Hours__raw,0.0002602473583968,Sleep_Hours,0.000260247358396801
p14_daily_merged,mood,Exercise_Count__zscore,0.0001591844941763,Exercise_Count,0.00015918449417630061
p14_daily_merged,mood,Exercise_Avg_HR__rolling_3,0.0001285547113398,Exercise_Avg_HR,0.0001285547113398005
p14_daily_merged,mood,Exercise_Count__raw,0.0,Exercise_Count,0.0
p14_daily_merged,mood,Exercise_Count__abs_zscore,0.0,Exercise_Count,0.0
p14_daily_merged,mood,Exercise_Distance__raw,0.0,Exercise_Distance,0.0
p14_daily_merged,mood,Exercise_Avg_HR__rolling_7,0.0,Exercise_Avg_HR,0.0
p14_daily_merged,mood,Sleep_Hours__rolling_7,0.0,Sleep_Hours,0.0
p14_daily_merged,mood,Sleep_Hours__zscore,0.0,Sleep_Hours,0.0
p14_daily_merged,mood,Sleep_Composition__zscore,0.0,Sleep_Composition,0.0
p14_daily_merged,readiness,Steps__abs_zscore,0.0646049087477372,Steps,0.06460490874773751
p14_daily_merged,readiness,Exercise_Duration__change,0.0444829051321403,Exercise_Duration,0.04448290513214052
p14_daily_merged,readiness,Deep_Sleep_Minutes__abs_zscore,0.0381534693309269,Deep_Sleep_Minutes,0.03815346933092709
p14_daily_merged,readiness,Exercise_Calories__change,0.0357604137141421,Exercise_Calories,0.03576041371414227
p14_daily_merged,readiness,Sleep_Duration_Score__change,0.0319244396075924,Sleep_Duration_Score,0.03192443960759255
p14_daily_merged,readiness,Exercise_Distance__change,0.026261340349339,Exercise_Distance,0.026261340349339128
p14_daily_merged,readiness,Sleep_Restlessness__zscore,0.0235856102944022,Sleep_Restlessness,0.023585610294402315
p14_daily_merged,readiness,Deep_Sleep_Minutes__rolling_3,0.0228156893464551,Deep_Sleep_Minutes,0.022815689346455212
p14_daily_merged,readiness,Sleep_Restlessness__deviation,0.0221596076922347,Sleep_Restlessness,0.02215960769223481
p14_daily_merged,readiness,Exercise_Avg_HR__zscore,0.0220577703108266,Exercise_Avg_HR,0.02205777031082671
p14_daily_merged,readiness,Exercise_Distance__abs_zscore,0.0214628527993861,Exercise_Distance,0.021462852799386204
p14_daily_merged,readiness,Exercise_Duration__rolling_7,0.0204059501136608,Exercise_Duration,0.0204059501136609
p14_daily_merged,readiness,Sleep_Restlessness__abs_zscore,0.0202958775468292,Sleep_Restlessness,0.0202958775468293
p14_daily_merged,readiness,Sleep_Hours__abs_zscore,0.0202903178224041,Sleep_Hours,0.0202903178224042
p14_daily_merged,readiness,Sleep_Restlessness__change,0.0202812588149895,Sleep_Restlessness,0.0202812588149896
p14_daily_merged,readiness,Exercise_Distance__deviation,0.0195593434328789,Exercise_Distance,0.019559343432878996
p14_daily_merged,readiness,Sleep_Hours__rolling_3,0.0191180659845954,Sleep_Hours,0.019118065984595492
p14_daily_merged,readiness,Exercise_Distance__raw,0.018832679833043,Exercise_Distance,0.018832679833043094
p14_daily_merged,readiness,Deep_Sleep_Minutes__change,0.018101030284656,Deep_Sleep_Minutes,0.018101030284656087
p14_daily_merged,readiness,Steps__rolling_3,0.0173904983031193,Steps,0.017390498303119385
p14_daily_merged,readiness,Steps__change,0.0157855889280403,Steps,0.015785588928040377
p14_daily_merged,readiness,Steps__rolling_7,0.0156831959593523,Steps,0.015683195959352376
p14_daily_merged,readiness,Sleep_Score__abs_zscore,0.0156413759439281,Sleep_Score,0.015641375943928178
p14_daily_merged,readiness,Exercise_Avg_HR__rolling_3,0.0154213429075576,Exercise_Avg_HR,0.015421342907557674
p14_daily_merged,readiness,Exercise_Distance__zscore,0.0151162192324434,Exercise_Distance,0.015116219232443474
p14_daily_merged,readiness,Exercise_Avg_HR__deviation,0.0144817091573207,Exercise_Avg_HR,0.014481709157320772
p14_daily_merged,readiness,Exercise_Calories__deviation,0.0144504954822516,Exercise_Calories,0.014450495482251672
p14_daily_merged,readiness,Exercise_Avg_HR__change,0.0141179002661232,Exercise_Avg_HR,0.01411790026612327
p14_daily_merged,readiness,Sleep_Hours__rolling_7,0.0136282680627584,Sleep_Hours,0.013628268062758466
p14_daily_merged,readiness,Exercise_Calories__raw,0.0134339503729472,Exercise_Calories,0.013433950372947265
p14_daily_merged,readiness,Sleep_Composition__rolling_3,0.0130369568366512,Sleep_Composition,0.013036956836651264
p14_daily_merged,readiness,Exercise_Calories__abs_zscore,0.0129804338533946,Exercise_Calories,0.012980433853394664
p14_daily_merged,readiness,Exercise_Calories__rolling_3,0.0128128789403668,Exercise_Calories,0.012812878940366862
p14_daily_merged,readiness,Sleep_Restlessness__raw,0.0124808795231214,Sleep_Restlessness,0.012480879523121461
p14_daily_merged,readiness,Sleep_Duration_Score__abs_zscore,0.0121762132024133,Sleep_Duration_Score,0.012176213202413359
p14_daily_merged,readiness,Exercise_Duration__rolling_3,0.0109922727660272,Exercise_Duration,0.010992272766027255
p14_daily_merged,readiness,Sleep_Score__rolling_3,0.0109759850203209,Sleep_Score,0.010975985020320954
p14_daily_merged,readiness,Exercise_Distance__rolling_7,0.0108689895532034,Exercise_Distance,0.010868989553203454
p14_daily_merged,readiness,Exercise_Calories__rolling_7,0.010100417810329,Exercise_Calories,0.010100417810329049
p14_daily_merged,readiness,Steps__deviation,0.0092594826669563,Steps,0.009259482666956345
p14_daily_merged,readiness,Exercise_Avg_HR__raw,0.00907208200254,Exercise_Avg_HR,0.009072082002540045
p14_daily_merged,readiness,Exercise_Avg_HR__abs_zscore,0.0088870821096645,Exercise_Avg_HR,0.008887082109664544
p14_daily_merged,readiness,Steps__raw,0.0086583109570489,Steps,0.008658310957048942
p14_daily_merged,readiness,Exercise_Avg_HR__rolling_7,0.0082008703812226,Exercise_Avg_HR,0.00820087038122264
p14_daily_merged,readiness,Exercise_Count__rolling_3,0.0080604183077647,Exercise_Count,0.00806041830776474
p14_daily_merged,readiness,Sleep_Duration_Score__rolling_3,0.0076582285849056,Sleep_Duration_Score,0.007658228584905637
p14_daily_merged,readiness,Sleep_Hours__change,0.0072421658632707,Sleep_Hours,0.007242165863270735
p14_daily_merged,readiness,Steps__zscore,0.0071041202220954,Steps,0.007104120222095434
p14_daily_merged,readiness,Exercise_Calories__zscore,0.006708987395506,Exercise_Calories,0.006708987395506033
p14_daily_merged,readiness,Sleep_Restlessness__rolling_3,0.006586046753973,Sleep_Restlessness,0.006586046753973032
p14_daily_merged,readiness,Exercise_Count__change,0.0065797709794269,Exercise_Count,0.006579770979426932
p14_daily_merged,readiness,Exercise_Count__rolling_7,0.006523870826238,Exercise_Count,0.006523870826238032
p14_daily_merged,readiness,Sleep_Score__raw,0.006239285165755,Sleep_Score,0.00623928516575503
p14_daily_merged,readiness,Sleep_Hours__deviation,0.006178076106588,Sleep_Hours,0.00617807610658803
p14_daily_merged,readiness,Sleep_Score__change,0.0061429279910064,Sleep_Score,0.00614292799100643
p14_daily_merged,readiness,Sleep_Revitalization__change,0.0061018382689456,Sleep_Revitalization,0.00610183826894563
p14_daily_merged,readiness,Deep_Sleep_Minutes__zscore,0.0059140037648266,Deep_Sleep_Minutes,0.005914003764826628
p14_daily_merged,readiness,Sleep_Duration_Score__raw,0.0054745588673401,Sleep_Duration_Score,0.005474558867340127
p14_daily_merged,readiness,Exercise_Duration__deviation,0.0049078753375574,Exercise_Duration,0.004907875337557425
p14_daily_merged,readiness,Exercise_Count__abs_zscore,0.0048284986262596,Exercise_Count,0.004828498626259624
p14_daily_merged,readiness,Sleep_Hours__raw,0.0045460459261576,Sleep_Hours,0.004546045926157622
p14_daily_merged,readiness,Exercise_Duration__abs_zscore,0.0044186793307276,Exercise_Duration,0.0044186793307276215
p14_daily_merged,readiness,Deep_Sleep_Minutes__raw,0.0044181926789591,Deep_Sleep_Minutes,0.004418192678959122
p14_daily_merged,readiness,Exercise_Distance__rolling_3,0.0043754870640788,Exercise_Distance,0.004375487064078822
p14_daily_merged,readiness,Exercise_Duration__zscore,0.0042991643782754,Exercise_Duration,0.004299164378275421
p14_daily_merged,readiness,Sleep_Composition__change,0.0041342341059562,Sleep_Composition,0.00413423410595622
p14_daily_merged,readiness,Sleep_Revitalization__raw,0.003814765153915,Sleep_Revitalization,0.0038147651539150187
p14_daily_merged,readiness,Sleep_Hours__zscore,0.0038063176920067,Sleep_Hours,0.0038063176920067185
p14_daily_merged,readiness,Sleep_Composition__abs_zscore,0.00373027970848,Sleep_Composition,0.003730279708480018
p14_daily_merged,readiness,Sleep_Revitalization__abs_zscore,0.0036092298754249,Sleep_Revitalization,0.0036092298754249177
p14_daily_merged,readiness,Sleep_Composition__raw,0.0032874953158855,Sleep_Composition,0.003287495315885516
p14_daily_merged,readiness,Exercise_Duration__raw,0.0032209674515414,Exercise_Duration,0.0032209674515414157
p14_daily_merged,readiness,Sleep_Score__deviation,0.0031768877088143,Sleep_Score,0.0031768877088143156
p14_daily_merged,readiness,Sleep_Score__zscore,0.0030671369591318,Sleep_Score,0.003067136959131815
p14_daily_merged,readiness,Deep_Sleep_Minutes__deviation,0.0026122607591849,Deep_Sleep_Minutes,0.0026122607591849128
p14_daily_merged,readiness,Sleep_Composition__deviation,0.0020434808130053,Sleep_Composition,0.00204348081300531
p14_daily_merged,readiness,Sleep_Revitalization__deviation,0.0015683821507173,Sleep_Revitalization,0.0015683821507173077
p14_daily_merged,readiness,Exercise_Count__raw,0.0015374735325477,Exercise_Count,0.0015374735325477077
p14_daily_merged,readiness,Sleep_Duration_Score__deviation,0.0014883479467546,Sleep_Duration_Score,0.0014883479467546073
p14_daily_merged,readiness,Sleep_Revitalization__rolling_3,0.0014324352340761,Sleep_Revitalization,0.001432435234076107
p14_daily_merged,readiness,Deep_Sleep_Minutes__rolling_7,0.0014036041354113,Deep_Sleep_Minutes,0.0014036041354113069
p14_daily_merged,readiness,Sleep_Composition__zscore,0.0011329523406485,Sleep_Composition,0.0011329523406485057
p14_daily_merged,readiness,Exercise_Count__deviation,0.0010444410222293,Exercise_Count,0.001044441022229305
p14_daily_merged,readiness,Sleep_Duration_Score__zscore,0.0009011026897161,Sleep_Duration_Score,0.0009011026897161044
p14_daily_merged,readiness,Sleep_Score__rolling_7,0.0007528709041126,Sleep_Score,0.0007528709041126037
p14_daily_merged,readiness,Sleep_Restlessness__rolling_7,0.0006254482045764,Sleep_Restlessness,0.000625448204576403
p14_daily_merged,readiness,Sleep_Composition__rolling_7,0.000620442608978,Sleep_Composition,0.000620442608978003
p14_daily_merged,readiness,Sleep_Revitalization__zscore,0.0003443602658005,Sleep_Revitalization,0.00034436026580050166
p14_daily_merged,readiness,Sleep_Duration_Score__rolling_7,0.000309853436101,Sleep_Duration_Score,0.0003098534361010015
p14_daily_merged,readiness,Sleep_Revitalization__rolling_7,0.0001236514835718,Sleep_Revitalization,0.0001236514835718006
p14_daily_merged,readiness,Exercise_Count__zscore,9.640466440867283e-05,Exercise_Count,9.640466440867331e-05
p14_daily_merged,sleep_quality,Exercise_Avg_HR__change,0.0691951075971159,Exercise_Avg_HR,0.06919510759711622
p14_daily_merged,sleep_quality,Exercise_Duration__abs_zscore,0.055406167991098,Exercise_Duration,0.05540616799109826
p14_daily_merged,sleep_quality,Sleep_Hours__abs_zscore,0.0498951620360153,Sleep_Hours,0.04989516203601554
p14_daily_merged,sleep_quality,Steps__abs_zscore,0.0470313954521341,Steps,0.04703139545213432
p14_daily_merged,sleep_quality,Sleep_Score__abs_zscore,0.0404834997518595,Sleep_Score,0.040483499751859685
p14_daily_merged,sleep_quality,Sleep_Score__rolling_7,0.0334418768132471,Sleep_Score,0.03344187681324725
p14_daily_merged,sleep_quality,Exercise_Calories__abs_zscore,0.0329253542075595,Exercise_Calories,0.032925354207559654
p14_daily_merged,sleep_quality,Exercise_Duration__rolling_3,0.0305472202611407,Exercise_Duration,0.03054722026114084
p14_daily_merged,sleep_quality,Deep_Sleep_Minutes__abs_zscore,0.0242337876957925,Deep_Sleep_Minutes,0.024233787695792614
p14_daily_merged,sleep_quality,Sleep_Restlessness__rolling_3,0.022567704939307,Sleep_Restlessness,0.022567704939307105
p14_daily_merged,sleep_quality,Sleep_Duration_Score__abs_zscore,0.0218239098415653,Sleep_Duration_Score,0.0218239098415654
p14_daily_merged,sleep_quality,Exercise_Duration__rolling_7,0.0181955245247685,Exercise_Duration,0.018195524524768584
p14_daily_merged,sleep_quality,Steps__rolling_3,0.0173359561008763,Steps,0.01733595610087638
p14_daily_merged,sleep_quality,Sleep_Revitalization__abs_zscore,0.017287961996423,Sleep_Revitalization,0.01728796199642308
p14_daily_merged,sleep_quality,Sleep_Restlessness__change,0.0162190459448174,Sleep_Restlessness,0.016219045944817476
p14_daily_merged,sleep_quality,Sleep_Revitalization__rolling_3,0.0159759201643558,Sleep_Revitalization,0.015975920164355874
p14_daily_merged,sleep_quality,Exercise_Avg_HR__abs_zscore,0.0158167531684531,Exercise_Avg_HR,0.015816753168453174
p14_daily_merged,sleep_quality,Exercise_Avg_HR__rolling_3,0.0158118478519723,Exercise_Avg_HR,0.01581184785197237
p14_daily_merged,sleep_quality,Sleep_Hours__change,0.0149242355468439,Sleep_Hours,0.014924235546843969
p14_daily_merged,sleep_quality,Deep_Sleep_Minutes__raw,0.014474071953846,Deep_Sleep_Minutes,0.014474071953846068
p14_daily_merged,sleep_quality,Steps__change,0.0134786501884571,Steps,0.013478650188457163
p14_daily_merged,sleep_quality,Deep_Sleep_Minutes__change,0.0132723990084944,Deep_Sleep_Minutes,0.013272399008494463
p14_daily_merged,sleep_quality,Deep_Sleep_Minutes__rolling_3,0.0129782073533107,Deep_Sleep_Minutes,0.012978207353310761
p14_daily_merged,sleep_quality,Sleep_Restlessness__abs_zscore,0.0128890307799928,Sleep_Restlessness,0.012889030779992861
p14_daily_merged,sleep_quality,Exercise_Duration__change,0.0124321008965369,Exercise_Duration,0.012432100896536957
p14_daily_merged,sleep_quality,Exercise_Distance__rolling_7,0.0121048768889362,Exercise_Distance,0.012104876888936257
p14_daily_merged,sleep_quality,Steps__raw,0.0113156578662564,Steps,0.011315657866256452
p14_daily_merged,sleep_quality,Sleep_Revitalization__raw,0.0112302336096431,Sleep_Revitalization,0.011230233609643153
p14_daily_merged,sleep_quality,Sleep_Score__deviation,0.0110055542914297,Sleep_Score,0.011005554291429753
p14_daily_merged,sleep_quality,Exercise_Calories__rolling_7,0.0103835039284115,Exercise_Calories,0.010383503928411548
p14_daily_merged,sleep_quality,Exercise_Calories__rolling_3,0.010245194167225,Exercise_Calories,0.010245194167225049
p14_daily_merged,sleep_quality,Exercise_Distance__rolling_3,0.0099707501537737,Exercise_Distance,0.009970750153773748
p14_daily_merged,sleep_quality,Sleep_Score__zscore,0.0099281718548863,Sleep_Score,0.009928171854886347
p14_daily_merged,sleep_quality,Sleep_Duration_Score__raw,0.0098875936425339,Sleep_Duration_Score,0.009887593642533946
p14_daily_merged,sleep_quality,Sleep_Composition__abs_zscore,0.0095279218603482,Sleep_Composition,0.009527921860348246
p14_daily_merged,sleep_quality,Exercise_Duration__deviation,0.0094202093924719,Exercise_Duration,0.009420209392471943
p14_daily_merged,sleep_quality,Sleep_Hours__rolling_3,0.0094001333364477,Sleep_Hours,0.009400133336447743
p14_daily_merged,sleep_quality,Sleep_Restlessness__zscore,0.0088654753736128,Sleep_Restlessness,0.008865475373612841
p14_daily_merged,sleep_quality,Sleep_Score__rolling_3,0.0084436981090964,Sleep_Score,0.00844369810909644
p14_daily_merged,sleep_quality,Exercise_Count__rolling_3,0.0081356713868859,Exercise_Count,0.008135671386885939
p14_daily_merged,sleep_quality,Sleep_Composition__raw,0.0078712129048786,Sleep_Composition,0.007871212904878636
p14_daily_merged,sleep_quality,Deep_Sleep_Minutes__zscore,0.0078510087090033,Deep_Sleep_Minutes,0.007851008709003337
p14_daily_merged,sleep_quality,Sleep_Score__change,0.0077745636487082,Sleep_Score,0.007774563648708236
p14_daily_merged,sleep_quality,Sleep_Restlessness__raw,0.0074866509698403,Sleep_Restlessness,0.007486650969840335
p14_daily_merged,sleep_quality,Sleep_Duration_Score__rolling_3,0.007293504454924,Sleep_Duration_Score,0.0072935044549240335
p14_daily_merged,sleep_quality,Steps__rolling_7,0.0072205920654934,Steps,0.007220592065493434
p14_daily_merged,sleep_quality,Exercise_Calories__raw,0.0069352826638557,Exercise_Calories,0.006935282663855732
p14_daily_merged,sleep_quality,Exercise_Avg_HR__deviation,0.0067306204077212,Exercise_Avg_HR,0.0067306204077212314
p14_daily_merged,sleep_quality,Sleep_Composition__zscore,0.0064102192406238,Sleep_Composition,0.00641021924062383
p14_daily_merged,sleep_quality,Sleep_Revitalization__change,0.0062106269670012,Sleep_Revitalization,0.0062106269670012286
p14_daily_merged,sleep_quality,Exercise_Calories__change,0.0061897516582608,Exercise_Calories,0.006189751658260829
p14_daily_merged,sleep_quality,Steps__deviation,0.0058448868336072,Steps,0.005844886833607227
p14_daily_merged,sleep_quality,Sleep_Hours__raw,0.0055560940274662,Sleep_Hours,0.005556094027466226
p14_daily_merged,sleep_quality,Exercise_Count__abs_zscore,0.0054873252804612,Exercise_Count,0.005487325280461225
p14_daily_merged,sleep_quality,Exercise_Count__change,0.0053109842422966,Exercise_Count,0.005310984242296625
p14_daily_merged,sleep_quality,Sleep_Duration_Score__rolling_7,0.0052107255228717,Sleep_Duration_Score,0.0052107255228717245
p14_daily_merged,sleep_quality,Sleep_Revitalization__deviation,0.0051833030292046,Sleep_Revitalization,0.005183303029204624
p14_daily_merged,sleep_quality,Exercise_Count__rolling_7,0.0051710330206891,Exercise_Count,0.005171033020689124
p14_daily_merged,sleep_quality,Sleep_Duration_Score__deviation,0.0050644783436123,Sleep_Duration_Score,0.005064478343612323
p14_daily_merged,sleep_quality,Sleep_Restlessness__rolling_7,0.0050580766584539,Sleep_Restlessness,0.005058076658453923
p14_daily_merged,sleep_quality,Exercise_Duration__raw,0.0048876657377785,Exercise_Duration,0.0048876657377785225
p14_daily_merged,sleep_quality,Sleep_Hours__zscore,0.0046667273174235,Sleep_Hours,0.004666727317423521
p14_daily_merged,sleep_quality,Sleep_Composition__deviation,0.0045521263266237,Sleep_Composition,0.004552126326623721
p14_daily_merged,sleep_quality,Sleep_Score__raw,0.0044511289354544,Sleep_Score,0.004451128935454421
p14_daily_merged,sleep_quality,Sleep_Hours__deviation,0.004359346862868,Sleep_Hours,0.00435934686286802
p14_daily_merged,sleep_quality,Exercise_Calories__zscore,0.0043190258041994,Exercise_Calories,0.00431902580419942
p14_daily_merged,sleep_quality,Exercise_Distance__change,0.0042647381573931,Exercise_Distance,0.00426473815739312
p14_daily_merged,sleep_quality,Deep_Sleep_Minutes__rolling_7,0.0042043133206563,Deep_Sleep_Minutes,0.0042043133206563195
p14_daily_merged,sleep_quality,Exercise_Calories__deviation,0.00385858504461,Exercise_Calories,0.003858585044610018
p14_daily_merged,sleep_quality,Exercise_Avg_HR__zscore,0.0038239087936443,Exercise_Avg_HR,0.003823908793644318
p14_daily_merged,sleep_quality,Sleep_Duration_Score__change,0.0036796934224498,Sleep_Duration_Score,0.0036796934224498173
p14_daily_merged,sleep_quality,Sleep_Duration_Score__zscore,0.0036569402666859,Sleep_Duration_Score,0.003656940266685917
p14_daily_merged,sleep_quality,Sleep_Composition__rolling_3,0.003560041431847,Sleep_Composition,0.0035600414318470164
p14_daily_merged,sleep_quality,Exercise_Duration__zscore,0.0034445824391407,Exercise_Duration,0.003444582439140716
p14_daily_merged,sleep_quality,Sleep_Restlessness__deviation,0.0034106123482709,Sleep_Restlessness,0.003410612348270916
p14_daily_merged,sleep_quality,Sleep_Revitalization__zscore,0.0033553045879512,Sleep_Revitalization,0.0033553045879512154
p14_daily_merged,sleep_quality,Exercise_Avg_HR__raw,0.0027952502642687,Exercise_Avg_HR,0.002795250264268713
p14_daily_merged,sleep_quality,Steps__zscore,0.0027698857282493,Steps,0.002769885728249313
p14_daily_merged,sleep_quality,Sleep_Hours__rolling_7,0.0026058094551053,Sleep_Hours,0.002605809455105312
p14_daily_merged,sleep_quality,Sleep_Composition__rolling_7,0.0025527061049616,Sleep_Composition,0.0025527061049616115
p14_daily_merged,sleep_quality,Deep_Sleep_Minutes__deviation,0.0020513727750446,Deep_Sleep_Minutes,0.0020513727750446097
p14_daily_merged,sleep_quality,Exercise_Count__zscore,0.001683907301685,Exercise_Count,0.0016839073016850078
p14_daily_merged,sleep_quality,Exercise_Count__deviation,0.0014798778583798,Exercise_Count,0.001479877858379807
p14_daily_merged,sleep_quality,Sleep_Revitalization__rolling_7,0.0011075134714704,Sleep_Revitalization,0.001107513471470405
p14_daily_merged,sleep_quality,Exercise_Avg_HR__rolling_7,0.0008414036630016,Exercise_Avg_HR,0.0008414036630016039
p14_daily_merged,sleep_quality,Exercise_Distance__zscore,0.0007247002742377,Exercise_Distance,0.0007247002742377034
p14_daily_merged,sleep_quality,Sleep_Composition__change,0.0006799255809074,Sleep_Composition,0.0006799255809074032
p14_daily_merged,sleep_quality,Exercise_Distance__raw,0.0006445176785413,Exercise_Distance,0.0006445176785413031
p14_daily_merged,sleep_quality,Exercise_Distance__abs_zscore,0.0005618181535008,Exercise_Distance,0.0005618181535008026
p14_daily_merged,sleep_quality,Exercise_Distance__deviation,0.0005059078049632,Exercise_Distance,0.0005059078049632024
p14_daily_merged,sleep_quality,Exercise_Count__raw,0.0001321845117668,Exercise_Count,0.00013218451176680063
p14_daily_merged,stress,Sleep_Score__change,0.0832225303461232,Sleep_Score,0.08322253034612355
p14_daily_merged,stress,Steps__abs_zscore,0.0686989095769594,Steps,0.06869890957695968
p14_daily_merged,stress,Exercise_Distance__change,0.0671586049053471,Exercise_Distance,0.06715860490534738
p14_daily_merged,stress,Deep_Sleep_Minutes__change,0.0370657713688522,Deep_Sleep_Minutes,0.037065771368852356
p14_daily_merged,stress,Exercise_Duration__rolling_3,0.0336218271681738,Exercise_Duration,0.03362182716817394
p14_daily_merged,stress,Sleep_Hours__rolling_3,0.0335206042136179,Sleep_Hours,0.033520604213618035
p14_daily_merged,stress,Sleep_Score__abs_zscore,0.0331823343805302,Sleep_Score,0.03318233438053034
p14_daily_merged,stress,Sleep_Duration_Score__change,0.0281401242833654,Sleep_Duration_Score,0.028140124283365514
p14_daily_merged,stress,Steps__rolling_3,0.0278361331351104,Steps,0.027836133135110516
p14_daily_merged,stress,Exercise_Calories__rolling_3,0.0241802586832988,Exercise_Calories,0.0241802586832989
p14_daily_merged,stress,Sleep_Restlessness__change,0.0227199474921004,Sleep_Restlessness,0.022719947492100493
p14_daily_merged,stress,Steps__deviation,0.0226397971794417,Steps,0.022639797179441794
p14_daily_merged,stress,Exercise_Avg_HR__rolling_7,0.0217791098030133,Exercise_Avg_HR,0.02177910980301339
p14_daily_merged,stress,Steps__zscore,0.0217776234220778,Steps,0.02177762342207789
p14_daily_merged,stress,Exercise_Calories__change,0.0211690598414839,Exercise_Calories,0.021169059841483987
p14_daily_merged,stress,Steps__raw,0.0203273484954781,Steps,0.020327348495478185
p14_daily_merged,stress,Exercise_Duration__change,0.0190348336376315,Exercise_Duration,0.01903483363763158
p14_daily_merged,stress,Sleep_Revitalization__rolling_3,0.0175837502919515,Sleep_Revitalization,0.017583750291951573
p14_daily_merged,stress,Deep_Sleep_Minutes__rolling_3,0.017379327029253,Deep_Sleep_Minutes,0.017379327029253072
p14_daily_merged,stress,Exercise_Calories__abs_zscore,0.0172311156407294,Exercise_Calories,0.017231115640729468
p14_daily_merged,stress,Exercise_Avg_HR__abs_zscore,0.0155058289746697,Exercise_Avg_HR,0.015505828974669764
p14_daily_merged,stress,Exercise_Distance__rolling_7,0.0150846408851248,Exercise_Distance,0.015084640885124862
p14_daily_merged,stress,Exercise_Distance__abs_zscore,0.0128370419380014,Exercise_Distance,0.012837041938001451
p14_daily_merged,stress,Sleep_Restlessness__rolling_3,0.0109227995812476,Sleep_Restlessness,0.010922799581247646
p14_daily_merged,stress,Deep_Sleep_Minutes__zscore,0.0106977033739758,Deep_Sleep_Minutes,0.010697703373975843
p14_daily_merged,stress,Sleep_Restlessness__deviation,0.010507096209958,Sleep_Restlessness,0.010507096209958043
p14_daily_merged,stress,Exercise_Calories__zscore,0.0100049203506873,Exercise_Calories,0.010004920350687342
p14_daily_merged,stress,Sleep_Duration_Score__abs_zscore,0.0098404062968171,Sleep_Duration_Score,0.00984040629681714
p14_daily_merged,stress,Deep_Sleep_Minutes__abs_zscore,0.0093479834063791,Deep_Sleep_Minutes,0.009347983406379138
p14_daily_merged,stress,Sleep_Restlessness__rolling_7,0.0092952955987257,Sleep_Restlessness,0.009295295598725738
p14_daily_merged,stress,Steps__change,0.0090610479515612,Steps,0.009061047951561237
p14_daily_merged,stress,Deep_Sleep_Minutes__rolling_7,0.0088233667689456,Deep_Sleep_Minutes,0.008823366768945637
p14_daily_merged,stress,Sleep_Score__deviation,0.0086329500625368,Sleep_Score,0.008632950062536835
p14_daily_merged,stress,Sleep_Hours__abs_zscore,0.0085109047114185,Sleep_Hours,0.008510904711418535
p14_daily_merged,stress,Sleep_Hours__raw,0.0083313936623713,Sleep_Hours,0.008331393662371334
p14_daily_merged,stress,Exercise_Avg_HR__change,0.0082224089890916,Exercise_Avg_HR,0.008222408989091634
p14_daily_merged,stress,Sleep_Restlessness__raw,0.0080226841285148,Sleep_Restlessness,0.008022684128514833
p14_daily_merged,stress,Sleep_Restlessness__abs_zscore,0.008019186767381,Sleep_Restlessness,0.008019186767381033
p14_daily_merged,stress,Exercise_Avg_HR__raw,0.0079217047935475,Exercise_Avg_HR,0.007921704793547533
p14_daily_merged,stress,Steps__rolling_7,0.0075876611077515,Steps,0.0075876611077515315
p14_daily_merged,stress,Sleep_Revitalization__change,0.0071519161136553,Sleep_Revitalization,0.007151916113655329
p14_daily_merged,stress,Deep_Sleep_Minutes__deviation,0.0070521902431419,Deep_Sleep_Minutes,0.007052190243141928
p14_daily_merged,stress,Exercise_Avg_HR__zscore,0.0067178901289512,Exercise_Avg_HR,0.006717890128951228
p14_daily_merged,stress,Sleep_Composition__rolling_3,0.0063557388773029,Sleep_Composition,0.006355738877302926
p14_daily_merged,stress,Sleep_Restlessness__zscore,0.0062826944824048,Sleep_Restlessness,0.006282694482404826
p14_daily_merged,stress,Exercise_Count__rolling_3,0.0062808488377,Exercise_Count,0.006280848837700026
p14_daily_merged,stress,Exercise_Calories__rolling_7,0.0059472112636626,Exercise_Calories,0.005947211263662625
p14_daily_merged,stress,Deep_Sleep_Minutes__raw,0.0059459167671696,Deep_Sleep_Minutes,0.005945916767169625
p14_daily_merged,stress,Exercise_Duration__abs_zscore,0.0059419099867578,Exercise_Duration,0.005941909986757824
p14_daily_merged,stress,Sleep_Composition__abs_zscore,0.0058718173731244,Sleep_Composition,0.005871817373124424
p14_daily_merged,stress,Sleep_Duration_Score__rolling_3,0.0058692895399999,Sleep_Duration_Score,0.005869289539999924
p14_daily_merged,stress,Exercise_Avg_HR__rolling_3,0.0053249017963014,Exercise_Avg_HR,0.0053249017963014214
p14_daily_merged,stress,Sleep_Hours__zscore,0.005164262987129,Sleep_Hours,0.005164262987129021
p14_daily_merged,stress,Sleep_Hours__deviation,0.0051052757280381,Sleep_Hours,0.0051052757280381205
p14_daily_merged,stress,Sleep_Composition__zscore,0.005069130124745,Sleep_Composition,0.0050691301247450206
p14_daily_merged,stress,Sleep_Hours__rolling_7,0.0048861859980431,Sleep_Hours,0.00488618599804312
p14_daily_merged,stress,Exercise_Duration__rolling_7,0.0045687159467547,Exercise_Duration,0.004568715946754719
p14_daily_merged,stress,Sleep_Revitalization__zscore,0.0045243690644565,Sleep_Revitalization,0.0045243690644565186
p14_daily_merged,stress,Sleep_Hours__change,0.0040734493487216,Sleep_Hours,0.0040734493487216165
p14_daily_merged,stress,Sleep_Revitalization__raw,0.004026644386235,Sleep_Revitalization,0.004026644386235016
p14_daily_merged,stress,Exercise_Calories__deviation,0.0039720732106566,Exercise_Calories,0.003972073210656617
p14_daily_merged,stress,Exercise_Avg_HR__deviation,0.0038728903416788,Exercise_Avg_HR,0.0038728903416788162
p14_daily_merged,stress,Exercise_Count__abs_zscore,0.0036818617888961,Exercise_Count,0.0036818617888961153
p14_daily_merged,stress,Sleep_Revitalization__deviation,0.0035499359242597,Sleep_Revitalization,0.003549935924259715
p14_daily_merged,stress,Sleep_Duration_Score__raw,0.0027093736120223,Sleep_Duration_Score,0.0027093736120223115
p14_daily_merged,stress,Sleep_Duration_Score__deviation,0.0026076780464037,Sleep_Duration_Score,0.0026076780464037107
p14_daily_merged,stress,Exercise_Distance__rolling_3,0.0024501697448787,Exercise_Distance,0.00245016974487871
p14_daily_merged,stress,Exercise_Count__change,0.002418130334749,Exercise_Count,0.00241813033474901
p14_daily_merged,stress,Sleep_Composition__raw,0.0023610321404571,Sleep_Composition,0.0023610321404571094
p14_daily_merged,stress,Exercise_Distance__zscore,0.0023231977014547,Exercise_Distance,0.0023231977014547094
p14_daily_merged,stress,Sleep_Revitalization__rolling_7,0.0019409166102196,Sleep_Revitalization,0.0019409166102196081
p14_daily_merged,stress,Exercise_Count__rolling_7,0.0018971168027784,Exercise_Count,0.001897116802778408
p14_daily_merged,stress,Sleep_Score__rolling_3,0.0018205844230494,Sleep_Score,0.0018205844230494074
p14_daily_merged,stress,Sleep_Score__zscore,0.0017127338802046,Sleep_Score,0.001712733880204607
p14_daily_merged,stress,Sleep_Revitalization__abs_zscore,0.0016087845778332,Sleep_Revitalization,0.0016087845778332065
p14_daily_merged,stress,Sleep_Duration_Score__zscore,0.0015819529093266,Sleep_Duration_Score,0.0015819529093266066
p14_daily_merged,stress,Exercise_Count__raw,0.0015294850311229,Exercise_Count,0.0015294850311229063
p14_daily_merged,stress,Sleep_Composition__deviation,0.001367514506192,Sleep_Composition,0.0013675145061920056
p14_daily_merged,stress,Sleep_Composition__change,0.0012478222073318,Sleep_Composition,0.0012478222073318051
p14_daily_merged,stress,Sleep_Composition__rolling_7,0.001147671651646,Sleep_Composition,0.0011476716516460048
p14_daily_merged,stress,Exercise_Calories__raw,0.0011337923301186,Exercise_Calories,0.0011337923301186045
p14_daily_merged,stress,Exercise_Duration__zscore,0.0011105251435283,Exercise_Duration,0.0011105251435283045
p14_daily_merged,stress,Sleep_Score__raw,0.0008298564125306,Sleep_Score,0.0008298564125306033
p14_daily_merged,stress,Exercise_Duration__deviation,0.0008218306354821,Exercise_Duration,0.0008218306354821033
p14_daily_merged,stress,Exercise_Count__deviation,0.0007492032862614,Exercise_Count,0.0007492032862614031
p14_daily_merged,stress,Sleep_Score__rolling_7,0.0007394379344819,Sleep_Score,0.000739437934481903
p14_daily_merged,stress,Exercise_Distance__raw,0.0005840987924985,Exercise_Distance,0.0005840987924985024
p14_daily_merged,stress,Sleep_Duration_Score__rolling_7,0.0003430425823056,Sleep_Duration_Score,0.0003430425823056014
p14_daily_merged,stress,Exercise_Distance__deviation,0.0002808919900876,Exercise_Distance,0.0002808919900876011
p14_daily_merged,stress,Exercise_Count__zscore,0.0,Exercise_Count,0.0
p14_daily_merged,stress,Exercise_Duration__raw,0.0,Exercise_Duration,0.0
p15_daily_merged,fatigue,Exercise_Duration__change,0.0440730967290512,Exercise_Duration,0.04407309672905138
p15_daily_merged,fatigue,Sleep_Hours__rolling_3,0.037772971440307,Sleep_Hours,0.037772971440307154
p15_daily_merged,fatigue,Exercise_Avg_HR__abs_zscore,0.0296959460932214,Exercise_Avg_HR,0.02969594609322152
p15_daily_merged,fatigue,Exercise_Duration__raw,0.0283627227536525,Exercise_Duration,0.02836272275365262
p15_daily_merged,fatigue,Sleep_Score__abs_zscore,0.0278763494231197,Sleep_Score,0.027876349423119815
p15_daily_merged,fatigue,Exercise_Calories__rolling_7,0.0257376211118669,Exercise_Calories,0.025737621111867004
p15_daily_merged,fatigue,Sleep_Hours__abs_zscore,0.0248391781694894,Sleep_Hours,0.024839178169489502
p15_daily_merged,fatigue,Sleep_Hours__zscore,0.0240536097216725,Sleep_Hours,0.024053609721672597
p15_daily_merged,fatigue,Steps__change,0.0239927628952247,Steps,0.023992762895224798
p15_daily_merged,fatigue,Deep_Sleep_Minutes__rolling_3,0.0226806242275905,Deep_Sleep_Minutes,0.022680624227590592
p15_daily_merged,fatigue,Deep_Sleep_Minutes__change,0.0225204568053545,Deep_Sleep_Minutes,0.022520456805354593
p15_daily_merged,fatigue,Exercise_Duration__rolling_7,0.0217803615436823,Exercise_Duration,0.02178036154368239
p15_daily_merged,fatigue,Sleep_Hours__change,0.0212569178028931,Sleep_Hours,0.021256917802893186
p15_daily_merged,fatigue,Sleep_Restlessness__rolling_3,0.0195808753475596,Sleep_Restlessness,0.01958087534755968
p15_daily_merged,fatigue,Exercise_Calories__zscore,0.0195215780146647,Exercise_Calories,0.01952157801466478
p15_daily_merged,fatigue,Exercise_Count__rolling_7,0.0188023266271394,Exercise_Count,0.018802326627139477
p15_daily_merged,fatigue,Deep_Sleep_Minutes__abs_zscore,0.0187110252557055,Deep_Sleep_Minutes,0.018711025255705577
p15_daily_merged,fatigue,Exercise_Calories__change,0.0178236630831234,Exercise_Calories,0.017823663083123473
p15_daily_merged,fatigue,Steps__rolling_7,0.0167902485883934,Steps,0.01679024858839347
p15_daily_merged,fatigue,Steps__abs_zscore,0.0165811942792161,Steps,0.016581194279216168
p15_daily_merged,fatigue,Sleep_Hours__raw,0.0161731747836378,Sleep_Hours,0.016173174783637865
p15_daily_merged,fatigue,Exercise_Duration__deviation,0.0159802397992847,Exercise_Duration,0.015980239799284767
p15_daily_merged,fatigue,Sleep_Composition__change,0.0157019879403179,Sleep_Composition,0.015701987940317966
p15_daily_merged,fatigue,Exercise_Distance__change,0.0145156048500323,Exercise_Distance,0.014515604850032358
p15_daily_merged,fatigue,Exercise_Avg_HR__change,0.0142256031247707,Exercise_Avg_HR,0.01422560312477076
p15_daily_merged,fatigue,Sleep_Revitalization__abs_zscore,0.0133811631868279,Sleep_Revitalization,0.013381163186827956
p15_daily_merged,fatigue,Exercise_Distance__rolling_3,0.0133666504963746,Exercise_Distance,0.013366650496374656
p15_daily_merged,fatigue,Exercise_Calories__rolling_3,0.0131289913920542,Exercise_Calories,0.013128991392054253
p15_daily_merged,fatigue,Exercise_Calories__deviation,0.0130585131470942,Exercise_Calories,0.013058513147094254
p15_daily_merged,fatigue,Exercise_Duration__zscore,0.0127873965994579,Exercise_Duration,0.012787396599457952
p15_daily_merged,fatigue,Sleep_Duration_Score__abs_zscore,0.0122458983964325,Sleep_Duration_Score,0.01224589839643255
p15_daily_merged,fatigue,Sleep_Revitalization__deviation,0.0121390381100033,Sleep_Revitalization,0.01213903811000335
p15_daily_merged,fatigue,Exercise_Calories__abs_zscore,0.0121327719467066,Exercise_Calories,0.012132771946706651
p15_daily_merged,fatigue,Sleep_Restlessness__change,0.0121163444650552,Sleep_Restlessness,0.01211634446505525
p15_daily_merged,fatigue,Sleep_Hours__deviation,0.0119734648703637,Sleep_Hours,0.011973464870363748
p15_daily_merged,fatigue,Sleep_Hours__rolling_7,0.0118069619068313,Sleep_Hours,0.011806961906831349
p15_daily_merged,fatigue,Sleep_Restlessness__abs_zscore,0.0109942912224163,Sleep_Restlessness,0.010994291222416346
p15_daily_merged,fatigue,Exercise_Calories__raw,0.0108805113800975,Exercise_Calories,0.010880511380097544
p15_daily_merged,fatigue,Sleep_Restlessness__rolling_7,0.0108226560123006,Sleep_Restlessness,0.010822656012300645
p15_daily_merged,fatigue,Sleep_Score__rolling_7,0.010108843548186,Sleep_Score,0.010108843548186041
p15_daily_merged,fatigue,Deep_Sleep_Minutes__rolling_7,0.0100805321925831,Deep_Sleep_Minutes,0.010080532192583142
p15_daily_merged,fatigue,Sleep_Revitalization__rolling_7,0.0099065335173915,Sleep_Revitalization,0.00990653351739154
p15_daily_merged,fatigue,Exercise_Duration__rolling_3,0.0098811688788246,Exercise_Duration,0.00988116887882464
p15_daily_merged,fatigue,Steps__rolling_3,0.0098580606303438,Steps,0.00985806063034384
p15_daily_merged,fatigue,Exercise_Avg_HR__rolling_7,0.0093547474206591,Exercise_Avg_HR,0.009354747420659138
p15_daily_merged,fatigue,Sleep_Composition__raw,0.0092600139610945,Sleep_Composition,0.009260013961094538
p15_daily_merged,fatigue,Sleep_Revitalization__rolling_3,0.0090268584055724,Sleep_Revitalization,0.009026858405572437
p15_daily_merged,fatigue,Exercise_Duration__abs_zscore,0.0085574555653173,Exercise_Duration,0.008557455565317335
p15_daily_merged,fatigue,Sleep_Duration_Score__rolling_3,0.0085209337731201,Sleep_Duration_Score,0.008520933773120135
p15_daily_merged,fatigue,Exercise_Distance__abs_zscore,0.0084345410263304,Exercise_Distance,0.008434541026330435
p15_daily_merged,fatigue,Steps__zscore,0.0084203197018541,Steps,0.008420319701854135
p15_daily_merged,fatigue,Sleep_Composition__rolling_7,0.007930833680504,Sleep_Composition,0.007930833680504033
p15_daily_merged,fatigue,Sleep_Score__rolling_3,0.0075779353701674,Sleep_Score,0.0075779353701674315
p15_daily_merged,fatigue,Sleep_Duration_Score__rolling_7,0.0073144850839847,Sleep_Duration_Score,0.0073144850839847305
p15_daily_merged,fatigue,Sleep_Composition__abs_zscore,0.0067936453398004,Sleep_Composition,0.0067936453398004274
p15_daily_merged,fatigue,Sleep_Revitalization__raw,0.0067346531729868,Sleep_Revitalization,0.006734653172986828
p15_daily_merged,fatigue,Exercise_Avg_HR__rolling_3,0.0065857361951214,Exercise_Avg_HR,0.006585736195121427
p15_daily_merged,fatigue,Sleep_Restlessness__deviation,0.0065782133258884,Sleep_Restlessness,0.006578213325888427
p15_daily_merged,fatigue,Sleep_Revitalization__zscore,0.0065487275348968,Sleep_Revitalization,0.006548727534896827
p15_daily_merged,fatigue,Sleep_Composition__rolling_3,0.006489768261628,Sleep_Composition,0.0064897682616280265
p15_daily_merged,fatigue,Deep_Sleep_Minutes__deviation,0.0061809047496117,Deep_Sleep_Minutes,0.006180904749611725
p15_daily_merged,fatigue,Sleep_Composition__deviation,0.0059378159258565,Sleep_Composition,0.005937815925856524
p15_daily_merged,fatigue,Exercise_Distance__rolling_7,0.0058175058588622,Exercise_Distance,0.005817505858862224
p15_daily_merged,fatigue,Exercise_Count__abs_zscore,0.005806881007891,Exercise_Count,0.0058068810078910245
p15_daily_merged,fatigue,Deep_Sleep_Minutes__zscore,0.0058021935948686,Deep_Sleep_Minutes,0.005802193594868624
p15_daily_merged,fatigue,Sleep_Score__change,0.0055081287009271,Sleep_Score,0.005508128700927123
p15_daily_merged,fatigue,Sleep_Restlessness__raw,0.0050987240364288,Sleep_Restlessness,0.005098724036428821
p15_daily_merged,fatigue,Exercise_Avg_HR__raw,0.0050482098534891,Exercise_Avg_HR,0.005048209853489121
p15_daily_merged,fatigue,Sleep_Revitalization__change,0.0048333232074813,Sleep_Revitalization,0.00483332320748132
p15_daily_merged,fatigue,Exercise_Avg_HR__zscore,0.0047446737958544,Exercise_Avg_HR,0.004744673795854419
p15_daily_merged,fatigue,Sleep_Restlessness__zscore,0.0046124968464417,Sleep_Restlessness,0.0046124968464417195
p15_daily_merged,fatigue,Exercise_Avg_HR__deviation,0.0042306588681452,Exercise_Avg_HR,0.004230658868145217
p15_daily_merged,fatigue,Exercise_Count__change,0.0035836073624421,Exercise_Count,0.003583607362442115
p15_daily_merged,fatigue,Sleep_Score__raw,0.0032341139370115,Sleep_Score,0.0032341139370115134
p15_daily_merged,fatigue,Exercise_Distance__zscore,0.002886517128366,Exercise_Distance,0.0028865171283660117
p15_daily_merged,fatigue,Sleep_Score__zscore,0.002605970934011,Sleep_Score,0.002605970934011011
p15_daily_merged,fatigue,Sleep_Duration_Score__zscore,0.002498432695121,Sleep_Duration_Score,0.0024984326951210103
p15_daily_merged,fatigue,Deep_Sleep_Minutes__raw,0.0024191490094555,Deep_Sleep_Minutes,0.00241914900945551
p15_daily_merged,fatigue,Steps__deviation,0.0023769633097182,Steps,0.00237696330971821
p15_daily_merged,fatigue,Exercise_Distance__raw,0.0023184224812873,Exercise_Distance,0.0023184224812873096
p15_daily_merged,fatigue,Sleep_Duration_Score__change,0.0020504516775057,Sleep_Duration_Score,0.0020504516775057082
p15_daily_merged,fatigue,Exercise_Count__rolling_3,0.0019759063510618,Exercise_Count,0.001975906351061808
p15_daily_merged,fatigue,Steps__raw,0.0018757597170893,Steps,0.0018757597170893077
p15_daily_merged,fatigue,Exercise_Count__raw,0.0012559590905989,Exercise_Count,0.0012559590905989052
p15_daily_merged,fatigue,Sleep_Duration_Score__raw,0.001063024868408,Sleep_Duration_Score,0.0010630248684080042
p15_daily_merged,fatigue,Sleep_Duration_Score__deviation,0.0009437742343485,Sleep_Duration_Score,0.0009437742343485039
p15_daily_merged,fatigue,Sleep_Score__deviation,0.0008827736192915,Sleep_Score,0.0008827736192915036
p15_daily_merged,fatigue,Sleep_Composition__zscore,0.000484261804649,Sleep_Composition,0.000484261804649002
p15_daily_merged,fatigue,Exercise_Count__deviation,4.596294511139357e-05,Exercise_Count,4.596294511139376e-05
p15_daily_merged,fatigue,Exercise_Distance__deviation,2.863225941982997e-05,Exercise_Distance,2.863225941983009e-05
p15_daily_merged,fatigue,Exercise_Count__zscore,0.0,Exercise_Count,0.0
p15_daily_merged,mood,Exercise_Duration__change,0.0674596228509698,Exercise_Duration,0.0674596228509701
p15_daily_merged,mood,Exercise_Calories__change,0.0463410203690893,Exercise_Calories,0.0463410203690895
p15_daily_merged,mood,Sleep_Restlessness__change,0.0427082087357231,Sleep_Restlessness,0.042708208735723285
p15_daily_merged,mood,Sleep_Hours__change,0.0402058769899159,Sleep_Hours,0.040205876989916074
p15_daily_merged,mood,Steps__change,0.0393896149136043,Steps,0.03938961491360447
p15_daily_merged,mood,Exercise_Avg_HR__abs_zscore,0.0326276928339035,Exercise_Avg_HR,0.03262769283390364
p15_daily_merged,mood,Exercise_Calories__abs_zscore,0.0272414495286443,Exercise_Calories,0.027241449528644417
p15_daily_merged,mood,Sleep_Revitalization__rolling_3,0.0268728153857191,Sleep_Revitalization,0.02687281538571922
p15_daily_merged,mood,Steps__zscore,0.0244904176994337,Steps,0.024490417699433806
p15_daily_merged,mood,Deep_Sleep_Minutes__abs_zscore,0.0235984415037718,Deep_Sleep_Minutes,0.0235984415037719
p15_daily_merged,mood,Sleep_Restlessness__abs_zscore,0.021440989717832,Sleep_Restlessness,0.021440989717832093
p15_daily_merged,mood,Sleep_Hours__abs_zscore,0.0207144614234228,Sleep_Hours,0.02071446142342289
p15_daily_merged,mood,Exercise_Avg_HR__change,0.0204909408486166,Exercise_Avg_HR,0.02049094084861669
p15_daily_merged,mood,Exercise_Duration__rolling_7,0.0203161773161253,Exercise_Duration,0.020316177316125388
p15_daily_merged,mood,Exercise_Calories__rolling_3,0.019022780880385,Exercise_Calories,0.019022780880385084
p15_daily_merged,mood,Exercise_Duration__rolling_3,0.0169129535568481,Exercise_Duration,0.016912953556848173
p15_daily_merged,mood,Steps__abs_zscore,0.0162250679923467,Steps,0.01622506799234677
p15_daily_merged,mood,Sleep_Hours__rolling_3,0.0161876860302893,Sleep_Hours,0.016187686030289368
p15_daily_merged,mood,Steps__raw,0.0158404184680734,Steps,0.01584041846807347
p15_daily_merged,mood,Sleep_Restlessness__rolling_3,0.015261037288219,Sleep_Restlessness,0.015261037288219067
p15_daily_merged,mood,Exercise_Duration__zscore,0.0142384662369032,Exercise_Duration,0.014238466236903263
p15_daily_merged,mood,Sleep_Restlessness__raw,0.0140640085079929,Sleep_Restlessness,0.014064008507992961
p15_daily_merged,mood,Steps__rolling_3,0.0127195419723006,Steps,0.012719541972300656
p15_daily_merged,mood,Exercise_Distance__abs_zscore,0.012380305408665,Exercise_Distance,0.012380305408665054
p15_daily_merged,mood,Exercise_Count__rolling_3,0.0121362624426897,Exercise_Count,0.012136262442689751
p15_daily_merged,mood,Exercise_Calories__raw,0.0120462104440084,Exercise_Calories,0.012046210444008451
p15_daily_merged,mood,Sleep_Score__rolling_7,0.011927982328108,Sleep_Score,0.011927982328108051
p15_daily_merged,mood,Sleep_Hours__zscore,0.0119222838664867,Sleep_Hours,0.011922283866486753
p15_daily_merged,mood,Exercise_Count__rolling_7,0.0113872806002182,Exercise_Count,0.011387280600218248
p15_daily_merged,mood,Sleep_Composition__rolling_3,0.0111076093452687,Sleep_Composition,0.011107609345268749
p15_daily_merged,mood,Sleep_Duration_Score__rolling_3,0.0110463558545355,Sleep_Duration_Score,0.011046355854535549
p15_daily_merged,mood,Sleep_Score__rolling_3,0.0107512567963862,Sleep_Score,0.010751256796386248
p15_daily_merged,mood,Deep_Sleep_Minutes__rolling_3,0.0104617952444583,Deep_Sleep_Minutes,0.010461795244458345
p15_daily_merged,mood,Sleep_Restlessness__rolling_7,0.0101738739631741,Sleep_Restlessness,0.010173873963174143
p15_daily_merged,mood,Exercise_Distance__change,0.0099651766533708,Exercise_Distance,0.009965176653370843
p15_daily_merged,mood,Exercise_Duration__abs_zscore,0.0096165347654435,Exercise_Duration,0.009616534765443541
p15_daily_merged,mood,Exercise_Avg_HR__zscore,0.0095427385721232,Exercise_Avg_HR,0.009542738572123241
p15_daily_merged,mood,Sleep_Revitalization__rolling_7,0.0094493434854618,Sleep_Revitalization,0.009449343485461842
p15_daily_merged,mood,Sleep_Composition__rolling_7,0.0093442641484748,Sleep_Composition,0.00934426414847484
p15_daily_merged,mood,Deep_Sleep_Minutes__change,0.0091335659434995,Deep_Sleep_Minutes,0.00913356594349954
p15_daily_merged,mood,Exercise_Calories__zscore,0.0090892731536525,Exercise_Calories,0.00908927315365254
p15_daily_merged,mood,Sleep_Score__abs_zscore,0.0089030412712451,Sleep_Score,0.008903041271245138
p15_daily_merged,mood,Sleep_Hours__rolling_7,0.0084424994908123,Sleep_Hours,0.008442499490812336
p15_daily_merged,mood,Exercise_Distance__rolling_7,0.0083775792423448,Exercise_Distance,0.008377579242344836
p15_daily_merged,mood,Sleep_Revitalization__abs_zscore,0.0081184277259638,Sleep_Revitalization,0.008118427725963835
p15_daily_merged,mood,Steps__deviation,0.0078179654292265,Steps,0.007817965429226534
p15_daily_merged,mood,Deep_Sleep_Minutes__rolling_7,0.007707814923205,Deep_Sleep_Minutes,0.007707814923205033
p15_daily_merged,mood,Sleep_Restlessness__deviation,0.007682372778736,Sleep_Restlessness,0.007682372778736033
p15_daily_merged,mood,Sleep_Composition__abs_zscore,0.0075375514075769,Sleep_Composition,0.007537551407576933
p15_daily_merged,mood,Sleep_Restlessness__zscore,0.0073689927708536,Sleep_Restlessness,0.007368992770853632
p15_daily_merged,mood,Exercise_Distance__rolling_3,0.0073588556075452,Exercise_Distance,0.007358855607545232
p15_daily_merged,mood,Exercise_Avg_HR__raw,0.0072106086836062,Exercise_Avg_HR,0.007210608683606231
p15_daily_merged,mood,Sleep_Hours__deviation,0.0070034490298472,Sleep_Hours,0.007003449029847231
p15_daily_merged,mood,Exercise_Calories__rolling_7,0.0069398460341846,Exercise_Calories,0.00693984603418463
p15_daily_merged,mood,Deep_Sleep_Minutes__zscore,0.006888641620208,Deep_Sleep_Minutes,0.006888641620208029
p15_daily_merged,mood,Sleep_Duration_Score__abs_zscore,0.0066648042641633,Sleep_Duration_Score,0.006664804264163328
p15_daily_merged,mood,Sleep_Revitalization__change,0.0065770911050487,Sleep_Revitalization,0.006577091105048729
p15_daily_merged,mood,Sleep_Hours__raw,0.0062137758401157,Sleep_Hours,0.0062137758401157265
p15_daily_merged,mood,Exercise_Avg_HR__rolling_3,0.0060737911589707,Exercise_Avg_HR,0.006073791158970726
p15_daily_merged,mood,Steps__rolling_7,0.0060576686084588,Steps,0.006057668608458826
p15_daily_merged,mood,Sleep_Score__change,0.0058393196164545,Sleep_Score,0.005839319616454525
p15_daily_merged,mood,Deep_Sleep_Minutes__raw,0.0057126407867339,Deep_Sleep_Minutes,0.005712640786733925
p15_daily_merged,mood,Sleep_Composition__deviation,0.005635128578226,Sleep_Composition,0.005635128578226024
p15_daily_merged,mood,Sleep_Composition__change,0.0054262792323313,Sleep_Composition,0.0054262792323313234
p15_daily_merged,mood,Exercise_Avg_HR__deviation,0.0051803315806287,Exercise_Avg_HR,0.005180331580628723
p15_daily_merged,mood,Exercise_Avg_HR__rolling_7,0.0051612171018869,Exercise_Avg_HR,0.005161217101886923
p15_daily_merged,mood,Deep_Sleep_Minutes__deviation,0.0047523559649972,Deep_Sleep_Minutes,0.004752355964997221
p15_daily_merged,mood,Exercise_Calories__deviation,0.0040048241286408,Exercise_Calories,0.004004824128640817
p15_daily_merged,mood,Exercise_Duration__deviation,0.0031757903641669,Exercise_Duration,0.003175790364166914
p15_daily_merged,mood,Exercise_Duration__raw,0.0031275271022777,Exercise_Duration,0.0031275271022777134
p15_daily_merged,mood,Sleep_Duration_Score__change,0.0030128261707959,Sleep_Duration_Score,0.003012826170795913
p15_daily_merged,mood,Sleep_Score__raw,0.0028833447138727,Sleep_Score,0.0028833447138727126
p15_daily_merged,mood,Exercise_Distance__zscore,0.0025909376514928,Exercise_Distance,0.0025909376514928113
p15_daily_merged,mood,Exercise_Count__change,0.0021703550315928,Exercise_Count,0.0021703550315928096
p15_daily_merged,mood,Sleep_Duration_Score__zscore,0.0020995964875634,Sleep_Duration_Score,0.002099596487563409
p15_daily_merged,mood,Sleep_Duration_Score__rolling_7,0.0020034403537345,Sleep_Duration_Score,0.0020034403537345087
p15_daily_merged,mood,Exercise_Count__zscore,0.0016226424088045,Exercise_Count,0.0016226424088045068
p15_daily_merged,mood,Sleep_Composition__raw,0.0014808214047787,Sleep_Composition,0.0014808214047787064
p15_daily_merged,mood,Sleep_Revitalization__deviation,0.0014606393546471,Sleep_Revitalization,0.0014606393546471063
p15_daily_merged,mood,Sleep_Revitalization__raw,0.0013819186000255,Sleep_Revitalization,0.001381918600025506
p15_daily_merged,mood,Sleep_Composition__zscore,0.0011470776885767,Sleep_Composition,0.001147077688576705
p15_daily_merged,mood,Sleep_Score__deviation,0.0010746453407164,Sleep_Score,0.0010746453407164045
p15_daily_merged,mood,Exercise_Distance__deviation,0.0010312951385887,Exercise_Distance,0.0010312951385887045
p15_daily_merged,mood,Exercise_Distance__raw,0.0010285557211645,Exercise_Distance,0.0010285557211645046
p15_daily_merged,mood,Sleep_Score__zscore,0.0007027760787362,Sleep_Score,0.000702776078736203
p15_daily_merged,mood,Sleep_Revitalization__zscore,0.0005287849225473,Sleep_Revitalization,0.0005287849225473022
p15_daily_merged,mood,Exercise_Count__abs_zscore,0.0003954563731967,Exercise_Count,0.0003954563731967017
p15_daily_merged,mood,Sleep_Duration_Score__deviation,0.0003266720638572,Sleep_Duration_Score,0.0003266720638572014
p15_daily_merged,mood,Exercise_Count__deviation,0.000189434675875,Exercise_Count,0.0001894346758750008
p15_daily_merged,mood,Sleep_Duration_Score__raw,5.6784304818148265e-05,Sleep_Duration_Score,5.678430481814851e-05
p15_daily_merged,mood,Exercise_Count__raw,0.0,Exercise_Count,0.0
p15_daily_merged,readiness,Steps__change,0.1357829999441882,Steps,0.13578299994418883
p15_daily_merged,readiness,Sleep_Revitalization__change,0.1329590459129708,Sleep_Revitalization,0.13295904591297142
p15_daily_merged,readiness,Exercise_Duration__change,0.0494300404351953,Exercise_Duration,0.04943004043519553
p15_daily_merged,readiness,Deep_Sleep_Minutes__raw,0.0265123796610614,Deep_Sleep_Minutes,0.026512379661061524
p15_daily_merged,readiness,Sleep_Restlessness__rolling_3,0.0259990260239501,Sleep_Restlessness,0.025999026023950222
p15_daily_merged,readiness,Sleep_Score__abs_zscore,0.0255982647985322,Sleep_Score,0.02559826479853232
p15_daily_merged,readiness,Steps__abs_zscore,0.024554620323431,Steps,0.024554620323431114
p15_daily_merged,readiness,Sleep_Revitalization__zscore,0.0191536181042655,Sleep_Revitalization,0.01915361810426559
p15_daily_merged,readiness,Sleep_Revitalization__abs_zscore,0.0179915459318568,Sleep_Revitalization,0.017991545931856884
p15_daily_merged,readiness,Exercise_Duration__deviation,0.0166063155669888,Exercise_Duration,0.016606315566988876
p15_daily_merged,readiness,Sleep_Score__change,0.0164304453434638,Sleep_Score,0.016430445343463877
p15_daily_merged,readiness,Sleep_Restlessness__abs_zscore,0.014591646315308,Sleep_Restlessness,0.014591646315308068
p15_daily_merged,readiness,Sleep_Score__rolling_7,0.0144854570391019,Sleep_Score,0.014485457039101968
p15_daily_merged,readiness,Exercise_Count__abs_zscore,0.0144518392906598,Exercise_Count,0.014451839290659867
p15_daily_merged,readiness,Deep_Sleep_Minutes__zscore,0.0141770294617609,Deep_Sleep_Minutes,0.014177029461760965
p15_daily_merged,readiness,Exercise_Duration__zscore,0.0137565511995017,Exercise_Duration,0.013756551199501765
p15_daily_merged,readiness,Sleep_Composition__deviation,0.0132503840479903,Sleep_Composition,0.013250384047990362
p15_daily_merged,readiness,Sleep_Hours__abs_zscore,0.0132458671511918,Sleep_Hours,0.013245867151191863
p15_daily_merged,readiness,Sleep_Revitalization__raw,0.0131614898546949,Sleep_Revitalization,0.01316148985469496
p15_daily_merged,readiness,Steps__deviation,0.0128467140701908,Steps,0.01284671407019086
p15_daily_merged,readiness,Deep_Sleep_Minutes__deviation,0.012686045949631,Deep_Sleep_Minutes,0.01268604594963106
p15_daily_merged,readiness,Sleep_Revitalization__deviation,0.0126523876073181,Sleep_Revitalization,0.012652387607318159
p15_daily_merged,readiness,Sleep_Hours__zscore,0.0122904036176677,Sleep_Hours,0.012290403617667757
p15_daily_merged,readiness,Exercise_Duration__raw,0.012215892185531,Exercise_Duration,0.012215892185531057
p15_daily_merged,readiness,Exercise_Calories__zscore,0.0115473365605535,Exercise_Calories,0.011547336560553553
p15_daily_merged,readiness,Exercise_Avg_HR__abs_zscore,0.0104802103498061,Exercise_Avg_HR,0.010480210349806148
p15_daily_merged,readiness,Sleep_Hours__change,0.0104692772672865,Sleep_Hours,0.010469277267286548
p15_daily_merged,readiness,Exercise_Avg_HR__change,0.0099090185981081,Exercise_Avg_HR,0.009909018598108147
p15_daily_merged,readiness,Steps__zscore,0.0098931566588716,Steps,0.009893156658871647
p15_daily_merged,readiness,Sleep_Restlessness__rolling_7,0.0094328129628332,Sleep_Restlessness,0.009432812962833244
p15_daily_merged,readiness,Sleep_Restlessness__change,0.0093678868470479,Sleep_Restlessness,0.009367886847047943
p15_daily_merged,readiness,Sleep_Duration_Score__rolling_7,0.009095917633676,Sleep_Duration_Score,0.009095917633676042
p15_daily_merged,readiness,Steps__rolling_7,0.0090286385196853,Steps,0.009028638519685342
p15_daily_merged,readiness,Exercise_Distance__rolling_3,0.0086204531681577,Exercise_Distance,0.00862045316815774
p15_daily_merged,readiness,Sleep_Restlessness__zscore,0.0082737175688711,Sleep_Restlessness,0.008273717568871138
p15_daily_merged,readiness,Sleep_Composition__rolling_7,0.0080637008935432,Sleep_Composition,0.008063700893543238
p15_daily_merged,readiness,Sleep_Duration_Score__change,0.0079143334847837,Sleep_Duration_Score,0.007914333484783737
p15_daily_merged,readiness,Sleep_Duration_Score__abs_zscore,0.0078250063188131,Sleep_Duration_Score,0.007825006318813136
p15_daily_merged,readiness,Exercise_Avg_HR__rolling_3,0.0076313430657492,Exercise_Avg_HR,0.0076313430657492356
p15_daily_merged,readiness,Exercise_Avg_HR__rolling_7,0.0074687586234697,Exercise_Avg_HR,0.007468758623469735
p15_daily_merged,readiness,Sleep_Composition__change,0.0071066847247738,Sleep_Composition,0.007106684724773833
p15_daily_merged,readiness,Exercise_Distance__abs_zscore,0.0070103925898632,Exercise_Distance,0.007010392589863233
p15_daily_merged,readiness,Exercise_Count__rolling_7,0.0069878242669506,Exercise_Count,0.006987824266950633
p15_daily_merged,readiness,Exercise_Calories__abs_zscore,0.0069203302922408,Exercise_Calories,0.006920330292240832
p15_daily_merged,readiness,Steps__raw,0.0067968898060057,Steps,0.006796889806005732
p15_daily_merged,readiness,Exercise_Distance__change,0.0067700992480996,Exercise_Distance,0.006770099248099631
p15_daily_merged,readiness,Deep_Sleep_Minutes__rolling_3,0.0066137948676751,Deep_Sleep_Minutes,0.0066137948676751315
p15_daily_merged,readiness,Exercise_Duration__abs_zscore,0.0064462415157716,Exercise_Duration,0.00644624151577163
p15_daily_merged,readiness,Deep_Sleep_Minutes__change,0.0064327027578658,Deep_Sleep_Minutes,0.00643270275786583
p15_daily_merged,readiness,Sleep_Hours__raw,0.0063512414102439,Sleep_Hours,0.00635124141024393
p15_daily_merged,readiness,Sleep_Hours__rolling_3,0.0063244753867643,Sleep_Hours,0.006324475386764329
p15_daily_merged,readiness,Sleep_Revitalization__rolling_7,0.0060764862745436,Sleep_Revitalization,0.006076486274543629
p15_daily_merged,readiness,Exercise_Distance__rolling_7,0.0059314444115123,Exercise_Distance,0.005931444411512328
p15_daily_merged,readiness,Sleep_Composition__zscore,0.0058496334062467,Sleep_Composition,0.005849633406246727
p15_daily_merged,readiness,Exercise_Calories__change,0.0056150212303274,Exercise_Calories,0.005615021230327426
p15_daily_merged,readiness,Sleep_Duration_Score__rolling_3,0.0055856401461633,Sleep_Duration_Score,0.005585640146163326
p15_daily_merged,readiness,Exercise_Count__rolling_3,0.0048582547410559,Exercise_Count,0.004858254741055923
p15_daily_merged,readiness,Sleep_Composition__abs_zscore,0.0048201847865856,Sleep_Composition,0.004820184786585623
p15_daily_merged,readiness,Sleep_Restlessness__deviation,0.0047596103583919,Sleep_Restlessness,0.004759610358391923
p15_daily_merged,readiness,Deep_Sleep_Minutes__rolling_7,0.0041037874951043,Deep_Sleep_Minutes,0.004103787495104319
p15_daily_merged,readiness,Deep_Sleep_Minutes__abs_zscore,0.0040889749309892,Deep_Sleep_Minutes,0.004088974930989219
p15_daily_merged,readiness,Sleep_Hours__deviation,0.0039125213474971,Sleep_Hours,0.003912521347497118
p15_daily_merged,readiness,Steps__rolling_3,0.0038774663563993,Steps,0.003877466356399318
p15_daily_merged,readiness,Sleep_Restlessness__raw,0.0037121414375099,Sleep_Restlessness,0.003712141437509917
p15_daily_merged,readiness,Exercise_Duration__rolling_7,0.0036454656427032,Exercise_Duration,0.003645465642703217
p15_daily_merged,readiness,Exercise_Avg_HR__deviation,0.0036249858413533,Exercise_Avg_HR,0.0036249858413533167
p15_daily_merged,readiness,Sleep_Composition__raw,0.0031842268039719,Sleep_Composition,0.0031842268039719147
p15_daily_merged,readiness,Sleep_Hours__rolling_7,0.0031152587493669,Sleep_Hours,0.003115258749366914
p15_daily_merged,readiness,Sleep_Revitalization__rolling_3,0.0030050337581154,Sleep_Revitalization,0.003005033758115414
p15_daily_merged,readiness,Exercise_Count__change,0.0028697508608414,Exercise_Count,0.0028697508608414132
p15_daily_merged,readiness,Exercise_Calories__rolling_3,0.0027326755630708,Exercise_Calories,0.0027326755630708126
p15_daily_merged,readiness,Exercise_Duration__rolling_3,0.0026929673407694,Exercise_Duration,0.002692967340769413
p15_daily_merged,readiness,Sleep_Duration_Score__deviation,0.0024392652764952,Sleep_Duration_Score,0.002439265276495211
p15_daily_merged,readiness,Sleep_Duration_Score__zscore,0.0024130556218515,Sleep_Duration_Score,0.002413055621851511
p15_daily_merged,readiness,Exercise_Distance__raw,0.0023166045439295,Exercise_Distance,0.0023166045439295107
p15_daily_merged,readiness,Sleep_Duration_Score__raw,0.0022388680472293,Sleep_Duration_Score,0.0022388680472293105
p15_daily_merged,readiness,Exercise_Calories__deviation,0.0020912765562589,Exercise_Calories,0.0020912765562589096
p15_daily_merged,readiness,Exercise_Distance__zscore,0.0020525149075075,Exercise_Distance,0.0020525149075075098
p15_daily_merged,readiness,Sleep_Score__raw,0.0019961681006605,Sleep_Score,0.001996168100660509
p15_daily_merged,readiness,Sleep_Composition__rolling_3,0.0017158842082952,Sleep_Composition,0.001715884208295208
p15_daily_merged,readiness,Exercise_Count__deviation,0.0016436130322474,Exercise_Count,0.0016436130322474076
p15_daily_merged,readiness,Sleep_Score__zscore,0.0014366915602524,Sleep_Score,0.0014366915602524067
p15_daily_merged,readiness,Sleep_Score__rolling_3,0.0013895685175105,Sleep_Score,0.0013895685175105065
p15_daily_merged,readiness,Exercise_Avg_HR__zscore,0.0013600954947943,Exercise_Avg_HR,0.0013600954947943062
p15_daily_merged,readiness,Exercise_Calories__rolling_7,0.0011426587277636,Exercise_Calories,0.0011426587277636054
p15_daily_merged,readiness,Exercise_Distance__deviation,0.0009236175149756,Exercise_Distance,0.0009236175149756043
p15_daily_merged,readiness,Sleep_Score__deviation,0.000856181354398,Sleep_Score,0.000856181354398004
p15_daily_merged,readiness,Exercise_Calories__raw,0.0007464256614693,Exercise_Calories,0.0007464256614693035
p15_daily_merged,readiness,Exercise_Avg_HR__raw,0.0007212763177789,Exercise_Avg_HR,0.0007212763177789033
p15_daily_merged,readiness,Exercise_Count__zscore,0.0006529303371312,Exercise_Count,0.0006529303371312031
p15_daily_merged,readiness,Exercise_Count__raw,0.0001895175129656,Exercise_Count,0.0001895175129656009
p15_daily_merged,sleep_quality,Deep_Sleep_Minutes__abs_zscore,0.1011265990761567,Deep_Sleep_Minutes,0.1011265990761572
p15_daily_merged,sleep_quality,Deep_Sleep_Minutes__rolling_3,0.0431038525193418,Deep_Sleep_Minutes,0.043103852519342005
p15_daily_merged,sleep_quality,Sleep_Score__rolling_3,0.0306747781050346,Sleep_Score,0.030674778105034748
p15_daily_merged,sleep_quality,Steps__change,0.0296263657212938,Steps,0.029626365721293946
p15_daily_merged,sleep_quality,Exercise_Avg_HR__change,0.0283759824115922,Exercise_Avg_HR,0.028375982411592338
p15_daily_merged,sleep_quality,Exercise_Count__abs_zscore,0.0223825172569895,Exercise_Count,0.02238251725698961
p15_daily_merged,sleep_quality,Exercise_Avg_HR__abs_zscore,0.0218409247051461,Exercise_Avg_HR,0.021840924705146206
p15_daily_merged,sleep_quality,Sleep_Restlessness__rolling_7,0.0207044226326508,Sleep_Restlessness,0.0207044226326509
p15_daily_merged,sleep_quality,Sleep_Hours__rolling_3,0.0192944600243688,Sleep_Hours,0.019294460024368895
p15_daily_merged,sleep_quality,Sleep_Composition__abs_zscore,0.0183704240626334,Sleep_Composition,0.018370424062633492
p15_daily_merged,sleep_quality,Exercise_Calories__change,0.0183353298296017,Exercise_Calories,0.01833532982960179
p15_daily_merged,sleep_quality,Deep_Sleep_Minutes__change,0.0176521292611564,Deep_Sleep_Minutes,0.017652129261156488
p15_daily_merged,sleep_quality,Sleep_Restlessness__change,0.0165153496356581,Sleep_Restlessness,0.01651534963565818
p15_daily_merged,sleep_quality,Sleep_Revitalization__raw,0.0162818460853523,Sleep_Revitalization,0.01628184608535238
p15_daily_merged,sleep_quality,Sleep_Restlessness__abs_zscore,0.0162342406736334,Sleep_Restlessness,0.01623424067363348
p15_daily_merged,sleep_quality,Sleep_Revitalization__zscore,0.0152464676758977,Sleep_Revitalization,0.015246467675897775
p15_daily_merged,sleep_quality,Exercise_Distance__rolling_3,0.0150779120755502,Exercise_Distance,0.015077912075550273
p15_daily_merged,sleep_quality,Deep_Sleep_Minutes__rolling_7,0.01473624619867,Deep_Sleep_Minutes,0.014736246198670071
p15_daily_merged,sleep_quality,Sleep_Restlessness__deviation,0.0146557739549691,Sleep_Restlessness,0.014655773954969172
p15_daily_merged,sleep_quality,Sleep_Revitalization__abs_zscore,0.0144456727030398,Sleep_Revitalization,0.01444567270303987
p15_daily_merged,sleep_quality,Deep_Sleep_Minutes__deviation,0.0143345736856017,Deep_Sleep_Minutes,0.01433457368560177
p15_daily_merged,sleep_quality,Sleep_Composition__rolling_7,0.0143335198348626,Sleep_Composition,0.01433351983486267
p15_daily_merged,sleep_quality,Sleep_Composition__rolling_3,0.0143289597819354,Sleep_Composition,0.01432895978193547
p15_daily_merged,sleep_quality,Exercise_Distance__abs_zscore,0.0134379713055194,Exercise_Distance,0.013437971305519466
p15_daily_merged,sleep_quality,Exercise_Duration__abs_zscore,0.0129830198984546,Exercise_Duration,0.012983019898454665
p15_daily_merged,sleep_quality,Deep_Sleep_Minutes__raw,0.0127722495824873,Deep_Sleep_Minutes,0.012772249582487363
p15_daily_merged,sleep_quality,Sleep_Hours__raw,0.0125987764864343,Sleep_Hours,0.01259877648643436
p15_daily_merged,sleep_quality,Steps__rolling_7,0.0124337078278899,Steps,0.01243370782788996
p15_daily_merged,sleep_quality,Exercise_Calories__abs_zscore,0.0121374175834114,Exercise_Calories,0.012137417583411459
p15_daily_merged,sleep_quality,Exercise_Duration__change,0.0119455313173423,Exercise_Duration,0.01194553131734236
p15_daily_merged,sleep_quality,Sleep_Revitalization__change,0.0117068968571997,Sleep_Revitalization,0.011706896857199757
p15_daily_merged,sleep_quality,Sleep_Duration_Score__abs_zscore,0.0116792778721162,Sleep_Duration_Score,0.011679277872116258
p15_daily_merged,sleep_quality,Deep_Sleep_Minutes__zscore,0.0116743952567427,Deep_Sleep_Minutes,0.011674395256742758
p15_daily_merged,sleep_quality,Steps__abs_zscore,0.0116372416441411,Steps,0.011637241644141157
p15_daily_merged,sleep_quality,Steps__rolling_3,0.0108587784553539,Steps,0.010858778455353954
p15_daily_merged,sleep_quality,Exercise_Duration__rolling_3,0.010320925240871,Exercise_Duration,0.01032092524087105
p15_daily_merged,sleep_quality,Exercise_Calories__rolling_3,0.0102804115404627,Exercise_Calories,0.01028041154046275
p15_daily_merged,sleep_quality,Exercise_Distance__change,0.0101612525068385,Exercise_Distance,0.010161252506838551
p15_daily_merged,sleep_quality,Sleep_Hours__change,0.0100587260767651,Sleep_Hours,0.010058726076765149
p15_daily_merged,sleep_quality,Sleep_Score__zscore,0.0098148742994032,Sleep_Score,0.009814874299403248
p15_daily_merged,sleep_quality,Sleep_Revitalization__deviation,0.0094548366585031,Sleep_Revitalization,0.009454836658503147
p15_daily_merged,sleep_quality,Sleep_Restlessness__raw,0.0094104946077512,Sleep_Restlessness,0.009410494607751245
p15_daily_merged,sleep_quality,Steps__deviation,0.009211611071587,Steps,0.009211611071587045
p15_daily_merged,sleep_quality,Exercise_Avg_HR__rolling_7,0.0090506540033467,Exercise_Avg_HR,0.009050654003346743
p15_daily_merged,sleep_quality,Exercise_Avg_HR__rolling_3,0.0090351970539355,Exercise_Avg_HR,0.009035197053935544
p15_daily_merged,sleep_quality,Sleep_Restlessness__zscore,0.0090189232334687,Sleep_Restlessness,0.009018923233468744
p15_daily_merged,sleep_quality,Sleep_Composition__change,0.0089985306071879,Sleep_Composition,0.008998530607187943
p15_daily_merged,sleep_quality,Sleep_Duration_Score__rolling_3,0.0088840593962465,Sleep_Duration_Score,0.008884059396246544
p15_daily_merged,sleep_quality,Sleep_Revitalization__rolling_3,0.0088081991083916,Sleep_Revitalization,0.008808199108391644
p15_daily_merged,sleep_quality,Sleep_Restlessness__rolling_3,0.0086358865381809,Sleep_Restlessness,0.008635886538180941
p15_daily_merged,sleep_quality,Exercise_Avg_HR__raw,0.0083397017930939,Exercise_Avg_HR,0.00833970179309394
p15_daily_merged,sleep_quality,Sleep_Hours__rolling_7,0.0083288793772379,Sleep_Hours,0.00832887937723794
p15_daily_merged,sleep_quality,Sleep_Hours__abs_zscore,0.0081726662212774,Sleep_Hours,0.00817266622127744
p15_daily_merged,sleep_quality,Sleep_Score__change,0.0080341720241987,Sleep_Score,0.00803417202419874
p15_daily_merged,sleep_quality,Exercise_Distance__rolling_7,0.007784996646199,Exercise_Distance,0.0077849966461990385
p15_daily_merged,sleep_quality,Sleep_Score__deviation,0.0075342618798824,Sleep_Score,0.0075342618798824364
p15_daily_merged,sleep_quality,Exercise_Count__rolling_7,0.0070261845196752,Exercise_Count,0.007026184519675235
p15_daily_merged,sleep_quality,Sleep_Hours__deviation,0.006447700376643,Sleep_Hours,0.006447700376643032
p15_daily_merged,sleep_quality,Steps__raw,0.0062401493098669,Steps,0.00624014930986693
p15_daily_merged,sleep_quality,Sleep_Revitalization__rolling_7,0.0061049396083053,Sleep_Revitalization,0.00610493960830533
p15_daily_merged,sleep_quality,Exercise_Distance__raw,0.0058893337177296,Exercise_Distance,0.005889333717729628
p15_daily_merged,sleep_quality,Sleep_Hours__zscore,0.0058682792310817,Sleep_Hours,0.005868279231081729
p15_daily_merged,sleep_quality,Sleep_Duration_Score__deviation,0.0054398742739988,Sleep_Duration_Score,0.005439874273998827
p15_daily_merged,sleep_quality,Sleep_Composition__zscore,0.0054199445620893,Sleep_Composition,0.005419944562089327
p15_daily_merged,sleep_quality,Exercise_Avg_HR__zscore,0.0053812677734343,Exercise_Avg_HR,0.005381267773434326
p15_daily_merged,sleep_quality,Sleep_Score__abs_zscore,0.0053207734042034,Sleep_Score,0.005320773404203426
p15_daily_merged,sleep_quality,Sleep_Score__rolling_7,0.0047787705304785,Sleep_Score,0.004778770530478524
p15_daily_merged,sleep_quality,Exercise_Duration__deviation,0.004508077087521,Exercise_Duration,0.004508077087521022
p15_daily_merged,sleep_quality,Sleep_Score__raw,0.0042068224660066,Sleep_Score,0.004206822466006621
p15_daily_merged,sleep_quality,Exercise_Count__change,0.0041604222548541,Exercise_Count,0.00416042225485412
p15_daily_merged,sleep_quality,Sleep_Duration_Score__rolling_7,0.0040864090901849,Sleep_Duration_Score,0.00408640909018492
p15_daily_merged,sleep_quality,Exercise_Avg_HR__deviation,0.0039993631650286,Exercise_Avg_HR,0.00399936316502862
p15_daily_merged,sleep_quality,Exercise_Distance__deviation,0.0035651093498186,Exercise_Distance,0.0035651093498186175
p15_daily_merged,sleep_quality,Exercise_Duration__rolling_7,0.0034084656496083,Exercise_Duration,0.0034084656496083166
p15_daily_merged,sleep_quality,Exercise_Distance__zscore,0.0034041413673701,Exercise_Distance,0.0034041413673701164
p15_daily_merged,sleep_quality,Exercise_Count__raw,0.0032351424234303,Exercise_Count,0.0032351424234303154
p15_daily_merged,sleep_quality,Exercise_Count__deviation,0.0031447758402187,Exercise_Count,0.003144775840218715
p15_daily_merged,sleep_quality,Sleep_Composition__deviation,0.002844701549776,Sleep_Composition,0.002844701549776014
p15_daily_merged,sleep_quality,Sleep_Duration_Score__change,0.0027518840281083,Sleep_Duration_Score,0.0027518840281083134
p15_daily_merged,sleep_quality,Exercise_Calories__raw,0.0027426267092743,Exercise_Calories,0.0027426267092743135
p15_daily_merged,sleep_quality,Exercise_Calories__deviation,0.0026308998831915,Exercise_Calories,0.002630899883191513
p15_daily_merged,sleep_quality,Exercise_Count__rolling_3,0.0021216783968255,Exercise_Count,0.0021216783968255105
p15_daily_merged,sleep_quality,Sleep_Composition__raw,0.0020247258761888,Sleep_Composition,0.00202472587618881
p15_daily_merged,sleep_quality,Exercise_Calories__rolling_7,0.0020076182022741,Exercise_Calories,0.00200761820227411
p15_daily_merged,sleep_quality,Exercise_Calories__zscore,0.0018901621043256,Exercise_Calories,0.0018901621043256093
p15_daily_merged,sleep_quality,Sleep_Duration_Score__zscore,0.0017469781836787,Sleep_Duration_Score,0.0017469781836787085
p15_daily_merged,sleep_quality,Exercise_Duration__raw,0.0011437692976497,Exercise_Duration,0.0011437692976497057
p15_daily_merged,sleep_quality,Exercise_Count__zscore,0.0011389677928896,Exercise_Count,0.0011389677928896056
p15_daily_merged,sleep_quality,Exercise_Duration__zscore,0.0010907922568958,Exercise_Duration,0.0010907922568958053
p15_daily_merged,sleep_quality,Steps__zscore,0.0008193105734181,Steps,0.000819310573418104
p15_daily_merged,sleep_quality,Sleep_Duration_Score__raw,0.0005270672608941,Sleep_Duration_Score,0.0005270672608941026
p15_daily_merged,stress,Exercise_Avg_HR__change,0.049109818706136,Exercise_Avg_HR,0.04910981870613624
p15_daily_merged,stress,Exercise_Avg_HR__rolling_3,0.0448066859009495,Exercise_Avg_HR,0.044806685900949716
p15_daily_merged,stress,Exercise_Calories__abs_zscore,0.0417784333781174,Exercise_Calories,0.0417784333781176
p15_daily_merged,stress,Exercise_Duration__change,0.0286915887994619,Exercise_Duration,0.028691588799462035
p15_daily_merged,stress,Deep_Sleep_Minutes__rolling_3,0.0270397019724635,Deep_Sleep_Minutes,0.02703970197246363
p15_daily_merged,stress,Sleep_Revitalization__rolling_3,0.0269288896448927,Sleep_Revitalization,0.026928889644892828
p15_daily_merged,stress,Sleep_Hours__change,0.0263928019794082,Sleep_Hours,0.026392801979408326
p15_daily_merged,stress,Deep_Sleep_Minutes__abs_zscore,0.024835423257936,Deep_Sleep_Minutes,0.02483542325793612
p15_daily_merged,stress,Steps__change,0.0240804374844885,Steps,0.024080437484488616
p15_daily_merged,stress,Sleep_Composition__change,0.0225800967864191,Sleep_Composition,0.02258009678641921
p15_daily_merged,stress,Sleep_Restlessness__abs_zscore,0.022169293226014,Sleep_Restlessness,0.022169293226014106
p15_daily_merged,stress,Sleep_Score__rolling_3,0.0211856383120436,Sleep_Score,0.0211856383120437
p15_daily_merged,stress,Deep_Sleep_Minutes__change,0.0201989034143163,Deep_Sleep_Minutes,0.020198903414316398
p15_daily_merged,stress,Exercise_Count__abs_zscore,0.0198913322649573,Exercise_Count,0.019891332264957394
p15_daily_merged,stress,Sleep_Hours__raw,0.0198017820852206,Sleep_Hours,0.019801782085220692
p15_daily_merged,stress,Exercise_Calories__rolling_7,0.0192099920936149,Exercise_Calories,0.01920999209361499
p15_daily_merged,stress,Sleep_Restlessness__change,0.0191076428504864,Sleep_Restlessness,0.01910764285048649
p15_daily_merged,stress,Steps__rolling_7,0.0185735180003247,Steps,0.01857351800032479
p15_daily_merged,stress,Sleep_Score__change,0.0176360863735181,Sleep_Score,0.017636086373518184
p15_daily_merged,stress,Sleep_Hours__rolling_7,0.0175149810128247,Sleep_Hours,0.017514981012824782
p15_daily_merged,stress,Deep_Sleep_Minutes__rolling_7,0.0172898950944359,Deep_Sleep_Minutes,0.017289895094435983
p15_daily_merged,stress,Sleep_Score__rolling_7,0.0171722826073168,Sleep_Score,0.017172282607316885
p15_daily_merged,stress,Exercise_Duration__rolling_7,0.0167798163724432,Exercise_Duration,0.01677981637244328
p15_daily_merged,stress,Deep_Sleep_Minutes__deviation,0.0160633470243441,Deep_Sleep_Minutes,0.016063347024344175
p15_daily_merged,stress,Sleep_Restlessness__rolling_3,0.0155500979465332,Sleep_Restlessness,0.015550097946533274
p15_daily_merged,stress,Sleep_Composition__rolling_7,0.0155274608978676,Sleep_Composition,0.015527460897867674
p15_daily_merged,stress,Exercise_Duration__abs_zscore,0.0146642765056578,Exercise_Duration,0.01466427650565787
p15_daily_merged,stress,Steps__rolling_3,0.0143538704606164,Steps,0.01435387046061647
p15_daily_merged,stress,Exercise_Distance__change,0.0139797412724051,Exercise_Distance,0.013979741272405167
p15_daily_merged,stress,Deep_Sleep_Minutes__raw,0.0138267949933008,Deep_Sleep_Minutes,0.013826794993300865
p15_daily_merged,stress,Sleep_Duration_Score__rolling_3,0.0132118350403746,Sleep_Duration_Score,0.013211835040374662
p15_daily_merged,stress,Sleep_Revitalization__change,0.0125653300481061,Sleep_Revitalization,0.012565330048106161
p15_daily_merged,stress,Deep_Sleep_Minutes__zscore,0.0124323824448504,Deep_Sleep_Minutes,0.012432382444850459
p15_daily_merged,stress,Exercise_Avg_HR__rolling_7,0.0121434797205921,Exercise_Avg_HR,0.012143479720592158
p15_daily_merged,stress,Exercise_Calories__change,0.0115864671986225,Exercise_Calories,0.011586467198622556
p15_daily_merged,stress,Exercise_Distance__rolling_7,0.0114226719028562,Exercise_Distance,0.011422671902856254
p15_daily_merged,stress,Sleep_Hours__zscore,0.011104357414116,Sleep_Hours,0.011104357414116054
p15_daily_merged,stress,Steps__abs_zscore,0.0107692036621921,Steps,0.010769203662192152
p15_daily_merged,stress,Sleep_Hours__rolling_3,0.010647960399606,Sleep_Hours,0.010647960399606051
p15_daily_merged,stress,Exercise_Distance__raw,0.0105506052587176,Exercise_Distance,0.01055060525871765
p15_daily_merged,stress,Sleep_Hours__abs_zscore,0.0099329528752622,Sleep_Hours,0.009932952875262246
p15_daily_merged,stress,Sleep_Revitalization__raw,0.008494943437927,Sleep_Revitalization,0.00849494343792704
p15_daily_merged,stress,Exercise_Avg_HR__abs_zscore,0.0084442049122288,Exercise_Avg_HR,0.00844420491222884
p15_daily_merged,stress,Exercise_Calories__zscore,0.0083683526553772,Exercise_Calories,0.00836835265537724
p15_daily_merged,stress,Sleep_Duration_Score__change,0.008311745623173,Sleep_Duration_Score,0.00831174562317304
p15_daily_merged,stress,Exercise_Calories__deviation,0.0080919564782074,Exercise_Calories,0.008091956478207438
p15_daily_merged,stress,Sleep_Restlessness__rolling_7,0.0072202323253228,Sleep_Restlessness,0.007220232325322835
p15_daily_merged,stress,Sleep_Score__abs_zscore,0.0069136542711523,Sleep_Score,0.006913654271152333
p15_daily_merged,stress,Exercise_Duration__zscore,0.0068417451332175,Exercise_Duration,0.006841745133217533
p15_daily_merged,stress,Sleep_Composition__rolling_3,0.0061510747520397,Sleep_Composition,0.006151074752039729
p15_daily_merged,stress,Exercise_Duration__rolling_3,0.0060535188956084,Exercise_Duration,0.0060535188956084285
p15_daily_merged,stress,Sleep_Revitalization__abs_zscore,0.0060409523110595,Sleep_Revitalization,0.0060409523110595284
p15_daily_merged,stress,Sleep_Hours__deviation,0.0057102625998628,Sleep_Hours,0.005710262599862827
p15_daily_merged,stress,Exercise_Calories__rolling_3,0.0057101404385355,Exercise_Calories,0.005710140438535527
p15_daily_merged,stress,Exercise_Count__rolling_7,0.0055868802422952,Exercise_Count,0.005586880242295227
p15_daily_merged,stress,Steps__zscore,0.0054257239408047,Steps,0.005425723940804726
p15_daily_merged,stress,Exercise_Distance__rolling_3,0.0051146431226261,Exercise_Distance,0.005114643122626124
p15_daily_merged,stress,Exercise_Distance__abs_zscore,0.0049147546566788,Exercise_Distance,0.004914754656678824
p15_daily_merged,stress,Exercise_Distance__zscore,0.0048597476056314,Exercise_Distance,0.004859747605631424
p15_daily_merged,stress,Sleep_Score__deviation,0.0048559266008212,Sleep_Score,0.0048559266008212235
p15_daily_merged,stress,Sleep_Revitalization__rolling_7,0.0047496417665686,Sleep_Revitalization,0.004749641766568623
p15_daily_merged,stress,Exercise_Calories__raw,0.0046961347527853,Exercise_Calories,0.004696134752785322
p15_daily_merged,stress,Sleep_Duration_Score__zscore,0.0045550181403587,Sleep_Duration_Score,0.004555018140358721
p15_daily_merged,stress,Exercise_Avg_HR__zscore,0.0041947232571913,Exercise_Avg_HR,0.00419472325719132
p15_daily_merged,stress,Exercise_Avg_HR__deviation,0.004170372647876,Exercise_Avg_HR,0.00417037264787602
p15_daily_merged,stress,Sleep_Restlessness__zscore,0.0041444294204006,Sleep_Restlessness,0.0041444294204006195
p15_daily_merged,stress,Sleep_Revitalization__deviation,0.0039820951937892,Sleep_Revitalization,0.003982095193789219
p15_daily_merged,stress,Sleep_Composition__abs_zscore,0.0038493276707976,Sleep_Composition,0.003849327670797618
p15_daily_merged,stress,Sleep_Restlessness__deviation,0.0036375055417875,Sleep_Restlessness,0.0036375055417875173
p15_daily_merged,stress,Exercise_Distance__deviation,0.0036088703024248,Exercise_Distance,0.0036088703024248175
p15_daily_merged,stress,Exercise_Count__rolling_3,0.0033469833584723,Exercise_Count,0.003346983358472316
p15_daily_merged,stress,Sleep_Score__zscore,0.0033416264795932,Sleep_Score,0.003341626479593216
p15_daily_merged,stress,Exercise_Avg_HR__raw,0.0032410866581926,Exercise_Avg_HR,0.0032410866581926157
p15_daily_merged,stress,Sleep_Restlessness__raw,0.0031664342264229,Sleep_Restlessness,0.0031664342264229152
p15_daily_merged,stress,Sleep_Composition__zscore,0.0031380442729524,Sleep_Composition,0.003138044272952415
p15_daily_merged,stress,Sleep_Composition__raw,0.0030493973391122,Sleep_Composition,0.0030493973391122146
p15_daily_merged,stress,Steps__deviation,0.0028805214504891,Steps,0.002880521450489114
p15_daily_merged,stress,Sleep_Score__raw,0.0028315275848146,Sleep_Score,0.0028315275848146133
p15_daily_merged,stress,Sleep_Revitalization__zscore,0.0027910409030471,Sleep_Revitalization,0.0027910409030471135
p15_daily_merged,stress,Exercise_Duration__deviation,0.00272769487967,Exercise_Duration,0.002727694879670013
p15_daily_merged,stress,Sleep_Composition__deviation,0.0025397258485246,Sleep_Composition,0.002539725848524612
p15_daily_merged,stress,Sleep_Duration_Score__rolling_7,0.0024467292818628,Sleep_Duration_Score,0.0024467292818628117
p15_daily_merged,stress,Sleep_Duration_Score__deviation,0.0020746059635245,Sleep_Duration_Score,0.00207460596352451
p15_daily_merged,stress,Exercise_Duration__raw,0.0012398297227739,Exercise_Duration,0.0012398297227739058
p15_daily_merged,stress,Sleep_Duration_Score__abs_zscore,0.0011951679879307,Sleep_Duration_Score,0.0011951679879307056
p15_daily_merged,stress,Exercise_Count__raw,0.0006594235866224,Exercise_Count,0.0006594235866224031
p15_daily_merged,stress,Steps__raw,0.0005413474692153,Steps,0.0005413474692153026
p15_daily_merged,stress,Exercise_Count__deviation,0.0003698858915477,Exercise_Count,0.0003698858915477018
p15_daily_merged,stress,Exercise_Count__zscore,0.0003024117338215,Exercise_Count,0.00030241173382150144
p15_daily_merged,stress,Sleep_Duration_Score__raw,0.00019852497292,Sleep_Duration_Score,0.00019852497292000094
p15_daily_merged,stress,Exercise_Count__change,0.0001115350081264,Exercise_Count,0.00011153500812640054
p16_daily_merged,fatigue,Deep_Sleep_Minutes__change,0.1667527632928403,Deep_Sleep_Minutes,0.1667527632928409
p16_daily_merged,fatigue,Sleep_Hours__change,0.1107216688515703,Sleep_Hours,0.11072166885157068
p16_daily_merged,fatigue,Steps__abs_zscore,0.0516237175521824,Steps,0.05162371755218258
p16_daily_merged,fatigue,Sleep_Revitalization__abs_zscore,0.0409845080534964,Sleep_Revitalization,0.04098450805349654
p16_daily_merged,fatigue,Steps__change,0.0380713121725806,Steps,0.03807131217258073
p16_daily_merged,fatigue,Sleep_Hours__deviation,0.0368155868801118,Sleep_Hours,0.03681558688011193
p16_daily_merged,fatigue,Deep_Sleep_Minutes__rolling_7,0.0333638516611473,Deep_Sleep_Minutes,0.033363851661147415
p16_daily_merged,fatigue,Sleep_Hours__zscore,0.0293579713821061,Sleep_Hours,0.029357971382106204
p16_daily_merged,fatigue,Sleep_Hours__raw,0.0291668937580131,Sleep_Hours,0.029166893758013204
p16_daily_merged,fatigue,Steps__rolling_7,0.0288459016351056,Steps,0.028845901635105704
p16_daily_merged,fatigue,Steps__rolling_3,0.0259235658028088,Steps,0.025923565802808895
p16_daily_merged,fatigue,Deep_Sleep_Minutes__rolling_3,0.0210554504186032,Deep_Sleep_Minutes,0.021055450418603277
p16_daily_merged,fatigue,Sleep_Restlessness__rolling_3,0.0201664457333358,Sleep_Restlessness,0.020166445733335873
p16_daily_merged,fatigue,Sleep_Score__abs_zscore,0.0185752171995042,Sleep_Score,0.018575217199504265
p16_daily_merged,fatigue,Sleep_Revitalization__raw,0.0183696806228457,Sleep_Revitalization,0.018369680622845767
p16_daily_merged,fatigue,Sleep_Hours__abs_zscore,0.0162351639020463,Sleep_Hours,0.016235163902046358
p16_daily_merged,fatigue,Sleep_Revitalization__zscore,0.0158183600203988,Sleep_Revitalization,0.015818360020398856
p16_daily_merged,fatigue,Exercise_Calories__rolling_7,0.0153094542796348,Exercise_Calories,0.015309454279634854
p16_daily_merged,fatigue,Sleep_Score__deviation,0.0141975998662618,Sleep_Score,0.01419759986626185
p16_daily_merged,fatigue,Sleep_Hours__rolling_7,0.0130596236835631,Sleep_Hours,0.013059623683563146
p16_daily_merged,fatigue,Exercise_Duration__rolling_7,0.0128063687153972,Exercise_Duration,0.012806368715397245
p16_daily_merged,fatigue,Sleep_Composition__change,0.011253355183132,Sleep_Composition,0.01125335518313204
p16_daily_merged,fatigue,Steps__deviation,0.0103474710416012,Steps,0.010347471041601237
p16_daily_merged,fatigue,Sleep_Revitalization__change,0.0103042656791827,Sleep_Revitalization,0.010304265679182736
p16_daily_merged,fatigue,Sleep_Score__rolling_7,0.0099463517583602,Sleep_Score,0.009946351758360235
p16_daily_merged,fatigue,Sleep_Restlessness__change,0.0097999369823019,Sleep_Restlessness,0.009799936982301935
p16_daily_merged,fatigue,Sleep_Duration_Score__rolling_7,0.0094980447237394,Sleep_Duration_Score,0.009498044723739434
p16_daily_merged,fatigue,Sleep_Score__raw,0.0092550121392294,Sleep_Score,0.009255012139229433
p16_daily_merged,fatigue,Sleep_Duration_Score__change,0.0090943758524967,Sleep_Duration_Score,0.009094375852496733
p16_daily_merged,fatigue,Sleep_Restlessness__rolling_7,0.0088141667374223,Sleep_Restlessness,0.008814166737422332
p16_daily_merged,fatigue,Sleep_Revitalization__deviation,0.0086654935999848,Sleep_Revitalization,0.00866549359998483
p16_daily_merged,fatigue,Sleep_Composition__abs_zscore,0.0082766995464324,Sleep_Composition,0.008276699546432429
p16_daily_merged,fatigue,Sleep_Score__zscore,0.0081893198541773,Sleep_Score,0.00818931985417733
p16_daily_merged,fatigue,Sleep_Composition__rolling_3,0.0080877146300027,Sleep_Composition,0.00808771463000273
p16_daily_merged,fatigue,Sleep_Score__rolling_3,0.0079269369586827,Sleep_Score,0.007926936958682728
p16_daily_merged,fatigue,Sleep_Revitalization__rolling_7,0.007741013129736,Sleep_Revitalization,0.007741013129736028
p16_daily_merged,fatigue,Deep_Sleep_Minutes__abs_zscore,0.0073739693452939,Deep_Sleep_Minutes,0.0073739693452939264
p16_daily_merged,fatigue,Sleep_Hours__rolling_3,0.0073712379421364,Sleep_Hours,0.007371237942136426
p16_daily_merged,fatigue,Sleep_Restlessness__abs_zscore,0.0069440405960421,Sleep_Restlessness,0.006944040596042124
p16_daily_merged,fatigue,Sleep_Score__change,0.0067894070754442,Sleep_Score,0.0067894070754442246
p16_daily_merged,fatigue,Steps__raw,0.0065736324869112,Steps,0.006573632486911223
p16_daily_merged,fatigue,Sleep_Composition__rolling_7,0.0060757861746707,Sleep_Composition,0.006075786174670722
p16_daily_merged,fatigue,Sleep_Duration_Score__raw,0.0058668633613722,Sleep_Duration_Score,0.005866863361372221
p16_daily_merged,fatigue,Steps__zscore,0.0057336004546899,Steps,0.0057336004546899196
p16_daily_merged,fatigue,Deep_Sleep_Minutes__zscore,0.0053484349477755,Deep_Sleep_Minutes,0.005348434947775519
p16_daily_merged,fatigue,Sleep_Restlessness__deviation,0.0050310760180908,Sleep_Restlessness,0.0050310760180908186
p16_daily_merged,fatigue,Sleep_Restlessness__zscore,0.0047537874447929,Sleep_Restlessness,0.004753787444792917
p16_daily_merged,fatigue,Sleep_Duration_Score__zscore,0.0046548915152887,Sleep_Duration_Score,0.004654891515288717
p16_daily_merged,fatigue,Sleep_Duration_Score__deviation,0.00386752763209,Sleep_Duration_Score,0.003867527632090014
p16_daily_merged,fatigue,Sleep_Composition__deviation,0.0038070159867695,Sleep_Composition,0.0038070159867695133
p16_daily_merged,fatigue,Sleep_Duration_Score__abs_zscore,0.0034548058972194,Sleep_Duration_Score,0.003454805897219412
p16_daily_merged,fatigue,Sleep_Restlessness__raw,0.0031889971099491,Sleep_Restlessness,0.0031889971099491113
p16_daily_merged,fatigue,Deep_Sleep_Minutes__deviation,0.0027971042999484,Deep_Sleep_Minutes,0.0027971042999484098
p16_daily_merged,fatigue,Deep_Sleep_Minutes__raw,0.00266179535927,Deep_Sleep_Minutes,0.0026617953592700094
p16_daily_merged,fatigue,Sleep_Composition__raw,0.0025409081664159,Sleep_Composition,0.002540908166415909
p16_daily_merged,fatigue,Sleep_Duration_Score__rolling_3,0.0024773034158038,Sleep_Duration_Score,0.0024773034158038086
p16_daily_merged,fatigue,Sleep_Revitalization__rolling_3,0.002398306305595,Sleep_Revitalization,0.0023983063055950087
p16_daily_merged,fatigue,Exercise_Count__rolling_7,0.0019021623417747,Exercise_Count,0.0019021623417747066
p16_daily_merged,fatigue,Exercise_Avg_HR__abs_zscore,0.0011178624021139,Exercise_Avg_HR,0.0011178624021139039
p16_daily_merged,fatigue,Sleep_Composition__zscore,0.0010415053609036,Sleep_Composition,0.0010415053609036037
p16_daily_merged,fatigue,Exercise_Calories__rolling_3,0.000666569672163,Exercise_Calories,0.0006665696721630023
p16_daily_merged,fatigue,Exercise_Duration__rolling_3,0.0003507473601117,Exercise_Duration,0.00035074736011170125
p16_daily_merged,fatigue,Exercise_Duration__abs_zscore,0.0003454871488344,Exercise_Duration,0.00034548714883440125
p16_daily_merged,fatigue,Exercise_Count__change,0.0002261917071657,Exercise_Count,0.00022619170716570082
p16_daily_merged,fatigue,Exercise_Count__abs_zscore,0.0002177191713246,Exercise_Count,0.00021771917132460078
p16_daily_merged,fatigue,Exercise_Count__raw,0.0,Exercise_Count,0.0
p16_daily_merged,fatigue,Exercise_Count__rolling_3,0.0,Exercise_Count,0.0
p16_daily_merged,fatigue,Exercise_Count__zscore,0.0,Exercise_Count,0.0
p16_daily_merged,fatigue,Exercise_Count__deviation,0.0,Exercise_Count,0.0
p16_daily_merged,fatigue,Exercise_Duration__raw,0.0,Exercise_Duration,0.0
p16_daily_merged,fatigue,Exercise_Duration__change,0.0,Exercise_Duration,0.0
p16_daily_merged,fatigue,Exercise_Duration__zscore,0.0,Exercise_Duration,0.0
p16_daily_merged,fatigue,Exercise_Duration__deviation,0.0,Exercise_Duration,0.0
p16_daily_merged,fatigue,Exercise_Distance__raw,0.0,Exercise_Distance,0.0
p16_daily_merged,fatigue,Exercise_Distance__change,0.0,Exercise_Distance,0.0
p16_daily_merged,fatigue,Exercise_Distance__rolling_3,0.0,Exercise_Distance,0.0
p16_daily_merged,fatigue,Exercise_Distance__rolling_7,0.0,Exercise_Distance,0.0
p16_daily_merged,fatigue,Exercise_Distance__zscore,0.0,Exercise_Distance,0.0
p16_daily_merged,fatigue,Exercise_Distance__abs_zscore,0.0,Exercise_Distance,0.0
p16_daily_merged,fatigue,Exercise_Distance__deviation,0.0,Exercise_Distance,0.0
p16_daily_merged,fatigue,Exercise_Calories__raw,0.0,Exercise_Calories,0.0
p16_daily_merged,fatigue,Exercise_Calories__change,0.0,Exercise_Calories,0.0
p16_daily_merged,fatigue,Exercise_Calories__zscore,0.0,Exercise_Calories,0.0
p16_daily_merged,fatigue,Exercise_Calories__abs_zscore,0.0,Exercise_Calories,0.0
p16_daily_merged,fatigue,Exercise_Calories__deviation,0.0,Exercise_Calories,0.0
p16_daily_merged,fatigue,Exercise_Avg_HR__raw,0.0,Exercise_Avg_HR,0.0
p16_daily_merged,fatigue,Exercise_Avg_HR__change,0.0,Exercise_Avg_HR,0.0
p16_daily_merged,fatigue,Exercise_Avg_HR__rolling_3,0.0,Exercise_Avg_HR,0.0
p16_daily_merged,fatigue,Exercise_Avg_HR__rolling_7,0.0,Exercise_Avg_HR,0.0
p16_daily_merged,fatigue,Exercise_Avg_HR__zscore,0.0,Exercise_Avg_HR,0.0
p16_daily_merged,fatigue,Exercise_Avg_HR__deviation,0.0,Exercise_Avg_HR,0.0
p16_daily_merged,mood,Deep_Sleep_Minutes__change,0.1660671350187623,Deep_Sleep_Minutes,0.16606713501876275
p16_daily_merged,mood,Sleep_Restlessness__abs_zscore,0.0593051390949707,Sleep_Restlessness,0.05930513909497086
p16_daily_merged,mood,Sleep_Hours__abs_zscore,0.0570843972655343,Sleep_Hours,0.05708439726553445
p16_daily_merged,mood,Deep_Sleep_Minutes__abs_zscore,0.0507615668774787,Deep_Sleep_Minutes,0.050761566877478834
p16_daily_merged,mood,Sleep_Hours__change,0.0467735199388674,Sleep_Hours,0.046773519938867525
p16_daily_merged,mood,Sleep_Duration_Score__rolling_3,0.0387397798287698,Sleep_Duration_Score,0.0387397798287699
p16_daily_merged,mood,Sleep_Hours__rolling_3,0.0360383810623492,Sleep_Hours,0.0360383810623493
p16_daily_merged,mood,Deep_Sleep_Minutes__rolling_3,0.0350538820560633,Deep_Sleep_Minutes,0.03505388205606339
p16_daily_merged,mood,Steps__change,0.0259817405964409,Steps,0.02598174059644097
p16_daily_merged,mood,Sleep_Revitalization__rolling_7,0.0258963017622428,Sleep_Revitalization,0.02589630176224287
p16_daily_merged,mood,Steps__rolling_7,0.0233391645936047,Steps,0.02333916459360476
p16_daily_merged,mood,Sleep_Composition__rolling_3,0.0232646485184349,Sleep_Composition,0.023264648518434964
p16_daily_merged,mood,Sleep_Score__rolling_3,0.0208065906034335,Sleep_Score,0.020806590603433556
p16_daily_merged,mood,Sleep_Revitalization__rolling_3,0.0207754816647705,Sleep_Revitalization,0.020775481664770556
p16_daily_merged,mood,Sleep_Revitalization__abs_zscore,0.0184714186681855,Sleep_Revitalization,0.01847141866818555
p16_daily_merged,mood,Sleep_Duration_Score__abs_zscore,0.0177726159352639,Sleep_Duration_Score,0.017772615935263948
p16_daily_merged,mood,Sleep_Restlessness__rolling_3,0.0173477255577371,Sleep_Restlessness,0.017347725557737146
p16_daily_merged,mood,Sleep_Restlessness__change,0.0172119005517927,Sleep_Restlessness,0.017211900551792746
p16_daily_merged,mood,Sleep_Restlessness__rolling_7,0.0167593194411577,Sleep_Restlessness,0.016759319441157744
p16_daily_merged,mood,Deep_Sleep_Minutes__raw,0.0163678686360027,Deep_Sleep_Minutes,0.016367868636002744
p16_daily_merged,mood,Sleep_Composition__abs_zscore,0.0163429638424048,Sleep_Composition,0.016342963842404846
p16_daily_merged,mood,Steps__abs_zscore,0.0161045458802338,Steps,0.016104545880233842
p16_daily_merged,mood,Steps__rolling_3,0.0156839671468181,Steps,0.01568396714681814
p16_daily_merged,mood,Sleep_Score__abs_zscore,0.0137983460179861,Sleep_Score,0.013798346017986136
p16_daily_merged,mood,Sleep_Score__change,0.0114766087756769,Sleep_Score,0.011476608775676932
p16_daily_merged,mood,Deep_Sleep_Minutes__rolling_7,0.0114065144422345,Deep_Sleep_Minutes,0.011406514442234532
p16_daily_merged,mood,Sleep_Duration_Score__change,0.0110269260650096,Sleep_Duration_Score,0.011026926065009629
p16_daily_merged,mood,Sleep_Hours__rolling_7,0.0110098905048731,Sleep_Hours,0.011009890504873129
p16_daily_merged,mood,Steps__deviation,0.0102830964251336,Steps,0.010283096425133628
p16_daily_merged,mood,Sleep_Composition__change,0.008968310700526,Sleep_Composition,0.008968310700526025
p16_daily_merged,mood,Deep_Sleep_Minutes__deviation,0.0081995572204842,Deep_Sleep_Minutes,0.008199557220484223
p16_daily_merged,mood,Sleep_Composition__rolling_7,0.0076439154729519,Sleep_Composition,0.00764391547295192
p16_daily_merged,mood,Sleep_Hours__deviation,0.0072991605933567,Sleep_Hours,0.0072991605933567195
p16_daily_merged,mood,Sleep_Score__rolling_7,0.007187449354024,Sleep_Score,0.007187449354024019
p16_daily_merged,mood,Steps__raw,0.0070974582857589,Steps,0.007097458285758919
p16_daily_merged,mood,Deep_Sleep_Minutes__zscore,0.0066416579708867,Deep_Sleep_Minutes,0.006641657970886717
p16_daily_merged,mood,Steps__zscore,0.0065330050273802,Steps,0.006533005027380218
p16_daily_merged,mood,Sleep_Hours__zscore,0.0058752788013213,Sleep_Hours,0.005875278801321316
p16_daily_merged,mood,Sleep_Duration_Score__rolling_7,0.0057057177269286,Sleep_Duration_Score,0.005705717726928615
p16_daily_merged,mood,Sleep_Restlessness__raw,0.0052883217322035,Sleep_Restlessness,0.005288321732203514
p16_daily_merged,mood,Exercise_Duration__rolling_3,0.0051911131120831,Exercise_Duration,0.005191113112083114
p16_daily_merged,mood,Exercise_Count__rolling_3,0.0049775736590649,Exercise_Count,0.004977573659064913
p16_daily_merged,mood,Sleep_Composition__deviation,0.0048418431163276,Sleep_Composition,0.004841843116327613
p16_daily_merged,mood,Sleep_Restlessness__zscore,0.0048138833632608,Sleep_Restlessness,0.004813883363260813
p16_daily_merged,mood,Sleep_Score__raw,0.0046404039656008,Sleep_Score,0.004640403965600812
p16_daily_merged,mood,Sleep_Duration_Score__raw,0.004046879700064,Sleep_Duration_Score,0.00404687970006401
p16_daily_merged,mood,Sleep_Hours__raw,0.0039218662426946,Sleep_Hours,0.0039218662426946105
p16_daily_merged,mood,Exercise_Calories__rolling_7,0.0037832077358208,Exercise_Calories,0.00378320773582081
p16_daily_merged,mood,Sleep_Duration_Score__deviation,0.0034955156744776,Sleep_Duration_Score,0.003495515674477609
p16_daily_merged,mood,Sleep_Composition__raw,0.0033449937320982,Sleep_Composition,0.003344993732098209
p16_daily_merged,mood,Sleep_Restlessness__deviation,0.0026245930399184,Sleep_Restlessness,0.002624593039918407
p16_daily_merged,mood,Exercise_Duration__rolling_7,0.002587709598958,Exercise_Duration,0.002587709598958007
p16_daily_merged,mood,Exercise_Count__abs_zscore,0.002556438659643,Exercise_Count,0.0025564386596430067
p16_daily_merged,mood,Sleep_Duration_Score__zscore,0.0025371251858314,Sleep_Duration_Score,0.002537125185831407
p16_daily_merged,mood,Sleep_Composition__zscore,0.0024560184320839,Sleep_Composition,0.0024560184320839063
p16_daily_merged,mood,Sleep_Revitalization__change,0.0021682032075851,Sleep_Revitalization,0.002168203207585106
p16_daily_merged,mood,Sleep_Revitalization__raw,0.0017956423806192,Sleep_Revitalization,0.0017956423806192048
p16_daily_merged,mood,Exercise_Duration__deviation,0.0017080321401078,Exercise_Duration,0.0017080321401078047
p16_daily_merged,mood,Exercise_Duration__zscore,0.0016823800774072,Exercise_Duration,0.0016823800774072046
p16_daily_merged,mood,Sleep_Score__deviation,0.0015859883882831,Sleep_Score,0.0015859883882831042
p16_daily_merged,mood,Sleep_Score__zscore,0.0013025442158626,Sleep_Score,0.0013025442158626035
p16_daily_merged,mood,Sleep_Revitalization__zscore,0.0012776191672617,Sleep_Revitalization,0.0012776191672617034
p16_daily_merged,mood,Exercise_Duration__change,0.0012100861539023,Exercise_Duration,0.0012100861539023032
p16_daily_merged,mood,Sleep_Revitalization__deviation,0.0011918272067929,Sleep_Revitalization,0.0011918272067929032
p16_daily_merged,mood,Exercise_Calories__rolling_3,0.0011734573040237,Exercise_Calories,0.001173457304023703
p16_daily_merged,mood,Exercise_Duration__raw,0.0009000068923358,Exercise_Duration,0.0009000068923358024
p16_daily_merged,mood,Exercise_Count__rolling_7,0.0005873200341362,Exercise_Count,0.0005873200341362015
p16_daily_merged,mood,Exercise_Calories__deviation,0.0002064579556975,Exercise_Calories,0.00020645795569750055
p16_daily_merged,mood,Exercise_Count__raw,0.0,Exercise_Count,0.0
p16_daily_merged,mood,Exercise_Count__change,0.0,Exercise_Count,0.0
p16_daily_merged,mood,Exercise_Count__zscore,0.0,Exercise_Count,0.0
p16_daily_merged,mood,Exercise_Count__deviation,0.0,Exercise_Count,0.0
p16_daily_merged,mood,Exercise_Duration__abs_zscore,0.0,Exercise_Duration,0.0
p16_daily_merged,mood,Exercise_Distance__raw,0.0,Exercise_Distance,0.0
p16_daily_merged,mood,Exercise_Distance__change,0.0,Exercise_Distance,0.0
p16_daily_merged,mood,Exercise_Distance__rolling_3,0.0,Exercise_Distance,0.0
p16_daily_merged,mood,Exercise_Distance__rolling_7,0.0,Exercise_Distance,0.0
p16_daily_merged,mood,Exercise_Distance__zscore,0.0,Exercise_Distance,0.0
p16_daily_merged,mood,Exercise_Distance__abs_zscore,0.0,Exercise_Distance,0.0
p16_daily_merged,mood,Exercise_Distance__deviation,0.0,Exercise_Distance,0.0
p16_daily_merged,mood,Exercise_Calories__raw,0.0,Exercise_Calories,0.0
p16_daily_merged,mood,Exercise_Calories__change,0.0,Exercise_Calories,0.0
p16_daily_merged,mood,Exercise_Calories__zscore,0.0,Exercise_Calories,0.0
p16_daily_merged,mood,Exercise_Calories__abs_zscore,0.0,Exercise_Calories,0.0
p16_daily_merged,mood,Exercise_Avg_HR__raw,0.0,Exercise_Avg_HR,0.0
p16_daily_merged,mood,Exercise_Avg_HR__change,0.0,Exercise_Avg_HR,0.0
p16_daily_merged,mood,Exercise_Avg_HR__rolling_3,0.0,Exercise_Avg_HR,0.0
p16_daily_merged,mood,Exercise_Avg_HR__rolling_7,0.0,Exercise_Avg_HR,0.0
p16_daily_merged,mood,Exercise_Avg_HR__zscore,0.0,Exercise_Avg_HR,0.0
p16_daily_merged,mood,Exercise_Avg_HR__abs_zscore,0.0,Exercise_Avg_HR,0.0
p16_daily_merged,mood,Exercise_Avg_HR__deviation,0.0,Exercise_Avg_HR,0.0
p16_daily_merged,readiness,Deep_Sleep_Minutes__rolling_3,0.0718213711756703,Deep_Sleep_Minutes,0.07182137117567058
p16_daily_merged,readiness,Sleep_Restlessness__zscore,0.0599270312735814,Sleep_Restlessness,0.059927031273581635
p16_daily_merged,readiness,Steps__abs_zscore,0.0510204719771257,Steps,0.0510204719771259
p16_daily_merged,readiness,Sleep_Restlessness__raw,0.0467315061504333,Sleep_Restlessness,0.04673150615043348
p16_daily_merged,readiness,Steps__change,0.0456003548320499,Steps,0.04560035483205008
p16_daily_merged,readiness,Sleep_Restlessness__rolling_3,0.0379623311359062,Sleep_Restlessness,0.037962331135906344
p16_daily_merged,readiness,Sleep_Hours__rolling_3,0.0356984343208632,Sleep_Hours,0.03569843432086334
p16_daily_merged,readiness,Sleep_Restlessness__change,0.0349847714704469,Sleep_Restlessness,0.03498477147044704
p16_daily_merged,readiness,Sleep_Restlessness__deviation,0.0349439343474296,Sleep_Restlessness,0.03494393434742974
p16_daily_merged,readiness,Sleep_Revitalization__change,0.0318714455238152,Sleep_Revitalization,0.03187144552381532
p16_daily_merged,readiness,Sleep_Duration_Score__change,0.0318560130722776,Sleep_Duration_Score,0.03185601307227773
p16_daily_merged,readiness,Exercise_Avg_HR__abs_zscore,0.0265226849989911,Exercise_Avg_HR,0.026522684998991203
p16_daily_merged,readiness,Deep_Sleep_Minutes__abs_zscore,0.0245297705358304,Deep_Sleep_Minutes,0.024529770535830494
p16_daily_merged,readiness,Sleep_Hours__abs_zscore,0.0238754454530529,Sleep_Hours,0.023875445453052993
p16_daily_merged,readiness,Sleep_Duration_Score__abs_zscore,0.0236817902658227,Sleep_Duration_Score,0.023681790265822792
p16_daily_merged,readiness,Sleep_Composition__abs_zscore,0.0211453990323285,Sleep_Composition,0.021145399032328583
p16_daily_merged,readiness,Sleep_Restlessness__rolling_7,0.0210822816223711,Sleep_Restlessness,0.021082281622371184
p16_daily_merged,readiness,Sleep_Hours__change,0.0196612157446477,Sleep_Hours,0.019661215744647777
p16_daily_merged,readiness,Sleep_Duration_Score__rolling_7,0.019396440014309,Sleep_Duration_Score,0.019396440014309076
p16_daily_merged,readiness,Sleep_Score__rolling_7,0.0178419549678338,Sleep_Score,0.01784195496783387
p16_daily_merged,readiness,Sleep_Duration_Score__rolling_3,0.0177618765195462,Sleep_Duration_Score,0.01776187651954627
p16_daily_merged,readiness,Sleep_Composition__change,0.0157233666182435,Sleep_Composition,0.015723366618243563
p16_daily_merged,readiness,Sleep_Revitalization__abs_zscore,0.0145228163149583,Sleep_Revitalization,0.014522816314958357
p16_daily_merged,readiness,Sleep_Duration_Score__zscore,0.0141414713563591,Sleep_Duration_Score,0.014141471356359155
p16_daily_merged,readiness,Steps__zscore,0.0140839300510461,Steps,0.014083930051046155
p16_daily_merged,readiness,Sleep_Restlessness__abs_zscore,0.0139266812600999,Sleep_Restlessness,0.013926681260099954
p16_daily_merged,readiness,Sleep_Score__abs_zscore,0.0125189841925398,Sleep_Score,0.012518984192539849
p16_daily_merged,readiness,Steps__raw,0.0120236947043207,Steps,0.012023694704320747
p16_daily_merged,readiness,Deep_Sleep_Minutes__raw,0.0118572712965151,Deep_Sleep_Minutes,0.011857271296515147
p16_daily_merged,readiness,Sleep_Score__change,0.0118198143377171,Sleep_Score,0.011819814337717146
p16_daily_merged,readiness,Sleep_Score__zscore,0.0111476360560736,Sleep_Score,0.011147636056073643
p16_daily_merged,readiness,Sleep_Composition__rolling_7,0.0109946151469436,Sleep_Composition,0.010994615146943644
p16_daily_merged,readiness,Steps__rolling_3,0.0106144700171856,Steps,0.010614470017185641
p16_daily_merged,readiness,Deep_Sleep_Minutes__change,0.0095733514984724,Deep_Sleep_Minutes,0.009573351498472436
p16_daily_merged,readiness,Steps__rolling_7,0.0092541899109295,Steps,0.009254189910929536
p16_daily_merged,readiness,Sleep_Revitalization__rolling_3,0.009033677856351,Sleep_Revitalization,0.009033677856351034
p16_daily_merged,readiness,Deep_Sleep_Minutes__zscore,0.008963853041025,Deep_Sleep_Minutes,0.008963853041025035
p16_daily_merged,readiness,Deep_Sleep_Minutes__deviation,0.0083450383464985,Deep_Sleep_Minutes,0.008345038346498534
p16_daily_merged,readiness,Sleep_Hours__rolling_7,0.0079425705902837,Sleep_Hours,0.007942570590283731
p16_daily_merged,readiness,Sleep_Score__rolling_3,0.0076421038179925,Sleep_Score,0.0076421038179925295
p16_daily_merged,readiness,Sleep_Composition__rolling_3,0.0070242135314749,Sleep_Composition,0.007024213531474927
p16_daily_merged,readiness,Steps__deviation,0.0065462665664557,Steps,0.0065462665664557254
p16_daily_merged,readiness,Sleep_Duration_Score__raw,0.0062883624420108,Sleep_Duration_Score,0.006288362442010824
p16_daily_merged,readiness,Deep_Sleep_Minutes__rolling_7,0.0062343865192562,Deep_Sleep_Minutes,0.006234386519256225
p16_daily_merged,readiness,Sleep_Revitalization__zscore,0.0053297084320111,Sleep_Revitalization,0.005329708432011121
p16_daily_merged,readiness,Sleep_Score__raw,0.0050390414365882,Sleep_Score,0.00503904143658822
p16_daily_merged,readiness,Sleep_Score__deviation,0.0045879300954979,Sleep_Score,0.004587930095497918
p16_daily_merged,readiness,Sleep_Hours__deviation,0.0043520970513923,Sleep_Hours,0.004352097051392317
p16_daily_merged,readiness,Sleep_Revitalization__rolling_7,0.0041094573165152,Sleep_Revitalization,0.0041094573165152155
p16_daily_merged,readiness,Exercise_Duration__zscore,0.0034298345361998,Exercise_Duration,0.0034298345361998134
p16_daily_merged,readiness,Exercise_Calories__rolling_7,0.0029933506268646,Exercise_Calories,0.0029933506268646115
p16_daily_merged,readiness,Sleep_Composition__deviation,0.0029066993409019,Sleep_Composition,0.0029066993409019113
p16_daily_merged,readiness,Sleep_Composition__zscore,0.0027361606153819,Sleep_Composition,0.002736160615381911
p16_daily_merged,readiness,Exercise_Calories__raw,0.002735958596171,Exercise_Calories,0.0027359585961710107
p16_daily_merged,readiness,Sleep_Revitalization__deviation,0.0025060157401845,Sleep_Revitalization,0.0025060157401845095
p16_daily_merged,readiness,Sleep_Duration_Score__deviation,0.0023579427971709,Sleep_Duration_Score,0.002357942797170909
p16_daily_merged,readiness,Exercise_Duration__rolling_7,0.0023171287769255,Exercise_Duration,0.002317128776925509
p16_daily_merged,readiness,Sleep_Revitalization__raw,0.0021532304481192,Sleep_Revitalization,0.0021532304481192083
p16_daily_merged,readiness,Sleep_Hours__raw,0.002142406767713,Sleep_Hours,0.002142406767713008
p16_daily_merged,readiness,Exercise_Calories__rolling_3,0.0020702053170525,Exercise_Calories,0.0020702053170525083
p16_daily_merged,readiness,Exercise_Duration__change,0.0015939655172413,Exercise_Duration,0.0015939655172413063
p16_daily_merged,readiness,Exercise_Count__rolling_3,0.0015752149485751,Exercise_Count,0.0015752149485751062
p16_daily_merged,readiness,Sleep_Hours__zscore,0.0015009999444562,Sleep_Hours,0.0015009999444562058
p16_daily_merged,readiness,Exercise_Count__raw,0.0013434021702689,Exercise_Count,0.0013434021702689051
p16_daily_merged,readiness,Exercise_Duration__deviation,0.0011301356961921,Exercise_Duration,0.0011301356961921044
p16_daily_merged,readiness,Exercise_Count__rolling_7,0.0010875410123193,Exercise_Count,0.001087541012319304
p16_daily_merged,readiness,Exercise_Duration__abs_zscore,0.000565030575177,Exercise_Duration,0.0005650305751770022
p16_daily_merged,readiness,Exercise_Duration__rolling_3,0.0004947178562226,Exercise_Duration,0.0004947178562226019
p16_daily_merged,readiness,Sleep_Composition__raw,0.0003630124269333,Sleep_Composition,0.0003630124269333014
p16_daily_merged,readiness,Exercise_Count__deviation,0.0003096895500514,Exercise_Count,0.0003096895500514012
p16_daily_merged,readiness,Exercise_Calories__abs_zscore,7.827589712310724e-05,Exercise_Calories,7.827589712310754e-05
p16_daily_merged,readiness,Exercise_Calories__change,5.155660366099622e-05,Exercise_Calories,5.1556603660996426e-05
p16_daily_merged,readiness,Exercise_Count__change,0.0,Exercise_Count,0.0
p16_daily_merged,readiness,Exercise_Count__zscore,0.0,Exercise_Count,0.0
p16_daily_merged,readiness,Exercise_Count__abs_zscore,0.0,Exercise_Count,0.0
p16_daily_merged,readiness,Exercise_Duration__raw,0.0,Exercise_Duration,0.0
p16_daily_merged,readiness,Exercise_Distance__raw,0.0,Exercise_Distance,0.0
p16_daily_merged,readiness,Exercise_Distance__change,0.0,Exercise_Distance,0.0
p16_daily_merged,readiness,Exercise_Distance__rolling_3,0.0,Exercise_Distance,0.0
p16_daily_merged,readiness,Exercise_Distance__rolling_7,0.0,Exercise_Distance,0.0
p16_daily_merged,readiness,Exercise_Distance__zscore,0.0,Exercise_Distance,0.0
p16_daily_merged,readiness,Exercise_Distance__abs_zscore,0.0,Exercise_Distance,0.0
p16_daily_merged,readiness,Exercise_Distance__deviation,0.0,Exercise_Distance,0.0
p16_daily_merged,readiness,Exercise_Calories__zscore,0.0,Exercise_Calories,0.0
p16_daily_merged,readiness,Exercise_Calories__deviation,0.0,Exercise_Calories,0.0
p16_daily_merged,readiness,Exercise_Avg_HR__raw,0.0,Exercise_Avg_HR,0.0
p16_daily_merged,readiness,Exercise_Avg_HR__change,0.0,Exercise_Avg_HR,0.0
p16_daily_merged,readiness,Exercise_Avg_HR__rolling_3,0.0,Exercise_Avg_HR,0.0
p16_daily_merged,readiness,Exercise_Avg_HR__rolling_7,0.0,Exercise_Avg_HR,0.0
p16_daily_merged,readiness,Exercise_Avg_HR__zscore,0.0,Exercise_Avg_HR,0.0
p16_daily_merged,readiness,Exercise_Avg_HR__deviation,0.0,Exercise_Avg_HR,0.0
p16_daily_merged,sleep_quality,Sleep_Revitalization__change,0.0726188372004412,Sleep_Revitalization,0.0726188372004414
p16_daily_merged,sleep_quality,Sleep_Hours__change,0.0718214979401598,Sleep_Hours,0.07182149794016
p16_daily_merged,sleep_quality,Steps__abs_zscore,0.047462894861327,Steps,0.04746289486132714
p16_daily_merged,sleep_quality,Steps__change,0.0399092222103593,Steps,0.03990922221035942
p16_daily_merged,sleep_quality,Deep_Sleep_Minutes__change,0.0391811696725834,Deep_Sleep_Minutes,0.03918116967258351
p16_daily_merged,sleep_quality,Sleep_Restlessness__change,0.0296950311580078,Sleep_Restlessness,0.029695031158007888
p16_daily_merged,sleep_quality,Deep_Sleep_Minutes__abs_zscore,0.0282267823886227,Deep_Sleep_Minutes,0.02822678238862278
p16_daily_merged,sleep_quality,Sleep_Score__zscore,0.0264792755045332,Sleep_Score,0.026479275504533276
p16_daily_merged,sleep_quality,Steps__rolling_3,0.0247037798780408,Steps,0.02470377987804087
p16_daily_merged,sleep_quality,Deep_Sleep_Minutes__rolling_3,0.0239920204890864,Deep_Sleep_Minutes,0.02399202048908647
p16_daily_merged,sleep_quality,Sleep_Score__raw,0.0224095719252934,Sleep_Score,0.022409571925293467
p16_daily_merged,sleep_quality,Sleep_Restlessness__rolling_3,0.0224080742624005,Sleep_Restlessness,0.022408074262400567
p16_daily_merged,sleep_quality,Sleep_Duration_Score__abs_zscore,0.0221864849814111,Sleep_Duration_Score,0.022186484981411164
p16_daily_merged,sleep_quality,Sleep_Hours__rolling_7,0.0209353501988995,Sleep_Hours,0.02093535019889956
p16_daily_merged,sleep_quality,Sleep_Duration_Score__change,0.0206327359469145,Sleep_Duration_Score,0.02063273594691456
p16_daily_merged,sleep_quality,Steps__deviation,0.0200934627372752,Steps,0.020093462737275258
p16_daily_merged,sleep_quality,Deep_Sleep_Minutes__rolling_7,0.0195942533648662,Deep_Sleep_Minutes,0.019594253364866254
p16_daily_merged,sleep_quality,Sleep_Revitalization__rolling_3,0.0193712519222815,Sleep_Revitalization,0.019371251922281556
p16_daily_merged,sleep_quality,Sleep_Hours__rolling_3,0.0192379876926005,Sleep_Hours,0.019237987692600555
p16_daily_merged,sleep_quality,Steps__raw,0.0184509143520986,Steps,0.01845091435209865
p16_daily_merged,sleep_quality,Sleep_Revitalization__zscore,0.018422760420431,Sleep_Revitalization,0.01842276042043105
p16_daily_merged,sleep_quality,Sleep_Restlessness__zscore,0.0184001771463378,Sleep_Restlessness,0.018400177146337852
p16_daily_merged,sleep_quality,Sleep_Score__deviation,0.0182332752597129,Sleep_Score,0.018233275259712953
p16_daily_merged,sleep_quality,Steps__rolling_7,0.0173789514211065,Steps,0.01737895142110655
p16_daily_merged,sleep_quality,Sleep_Restlessness__rolling_7,0.0171826150099632,Sleep_Restlessness,0.017182615009963247
p16_daily_merged,sleep_quality,Sleep_Revitalization__deviation,0.0171566516116162,Sleep_Revitalization,0.01715665161161625
p16_daily_merged,sleep_quality,Sleep_Restlessness__abs_zscore,0.0170713881491629,Sleep_Restlessness,0.01707138814916295
p16_daily_merged,sleep_quality,Sleep_Score__abs_zscore,0.015836703583151,Sleep_Score,0.015836703583151045
p16_daily_merged,sleep_quality,Sleep_Restlessness__raw,0.014582330500109,Sleep_Restlessness,0.014582330500109042
p16_daily_merged,sleep_quality,Steps__zscore,0.0139344699005125,Steps,0.01393446990051254
p16_daily_merged,sleep_quality,Sleep_Hours__abs_zscore,0.0134322362512772,Sleep_Hours,0.013432236251277239
p16_daily_merged,sleep_quality,Sleep_Score__rolling_3,0.0126542817456946,Sleep_Score,0.012654281745694636
p16_daily_merged,sleep_quality,Sleep_Duration_Score__rolling_3,0.0123309998804625,Sleep_Duration_Score,0.012330999880462537
p16_daily_merged,sleep_quality,Sleep_Composition__rolling_7,0.0116620093160034,Sleep_Composition,0.011662009316003433
p16_daily_merged,sleep_quality,Sleep_Duration_Score__zscore,0.0115664350682847,Sleep_Duration_Score,0.011566435068284734
p16_daily_merged,sleep_quality,Sleep_Revitalization__rolling_7,0.0104578448966379,Sleep_Revitalization,0.01045784489663793
p16_daily_merged,sleep_quality,Sleep_Duration_Score__rolling_7,0.0101792714406019,Sleep_Duration_Score,0.01017927144060193
p16_daily_merged,sleep_quality,Sleep_Restlessness__deviation,0.0098871695769333,Sleep_Restlessness,0.009887169576933327
p16_daily_merged,sleep_quality,Sleep_Revitalization__abs_zscore,0.0098797979257577,Sleep_Revitalization,0.009879797925757728
p16_daily_merged,sleep_quality,Sleep_Composition__rolling_3,0.0095401336061165,Sleep_Composition,0.009540133606116528
p16_daily_merged,sleep_quality,Sleep_Duration_Score__raw,0.0086087613503938,Sleep_Duration_Score,0.008608761350393825
p16_daily_merged,sleep_quality,Sleep_Composition__change,0.0085057363687903,Sleep_Composition,0.008505736368790325
p16_daily_merged,sleep_quality,Sleep_Duration_Score__deviation,0.0083867339442564,Sleep_Duration_Score,0.008386733944256423
p16_daily_merged,sleep_quality,Exercise_Duration__rolling_7,0.0081676961835891,Exercise_Duration,0.008167696183589125
p16_daily_merged,sleep_quality,Deep_Sleep_Minutes__deviation,0.0075258047335921,Deep_Sleep_Minutes,0.007525804733592122
p16_daily_merged,sleep_quality,Deep_Sleep_Minutes__raw,0.0074661770963555,Deep_Sleep_Minutes,0.007466177096355522
p16_daily_merged,sleep_quality,Sleep_Score__change,0.0070818118654159,Sleep_Score,0.007081811865415921
p16_daily_merged,sleep_quality,Sleep_Revitalization__raw,0.0070776750919685,Sleep_Revitalization,0.007077675091968521
p16_daily_merged,sleep_quality,Deep_Sleep_Minutes__zscore,0.0068785266668577,Deep_Sleep_Minutes,0.00687852666685772
p16_daily_merged,sleep_quality,Sleep_Score__rolling_7,0.0063885255671504,Sleep_Score,0.006388525567150419
p16_daily_merged,sleep_quality,Sleep_Composition__abs_zscore,0.0049039859828941,Sleep_Composition,0.004903985982894114
p16_daily_merged,sleep_quality,Sleep_Hours__raw,0.0046239758060103,Sleep_Hours,0.004623975806010313
p16_daily_merged,sleep_quality,Sleep_Composition__raw,0.0044614035101599,Sleep_Composition,0.004461403510159913
p16_daily_merged,sleep_quality,Exercise_Calories__rolling_7,0.0041601055460544,Exercise_Calories,0.0041601055460544125
p16_daily_merged,sleep_quality,Exercise_Calories__rolling_3,0.0035489921272093,Exercise_Calories,0.0035489921272093103
p16_daily_merged,sleep_quality,Sleep_Hours__zscore,0.003084143952373,Sleep_Hours,0.003084143952373009
p16_daily_merged,sleep_quality,Sleep_Hours__deviation,0.0026316341067589,Sleep_Hours,0.002631634106758908
p16_daily_merged,sleep_quality,Exercise_Count__rolling_7,0.0015490797947859,Exercise_Count,0.0015490797947859045
p16_daily_merged,sleep_quality,Exercise_Duration__rolling_3,0.0011988870681365,Exercise_Duration,0.0011988870681365034
p16_daily_merged,sleep_quality,Sleep_Composition__deviation,0.0011380740438605,Sleep_Composition,0.0011380740438605033
p16_daily_merged,sleep_quality,Exercise_Avg_HR__abs_zscore,0.0010446822363169,Exercise_Avg_HR,0.001044682236316903
p16_daily_merged,sleep_quality,Exercise_Calories__zscore,0.0008589133975077,Exercise_Calories,0.0008589133975077025
p16_daily_merged,sleep_quality,Sleep_Composition__zscore,0.0007602108949356,Sleep_Composition,0.0007602108949356022
p16_daily_merged,sleep_quality,Exercise_Count__rolling_3,0.0003896106573288,Exercise_Count,0.0003896106573288011
p16_daily_merged,sleep_quality,Exercise_Calories__raw,0.0003587506102203,Exercise_Calories,0.000358750610220301
p16_daily_merged,sleep_quality,Exercise_Count__raw,0.0,Exercise_Count,0.0
p16_daily_merged,sleep_quality,Exercise_Count__change,0.0,Exercise_Count,0.0
p16_daily_merged,sleep_quality,Exercise_Count__zscore,0.0,Exercise_Count,0.0
p16_daily_merged,sleep_quality,Exercise_Count__abs_zscore,0.0,Exercise_Count,0.0
p16_daily_merged,sleep_quality,Exercise_Count__deviation,0.0,Exercise_Count,0.0
p16_daily_merged,sleep_quality,Exercise_Duration__raw,0.0,Exercise_Duration,0.0
p16_daily_merged,sleep_quality,Exercise_Duration__change,0.0,Exercise_Duration,0.0
p16_daily_merged,sleep_quality,Exercise_Duration__zscore,0.0,Exercise_Duration,0.0
p16_daily_merged,sleep_quality,Exercise_Duration__abs_zscore,0.0,Exercise_Duration,0.0
p16_daily_merged,sleep_quality,Exercise_Duration__deviation,0.0,Exercise_Duration,0.0
p16_daily_merged,sleep_quality,Exercise_Distance__raw,0.0,Exercise_Distance,0.0
p16_daily_merged,sleep_quality,Exercise_Distance__change,0.0,Exercise_Distance,0.0
p16_daily_merged,sleep_quality,Exercise_Distance__rolling_3,0.0,Exercise_Distance,0.0
p16_daily_merged,sleep_quality,Exercise_Distance__rolling_7,0.0,Exercise_Distance,0.0
p16_daily_merged,sleep_quality,Exercise_Distance__zscore,0.0,Exercise_Distance,0.0
p16_daily_merged,sleep_quality,Exercise_Distance__abs_zscore,0.0,Exercise_Distance,0.0
p16_daily_merged,sleep_quality,Exercise_Distance__deviation,0.0,Exercise_Distance,0.0
p16_daily_merged,sleep_quality,Exercise_Calories__change,0.0,Exercise_Calories,0.0
p16_daily_merged,sleep_quality,Exercise_Calories__abs_zscore,0.0,Exercise_Calories,0.0
p16_daily_merged,sleep_quality,Exercise_Calories__deviation,0.0,Exercise_Calories,0.0
p16_daily_merged,sleep_quality,Exercise_Avg_HR__raw,0.0,Exercise_Avg_HR,0.0
p16_daily_merged,sleep_quality,Exercise_Avg_HR__change,0.0,Exercise_Avg_HR,0.0
p16_daily_merged,sleep_quality,Exercise_Avg_HR__rolling_3,0.0,Exercise_Avg_HR,0.0
p16_daily_merged,sleep_quality,Exercise_Avg_HR__rolling_7,0.0,Exercise_Avg_HR,0.0
p16_daily_merged,sleep_quality,Exercise_Avg_HR__zscore,0.0,Exercise_Avg_HR,0.0
p16_daily_merged,sleep_quality,Exercise_Avg_HR__deviation,0.0,Exercise_Avg_HR,0.0
p16_daily_merged,stress,Sleep_Restlessness__abs_zscore,0.0845052191735478,Sleep_Restlessness,0.08450521917354807
p16_daily_merged,stress,Deep_Sleep_Minutes__change,0.0692028648286457,Deep_Sleep_Minutes,0.06920286482864593
p16_daily_merged,stress,Steps__change,0.0587825627690258,Steps,0.05878256276902599
p16_daily_merged,stress,Sleep_Hours__abs_zscore,0.0449614626372783,Sleep_Hours,0.04496146263727845
p16_daily_merged,stress,Sleep_Hours__rolling_7,0.0395731726237209,Sleep_Hours,0.03957317262372103
p16_daily_merged,stress,Sleep_Hours__change,0.0393477855035448,Sleep_Hours,0.03934778550354493
p16_daily_merged,stress,Deep_Sleep_Minutes__raw,0.0294734227481986,Deep_Sleep_Minutes,0.029473422748198697
p16_daily_merged,stress,Sleep_Revitalization__rolling_3,0.0287551263105517,Sleep_Revitalization,0.0287551263105518
p16_daily_merged,stress,Steps__abs_zscore,0.0275458441763919,Steps,0.02754584417639199
p16_daily_merged,stress,Sleep_Revitalization__change,0.0264286632028422,Sleep_Revitalization,0.026428663202842286
p16_daily_merged,stress,Steps__rolling_3,0.025663004535015,Steps,0.025663004535015087
p16_daily_merged,stress,Deep_Sleep_Minutes__rolling_7,0.0247836682541473,Deep_Sleep_Minutes,0.024783668254147382
p16_daily_merged,stress,Sleep_Hours__rolling_3,0.0247558202514737,Sleep_Hours,0.024755820251473784
p16_daily_merged,stress,Sleep_Restlessness__rolling_7,0.0218322504118726,Sleep_Restlessness,0.021832250411872672
p16_daily_merged,stress,Steps__rolling_7,0.0218109063814691,Steps,0.021810906381469174
p16_daily_merged,stress,Deep_Sleep_Minutes__rolling_3,0.0210031854734662,Deep_Sleep_Minutes,0.02100318547346627
p16_daily_merged,stress,Sleep_Duration_Score__rolling_7,0.0200184848199005,Sleep_Duration_Score,0.020018484819900567
p16_daily_merged,stress,Sleep_Revitalization__rolling_7,0.0190235502155201,Sleep_Revitalization,0.01902355021552016
p16_daily_merged,stress,Sleep_Duration_Score__change,0.0179794720182971,Sleep_Duration_Score,0.01797947201829716
p16_daily_merged,stress,Sleep_Duration_Score__abs_zscore,0.0174472252231319,Sleep_Duration_Score,0.017447225223131958
p16_daily_merged,stress,Sleep_Composition__rolling_3,0.0168342107321678,Sleep_Composition,0.016834210732167856
p16_daily_merged,stress,Sleep_Restlessness__change,0.0164321528141041,Sleep_Restlessness,0.016432152814104154
p16_daily_merged,stress,Deep_Sleep_Minutes__deviation,0.016374258601381,Deep_Sleep_Minutes,0.016374258601381055
p16_daily_merged,stress,Sleep_Hours__deviation,0.0163160947552444,Sleep_Hours,0.016316094755244457
p16_daily_merged,stress,Sleep_Score__change,0.0158952456118812,Sleep_Score,0.015895245611881253
p16_daily_merged,stress,Sleep_Restlessness__rolling_3,0.0158789480219656,Sleep_Restlessness,0.015878948021965652
p16_daily_merged,stress,Sleep_Score__rolling_7,0.0148438180905662,Sleep_Score,0.01484381809056625
p16_daily_merged,stress,Sleep_Duration_Score__rolling_3,0.0147456172120033,Sleep_Duration_Score,0.014745617212003348
p16_daily_merged,stress,Sleep_Hours__raw,0.0144511909357697,Sleep_Hours,0.014451190935769749
p16_daily_merged,stress,Sleep_Hours__zscore,0.0130520031400178,Sleep_Hours,0.013052003140017844
p16_daily_merged,stress,Sleep_Score__rolling_3,0.0123090811049261,Sleep_Score,0.012309081104926142
p16_daily_merged,stress,Steps__raw,0.0122996166742392,Steps,0.012299616674239242
p16_daily_merged,stress,Deep_Sleep_Minutes__zscore,0.0113441150141021,Deep_Sleep_Minutes,0.011344115014102138
p16_daily_merged,stress,Deep_Sleep_Minutes__abs_zscore,0.0106612680788147,Deep_Sleep_Minutes,0.010661268078814734
p16_daily_merged,stress,Sleep_Score__abs_zscore,0.0097054318068626,Sleep_Score,0.009705431806862633
p16_daily_merged,stress,Steps__deviation,0.0092346349083455,Steps,0.009234634908345531
p16_daily_merged,stress,Sleep_Composition__rolling_7,0.0085038336734885,Sleep_Composition,0.008503833673488528
p16_daily_merged,stress,Exercise_Calories__rolling_7,0.0082487019128747,Exercise_Calories,0.008248701912874728
p16_daily_merged,stress,Sleep_Restlessness__raw,0.0080163244948776,Sleep_Restlessness,0.008016324494877627
p16_daily_merged,stress,Sleep_Composition__change,0.007845424244611,Sleep_Composition,0.007845424244611026
p16_daily_merged,stress,Sleep_Composition__abs_zscore,0.0069564398860337,Sleep_Composition,0.006956439886033724
p16_daily_merged,stress,Sleep_Restlessness__deviation,0.0068227746615475,Sleep_Restlessness,0.006822774661547523
p16_daily_merged,stress,Sleep_Restlessness__zscore,0.0057538620659908,Sleep_Restlessness,0.005753862065990819
p16_daily_merged,stress,Sleep_Score__zscore,0.0056845282202703,Sleep_Score,0.005684528220270319
p16_daily_merged,stress,Sleep_Revitalization__abs_zscore,0.0056107887763397,Sleep_Revitalization,0.005610788776339719
p16_daily_merged,stress,Sleep_Score__deviation,0.0053729153592577,Sleep_Score,0.005372915359257718
p16_daily_merged,stress,Sleep_Revitalization__zscore,0.0049736888277248,Sleep_Revitalization,0.004973688827724816
p16_daily_merged,stress,Exercise_Calories__rolling_3,0.0047170172570011,Exercise_Calories,0.004717017257001115
p16_daily_merged,stress,Sleep_Composition__deviation,0.0040813612165007,Sleep_Composition,0.0040813612165007136
p16_daily_merged,stress,Exercise_Duration__rolling_7,0.0040357907508094,Exercise_Duration,0.004035790750809413
p16_daily_merged,stress,Sleep_Duration_Score__zscore,0.0035967252521599,Sleep_Duration_Score,0.003596725252159912
p16_daily_merged,stress,Sleep_Revitalization__deviation,0.0035632025236915,Sleep_Revitalization,0.0035632025236915117
p16_daily_merged,stress,Sleep_Duration_Score__raw,0.003549888311945,Sleep_Duration_Score,0.0035498883119450117
p16_daily_merged,stress,Sleep_Composition__raw,0.0023423368269396,Sleep_Composition,0.002342336826939608
p16_daily_merged,stress,Exercise_Duration__rolling_3,0.0023044371375474,Exercise_Duration,0.002304437137547408
p16_daily_merged,stress,Steps__zscore,0.0022472242537319,Steps,0.0022472242537319074
p16_daily_merged,stress,Exercise_Duration__change,0.0020840635738759,Exercise_Duration,0.002084063573875907
p16_daily_merged,stress,Sleep_Duration_Score__deviation,0.001766020109042,Sleep_Duration_Score,0.0017660201090420058
p16_daily_merged,stress,Sleep_Score__raw,0.0014631083657816,Sleep_Score,0.0014631083657816047
p16_daily_merged,stress,Exercise_Count__change,0.0013427500011276,Exercise_Count,0.0013427500011276045
p16_daily_merged,stress,Sleep_Revitalization__raw,0.0013410278167147,Sleep_Revitalization,0.0013410278167147046
p16_daily_merged,stress,Exercise_Calories__change,0.0010030414300475,Exercise_Calories,0.0010030414300475033
p16_daily_merged,stress,Exercise_Duration__abs_zscore,0.0009415999336127,Exercise_Duration,0.0009415999336127031
p16_daily_merged,stress,Exercise_Duration__zscore,0.0009196573622453,Exercise_Duration,0.000919657362245303
p16_daily_merged,stress,Exercise_Duration__deviation,0.0007623086877909,Exercise_Duration,0.0007623086877909025
p16_daily_merged,stress,Exercise_Count__rolling_7,0.0005743240832531,Exercise_Count,0.000574324083253102
p16_daily_merged,stress,Sleep_Composition__zscore,0.0003034539227301,Sleep_Composition,0.000303453922730101
p16_daily_merged,stress,Exercise_Count__raw,0.0,Exercise_Count,0.0
p16_daily_merged,stress,Exercise_Count__rolling_3,0.0,Exercise_Count,0.0
p16_daily_merged,stress,Exercise_Count__zscore,0.0,Exercise_Count,0.0
p16_daily_merged,stress,Exercise_Count__abs_zscore,0.0,Exercise_Count,0.0
p16_daily_merged,stress,Exercise_Count__deviation,0.0,Exercise_Count,0.0
p16_daily_merged,stress,Exercise_Duration__raw,0.0,Exercise_Duration,0.0
p16_daily_merged,stress,Exercise_Distance__raw,0.0,Exercise_Distance,0.0
p16_daily_merged,stress,Exercise_Distance__change,0.0,Exercise_Distance,0.0
p16_daily_merged,stress,Exercise_Distance__rolling_3,0.0,Exercise_Distance,0.0
p16_daily_merged,stress,Exercise_Distance__rolling_7,0.0,Exercise_Distance,0.0
p16_daily_merged,stress,Exercise_Distance__zscore,0.0,Exercise_Distance,0.0
p16_daily_merged,stress,Exercise_Distance__abs_zscore,0.0,Exercise_Distance,0.0
p16_daily_merged,stress,Exercise_Distance__deviation,0.0,Exercise_Distance,0.0
p16_daily_merged,stress,Exercise_Calories__raw,0.0,Exercise_Calories,0.0
p16_daily_merged,stress,Exercise_Calories__zscore,0.0,Exercise_Calories,0.0
p16_daily_merged,stress,Exercise_Calories__abs_zscore,0.0,Exercise_Calories,0.0
p16_daily_merged,stress,Exercise_Calories__deviation,0.0,Exercise_Calories,0.0
p16_daily_merged,stress,Exercise_Avg_HR__raw,0.0,Exercise_Avg_HR,0.0
p16_daily_merged,stress,Exercise_Avg_HR__change,0.0,Exercise_Avg_HR,0.0
p16_daily_merged,stress,Exercise_Avg_HR__rolling_3,0.0,Exercise_Avg_HR,0.0
p16_daily_merged,stress,Exercise_Avg_HR__rolling_7,0.0,Exercise_Avg_HR,0.0
p16_daily_merged,stress,Exercise_Avg_HR__zscore,0.0,Exercise_Avg_HR,0.0
p16_daily_merged,stress,Exercise_Avg_HR__abs_zscore,0.0,Exercise_Avg_HR,0.0
p16_daily_merged,stress,Exercise_Avg_HR__deviation,0.0,Exercise_Avg_HR,0.0
