Participant,Date,Steps_Deviation,Steps_Z,Steps_Abs_Z,Exercise_Count_Deviation,Exercise_Count_Z,Exercise_Count_Abs_Z,Exercise_Duration_Deviation,Exercise_Duration_Z,Exercise_Duration_Abs_Z,Exercise_Distance_Deviation,Exercise_Distance_Z,Exercise_Distance_Abs_Z,Exercise_Calories_Deviation,Exercise_Calories_Z,Exercise_Calories_Abs_Z,Exercise_Avg_HR_Deviation,Exercise_Avg_HR_Z,Exercise_Avg_HR_Abs_Z,Sleep_Hours_Deviation,Sleep_Hours_Z,Sleep_Hours_Abs_Z,Sleep_Duration_Score_Deviation,Sleep_Duration_Score_Z,Sleep_Duration_Score_Abs_Z,Deep_Sleep_Minutes_Deviation,Deep_Sleep_Minutes_Z,Deep_Sleep_Minutes_Abs_Z,Sleep_Restlessness_Deviation,Sleep_Restlessness_Z,Sleep_Restlessness_Abs_Z,Sleep_Composition_Deviation,Sleep_Composition_Z,Sleep_Composition_Abs_Z,Sleep_Revitalization_Deviation,Sleep_Revitalization_Z,Sleep_Revitalization_Abs_Z,Sleep_Score_Deviation,Sleep_Score_Z,Sleep_Score_Abs_Z
p01,2020-01-18,-219.0,-0.0709114133539553,0.0709114133539553,0.0,-0.5279020937169896,0.5279020937169896,729000.0,0.21002605269164676,0.21002605269164676,7.073632,3.774605227148973,3.774605227148973,397.0,0.8334208874822974,0.8334208874822974,39.0,3.288105798423704,3.288105798423704,-0.583333333333333,-0.6034118038640436,0.6034118038640436,-5.0,-1.4729864626570688,1.4729864626570688,9.5,0.25051219787709683,0.25051219787709683,-0.027593458290513212,-1.084772258414131,1.084772258414131,-3.0,-1.648967718607584,1.648967718607584,2.0,0.6739810574691121,0.6739810574691121,-6.5,-1.1353534666261191,1.1353534666261191
p01,2020-01-19,-444.0,-0.13457667430237974,0.13457667430237974,0.0,-0.5279020937169896,0.5279020937169896,2170000.0,0.9163572007747767,0.9163572007747767,0.0,-0.39450713904636997,0.39450713904636997,200.0,0.2860882889922564,0.2860882889922564,-15.0,-1.595386583105901,1.595386583105901,-0.3416666666666659,-0.4558146719836299,0.4558146719836299,-1.0,-0.29459729253141376,0.29459729253141376,28.5,1.0418612434937449,1.0418612434937449,-0.023904218573022606,-0.968001904746036,0.968001904746036,-1.0,-0.7145526780632868,0.7145526780632868,-4.0,-1.2489858757294745,1.2489858757294745,-6.5,-1.1353534666261191,1.1353534666261191
p01,2020-01-20,-6207.0,-1.7652562247280248,1.7652562247280248,0.0,-0.5279020937169896,0.5279020937169896,-1516000.0,-0.8903996429687465,0.8903996429687465,0.0,-0.39450713904636997,0.39450713904636997,-214.0,-0.86414366925585,0.86414366925585,-4.0,-0.6006010979795002,0.6006010979795002,0.25,-0.09445617669020456,0.09445617669020456,0.0,0.0,0.0,3.5,0.0006124992613132299,0.0006124992613132299,-0.004800094267235211,-0.36332573227345555,0.36332573227345555,-1.0,-0.7145526780632868,0.7145526780632868,2.0,0.6739810574691121,0.6739810574691121,0.5,0.10132445125496338,0.10132445125496338
p01,2020-01-21,-2015.0,-0.5791016740800456,0.5791016740800456,0.0,-0.5279020937169896,0.5279020937169896,-749000.0,-0.514441287257601,0.514441287257601,0.0,-0.39450713904636997,0.39450713904636997,-87.0,-0.5112947352038947,0.5112947352038947,1.0,-0.14842587746749974,0.14842587746749974,0.13333333333333375,-0.16570996449454178,0.16570996449454178,1.0,0.29459729253141376,0.29459729253141376,9.5,0.25051219787709683,0.25051219787709683,-0.01731037788872171,-0.7592962722314284,0.7592962722314284,2.0,0.687069882753159,0.687069882753159,2.0,0.6739810574691121,0.6739810574691121,4.5,0.8079975471870106,0.8079975471870106
p01,2020-01-22,-3537.0,-1.0097617948067212,1.0097617948067212,0.0,-0.5279020937169896,0.5279020937169896,-1414000.0,-0.8404025734999893,0.8404025734999893,0.0,-0.39450713904636997,0.39450713904636997,-224.0,-0.8919270498898623,0.8919270498898623,-15.0,-1.595386583105901,1.595386583105901,-1.0999999999999996,-0.9189642927118238,0.9189642927118238,-3.0,-0.8837918775942413,0.8837918775942413,-7.5,-0.4575369482009567,0.4575369482009567,-0.028845643257937308,-1.1244059208217991,1.1244059208217991,-3.0,-1.648967718607584,1.648967718607584,2.0,0.6739810574691121,0.6739810574691121,-4.5,-0.7820169186600956,0.7820169186600956
p01,2020-01-23,1470.0,0.4070024788322176,0.4070024788322176,0.0,-0.5279020937169896,0.5279020937169896,1863000.0,0.7658758250207719,0.7658758250207719,0.0,-0.39450713904636997,0.39450713904636997,427.0,0.9167710293843341,0.9167710293843341,15.0,1.1176647399661015,1.1176647399661015,-0.05833333333333268,-0.28276975874452465,0.28276975874452465,0.0,0.0,0.0,-28.5,-1.3321858933561992,1.3321858933561992,-0.02704026874982541,-1.0672629222749377,1.0672629222749377,0.0,-0.24734515779113828,0.24734515779113828,-1.0,-0.28750240913018127,0.28750240913018127,-1.5,-0.2520120967110602,0.2520120967110602
p01,2020-01-24,-2978.0,-0.8515889909393023,0.8515889909393023,-1.0,-1.5992328133191158,1.5992328133191158,-2438000.0,-1.3423339375784937,1.3423339375784937,0.0,-0.39450713904636997,0.39450713904636997,-355.0,-1.2558893361954224,1.2558893361954224,,,,0.8500000000000005,0.27199187487495996,0.27199187487495996,1.0,0.29459729253141376,0.29459729253141376,21.5,0.750311595108664,0.750311595108664,0.03650446954371349,0.9440299544401058,0.9440299544401058,3.0,1.1542774030253076,1.1542774030253076,-3.0,-0.9284913868630434,0.9284913868630434,0.5,0.10132445125496338,0.10132445125496338
p01,2020-01-26,4723.0,1.327460673788772,1.327460673788772,0.0,-0.5279020937169896,0.5279020937169896,2221000.0,0.9413557355091554,0.9413557355091554,0.0,-0.39450713904636997,0.39450713904636997,393.0,0.8223075352286925,0.8223075352286925,1.0,-0.14842587746749974,0.14842587746749974,0.7250000000000005,0.19564853079888408,0.19564853079888408,-1.0,-0.29459729253141376,0.29459729253141376,-4.5,-0.33258709889306487,0.33258709889306487,0.039577859569285584,1.0413076776914854,1.0413076776914854,1.0,0.21986236248101032,0.21986236248101032,-1.0,-0.28750240913018127,0.28750240913018127,-1.5,-0.2520120967110602,0.2520120967110602
p01,2020-01-27,-4673.0,-1.3312006234174332,1.3312006234174332,-1.0,-1.5992328133191158,1.5992328133191158,-2438000.0,-1.3423339375784937,1.3423339375784937,0.0,-0.39450713904636997,0.39450713904636997,-355.0,-1.2558893361954224,1.2558893361954224,,,,-0.7749999999999995,-0.7204715981140264,0.7204715981140264,-4.0,-1.178389170125655,1.178389170125655,15.5,0.5004118964928804,0.5004118964928804,-0.009325038543552211,-0.506547475487626,0.506547475487626,-2.0,-1.1817601983354353,1.1817601983354353,3.0,0.9944755463355432,0.9944755463355432,-3.5,-0.6053486446770838,0.6053486446770838
p01,2020-01-28,774.0,0.2100646049650913,0.2100646049650913,1.0,0.5434286258851365,0.5434286258851365,3194000.0,1.4182885648532813,1.4182885648532813,0.0,-0.39450713904636997,0.39450713904636997,475.0,1.0501312564275929,1.0501312564275929,-3.5,-0.5553835759283001,0.5553835759283001,-0.5499999999999998,-0.5830535787770901,0.5830535787770901,-2.0,-0.5891945850628275,0.5891945850628275,-10.5,-0.5824867975088485,0.5824867975088485,-0.020764900738303407,-0.8686374606035817,0.8686374606035817,-2.0,-1.1817601983354353,1.1817601983354353,-2.0,-0.6079968979966124,0.6079968979966124,-6.5,-1.1353534666261191,1.1353534666261191
p01,2020-01-29,-8950.0,-2.5414064948681503,2.5414064948681503,-1.0,-1.5992328133191158,1.5992328133191158,-2438000.0,-1.3423339375784937,1.3423339375784937,0.0,-0.39450713904636997,0.39450713904636997,-355.0,-1.2558893361954224,1.2558893361954224,,,,-0.5999999999999996,-0.6135909164075203,0.6135909164075203,-2.0,-0.5891945850628275,0.5891945850628275,19.5,0.6670116955700695,0.6670116955700695,-0.035735777172566006,-1.3424897092558528,1.3424897092558528,2.0,0.687069882753159,0.687069882753159,0.0,0.03299207973624986,0.03299207973624986,-0.5,-0.0753438227280484,0.0753438227280484
p01,2020-01-30,699.0,0.18884285131561648,0.18884285131561648,1.0,0.5434286258851365,0.5434286258851365,3962000.0,1.7947370879121596,1.7947370879121596,0.0,-0.39450713904636997,0.39450713904636997,802.0,1.9586478031597927,1.9586478031597927,0.0,-0.23886092156989983,0.23886092156989983,-0.19166666666666643,-0.3642026590923392,0.3642026590923392,-1.0,-0.29459729253141376,0.29459729253141376,5.5,0.08391239879990776,0.08391239879990776,-0.03172054284784141,-1.2154011034557175,1.2154011034557175,-2.0,-1.1817601983354353,1.1817601983354353,4.0,1.3149700352019744,1.3149700352019744,0.5,0.10132445125496338,0.10132445125496338
p01,2020-01-31,-1468.0,-0.42432435079654257,0.42432435079654257,0.0,-0.5279020937169896,0.5279020937169896,-287000.0,-0.2879839726049945,0.2879839726049945,0.0,-0.39450713904636997,0.39450713904636997,-39.0,-0.37793450816063595,0.37793450816063595,-4.0,-0.6006010979795002,0.6006010979795002,-0.14999999999999947,-0.33875487773364704,0.33875487773364704,0.0,0.0,0.0,2.5,-0.04103745050798403,0.04103745050798403,-0.005583264985035516,-0.3881143415000313,0.3881143415000313,3.0,1.1542774030253076,1.1542774030253076,-5.0,-1.5694803645959057,1.5694803645959057,-2.5,-0.428680370694072,0.428680370694072
p01,2020-02-01,710.0,0.1919553751842061,0.1919553751842061,0.0,-0.5279020937169896,0.5279020937169896,-902000.0,-0.589436891460737,0.589436891460737,0.0,-0.39450713904636997,0.39450713904636997,-232.0,-0.914153754397072,0.914153754397072,-12.0,-1.3240814507987009,1.3240814507987009,-0.3416666666666659,-0.4558146719836299,0.4558146719836299,-3.0,-0.8837918775942413,0.8837918775942413,-22.5,-1.0822861947404157,1.0822861947404157,0.032476801485764886,0.8165478010428605,0.8165478010428605,-3.0,-1.648967718607584,1.648967718607584,-2.0,-0.6079968979966124,0.6079968979966124,-8.5,-1.4886900145921427,1.4886900145921427
p01,2020-02-02,-2047.0,-0.5881562889704882,0.5881562889704882,1.0,0.5434286258851365,0.5434286258851365,-492000.0,-0.38846827889024194,0.38846827889024194,0.0,-0.39450713904636997,0.39450713904636997,-101.0,-0.5501914680915118,0.5501914680915118,-3.0,-0.5101660538771001,0.5101660538771001,0.1750000000000007,-0.14026218313584965,0.14026218313584965,1.0,0.29459729253141376,0.29459729253141376,-5.5,-0.3742370486623621,0.3742370486623621,-0.011574456721187204,-0.5777451683088837,0.5777451683088837,-1.0,-0.7145526780632868,0.7145526780632868,-3.0,-0.9284913868630434,0.9284913868630434,-3.5,-0.6053486446770838,0.6053486446770838
p01,2020-02-03,-2945.0,-0.8422514193335333,0.8422514193335333,0.0,-0.5279020937169896,0.5279020937169896,-1158000.0,-0.7149197324803631,0.7149197324803631,0.0,-0.39450713904636997,0.39450713904636997,-160.0,-0.714113413832184,0.714113413832184,0.0,-0.23886092156989983,0.23886092156989983,0.375,-0.01811283261412869,0.01811283261412869,0.0,0.0,0.0,-0.5,-0.16598729981587582,0.16598729981587582,0.010692752745625395,0.12704772230052966,0.12704772230052966,3.0,1.1542774030253076,1.1542774030253076,3.0,0.9944755463355432,0.9944755463355432,5.5,0.9846658211700223,0.9846658211700223
p01,2020-02-04,-4801.0,-1.3674190829792034,1.3674190829792034,-1.0,-1.5992328133191158,1.5992328133191158,-2438000.0,-1.3423339375784937,1.3423339375784937,0.0,-0.39450713904636997,0.39450713904636997,-355.0,-1.2558893361954224,1.2558893361954224,,,,-0.45833333333333304,-0.5270684597879677,0.5270684597879677,-2.0,-0.5891945850628275,0.5891945850628275,1.5,-0.0826874002772813,0.0826874002772813,-0.017839363754560605,-0.7760395232450673,0.7760395232450673,-3.0,-1.648967718607584,1.648967718607584,3.0,0.9944755463355432,0.9944755463355432,-2.5,-0.428680370694072,0.428680370694072
p01,2020-02-05,4986.0,1.401878289919597,1.401878289919597,1.0,0.5434286258851365,0.5434286258851365,2642000.0,1.1477161889047125,1.1477161889047125,4.442414,2.223797452309149,2.223797452309149,648.0,1.5307837413960044,1.5307837413960044,29.5,2.4289728794509027,2.4289728794509027,4.650000000000001,2.592829534787667,2.592829534787667,-4.0,-1.178389170125655,1.178389170125655,-23.5,-1.123936144509713,1.123936144509713,-0.023583882576154708,-0.9578627567070657,0.9578627567070657,-3.0,-1.648967718607584,1.648967718607584,-3.0,-0.9284913868630434,0.9284913868630434,-10.5,-1.8420265625581662,1.8420265625581662
p01,2020-02-06,11147.0,3.1451746130451217,3.1451746130451217,3.0,2.6860900650893886,2.6860900650893886,7005000.0,3.286316327063419,3.286316327063419,4.496031,2.2553986577066443,2.2553986577066443,1456.0,3.775680896624192,3.775680896624192,12.0,0.8463596076589013,0.8463596076589013,-0.6499999999999995,-0.6441282540379505,0.6441282540379505,-3.0,-0.8837918775942413,0.8837918775942413,-5.5,-0.3742370486623621,0.3742370486623621,-0.008646606929868711,-0.48507402688143886,0.48507402688143886,-2.0,-1.1817601983354353,1.1817601983354353,5.0,1.6354645240684054,1.6354645240684054,-0.5,-0.0753438227280484,0.0753438227280484
p01,2020-02-07,-5568.0,-1.5844468836344994,1.5844468836344994,-1.0,-1.5992328133191158,1.5992328133191158,-2438000.0,-1.3423339375784937,1.3423339375784937,0.0,-0.39450713904636997,0.39450713904636997,-355.0,-1.2558893361954224,1.2558893361954224,,,,-0.2166666666666659,-0.379471327907554,0.379471327907554,-1.0,-0.29459729253141376,0.29459729253141376,-18.5,-0.9156863956632266,0.9156863956632266,-0.008469506752768613,-0.4794685222522284,0.4794685222522284,2.0,0.687069882753159,0.687069882753159,-4.0,-1.2489858757294745,1.2489858757294745,-3.5,-0.6053486446770838,0.6053486446770838
p01,2020-02-08,498.0,0.13196855153502396,0.13196855153502396,0.0,-0.5279020937169896,0.5279020937169896,-1516000.0,-0.8903996429687465,0.8903996429687465,0.0,-0.39450713904636997,0.39450713904636997,-199.0,-0.8224685983048317,0.8224685983048317,4.0,0.12287925483970054,0.12287925483970054,1.2583333333333337,0.521380132190141,0.521380132190141,6.0,1.7675837551884825,1.7675837551884825,-2.5,-0.24928719935447036,0.24928719935447036,-0.02436257373279211,-0.9825095806387499,0.9825095806387499,-2.0,-1.1817601983354353,1.1817601983354353,4.0,1.3149700352019744,1.3149700352019744,7.5,1.3380023691360459,1.3380023691360459
p01,2020-02-09,-4736.0,-1.349026896482992,1.349026896482992,0.0,-0.5279020937169896,0.5279020937169896,-954000.0,-0.6149255935428485,0.6149255935428485,0.0,-0.39450713904636997,0.39450713904636997,-166.0,-0.7307834422125913,0.7307834422125913,-10.0,-1.1432113625939007,1.1432113625939007,0.5083333333333337,0.06332006773368583,0.06332006773368583,0.0,0.0,0.0,-0.5,-0.16598729981587582,0.16598729981587582,0.008905465392521586,0.0704772112169065,0.0704772112169065,0.0,-0.24734515779113828,0.24734515779113828,4.0,1.3149700352019744,1.3149700352019744,3.5,0.6313292732039988,0.6313292732039988
p01,2020-02-10,1353.0,0.37389654313903686,0.37389654313903686,0.0,-0.5279020937169896,0.5279020937169896,-294000.0,-0.2914151440391249,0.2914151440391249,5.309476,2.7348332125039208,2.7348332125039208,212.0,0.31942834575307105,0.31942834575307105,52.0,4.463761371754905,4.463761371754905,-0.5749999999999993,-0.5983222475923049,0.5983222475923049,-1.0,-0.29459729253141376,0.29459729253141376,-12.5,-0.665786697047443,0.665786697047443,-0.0032525743391834117,-0.3143442447191723,0.3143442447191723,2.0,0.687069882753159,0.687069882753159,-3.0,-0.9284913868630434,0.9284913868630434,-2.5,-0.428680370694072,0.428680370694072
p01,2020-02-11,-3166.0,-0.9047848534206525,0.9047848534206525,-1.0,-1.5992328133191158,1.5992328133191158,-2438000.0,-1.3423339375784937,1.3423339375784937,0.0,-0.39450713904636997,0.39450713904636997,-355.0,-1.2558893361954224,1.2558893361954224,,,,-0.0916666666666659,-0.30312798383147815,0.30312798383147815,1.0,0.29459729253141376,0.29459729253141376,36.5,1.375060841648123,1.375060841648123,-0.012530599095110909,-0.6080086078546516,0.6080086078546516,4.0,1.621484923297456,1.621484923297456,-4.0,-1.2489858757294745,1.2489858757294745,0.5,0.10132445125496338,0.10132445125496338
p01,2020-02-12,-2860.0,-0.8182000985307952,0.8182000985307952,1.0,0.5434286258851365,0.5434286258851365,71000.0,-0.11250406211661104,0.11250406211661104,0.0,-0.39450713904636997,0.39450713904636997,55.0,-0.11677073020092096,0.11677073020092096,6.5,0.3489668650957008,0.3489668650957008,-0.49166666666666625,-0.5474266848749212,0.5474266848749212,0.0,0.0,0.0,7.5,0.1672122983385023,0.1672122983385023,0.019589257405580693,0.40863636253653257,0.40863636253653257,4.0,1.621484923297456,1.621484923297456,-2.0,-0.6079968979966124,0.6079968979966124,1.5,0.2779927252379752,0.2779927252379752
p01,2020-02-13,-82.0,-0.032146343354247965,0.032146343354247965,0.0,-0.5279020937169896,0.5279020937169896,-331000.0,-0.3095513359052427,0.3095513359052427,4.303734,2.142061152916705,2.142061152916705,101.0,0.011032820715535296,0.011032820715535296,23.0,1.8411450927853024,1.8411450927853024,-0.5166666666666666,-0.5626953536901366,0.5626953536901366,-1.0,-0.29459729253141376,0.29459729253141376,4.5,0.042262449030610494,0.042262449030610494,-0.022434102484545207,-0.9214703728505081,0.9214703728505081,-2.0,-1.1817601983354353,1.1817601983354353,5.0,1.6354645240684054,1.6354645240684054,1.5,0.2779927252379752,0.2779927252379752
p01,2020-02-14,-5880.0,-1.6727293788163144,1.6727293788163144,0.0,-0.5279020937169896,0.5279020937169896,-1465000.0,-0.8654011082343679,0.8654011082343679,0.0,-0.39450713904636997,0.39450713904636997,-204.0,-0.8363602886218378,0.8363602886218378,2.0,-0.057990833365099644,0.057990833365099644,-1.841666666666666,-1.3719348008965404,1.3719348008965404,-8.0,-2.35677834025131,2.35677834025131,-15.5,-0.7907365463553347,0.7907365463553347,0.01100742080315359,0.13700747096945395,0.13700747096945395,-3.0,-1.648967718607584,1.648967718607584,-6.0,-1.8899748534623368,1.8899748534623368,-17.5,-3.078704480439249,3.078704480439249
p01,2020-02-15,-6866.0,-1.9517247001280769,1.9517247001280769,-1.0,-1.5992328133191158,1.5992328133191158,-2438000.0,-1.3423339375784937,1.3423339375784937,0.0,-0.39450713904636997,0.39450713904636997,-355.0,-1.2558893361954224,1.2558893361954224,,,,1.375,0.5926339199944783,0.5926339199944783,5.0,1.4729864626570688,1.4729864626570688,0.5,-0.12433735004657856,0.12433735004657856,0.010943636798305997,0.13498860492257997,0.13498860492257997,-3.0,-1.648967718607584,1.648967718607584,-5.0,-1.5694803645959057,1.5694803645959057,-3.5,-0.6053486446770838,0.6053486446770838
p01,2020-02-17,-3025.0,-0.8648879565596398,0.8648879565596398,-1.0,-1.5992328133191158,1.5992328133191158,-2438000.0,-1.3423339375784937,1.3423339375784937,0.0,-0.39450713904636997,0.39450713904636997,-355.0,-1.2558893361954224,1.2558893361954224,,,,-0.875,-0.7815462733748875,0.7815462733748875,-6.0,-1.7675837551884825,1.7675837551884825,1.5,-0.0826874002772813,0.0826874002772813,0.01955852127525949,0.4076635147188698,0.4076635147188698,-3.0,-1.648967718607584,1.648967718607584,3.0,0.9944755463355432,0.9944755463355432,-6.5,-1.1353534666261191,1.1353534666261191
p01,2020-02-18,-3166.0,-0.9047848534206525,0.9047848534206525,1.0,0.5434286258851365,0.5434286258851365,356000.0,0.027193631987269623,0.027193631987269623,0.0,-0.39450713904636997,0.39450713904636997,73.0,-0.06676064505969895,0.06676064505969895,2.0,-0.057990833365099644,0.057990833365099644,0.5250000000000004,0.07349918027716257,0.07349918027716257,2.0,0.5891945850628275,0.5891945850628275,-7.5,-0.4575369482009567,0.4575369482009567,0.022913641100967497,0.5138584379680551,0.5138584379680551,-3.0,-1.648967718607584,1.648967718607584,-3.0,-0.9284913868630434,0.9284913868630434,-4.5,-0.7820169186600956,0.7820169186600956
p01,2020-02-19,4992.0,1.403576030211555,1.403576030211555,1.0,0.5434286258851365,0.5434286258851365,1197000.0,0.43942437143065083,0.43942437143065083,0.0,-0.39450713904636997,0.39450713904636997,150.0,0.14717138582219524,0.14717138582219524,-7.5,-0.9171237523379006,0.9171237523379006,-0.1999999999999993,-0.36929221536407725,0.36929221536407725,2.0,0.5891945850628275,0.5891945850628275,-22.5,-1.0822861947404157,1.0822861947404157,-0.009178649630586108,-0.501914031621374,0.501914031621374,-4.0,-2.1161752388797326,2.1161752388797326,4.0,1.3149700352019744,1.3149700352019744,1.5,0.2779927252379752,0.2779927252379752
p01,2020-02-20,-5979.0,-1.7007420936336213,1.7007420936336213,-1.0,-1.5992328133191158,1.5992328133191158,-2438000.0,-1.3423339375784937,1.3423339375784937,0.0,-0.39450713904636997,0.39450713904636997,-355.0,-1.2558893361954224,1.2558893361954224,,,,-0.8916666666666666,-0.7917253859183642,0.7917253859183642,-1.0,-0.29459729253141376,0.29459729253141376,-3.5,-0.2909371491237676,0.2909371491237676,0.025825492058359295,0.6060231906436278,0.6060231906436278,3.0,1.1542774030253076,1.1542774030253076,1.0,0.35348656860268096,0.35348656860268096,2.5,0.45466099922098696,0.45466099922098696
p01,2020-02-21,4293.0,1.2057892861984498,1.2057892861984498,1.0,0.5434286258851365,0.5434286258851365,904000.0,0.2958053385449068,0.2958053385449068,4.758350999999999,2.4100068640567,2.4100068640567,202.0,0.29164496511905885,0.29164496511905885,33.5,2.790713055860503,2.790713055860503,-1.5083333333333329,-1.1683525500270049,1.1683525500270049,-8.0,-2.35677834025131,2.35677834025131,-37.5,-1.7070354412798747,1.7070354412798747,0.11487602474936978,3.424615364896405,3.424615364896405,-5.0,-2.583382759151881,2.583382759151881,-1.0,-0.28750240913018127,0.28750240913018127,-14.5,-2.5486996584902135,2.5486996584902135
p01,2020-02-22,2248.0,0.6271428033561031,0.6271428033561031,0.0,-0.5279020937169896,0.5279020937169896,-903000.0,-0.5899270588084699,0.5899270588084699,0.0,-0.39450713904636997,0.39450713904636997,-190.0,-0.7974635557342207,0.7974635557342207,-16.0,-1.6858216272083013,1.6858216272083013,0.35000000000000053,-0.03338150142934354,0.03338150142934354,2.0,0.5891945850628275,0.5891945850628275,-2.5,-0.24928719935447036,0.24928719935447036,-0.007966222331709016,-0.463538763184486,0.463538763184486,1.0,0.21986236248101032,0.21986236248101032,-3.0,-0.9284913868630434,0.9284913868630434,-0.5,-0.0753438227280484,0.0753438227280484
p01,2020-02-23,-1472.0,-0.42545617765784793,0.42545617765784793,-1.0,-1.5992328133191158,1.5992328133191158,-2438000.0,-1.3423339375784937,1.3423339375784937,0.0,-0.39450713904636997,0.39450713904636997,-355.0,-1.2558893361954224,1.2558893361954224,,,,0.9833333333333334,0.35342477522277393,0.35342477522277393,2.0,0.5891945850628275,0.5891945850628275,17.5,0.5837117960314749,0.5837117960314749,0.0659095820841516,1.8747489247250277,1.8747489247250277,0.0,-0.24734515779113828,0.24734515779113828,1.0,0.35348656860268096,0.35348656860268096,2.5,0.45466099922098696,0.45466099922098696
p01,2020-02-24,-6272.0,-1.7836484112242363,1.7836484112242363,-1.0,-1.5992328133191158,1.5992328133191158,-2438000.0,-1.3423339375784937,1.3423339375784937,0.0,-0.39450713904636997,0.39450713904636997,-355.0,-1.2558893361954224,1.2558893361954224,,,,-0.5499999999999998,-0.5830535787770901,0.5830535787770901,-3.0,-0.8837918775942413,0.8837918775942413,-18.5,-0.9156863956632266,0.9156863956632266,0.006893224399436293,0.006786556658998489,0.006786556658998489,2.0,0.687069882753159,0.687069882753159,0.0,0.03299207973624986,0.03299207973624986,-1.5,-0.2520120967110602,0.2520120967110602
p01,2020-02-25,-6334.0,-1.8011917275744689,1.8011917275744689,-1.0,-1.5992328133191158,1.5992328133191158,-2438000.0,-1.3423339375784937,1.3423339375784937,0.0,-0.39450713904636997,0.39450713904636997,-355.0,-1.2558893361954224,1.2558893361954224,,,,-1.541666666666666,-1.1887107751139583,1.1887107751139583,-7.0,-2.0621810477198963,2.0621810477198963,-25.5,-1.2072360440483074,1.2072360440483074,-0.021750578718494812,-0.8998357494553815,0.8998357494553815,-5.0,-2.583382759151881,2.583382759151881,-1.0,-0.28750240913018127,0.28750240913018127,-13.5,-2.372031384507202,2.372031384507202
p01,2020-02-26,-1145.0,-0.3329293317461377,0.3329293317461377,0.0,-0.5279020937169896,0.5279020937169896,-721000.0,-0.5007166015210794,0.5007166015210794,3.714648,1.7948610543884596,1.7948610543884596,131.0,0.094382962617572,0.094382962617572,59.0,5.096806680471706,5.096806680471706,-1.2416666666666663,-1.0054867493313764,1.0054867493313764,-1.0,-0.29459729253141376,0.29459729253141376,0.5,-0.12433735004657856,0.12433735004657856,-0.028589626872888713,-1.1163025916493359,1.1163025916493359,2.0,0.687069882753159,0.687069882753159,-4.0,-1.2489858757294745,1.2489858757294745,-3.5,-0.6053486446770838,0.6053486446770838
p01,2020-02-27,5835.0,1.642108541231652,1.642108541231652,1.0,0.5434286258851365,0.5434286258851365,4064000.0,1.844734157380917,1.844734157380917,0.0,-0.39450713904636997,0.39450713904636997,1032.0,2.597665557742074,2.597665557742074,16.5,1.2533173061197016,1.2533173061197016,-0.5916666666666659,-0.6085013601357816,0.6085013601357816,-3.0,-0.8837918775942413,0.8837918775942413,-1.5,-0.2076372495851731,0.2076372495851731,-0.017012315295577105,-0.7498621131412192,0.7498621131412192,3.0,1.1542774030253076,1.1542774030253076,-4.0,-1.2489858757294745,1.2489858757294745,-4.5,-0.7820169186600956,0.7820169186600956
p01,2020-02-28,-1186.0,-0.3445305570745173,0.3445305570745173,-1.0,-1.5992328133191158,1.5992328133191158,-2438000.0,-1.3423339375784937,1.3423339375784937,0.0,-0.39450713904636997,0.39450713904636997,-355.0,-1.2558893361954224,1.2558893361954224,,,,-0.6416666666666666,-0.6390386977662125,0.6390386977662125,-2.0,-0.5891945850628275,0.5891945850628275,19.5,0.6670116955700695,0.6670116955700695,-0.0014062380632517135,-0.2559047405284754,0.2559047405284754,4.0,1.621484923297456,1.621484923297456,-3.0,-0.9284913868630434,0.9284913868630434,-1.5,-0.2520120967110602,0.2520120967110602
p01,2020-02-29,8300.0,2.3395968445110578,2.3395968445110578,0.0,-0.5279020937169896,0.5279020937169896,-1107000.0,-0.6899211977459845,0.6899211977459845,0.0,-0.39450713904636997,0.39450713904636997,-161.0,-0.7168917518955852,0.7168917518955852,4.0,0.12287925483970054,0.12287925483970054,0.2833333333333341,-0.07409795160325053,0.07409795160325053,0.0,0.0,0.0,2.5,-0.04103745050798403,0.04103745050798403,0.004634102405094584,-0.06471827752350001,0.06471827752350001,0.0,-0.24734515779113828,0.24734515779113828,-3.0,-0.9284913868630434,0.9284913868630434,-3.5,-0.6053486446770838,0.6053486446770838
p01,2020-03-01,7854.0,2.213398149475514,2.213398149475514,0.0,-0.5279020937169896,0.5279020937169896,-953000.0,-0.6144354261951156,0.6144354261951156,0.0,-0.39450713904636997,0.39450713904636997,-175.0,-0.7557884847832023,0.7557884847832023,-8.0,-0.9623412743891006,0.9623412743891006,-0.31666666666666643,-0.440546003168415,0.440546003168415,0.0,0.0,0.0,-17.5,-0.8740364458939294,0.8740364458939294,0.038708186131661396,1.0137811186539503,1.0137811186539503,-1.0,-0.7145526780632868,0.7145526780632868,2.0,0.6739810574691121,0.6739810574691121,0.5,0.10132445125496338,0.10132445125496338
p01,2020-03-02,-2364.0,-0.6778535677289351,0.6778535677289351,0.0,-0.5279020937169896,0.5279020937169896,-1107000.0,-0.6899211977459845,0.6899211977459845,0.0,-0.39450713904636997,0.39450713904636997,-162.0,-0.7196700899589864,0.7196700899589864,-6.0,-0.7814711861843003,0.7814711861843003,0.18333333333333357,-0.13517262686411155,0.13517262686411155,1.0,0.29459729253141376,0.29459729253141376,-0.5,-0.16598729981587582,0.16598729981587582,-0.011533717460291415,-0.5764557053660382,0.5764557053660382,3.0,1.1542774030253076,1.1542774030253076,1.0,0.35348656860268096,0.35348656860268096,4.5,0.8079975471870106,0.8079975471870106
p01,2020-03-03,-3582.0,-1.0224948469964061,1.0224948469964061,0.0,-0.5279020937169896,0.5279020937169896,-1465000.0,-0.8654011082343679,0.8654011082343679,0.0,-0.39450713904636997,0.39450713904636997,-248.0,-0.9586071634114915,0.9586071634114915,-17.0,-1.7762566713107013,1.7762566713107013,0.11666666666666714,-0.17588907703801854,0.17588907703801854,2.0,0.5891945850628275,0.5891945850628275,55.5,2.166409887264771,2.166409887264771,-0.04353604537260671,-1.5893807074489152,1.5893807074489152,5.0,2.0886924435696046,2.0886924435696046,5.0,1.6354645240684054,1.6354645240684054,11.5,2.044675465068093,2.044675465068093
p01,2020-03-04,-606.0,-0.18041566218524535,0.18041566218524535,-1.0,-1.5992328133191158,1.5992328133191158,-2438000.0,-1.3423339375784937,1.3423339375784937,0.0,-0.39450713904636997,0.39450713904636997,-355.0,-1.2558893361954224,1.2558893361954224,,,,-0.9166666666666661,-0.806994054733579,0.806994054733579,-6.0,-1.7675837551884825,1.7675837551884825,5.5,0.08391239879990776,0.08391239879990776,0.023884014651847696,0.5445723170877127,0.5445723170877127,0.0,-0.24734515779113828,0.24734515779113828,1.0,0.35348656860268096,0.35348656860268096,-5.5,-0.9586851926431074,0.9586851926431074
p01,2020-03-05,6420.0,1.8076382196975556,1.8076382196975556,1.0,0.5434286258851365,0.5434286258851365,3760000.0,1.6957232836701108,1.6957232836701108,4.272132,2.1234353198232525,2.1234353198232525,1090.0,2.758809165419345,2.758809165419345,39.5,3.333323320474904,3.333323320474904,0.1416666666666675,-0.16062040822280316,0.16062040822280316,1.0,0.29459729253141376,0.29459729253141376,-8.5,-0.49918689797025395,0.49918689797025395,-0.03329772480132561,-1.2653214416853398,1.2653214416853398,2.0,0.687069882753159,0.687069882753159,0.0,0.03299207973624986,0.03299207973624986,2.5,0.45466099922098696,0.45466099922098696
p01,2020-03-06,-3219.0,-0.919781559332948,0.919781559332948,0.0,-0.5279020937169896,0.5279020937169896,-595000.0,-0.4389555157067322,0.4389555157067322,0.0,-0.39450713904636997,0.39450713904636997,-106.0,-0.5640831584085179,0.5640831584085179,-5.0,-0.6910361420819002,0.6910361420819002,7.350000000000002,4.241845766830906,4.241845766830906,0.0,0.0,0.0,76.5,3.0410588324200134,3.0410588324200134,0.003078404795142986,-0.11395860182484999,0.11395860182484999,1.0,0.21986236248101032,0.21986236248101032,-2.0,-0.6079968979966124,0.6079968979966124,-1.5,-0.2520120967110602,0.2520120967110602
p01,2020-03-07,-852.0,-0.25002301415552275,0.25002301415552275,1.0,0.5434286258851365,0.5434286258851365,839000.0,0.26394446094226737,0.26394446094226737,0.0,-0.39450713904636997,0.39450713904636997,190.0,0.25830490835824416,0.25830490835824416,3.0,0.03244421073730045,0.03244421073730045,0.9000000000000004,0.30252921250539017,0.30252921250539017,0.0,0.0,0.0,1.5,-0.0826874002772813,0.0826874002772813,0.015522591657934487,0.27991986971790495,0.27991986971790495,-2.0,-1.1817601983354353,1.1817601983354353,-2.0,-0.6079968979966124,0.6079968979966124,-4.5,-0.7820169186600956,0.7820169186600956
p01,2020-03-08,-584.0,-0.17419061444806608,0.17419061444806608,0.0,-0.5279020937169896,0.5279020937169896,-902000.0,-0.589436891460737,0.589436891460737,0.0,-0.39450713904636997,0.39450713904636997,-144.0,-0.6696600048177643,0.6696600048177643,-5.0,-0.6910361420819002,0.6910361420819002,0.27500000000000036,-0.07918750787498917,0.07918750787498917,0.0,0.0,0.0,-5.5,-0.3742370486623621,0.3742370486623621,-0.012802981702930316,-0.6166299542251024,0.6166299542251024,-1.0,-0.7145526780632868,0.7145526780632868,0.0,0.03299207973624986,0.03299207973624986,-1.5,-0.2520120967110602,0.2520120967110602
p01,2020-03-09,-6459.0,-1.8365613169902602,1.8365613169902602,0.0,-0.5279020937169896,0.5279020937169896,-1516000.0,-0.8903996429687465,0.8903996429687465,0.0,-0.39450713904636997,0.39450713904636997,-253.0,-0.9724988537284976,0.9724988537284976,-19.0,-1.9571267595155015,1.9571267595155015,-0.375,-0.4761728970705839,0.4761728970705839,-1.0,-0.29459729253141376,0.29459729253141376,21.5,0.750311595108664,0.750311595108664,-0.0009237059183771074,-0.24063182428340202,0.24063182428340202,-1.0,-0.7145526780632868,0.7145526780632868,3.0,0.9944755463355432,0.9944755463355432,0.5,0.10132445125496338,0.10132445125496338
p01,2020-03-10,-419.0,-0.12750275641922149,0.12750275641922149,1.0,0.5434286258851365,0.5434286258851365,1107000.0,0.3953093101346885,0.3953093101346885,4.605984,2.3202036139158837,2.3202036139158837,380.0,0.7861891404044765,0.7861891404044765,20.5,1.615057482529302,1.615057482529302,-0.4499999999999993,-0.521978903516229,0.521978903516229,-1.0,-0.29459729253141376,0.29459729253141376,-15.5,-0.7907365463553347,0.7907365463553347,-0.04097971480254501,-1.5084687451973249,1.5084687451973249,0.0,-0.24734515779113828,0.24734515779113828,-1.0,-0.28750240913018127,0.28750240913018127,-2.5,-0.428680370694072,0.428680370694072
p01,2020-03-12,-3864.0,-1.1022886407184314,1.1022886407184314,0.0,-0.5279020937169896,0.5279020937169896,-1005000.0,-0.6399241282772271,0.6399241282772271,0.0,-0.39450713904636997,0.39450713904636997,-123.0,-0.6113149054863387,0.6113149054863387,7.0,0.3941843871469008,0.3941843871469008,-0.36666666666666625,-0.4710833407988453,0.4710833407988453,-1.0,-0.29459729253141376,0.29459729253141376,-0.5,-0.16598729981587582,0.16598729981587582,0.00421386385486569,-0.07801950159483075,0.07801950159483075,-4.0,-2.1161752388797326,2.1161752388797326,-3.0,-0.9284913868630434,0.9284913868630434,-8.5,-1.4886900145921427,1.4886900145921427
p01,2020-03-13,-4955.0,-1.4109944171394584,1.4109944171394584,-1.0,-1.5992328133191158,1.5992328133191158,-2438000.0,-1.3423339375784937,1.3423339375784937,0.0,-0.39450713904636997,0.39450713904636997,-355.0,-1.2558893361954224,1.2558893361954224,,,,0.6083333333333334,0.12439474299454631,0.12439474299454631,2.0,0.5891945850628275,0.5891945850628275,42.5,1.6249605402639065,1.6249605402639065,-0.01593708994289511,-0.7158295063387043,0.7158295063387043,4.0,1.621484923297456,1.621484923297456,4.0,1.3149700352019744,1.3149700352019744,9.5,1.6913389171020694,1.6913389171020694
p01,2020-03-14,-4673.0,-1.3312006234174332,1.3312006234174332,1.0,0.5434286258851365,0.5434286258851365,490000.0,0.09287605658348018,0.09287605658348018,3.985,1.9542032235069042,1.9542032235069042,213.0,0.3222066838164723,0.3222066838164723,18.5,1.4341873943245018,1.4341873943245018,1.5250000000000012,0.6842459328857701,0.6842459328857701,6.0,1.7675837551884825,1.7675837551884825,26.5,0.9585613439551504,0.9585613439551504,-0.02068561231585471,-0.8661278548744595,0.8661278548744595,0.0,-0.24734515779113828,0.24734515779113828,-2.0,-0.6079968979966124,0.6079968979966124,3.5,0.6313292732039988,0.6313292732039988
p01,2020-03-15,-3762.0,-1.0734270557551457,1.0734270557551457,1.0,0.5434286258851365,0.5434286258851365,1300000.0,0.48991160824714103,0.48991160824714103,0.0,-0.39450713904636997,0.39450713904636997,226.0,0.3583250786406882,0.3583250786406882,-4.0,-0.6006010979795002,0.6006010979795002,-0.7416666666666663,-0.7001133730270729,0.7001133730270729,-6.0,-1.7675837551884825,1.7675837551884825,19.5,0.6670116955700695,0.6670116955700695,0.002502544844282986,-0.13218549280361036,0.13218549280361036,1.0,0.21986236248101032,0.21986236248101032,-3.0,-0.9284913868630434,0.9284913868630434,-8.5,-1.4886900145921427,1.4886900145921427
p01,2020-03-16,-6760.0,-1.9217312883034858,1.9217312883034858,0.0,-0.5279020937169896,0.5279020937169896,-1465000.0,-0.8654011082343679,0.8654011082343679,0.0,-0.39450713904636997,0.39450713904636997,-227.0,-0.9002620640800659,0.9002620640800659,-4.0,-0.6006010979795002,0.6006010979795002,0.08333333333333393,-0.19624730212497202,0.19624730212497202,-1.0,-0.29459729253141376,0.29459729253141376,-12.5,-0.665786697047443,0.665786697047443,0.0019043612482180922,-0.1511189629545991,0.1511189629545991,2.0,0.687069882753159,0.687069882753159,3.0,0.9944755463355432,0.9944755463355432,3.5,0.6313292732039988,0.6313292732039988
p01,2020-03-17,-5747.0,-1.6350961356779126,1.6350961356779126,1.0,0.5434286258851365,0.5434286258851365,71000.0,-0.11250406211661104,0.11250406211661104,0.0,-0.39450713904636997,0.39450713904636997,30.0,-0.18622918178595155,0.18622918178595155,-1.5,-0.37451348772349996,0.37451348772349996,2.3083333333333345,1.1626642224291788,1.1626642224291788,4.0,1.178389170125655,1.178389170125655,-1.5,-0.2076372495851731,0.2076372495851731,-0.010382343959723414,-0.5400128875605182,0.5400128875605182,-1.0,-0.7145526780632868,0.7145526780632868,1.0,0.35348656860268096,0.35348656860268096,3.5,0.6313292732039988,0.6313292732039988
p01,2020-03-18,-7296.0,-2.073396087718399,2.073396087718399,-1.0,-1.5992328133191158,1.5992328133191158,-2438000.0,-1.3423339375784937,1.3423339375784937,0.0,-0.39450713904636997,0.39450713904636997,-355.0,-1.2558893361954224,1.2558893361954224,,,,1.1916666666666673,0.48066368201623405,0.48066368201623405,6.0,1.7675837551884825,1.7675837551884825,18.5,0.6253617458007722,0.6253617458007722,-0.03280828403272231,-1.2498298564195642,1.2498298564195642,3.0,1.1542774030253076,1.1542774030253076,0.0,0.03299207973624986,0.03299207973624986,8.5,1.5146706431190577,1.5146706431190577
p01,2020-03-19,-5368.0,-1.5278555405692331,1.5278555405692331,1.0,0.5434286258851365,0.5434286258851365,-115000.0,-0.20367518879493315,0.20367518879493315,0.0,-0.39450713904636997,0.39450713904636997,-87.0,-0.5112947352038947,0.5112947352038947,-15.0,-1.595386583105901,1.595386583105901,-0.31666666666666643,-0.440546003168415,0.440546003168415,-3.0,-0.8837918775942413,0.8837918775942413,-7.5,-0.4575369482009567,0.4575369482009567,-0.011297500309238914,-0.5689790537025262,0.5689790537025262,2.0,0.687069882753159,0.687069882753159,3.0,0.9944755463355432,0.9944755463355432,1.5,0.2779927252379752,0.2779927252379752
p01,2020-03-20,-6510.0,-1.850992109471903,1.850992109471903,-1.0,-1.5992328133191158,1.5992328133191158,-2438000.0,-1.3423339375784937,1.3423339375784937,0.0,-0.39450713904636997,0.39450713904636997,-355.0,-1.2558893361954224,1.2558893361954224,,,,-0.27499999999999947,-0.4150982218097229,0.4150982218097229,-1.0,-0.29459729253141376,0.29459729253141376,-0.5,-0.16598729981587582,0.16598729981587582,-0.02189352679930521,-0.9043602854656788,0.9043602854656788,3.0,1.1542774030253076,1.1542774030253076,-2.0,-0.6079968979966124,0.6079968979966124,-0.5,-0.0753438227280484,0.0753438227280484
p01,2020-03-21,954.0,0.2609968137238309,0.2609968137238309,0.0,-0.5279020937169896,0.5279020937169896,4139000.0,1.8814967084608856,1.8814967084608856,0.0,-0.39450713904636997,0.39450713904636997,616.0,1.441876923367165,1.441876923367165,-2.0,-0.4197310097747,0.4197310097747,0.6083333333333334,0.12439474299454631,0.12439474299454631,0.0,0.0,0.0,2.5,-0.04103745050798403,0.04103745050798403,-0.035137014400439606,-1.323537907253665,1.323537907253665,3.0,1.1542774030253076,1.1542774030253076,-1.0,-0.28750240913018127,0.28750240913018127,1.5,0.2779927252379752,0.2779927252379752
p01,2020-03-22,-8926.0,-2.5346155337003187,2.5346155337003187,-1.0,-1.5992328133191158,1.5992328133191158,-2438000.0,-1.3423339375784937,1.3423339375784937,0.0,-0.39450713904636997,0.39450713904636997,-355.0,-1.2558893361954224,1.2558893361954224,,,,0.9500000000000002,0.3330665501358204,0.3330665501358204,3.0,0.8837918775942413,0.8837918775942413,-2.5,-0.24928719935447036,0.24928719935447036,-0.003155306162977406,-0.3112655509486435,0.3112655509486435,-1.0,-0.7145526780632868,0.7145526780632868,0.0,0.03299207973624986,0.03299207973624986,1.5,0.2779927252379752,0.2779927252379752
p01,2020-03-23,-7802.0,-2.2165721856735225,2.2165721856735225,-1.0,-1.5992328133191158,1.5992328133191158,-2438000.0,-1.3423339375784937,1.3423339375784937,0.0,-0.39450713904636997,0.39450713904636997,-355.0,-1.2558893361954224,1.2558893361954224,,,,0.4416666666666673,0.02260361755977884,0.02260361755977884,0.0,0.0,0.0,7.5,0.1672122983385023,0.1672122983385023,-0.005853367481825009,-0.39666351869966254,0.39666351869966254,1.0,0.21986236248101032,0.21986236248101032,0.0,0.03299207973624986,0.03299207973624986,0.5,0.10132445125496338,0.10132445125496338
p01,2020-03-24,-8260.0,-2.346166361292982,2.346166361292982,-1.0,-1.5992328133191158,1.5992328133191158,-2438000.0,-1.3423339375784937,1.3423339375784937,0.0,-0.39450713904636997,0.39450713904636997,-355.0,-1.2558893361954224,1.2558893361954224,,,,1.583333333333333,0.7198728267879378,0.7198728267879378,5.0,1.4729864626570688,1.4729864626570688,4.5,0.042262449030610494,0.042262449030610494,-0.02526193369747981,-1.0109757658675431,1.0109757658675431,0.0,-0.24734515779113828,0.24734515779113828,-1.0,-0.28750240913018127,0.28750240913018127,3.5,0.6313292732039988,0.6313292732039988
p01,2020-03-25,-4578.0,-1.3043197354614318,1.3043197354614318,1.0,0.5434286258851365,0.5434286258851365,993000.0,0.3394302324931362,0.3394302324931362,0.0,-0.39450713904636997,0.39450713904636997,162.0,0.1805114425830099,0.1805114425830099,-6.5,-0.8266887082355004,0.8266887082355004,0.10833333333333339,-0.1809786333097572,0.1809786333097572,-2.0,-0.5891945850628275,0.5891945850628275,28.5,1.0418612434937449,1.0418612434937449,-0.016729452091365615,-0.7409090390867272,0.7409090390867272,0.0,-0.24734515779113828,0.24734515779113828,1.0,0.35348656860268096,0.35348656860268096,-1.5,-0.2520120967110602,0.2520120967110602
p01,2020-03-27,-2167.0,-0.6221110948096479,0.6221110948096479,2.0,1.6147593454872626,1.6147593454872626,2580000.0,1.1173258133452717,1.1173258133452717,0.0,-0.39450713904636997,0.39450713904636997,404.0,0.8528692539261059,0.8528692539261059,-2.3333333333333144,-0.44987602447549835,0.44987602447549835,-0.8583333333333325,-0.7713671608314101,0.7713671608314101,-4.0,-1.178389170125655,1.178389170125655,21.5,0.750311595108664,0.750311595108664,0.012815743765477589,0.19424379282070495,0.19424379282070495,2.0,0.687069882753159,0.687069882753159,2.0,0.6739810574691121,0.6739810574691121,-0.5,-0.0753438227280484,0.0753438227280484
p01,2020-03-28,2749.0,0.7689041177345949,0.7689041177345949,0.0,-0.5279020937169896,0.5279020937169896,3143000.0,1.3932900301189026,1.3932900301189026,0.0,-0.39450713904636997,0.39450713904636997,491.0,1.0945846654420124,1.0945846654420124,0.0,-0.23886092156989983,0.23886092156989983,0.09166666666666679,-0.19115774585323392,0.19115774585323392,0.0,0.0,0.0,-32.5,-1.4987856924333882,1.4987856924333882,0.0029809554129081872,-0.11704303105679885,0.11704303105679885,-1.0,-0.7145526780632868,0.7145526780632868,-4.0,-1.2489858757294745,1.2489858757294745,-5.5,-0.9586851926431074,0.9586851926431074
p01,2020-03-29,-7001.0,-1.9899238566971316,1.9899238566971316,0.0,-0.5279020937169896,0.5279020937169896,-1362000.0,-0.8149138714178776,0.8149138714178776,0.0,-0.39450713904636997,0.39450713904636997,-204.0,-0.8363602886218378,0.8363602886218378,-4.0,-0.6006010979795002,0.6006010979795002,1.283333333333334,0.5366488010053565,0.5366488010053565,-5.0,-1.4729864626570688,1.4729864626570688,17.5,0.5837117960314749,0.5837117960314749,-0.027183157111988612,-1.0717855680942776,1.0717855680942776,-1.0,-0.7145526780632868,0.7145526780632868,-4.0,-1.2489858757294745,1.2489858757294745,-10.5,-1.8420265625581662,1.8420265625581662
p01,2020-03-30,-8938.0,-2.5380110142842343,2.5380110142842343,-1.0,-1.5992328133191158,1.5992328133191158,-2438000.0,-1.3423339375784937,1.3423339375784937,0.0,-0.39450713904636997,0.39450713904636997,-355.0,-1.2558893361954224,1.2558893361954224,,,,0.43333333333333357,0.017514061288040197,0.017514061288040197,2.0,0.5891945850628275,0.5891945850628275,-3.5,-0.2909371491237676,0.2909371491237676,0.05232824752324658,1.4448779048390343,1.4448779048390343,2.0,0.687069882753159,0.687069882753159,2.0,0.6739810574691121,0.6739810574691121,5.5,0.9846658211700223,0.9846658211700223
p02,2020-01-14,5218.0,0.955700928681212,0.955700928681212,2.0,1.332735875582692,1.332735875582692,4333000.0,0.6727170751965701,0.6727170751965701,6.923937,1.1210726217634503,1.1210726217634503,725.0,1.1191848207051232,1.1191848207051232,11.083333333333314,0.9223665522077616,0.9223665522077616,-0.4083333333333332,-0.41801033302075485,0.41801033302075485,-4.0,-0.9124385997416321,0.9124385997416321,-14.0,-0.4664939542736615,0.4664939542736615,0.044561215357700634,1.178067515554841,1.178067515554841,-3.0,-1.2386694250303971,1.2386694250303971,1.0,0.47962940880999994,0.47962940880999994,-5.5,-0.6834962945426343,0.6834962945426343
p02,2020-01-17,7679.0,1.3335252453823636,1.3335252453823636,1.0,0.6861610448544552,0.6861610448544552,2336000.0,0.3329523136596452,0.3329523136596452,9.60489,1.7461879695805687,1.7461879695805687,774.0,1.1890229773834766,1.1890229773834766,13.666666666666629,1.1346611687207022,1.1346611687207022,-1.4000000000000004,-1.1975807873672317,1.1975807873672317,-8.0,-1.8503643112078911,1.8503643112078911,-32.0,-1.1264502842327213,1.1264502842327213,0.036500181111797425,1.000226380671051,1.000226380671051,-5.0,-2.313741001471874,2.313741001471874,1.0,0.47962940880999994,0.47962940880999994,-11.5,-1.5904433007626686,1.5904433007626686
p02,2020-01-18,-136.0,0.1337296196125546,0.1337296196125546,0.0,0.039586214126218607,0.039586214126218607,467000.0,0.01496516327781617,0.01496516327781617,0.0,-0.4933754069855866,0.4933754069855866,111.0,0.24406995947024682,0.24406995947024682,6.333333333333314,0.532018386361384,0.532018386361384,1.4666666666666668,1.0559674167940116,1.0559674167940116,5.0,1.1978942510574506,1.1978942510574506,30.0,1.1467326300707068,1.1467326300707068,-0.014198085057798376,-0.11826994587955579,0.11826994587955579,1.0,0.911473727852556,0.911473727852556,-5.0,-1.2395617188725965,1.2395617188725965,1.5,0.3746085460474056,0.3746085460474056
p02,2020-01-20,-468.0,0.08275941516526394,0.08275941516526394,-1.0,-0.606988616602018,0.606988616602018,-25000.0,-0.06874252959958345,0.06874252959958345,0.0,-0.4933754069855866,0.4933754069855866,-20.0,0.057359785493424645,0.057359785493424645,1.3333333333333144,0.12112558020730232,0.12112558020730232,0.2999999999999998,0.1388257057981567,0.1388257057981567,3.0,0.728931395324321,0.728931395324321,-28.0,-0.979793322019597,0.979793322019597,0.02400397046695743,0.724537155810769,0.724537155810769,-1.0,-0.1635978485889206,0.1635978485889206,2.0,0.766161263423766,0.766161263423766,4.5,0.8280820491574228,0.8280820491574228
p02,2020-01-23,342.0,0.20711443203967794,0.20711443203967794,-1.0,-0.606988616602018,0.606988616602018,-1049000.0,-0.24296341884035014,0.24296341884035014,7.560828,1.2695759110738534,1.2695759110738534,-72.0,-0.016754176695848274,0.016754176695848274,28.333333333333314,2.3399467334393433,2.3399467334393433,-1.958333333333333,-1.6364986062009617,1.6364986062009617,-6.0,-1.3814014554747616,1.3814014554747616,-25.0,-0.8698006003597537,0.8698006003597537,0.018610860887825625,0.6055553106966779,0.6055553106966779,-4.0,-1.7762052132511355,1.7762052132511355,2.0,0.766161263423766,0.766161263423766,-7.5,-0.9858119632826458,0.9858119632826458
p02,2020-01-24,5438.0,0.9894763653631516,0.9894763653631516,2.0,1.332735875582692,1.332735875582692,3645000.0,0.55566241523793,0.55566241523793,0.0,-0.4933754069855866,0.4933754069855866,507.0,0.8084762869116329,0.8084762869116329,-6.916666666666686,-0.5568475499469324,0.5568475499469324,-0.29166666666666696,-0.32629616192116967,0.32629616192116967,-1.0,-0.20899431614193792,0.20899431614193792,23.0,0.8900829461977392,0.8900829461977392,-0.07895289998610397,-1.5468794052541237,1.5468794052541237,1.0,0.911473727852556,0.911473727852556,-2.0,-0.37996615503129827,0.37996615503129827,-1.5,-0.07886495706261148,0.07886495706261148
p02,2020-01-25,-8321.0,-1.1228701496677893,1.1228701496677893,-1.0,-0.606988616602018,0.606988616602018,-4531000.0,-0.8353824972938165,0.8353824972938165,0.0,-0.4933754069855866,0.4933754069855866,-831.0,-1.098532970958505,1.098532970958505,-9.666666666666686,-0.7828385933316774,0.7828385933316774,0.7583333333333329,0.4991313779750994,0.4991313779750994,5.0,1.1978942510574506,1.1978942510574506,-20.0,-0.6864793975933482,0.6864793975933482,-0.07039327779011817,-1.3580385097717311,1.3580385097717311,0.0,0.3739379396318177,0.3739379396318177,-1.0,-0.09343430041753219,0.09343430041753219,4.5,0.8280820491574228,0.8280820491574228
p02,2020-01-26,-11105.0,-1.550282948406516,1.550282948406516,-1.0,-0.606988616602018,0.606988616602018,-4685000.0,-0.8615836857147913,0.8615836857147913,0.0,-0.4933754069855866,0.4933754069855866,-861.0,-1.141291026067701,1.141291026067701,-17.666666666666686,-1.440267083178208,1.440267083178208,-1.8916666666666666,-1.58409050842977,1.58409050842977,-4.0,-0.9124385997416321,0.9124385997416321,-13.0,-0.4298297137203805,0.4298297137203805,-0.05389274154634807,-0.9940065503150959,0.9940065503150959,0.0,0.3739379396318177,0.3739379396318177,1.0,0.47962940880999994,0.47962940880999994,-2.5,-0.2300227914326172,0.2300227914326172
p02,2020-01-29,4796.0,0.8909135001367643,0.8909135001367643,0.0,0.039586214126218607,0.039586214126218607,2279000.0,0.3232544711921416,0.3232544711921416,0.0,-0.4933754069855866,0.4933754069855866,220.0,0.399424226366992,0.399424226366992,-13.666666666666686,-1.1115528382549427,1.1115528382549427,0.06666666666666643,-0.04460263640101427,0.04460263640101427,-3.0,-0.6779571718750674,0.6779571718750674,-14.0,-0.4664939542736615,0.4664939542736615,-0.06312641317979606,-1.1977182071997214,1.1977182071997214,-2.0,-0.7011336368096589,0.7011336368096589,6.0,1.9122886818788303,1.9122886818788303,1.5,0.3746085460474056,0.3746085460474056
p02,2020-01-31,-921.0,0.013212720542906486,0.013212720542906486,0.0,0.039586214126218607,0.039586214126218607,-537000.0,-0.1558529742199668,0.1558529742199668,0.0,-0.4933754069855866,0.4933754069855866,-14.0,0.06591139651526383,0.06591139651526383,7.833333333333314,0.6552862282076085,0.6552862282076085,7.991666666666667,6.185409986149399,6.185409986149399,0.0,0.02548711172462682,0.02548711172462682,26.0,1.0000756678575824,1.0000756678575824,0.0023799086194319363,0.2474708659962031,0.2474708659962031,-2.0,-0.7011336368096589,0.7011336368096589,1.0,0.47962940880999994,0.47962940880999994,-0.5,0.07229287730739423,0.07229287730739423
p02,2020-02-02,1887.0,0.4443101123742083,0.4443101123742083,0.0,0.039586214126218607,0.039586214126218607,-2791000.0,-0.5393430956542326,0.5393430956542326,0.0,-0.4933754069855866,0.4933754069855866,-620.0,-0.7978013166904937,0.7978013166904937,-18.166666666666686,-1.4813563637936162,1.4813563637936162,1.9499999999999993,1.4359261256351508,1.4359261256351508,2.0,0.4944499674577563,0.4944499674577563,23.0,0.8900829461977392,0.8900829461977392,-0.04302003678051347,-0.7541348296614933,0.7541348296614933,1.0,0.911473727852556,0.911473727852556,-1.0,-0.09343430041753219,0.09343430041753219,2.5,0.5257663804174113,0.5257663804174113
p02,2020-02-05,1448.0,0.37691276372251975,0.37691276372251975,0.0,0.039586214126218607,0.039586214126218607,-435000.0,-0.1384989403307498,0.1384989403307498,0.0,-0.4933754069855866,0.4933754069855866,-155.0,-0.13505146249795696,0.13505146249795696,5.333333333333314,0.4498398251305677,0.4498398251305677,-1.5499999999999998,-1.3154990073524127,1.3154990073524127,-6.0,-1.3814014554747616,1.3814014554747616,-2.0,-0.02652306763428834,0.02652306763428834,-0.05909111511574276,-1.1086921634671418,1.1086921634671418,0.0,0.3739379396318177,0.3739379396318177,-3.0,-0.6664980096450643,0.6664980096450643,-8.5,-1.1369697976526514,1.1369697976526514
p02,2020-02-07,204.0,0.18592802175737036,0.18592802175737036,0.0,0.039586214126218607,0.039586214126218607,-26000.0,-0.06891266718673264,0.06891266718673264,0.0,-0.4933754069855866,0.4933754069855866,145.0,0.2925290885940022,0.2925290885940022,20.833333333333314,1.723607524208221,1.723607524208221,0.1416666666666666,0.014356473591576524,0.014356473591576524,-3.0,-0.6779571718750674,0.6779571718750674,11.0,0.450112059558366,0.450112059558366,-0.030166485554869255,-0.4705620190860714,0.4705620190860714,-1.0,-0.1635978485889206,0.1635978485889206,4.0,1.3392249726512981,1.3392249726512981,0.5,0.22345071167739994,0.22345071167739994
p02,2020-02-08,4070.0,0.7794545590863636,0.7794545590863636,-1.0,-0.606988616602018,0.606988616602018,-1818000.0,-0.37379922335807436,0.37379922335807436,0.0,-0.4933754069855866,0.4933754069855866,-62.0,-0.002501491659449636,0.002501491659449636,30.333333333333314,2.504303855900976,2.504303855900976,0.5750000000000002,0.35500910910432276,0.35500910910432276,0.0,0.02548711172462682,0.02548711172462682,-9.0,-0.28317275150725607,0.28317275150725607,-0.019383466456245974,-0.23266892801685213,0.23266892801685213,-4.0,-1.7762052132511355,1.7762052132511355,-5.0,-1.2395617188725965,1.2395617188725965,-8.5,-1.1369697976526514,1.1369697976526514
p02,2020-02-09,-5552.0,-0.6977602216119222,0.6977602216119222,-1.0,-0.606988616602018,0.606988616602018,-4736000.0,-0.8702607026593997,0.8702607026593997,0.0,-0.4933754069855866,0.4933754069855866,-899.0,-1.1954512292060158,1.1954512292060158,-25.666666666666686,-2.0976955730247386,2.0976955730247386,0.9833333333333325,0.676008707952871,0.676008707952871,7.0,1.66685710679058,1.66685710679058,-14.0,-0.4664939542736615,0.4664939542736615,-0.003937197382878677,0.10810397257268504,0.10810397257268504,-2.0,-0.7011336368096589,0.7011336368096589,-5.0,-1.2395617188725965,1.2395617188725965,0.5,0.22345071167739994,0.22345071167739994
p02,2020-02-10,-6026.0,-0.7705309351902829,0.7705309351902829,0.0,0.039586214126218607,0.039586214126218607,-2126000.0,-0.42620160020002373,0.42620160020002373,0.0,-0.4933754069855866,0.4933754069855866,-430.0,-0.5270003009989195,0.5270003009989195,-6.666666666666686,-0.5363029096392283,0.5363029096392283,0.27499999999999947,0.11917266913395955,0.11917266913395955,0.0,0.02548711172462682,0.02548711172462682,14.0,0.5601047812182093,0.5601047812182093,0.0025123808830517236,0.2503934460255264,0.2503934460255264,-2.0,-0.7011336368096589,0.7011336368096589,-2.0,-0.37996615503129827,0.37996615503129827,-3.5,-0.3811806258026229,0.3811806258026229
p02,2020-02-11,3716.0,0.7251068109708789,0.7251068109708789,2.0,1.332735875582692,1.332735875582692,4735000.0,0.741112385230543,0.741112385230543,0.0,-0.4933754069855866,0.4933754069855866,519.0,0.8255795089553113,0.8255795089553113,-7.416666666666686,-0.5979368305623406,0.5979368305623406,-0.033333333333333215,-0.12321478305780154,0.12321478305780154,2.0,0.4944499674577563,0.4944499674577563,-23.0,-0.7964721192531915,0.7964721192531915,-0.02720410603920967,-0.40520651767641785,0.40520651767641785,0.0,0.3739379396318177,0.3739379396318177,3.0,1.052693118037532,1.052693118037532,5.5,0.9792398835274284,0.9792398835274284
p02,2020-02-12,10879.0,1.8248043243923944,1.8248043243923944,4.0,2.625885537039165,2.625885537039165,5094000.0,0.8021917790171008,0.8021917790171008,0.0,-0.4933754069855866,0.4933754069855866,793.0,1.216103078952634,1.216103078952634,0.0,0.0115541652328821,0.0115541652328821,-0.7666666666666666,-0.6997038585409102,0.6997038585409102,-1.0,-0.20899431614193792,0.20899431614193792,4.0,0.19346237568539826,0.19346237568539826,0.00020252251347432915,0.1994337525996814,0.1994337525996814,0.0,0.3739379396318177,0.3739379396318177,2.0,0.766161263423766,0.766161263423766,1.5,0.3746085460474056,0.3746085460474056
p02,2020-02-14,-1976.0,-0.14875585081821296,0.14875585081821296,-1.0,-0.606988616602018,0.606988616602018,-4685000.0,-0.8615836857147913,0.8615836857147913,0.0,-0.4933754069855866,0.4933754069855866,-747.0,-0.9788104166527564,0.9788104166527564,35.333333333333314,2.915196662055058,2.915196662055058,-0.13333333333333375,-0.20182692971458951,0.20182692971458951,-8.0,-1.8503643112078911,1.8503643112078911,-2.0,-0.02652306763428834,0.02652306763428834,-0.03293266087621988,-0.5315888977011253,0.5315888977011253,-2.0,-0.7011336368096589,0.7011336368096589,3.0,1.052693118037532,1.052693118037532,-6.5,-0.83465412891264,0.83465412891264
p02,2020-02-16,8111.0,1.3998479210487178,1.3998479210487178,1.0,0.6861610448544552,0.6861610448544552,7301000.0,1.1776854338553548,1.1776854338553548,5.567234,0.8047314297583954,0.8047314297583954,1127.0,1.6921427591683484,1.6921427591683484,2.0,0.17591128769451478,0.17591128769451478,-1.3500000000000005,-1.158274714038838,1.158274714038838,-5.0,-1.146920027608197,1.146920027608197,11.0,0.450112059558366,0.450112059558366,-0.07683401835985816,-1.500133007509011,1.500133007509011,1.0,0.911473727852556,0.911473727852556,-4.0,-0.9530298642588304,0.9530298642588304,-7.5,-0.9858119632826458,0.9858119632826458
p02,2020-02-17,-2999.0,-0.3058116313892321,0.3058116313892321,1.0,0.6861610448544552,0.6861610448544552,3804000.0,0.5827142915946506,0.5827142915946506,0.0,-0.4933754069855866,0.4933754069855866,329.0,0.5547784932637372,0.5547784932637372,-4.0,-0.31716007969038323,0.31716007969038323,0.16666666666666696,0.03400951025577369,0.03400951025577369,3.0,0.728931395324321,0.728931395324321,-7.0,-0.20984427040069384,0.20984427040069384,0.07977163877328153,1.954873750207435,1.954873750207435,0.0,0.3739379396318177,0.3739379396318177,0.0,0.19309755419623387,0.19309755419623387,3.5,0.676924214787417,0.676924214787417
p02,2020-02-18,-937.0,0.010756325147856334,0.010756325147856334,1.0,0.6861610448544552,0.6861610448544552,1715000.0,0.22729687204000057,0.22729687204000057,0.0,-0.4933754069855866,0.4933754069855866,109.0,0.24121942246296707,0.24121942246296707,-8.0,-0.6458743246136486,0.6458743246136486,0.09999999999999964,-0.018398587515418518,0.018398587515418518,-1.0,-0.20899431614193792,0.20899431614193792,-1.0,0.01014117291899276,0.01014117291899276,-0.004597077738997757,0.09354580697757192,0.09354580697757192,-6.0,-2.851276789692612,2.851276789692612,3.0,1.052693118037532,1.052693118037532,-3.5,-0.3811806258026229,0.3811806258026229
p02,2020-02-19,9565.0,1.6230728525739004,1.6230728525739004,0.0,0.039586214126218607,0.039586214126218607,5811000.0,0.9241804290030673,0.9241804290030673,0.0,-0.4933754069855866,0.4933754069855866,1179.0,1.7662567213576215,1.7662567213576215,12.333333333333314,1.025089753746282,1.025089753746282,0.024999999999999467,-0.07735769750800932,0.07735769750800932,-6.0,-1.3814014554747616,1.3814014554747616,-1.0,0.01014117291899276,0.01014117291899276,-0.007823823618198666,0.022357900856180012,0.022357900856180012,-1.0,-0.1635978485889206,0.1635978485889206,3.0,1.052693118037532,1.052693118037532,-3.5,-0.3811806258026229,0.3811806258026229
p02,2020-02-21,1763.0,0.42527304806256966,0.42527304806256966,1.0,0.6861610448544552,0.6861610448544552,2781000.0,0.4086635399410331,0.4086635399410331,0.825,-0.30101091497505045,0.30101091497505045,398.0,0.6531220200148877,0.6531220200148877,12.333333333333314,1.025089753746282,1.025089753746282,-0.47500000000000053,-0.47041843079194706,0.47041843079194706,2.0,0.4944499674577563,0.4944499674577563,-1.0,0.01014117291899276,0.01014117291899276,0.07955162579114913,1.9500198620786906,1.9500198620786906,-1.0,-0.1635978485889206,0.1635978485889206,-2.0,-0.37996615503129827,0.37996615503129827,-0.5,0.07229287730739423,0.07229287730739423
p02,2020-02-22,-2228.0,-0.1874440782902529,0.1874440782902529,-1.0,-0.606988616602018,0.606988616602018,-4429000.0,-0.8180284634045996,0.8180284634045996,0.0,-0.4933754069855866,0.4933754069855866,-826.0,-1.0914066284403057,1.0914066284403057,-7.666666666666686,-0.6184814708700447,0.6184814708700447,0.5666666666666664,0.34845809688292345,0.34845809688292345,-2.0,-0.44347574400850265,0.44347574400850265,-12.0,-0.3931654731670994,0.3931654731670994,0.03781327281991945,1.029195581452898,1.029195581452898,-2.0,-0.7011336368096589,0.7011336368096589,-6.0,-1.5260935734863625,1.5260935734863625,-9.5,-1.2881276320226571,1.2881276320226571
p02,2020-02-23,1687.0,0.41360516993608143,0.41360516993608143,0.0,0.039586214126218607,0.039586214126218607,690000.0,0.0529058452120847,0.0529058452120847,0.0,-0.4933754069855866,0.4933754069855866,192.0,0.35951670826507576,0.35951670826507576,11.333333333333314,0.9429111925154657,0.9429111925154657,-0.4833333333333334,-0.47696944301334565,0.47696944301334565,0.0,0.02548711172462682,0.02548711172462682,29.0,1.1100683895174257,1.1100683895174257,-0.019037741830476573,-0.22504161148047205,0.22504161148047205,1.0,0.911473727852556,0.911473727852556,1.0,0.47962940880999994,0.47962940880999994,2.5,0.5257663804174113,0.5257663804174113
p02,2020-02-24,-1501.0,-0.07583161252766156,0.07583161252766156,0.0,0.039586214126218607,0.039586214126218607,-1204000.0,-0.26933474484847403,0.26933474484847403,0.0,-0.4933754069855866,0.4933754069855866,-383.0,-0.46001268132784595,0.46001268132784595,-9.666666666666686,-0.7828385933316774,0.7828385933316774,0.5333333333333332,0.3222540479973277,0.3222540479973277,3.0,0.728931395324321,0.728931395324321,-1.0,0.01014117291899276,0.01014117291899276,-0.04095668310425657,-0.7086134798869703,0.7086134798869703,0.0,0.3739379396318177,0.3739379396318177,5.0,1.6257568272650642,1.6257568272650642,8.5,1.4327133866374455,1.4327133866374455
p02,2020-02-25,-9140.0,-1.248606888951919,1.248606888951919,-2.0,-1.2535634473302546,1.2535634473302546,-5709000.0,-1.035804574955558,1.035804574955558,0.0,-0.4933754069855866,0.4933754069855866,-986.0,-1.3194495890226838,1.3194495890226838,,,,-4.691666666666666,-3.785230614819822,3.785230614819822,,,,-58.0,-2.07972053861803,2.07972053861803,,,,,,,,,,,,
p02,2020-02-26,6026.0,1.0797488961312447,1.0797488961312447,1.0,0.6861610448544552,0.6861610448544552,2246000.0,0.31763993081621844,0.31763993081621844,0.0,-0.4933754069855866,0.4933754069855866,694.0,1.0750014970922874,1.0750014970922874,25.666666666666657,2.1208039034905006,2.1208039034905006,0.6750000000000007,0.4336212557611107,0.4336212557611107,-2.0,-0.44347574400850265,0.44347574400850265,-4.0,-0.09985154874085055,0.09985154874085055,-0.003473013121340268,0.11834472498099281,0.11834472498099281,-2.0,-0.7011336368096589,0.7011336368096589,3.0,1.052693118037532,1.052693118037532,-0.5,0.07229287730739423,0.07229287730739423
p02,2020-02-27,15276.0,2.4998524838946143,2.4998524838946143,2.0,1.332735875582692,1.332735875582692,8328000.0,1.3524167358575692,1.3524167358575692,9.676679,1.7629269447526228,1.7629269447526228,1455.0,2.1596308283622236,2.1596308283622236,2.8333333333333144,0.24439342205352682,0.24439342205352682,-0.10833333333333339,-0.18217389305039233,0.18217389305039233,-3.0,-0.6779571718750674,0.6779571718750674,-53.0,-1.8963993358516245,1.8963993358516245,-0.04531220236381836,-0.8047041879152035,0.8047041879152035,-3.0,-1.2386694250303971,1.2386694250303971,-3.0,-0.6664980096450643,0.6664980096450643,-8.5,-1.1369697976526514,1.1369697976526514
p02,2020-02-28,-9206.0,-1.2587395199565008,1.2587395199565008,-2.0,-1.2535634473302546,1.2535634473302546,-5709000.0,-1.035804574955558,1.035804574955558,0.0,-0.4933754069855866,0.4933754069855866,-986.0,-1.3194495890226838,1.3194495890226838,,,,-0.15000000000000036,-0.2149289541573874,0.2149289541573874,-12.0,-2.78829002267415,2.78829002267415,-27.0,-0.9431290814663159,0.9431290814663159,-0.03356300344556276,-0.5454954057840645,0.5454954057840645,-5.0,-2.313741001471874,2.313741001471874,4.0,1.3392249726512981,1.3392249726512981,-12.5,-1.7416011351326743,1.7416011351326743
p02,2020-02-29,11424.0,1.9084752925362902,1.9084752925362902,1.0,0.6861610448544552,0.6861610448544552,7295000.0,1.1766646083324597,1.1766646083324597,0.0,-0.4933754069855866,0.4933754069855866,1021.0,1.5410642977825229,1.5410642977825229,-10.0,-0.8102314470752813,0.8102314470752813,0.9000000000000004,0.6104985857388824,0.6104985857388824,6.0,1.4323756789240152,1.4323756789240152,28.0,1.0734041489641446,1.0734041489641446,0.07358425982378314,1.8183688724500804,1.8183688724500804,-1.0,-0.1635978485889206,0.1635978485889206,0.0,0.19309755419623387,0.19309755419623387,5.5,0.9792398835274284,0.9792398835274284
p02,2020-03-01,-3840.0,-0.4349259143415558,0.4349259143415558,-1.0,-0.606988616602018,0.606988616602018,-1767000.0,-0.3651222064134659,0.3651222064134659,0.0,-0.4933754069855866,0.4933754069855866,-492.0,-0.615366948224591,0.615366948224591,-17.666666666666686,-1.440267083178208,1.440267083178208,2.158333333333333,1.5997014311701254,1.5997014311701254,-4.0,-0.9124385997416321,0.9124385997416321,-44.0,-1.5664211708720945,1.5664211708720945,-0.057499280292015065,-1.07357338057112,1.07357338057112,-9.0,-4.463884154354827,4.463884154354827,5.0,1.6257568272650642,1.6257568272650642,-7.5,-0.9858119632826458,0.9858119632826458
p02,2020-03-02,7150.0,1.252310672633518,1.252310672633518,0.0,0.039586214126218607,0.039586214126218607,2519000.0,0.3640874921079463,0.3640874921079463,0.0,-0.4933754069855866,0.4933754069855866,655.0,1.0194160254503328,1.0194160254503328,12.333333333333314,1.025089753746282,1.025089753746282,0.7083333333333339,0.45982530464670646,0.45982530464670646,1.0,0.25996853959119154,0.25996853959119154,23.0,0.8900829461977392,0.8900829461977392,0.02587233025042643,0.765756584252253,0.765756584252253,1.0,0.911473727852556,0.911473727852556,0.0,0.19309755419623387,0.19309755419623387,2.5,0.5257663804174113,0.5257663804174113
p02,2020-03-03,7776.0,1.3484171424648552,1.3484171424648552,0.0,0.039586214126218607,0.039586214126218607,6131000.0,0.9786244568908069,0.9786244568908069,8.682789,1.5311825266140144,1.5311825266140144,1100.0,1.6536605095700723,1.6536605095700723,6.333333333333314,0.532018386361384,0.532018386361384,-0.125,-0.19527591749319023,0.19527591749319023,2.0,0.4944499674577563,0.4944499674577563,-20.0,-0.6864793975933482,0.6864793975933482,0.003355434044835126,0.26899273818647024,0.26899273818647024,0.0,0.3739379396318177,0.3739379396318177,-1.0,-0.09343430041753219,0.09343430041753219,1.5,0.3746085460474056,0.3746085460474056
p02,2020-03-04,1225.0,0.34267675290400823,0.34267675290400823,0.0,0.039586214126218607,0.039586214126218607,1050000.0,0.11415537658579174,0.11415537658579174,0.0,-0.4933754069855866,0.4933754069855866,29.0,0.12719794217177796,0.12719794217177796,-8.166666666666686,-0.6595707514854529,0.6595707514854529,1.3000000000000007,0.9249471723660329,0.9249471723660329,4.0,0.9634128231908858,0.9634128231908858,49.0,1.8433532005830477,1.8433532005830477,0.04347955689657773,1.1542041547980606,1.1542041547980606,2.0,1.4490095160732943,1.4490095160732943,-4.0,-0.9530298642588304,0.9530298642588304,2.5,0.5257663804174113,0.5257663804174113
p02,2020-03-06,3986.0,0.7665584832623503,0.7665584832623503,1.0,0.6861610448544552,0.6861610448544552,25000.0,-0.06023565024212414,0.06023565024212414,0.0,-0.4933754069855866,0.4933754069855866,-120.0,-0.08516706487056173,0.08516706487056173,-3.6666666666666856,-0.28976722594677934,0.28976722594677934,0.5333333333333332,0.3222540479973277,0.3222540479973277,-1.0,-0.20899431614193792,0.20899431614193792,0.0,0.04680541347227386,0.04680541347227386,-0.013204506964983653,-0.0963497988820853,0.0963497988820853,0.0,0.3739379396318177,0.3739379396318177,0.0,0.19309755419623387,0.19309755419623387,-0.5,0.07229287730739423,0.07229287730739423
p02,2020-03-07,326.0,0.20465803664462778,0.20465803664462778,-1.0,-0.606988616602018,0.606988616602018,-1460000.0,-0.3128899671586657,0.3128899671586657,0.0,-0.4933754069855866,0.4933754069855866,-321.0,-0.3716460341021744,0.3716460341021744,-2.6666666666666856,-0.20758866471596302,0.20758866471596302,0.0,-0.09701073417220579,0.09701073417220579,4.0,0.9634128231908858,0.9634128231908858,-25.0,-0.8698006003597537,0.8698006003597537,-0.039558462432863165,-0.6777661787301797,0.6777661787301797,0.0,0.3739379396318177,0.3739379396318177,4.0,1.3392249726512981,1.3392249726512981,8.5,1.4327133866374455,1.4327133866374455
p02,2020-03-08,-4977.0,-0.6094835121023073,0.6094835121023073,0.0,0.039586214126218607,0.039586214126218607,-2843000.0,-0.5481902501859902,0.5481902501859902,0.0,-0.4933754069855866,0.4933754069855866,-600.0,-0.7692959466176964,0.7692959466176964,-5.166666666666686,-0.41303506779300386,0.41303506779300386,0.05833333333333357,-0.05115364862241287,0.05115364862241287,-6.0,-1.3814014554747616,1.3814014554747616,-4.0,-0.09985154874085055,0.09985154874085055,-0.06137348584262396,-1.1590454293027734,1.1590454293027734,0.0,0.3739379396318177,0.3739379396318177,1.0,0.47962940880999994,0.47962940880999994,-4.5,-0.5323384601726286,0.5323384601726286
p02,2020-03-11,2620.0,0.5568437264099435,0.5568437264099435,0.0,0.039586214126218607,0.039586214126218607,1510000.0,0.1924186666744174,0.1924186666744174,0.0,-0.4933754069855866,0.4933754069855866,271.0,0.472112920052625,0.472112920052625,-0.6666666666666856,-0.043231542254330346,0.043231542254330346,1.5333333333333332,1.1083755145652032,1.1083755145652032,6.0,1.4323756789240152,1.4323756789240152,-13.0,-0.4298297137203805,0.4298297137203805,-0.06704434330717186,-1.2841548999357706,1.2841548999357706,0.0,0.3739379396318177,0.3739379396318177,-2.0,-0.37996615503129827,0.37996615503129827,4.5,0.8280820491574228,0.8280820491574228
p02,2020-03-13,695.0,0.26130865544297194,0.26130865544297194,0.0,0.039586214126218607,0.039586214126218607,-258000.0,-0.10838458740534385,0.10838458740534385,0.0,-0.4933754069855866,0.4933754069855866,-165.0,-0.1493041475343556,0.1493041475343556,-8.166666666666686,-0.6595707514854529,0.6595707514854529,-0.2999999999999998,-0.33284717414256826,0.33284717414256826,0.0,0.02548711172462682,0.02548711172462682,0.0,0.04680541347227386,0.04680541347227386,0.00041721234980493516,0.20417020241199357,0.20417020241199357,-2.0,-0.7011336368096589,0.7011336368096589,3.0,1.052693118037532,1.052693118037532,1.5,0.3746085460474056,0.3746085460474056
p02,2020-03-17,-13.0,0.15261315921200266,0.15261315921200266,1.0,0.6861610448544552,0.6861610448544552,3282000.0,0.4939024711027754,0.4939024711027754,0.0,-0.4933754069855866,0.4933754069855866,617.0,0.9652558223120179,0.9652558223120179,6.0,0.5046255326177801,0.5046255326177801,,,,,,,,,,,,,,,,,,,,,
p02,2020-03-19,3718.0,0.7254138603952602,0.7254138603952602,0.0,0.039586214126218607,0.039586214126218607,9693000.0,1.5846545423162082,1.5846545423162082,11.090976,2.092697276821744,2.092697276821744,1495.0,2.2166415685078182,2.2166415685078182,12.333333333333314,1.025089753746282,1.025089753746282,0.7750000000000004,0.5122334024178979,0.5122334024178979,1.0,0.25996853959119154,0.25996853959119154,-15.0,-0.5031581948269427,0.5031581948269427,-0.021592874477438767,-0.2814125033353626,0.2814125033353626,-4.0,-1.7762052132511355,1.7762052132511355,3.0,1.052693118037532,1.052693118037532,0.5,0.22345071167739994,0.22345071167739994
p02,2020-03-20,363.0,0.21033845099568127,0.21033845099568127,0.0,0.039586214126218607,0.039586214126218607,230000.0,-0.025357444876540965,0.025357444876540965,0.0,-0.4933754069855866,0.4933754069855866,-30.0,0.04310710045702601,0.04310710045702601,-4.166666666666686,-0.3308565065621875,0.3308565065621875,-1.6000000000000005,-1.354805080680807,1.354805080680807,,,,-58.0,-2.07972053861803,2.07972053861803,,,,,,,,,,,,
p02,2020-03-21,-2815.0,-0.2775630843461554,0.2775630843461554,0.0,0.039586214126218607,0.039586214126218607,-3097000.0,-0.5914051973218836,0.5914051973218836,0.0,-0.4933754069855866,0.4933754069855866,-495.0,-0.6196427537355107,0.6196427537355107,11.833333333333314,0.9840004731308739,0.9840004731308739,-1.0916666666666668,-0.9551933351754699,0.9551933351754699,-2.0,-0.44347574400850265,0.44347574400850265,6.0,0.26679085679196046,0.26679085679196046,-0.03473826102885827,-0.5714237340876289,0.5714237340876289,-3.0,-1.2386694250303971,1.2386694250303971,-6.0,-1.5260935734863625,1.5260935734863625,-10.5,-1.4392854663926629,1.4392854663926629
p02,2020-03-23,1367.0,0.36447726203507835,0.36447726203507835,-1.0,-0.606988616602018,0.606988616602018,2724000.0,0.3989656974735295,0.3989656974735295,9.549601,1.7332962842487256,1.7332962842487256,685.0,1.0621740805595286,1.0621740805595286,22.333333333333314,1.8468753660544455,1.8468753660544455,1.1999999999999993,0.8463350257092442,0.8463350257092442,3.0,0.728931395324321,0.728931395324321,-2.0,-0.02652306763428834,0.02652306763428834,0.046848143470394926,1.2285213256432792,1.2285213256432792,-2.0,-0.7011336368096589,0.7011336368096589,1.0,0.47962940880999994,0.47962940880999994,2.5,0.5257663804174113,0.5257663804174113
p02,2020-03-25,-6054.0,-0.7748296271316207,0.7748296271316207,-1.0,-0.606988616602018,0.606988616602018,-2791000.0,-0.5393430956542326,0.5393430956542326,0.0,-0.4933754069855866,0.4933754069855866,-279.0,-0.3117847569493001,0.3117847569493001,33.333333333333314,2.750839539593425,2.750839539593425,0.9000000000000004,0.6104985857388824,0.6104985857388824,-1.0,-0.20899431614193792,0.20899431614193792,-4.0,-0.09985154874085055,0.09985154874085055,0.02184207864111362,0.6768418745260567,0.6768418745260567,-1.0,-0.1635978485889206,0.1635978485889206,2.0,0.766161263423766,0.766161263423766,0.5,0.22345071167739994,0.22345071167739994
p02,2020-03-26,-10769.0,-1.4986986451104627,1.4986986451104627,-1.0,-0.606988616602018,0.606988616602018,-182000.0,-0.0954541307820057,0.0954541307820057,0.0,-0.4933754069855866,0.4933754069855866,-106.0,-0.06521330581960365,0.06521330581960365,11.333333333333314,0.9429111925154657,0.9429111925154657,-1.1583333333333332,-1.0076014329466614,1.0076014329466614,-2.0,-0.44347574400850265,0.44347574400850265,-44.0,-1.5664211708720945,1.5664211708720945,0.03995620999115723,1.076472688445871,1.076472688445871,-2.0,-0.7011336368096589,0.7011336368096589,0.0,0.19309755419623387,0.19309755419623387,-3.5,-0.3811806258026229,0.3811806258026229
p02,2020-03-29,-2832.0,-0.28017300445339616,0.28017300445339616,0.0,0.039586214126218607,0.039586214126218607,1255000.0,0.14903358195137492,0.14903358195137492,0.0,-0.4933754069855866,0.4933754069855866,137.0,0.28112694056488324,0.28112694056488324,-0.6666666666666856,-0.043231542254330346,0.043231542254330346,-3.1000000000000005,-2.53398728053262,2.53398728053262,-9.0,-2.084845739074456,2.084845739074456,-29.0,-1.016457562572878,1.016457562572878,-0.05884255220932817,-1.1032084118766745,1.1032084118766745,-3.0,-1.2386694250303971,1.2386694250303971,-3.0,-0.6664980096450643,0.6664980096450643,-14.5,-2.0439168038726856,2.0439168038726856
p02,2020-03-30,2614.0,0.5559225781367997,0.5559225781367997,0.0,0.039586214126218607,0.039586214126218607,2074000.0,0.28837626582655845,0.28837626582655845,0.0,-0.4933754069855866,0.4933754069855866,292.0,0.5020435586290621,0.5020435586290621,-4.166666666666686,-0.3308565065621875,0.3308565065621875,-0.8666666666666671,-0.7783160051976982,0.7783160051976982,-1.0,-0.20899431614193792,0.20899431614193792,-12.0,-0.3931654731670994,0.3931654731670994,-0.025215634440028667,-0.3613372032565892,0.3613372032565892,0.0,0.3739379396318177,0.3739379396318177,4.0,1.3392249726512981,1.3392249726512981,3.5,0.676924214787417,0.676924214787417
p03,2020-01-12,-259.0,0.27905244082158426,0.27905244082158426,1.0,1.5748607812078121,1.5748607812078121,1945000.0,1.8050032747377331,1.8050032747377331,0.0,-0.20896740119482773,0.20896740119482773,319.0,1.9080407920365128,1.9080407920365128,11.0,0.2723887523514865,0.2723887523514865,,,,,,,,,,,,,,,,,,,,,
p03,2020-01-13,1938.0,0.9531488627590151,0.9531488627590151,2.0,3.7684168693186937,3.7684168693186937,2918000.0,3.0000979176018787,3.0000979176018787,0.0,-0.20896740119482773,0.20896740119482773,459.0,2.988287860111934,2.988287860111934,5.5,0.00223269469140569,0.00223269469140569,7.045833333333334,2.525262072683917,2.525262072683917,0.0,0.32513328592416557,0.32513328592416557,12.5,0.4255172041005803,0.4255172041005803,-0.010366172200501102,-1.0600497124712338,1.0600497124712338,1.0,0.5027311947224934,0.5027311947224934,2.5,1.3004911909844836,1.3004911909844836,5.5,0.876185381339814,0.876185381339814
p03,2020-01-14,-958.0,0.06458116228982998,0.06458116228982998,1.0,1.5748607812078121,1.5748607812078121,1741000.0,1.5544387247436062,1.5544387247436062,0.0,-0.20896740119482773,0.20896740119482773,252.0,1.3910654094575614,1.3910654094575614,4.0,-0.07144623012497998,0.07144623012497998,-0.1875,0.10564900381357802,0.10564900381357802,1.0,0.4696369685571281,0.4696369685571281,8.5,0.3085365294337541,0.3085365294337541,-0.0109515849825862,-1.1115919837504833,1.1115919837504833,2.0,0.9790028528806443,0.9790028528806443,2.5,1.3004911909844836,1.3004911909844836,7.5,1.1226125198416366,1.1226125198416366
p03,2020-01-15,2348.0,1.078947466761904,1.078947466761904,1.0,1.5748607812078121,1.5748607812078121,1484000.0,1.2387765220549265,1.2387765220549265,0.0,-0.20896740119482773,0.20896740119482773,234.0,1.2521765007050072,1.2521765007050072,7.0,0.07591161950779136,0.07591161950779136,-0.4958333333333327,0.0025088153939900773,0.0025088153939900773,0.0,0.32513328592416557,0.32513328592416557,-4.5,-0.07165066323343114,0.07165066323343114,-0.025387929737708002,-2.3826301647054975,2.3826301647054975,1.0,0.5027311947224934,0.5027311947224934,-2.5,-0.4081833665133774,0.4081833665133774,0.5,0.2601175350852576,0.2601175350852576
p03,2020-01-16,3662.0,1.4821166512979913,1.4821166512979913,1.0,1.5748607812078121,1.5748607812078121,1485000.0,1.2400047796529368,1.2400047796529368,0.0,-0.20896740119482773,0.20896740119482773,222.0,1.159583894869971,1.159583894869971,2.0,-0.16968479654682755,0.16968479654682755,-0.19583333333333286,0.1028614311535893,0.1028614311535893,-2.0,0.03612592065824062,0.03612592065824062,-19.5,-0.5103281932340294,0.5103281932340294,-0.004010023928343001,-0.5004269495929844,0.5004269495929844,0.0,0.02645953656434247,0.02645953656434247,2.5,1.3004911909844836,1.3004911909844836,2.5,0.5065446735870802,0.5065446735870802
p03,2020-01-17,-782.0,0.11858251425204565,0.11858251425204565,1.0,1.5748607812078121,1.5748607812078121,1689000.0,1.490569329647064,1.490569329647064,0.0,-0.20896740119482773,0.20896740119482773,250.0,1.3756333084850554,1.3756333084850554,3.0,-0.12056551333590376,0.12056551333590376,0.7625000000000011,0.42343228705230945,0.42343228705230945,4.0,0.9031480164560155,0.9031480164560155,-0.5,0.04533001143339507,0.04533001143339507,-0.006875540677336804,-0.7527194279119866,0.7527194279119866,2.0,0.9790028528806443,0.9790028528806443,1.5,0.9587562794849115,0.9587562794849115,9.5,1.3690396583434592,1.3690396583434592
p03,2020-01-18,-6508.0,-1.6383023797004939,1.6383023797004939,0.0,-0.6186953069030691,0.6186953069030691,0.0,-0.5839577533925471,0.5839577533925471,0.0,-0.20896740119482773,0.20896740119482773,0.0,-0.5533793130781964,0.5533793130781964,,,,-0.05416666666666625,0.15025016637340005,0.15025016637340005,1.0,0.4696369685571281,0.4696369685571281,-15.5,-0.39334751856720324,0.39334751856720324,-0.015316570867242203,-1.4959042049420082,1.4959042049420082,-2.0,-0.9260837797519593,0.9260837797519593,2.5,1.3004911909844836,1.3004911909844836,3.5,0.6297582428379914,0.6297582428379914
p03,2020-01-19,-7215.0,-1.8552282651396215,1.8552282651396215,0.0,-0.6186953069030691,0.6186953069030691,0.0,-0.5839577533925471,0.5839577533925471,0.0,-0.20896740119482773,0.20896740119482773,0.0,-0.5533793130781964,0.5533793130781964,,,,1.2208333333333332,0.5767487833516969,0.5767487833516969,4.0,0.9031480164560155,0.9031480164560155,-16.5,-0.4225926872339098,0.4225926872339098,-0.003974929859788895,-0.49733711613347964,0.49733711613347964,-2.0,-0.9260837797519593,0.9260837797519593,0.5,0.6170213679853392,0.6170213679853392,4.5,0.7529718120889027,0.7529718120889027
p03,2020-01-20,5894.0,2.166951978455181,2.166951978455181,2.0,3.7684168693186937,3.7684168693186937,3788000.0,4.06868202787095,4.06868202787095,0.0,-0.20896740119482773,0.20896740119482773,573.0,3.8679176155447768,3.8679176155447768,3.0,-0.12056551333590376,0.12056551333590376,-1.0874999999999995,-0.19540884346521967,0.19540884346521967,-2.0,0.03612592065824062,0.03612592065824062,6.5,0.25004619210034096,0.25004619210034096,-0.0239761846436524,-2.2583340255679243,2.2583340255679243,-2.0,-0.9260837797519593,0.9260837797519593,3.5,1.6422261024840559,1.6422261024840559,1.5,0.38333110433616885,0.38333110433616885
p03,2020-01-22,1520.0,0.8248956518487529,0.8248956518487529,2.0,3.7684168693186937,3.7684168693186937,2765000.0,2.812174505106283,2.812174505106283,0.0,-0.20896740119482773,0.20896740119482773,444.0,2.872547102818139,2.872547102818139,7.5,0.10047126111325326,0.10047126111325326,-1.0625,-0.18704612548525323,0.18704612548525323,-3.0,-0.10837776197472186,0.10837776197472186,-13.5,-0.33485718123379016,0.33485718123379016,-0.0130097475114122,-1.2928015074299903,1.2928015074299903,-1.0,-0.44981212159380846,0.44981212159380846,-0.5,0.27528645648576705,0.27528645648576705,-2.5,-0.10952317266747631,0.10952317266747631
p03,2020-01-23,-1399.0,-0.07072904347913088,0.07072904347913088,1.0,1.5748607812078121,1.5748607812078121,1434000.0,1.1773636421544051,1.1773636421544051,0.0,-0.20896740119482773,0.20896740119482773,226.0,1.190448096814983,1.190448096814983,3.0,-0.12056551333590376,0.12056551333590376,-0.44583333333333286,0.019234251353923232,0.019234251353923232,-2.0,0.03612592065824062,0.03612592065824062,13.5,0.4547623727672868,0.4547623727672868,0.009339551111107694,0.6749273289646776,0.6749273289646776,-2.0,-0.9260837797519593,0.9260837797519593,1.5,0.9587562794849115,0.9587562794849115,-0.5,0.13690396583434628,0.13690396583434628
p03,2020-01-24,233.0,0.4300107656250508,0.4300107656250508,1.0,1.5748607812078121,1.5748607812078121,1741000.0,1.5544387247436062,1.5544387247436062,0.0,-0.20896740119482773,0.20896740119482773,283.0,1.6302629745314046,1.6302629745314046,7.0,0.07591161950779136,0.07591161950779136,,,,,,,,,,,,,,,,,,,,,
p03,2020-01-26,-6420.0,-1.611301703719386,1.611301703719386,0.0,-0.6186953069030691,0.6186953069030691,0.0,-0.5839577533925471,0.5839577533925471,0.0,-0.20896740119482773,0.20896740119482773,0.0,-0.5533793130781964,0.5533793130781964,,,,0.3791666666666673,0.2952039446928213,0.2952039446928213,0.0,0.32513328592416557,0.32513328592416557,14.5,0.4840075414339934,0.4840075414339934,0.009103599224774994,0.6541531051923604,0.6541531051923604,2.0,0.9790028528806443,0.9790028528806443,1.5,0.9587562794849115,0.9587562794849115,5.5,0.876185381339814,0.876185381339814
p03,2020-01-27,2507.0,1.127732779045951,1.127732779045951,1.0,1.5748607812078121,1.5748607812078121,973000.0,0.6111368894715983,0.6111368894715983,0.0,-0.20896740119482773,0.20896740119482773,127.0,0.4265590986759355,0.4265590986759355,-9.0,-0.7099969118669891,0.7099969118669891,,,,,,,,,,,,,,,,,,,,,
p03,2020-01-28,-690.0,0.1468104936868402,0.1468104936868402,0.0,-0.6186953069030691,0.6186953069030691,0.0,-0.5839577533925471,0.5839577533925471,0.0,-0.20896740119482773,0.20896740119482773,0.0,-0.5533793130781964,0.5533793130781964,,,,-1.404166666666666,-0.3013366045447966,0.3013366045447966,-4.0,-0.25288144460768436,0.25288144460768436,-5.5,-0.10089583190013769,0.10089583190013769,0.04526634728544669,3.838077726905429,3.838077726905429,-2.0,-0.9260837797519593,0.9260837797519593,-9.5,-2.8003277470103827,2.8003277470103827,-13.5,-1.4648724344275006,1.4648724344275006
p03,2020-01-29,2167.0,1.0234119854825798,1.0234119854825798,1.0,1.5748607812078121,1.5748607812078121,2253000.0,2.1833066149249447,2.1833066149249447,0.0,-0.20896740119482773,0.20896740119482773,351.0,2.154954407596609,2.154954407596609,5.0,-0.022326946914056203,0.022326946914056203,0.004166666666667318,0.16976317499332222,0.16976317499332222,-1.0,0.18062960329120312,0.18062960329120312,-19.5,-0.5103281932340294,0.5103281932340294,-0.005586305788657306,-0.6392096167009768,0.6392096167009768,2.0,0.9790028528806443,0.9790028528806443,-2.5,-0.4081833665133774,0.4081833665133774,0.5,0.2601175350852576,0.2601175350852576
p03,2020-01-30,6522.0,2.359638620683996,2.359638620683996,1.0,1.5748607812078121,1.5748607812078121,2611000.0,2.6230228350126774,2.6230228350126774,0.0,-0.20896740119482773,0.20896740119482773,412.0,2.6256334872580425,2.6256334872580425,7.0,0.07591161950779136,0.07591161950779136,-1.4291666666666663,-0.30969932252476334,0.30969932252476334,-5.0,-0.39738512724064684,0.39738512724064684,-11.5,-0.276366843900377,0.276366843900377,-0.023187937159369704,-2.1889333105282263,2.1889333105282263,-2.0,-0.9260837797519593,0.9260837797519593,1.5,0.9587562794849115,0.9587562794849115,-3.5,-0.2327367419183876,0.2327367419183876
p03,2020-01-31,3349.0,1.3860801560470055,1.3860801560470055,2.0,3.7684168693186937,3.7684168693186937,4762000.0,5.265004928333107,5.265004928333107,0.0,-0.20896740119482773,0.20896740119482773,655.0,4.500633755417524,4.500633755417524,4.0,-0.07144623012497998,0.07144623012497998,-1.229166666666666,-0.2427975786850304,0.2427975786850304,-3.0,-0.10837776197472186,0.10837776197472186,6.5,0.25004619210034096,0.25004619210034096,-0.016709229376697103,-1.6185198786859498,1.6185198786859498,-3.0,-1.4023554379101102,1.4023554379101102,-0.5,0.27528645648576705,0.27528645648576705,-4.5,-0.3559503111692989,0.3559503111692989
p03,2020-02-02,-5913.0,-1.4557409909645942,1.4557409909645942,0.0,-0.6186953069030691,0.6186953069030691,0.0,-0.5839577533925471,0.5839577533925471,0.0,-0.20896740119482773,0.20896740119482773,0.0,-0.5533793130781964,0.5533793130781964,,,,-0.6124999999999998,-0.03651720184585425,0.03651720184585425,-4.0,-0.25288144460768436,0.25288144460768436,11.5,0.39627203543387374,0.39627203543387374,0.009722143172322506,0.7086123874599575,0.7086123874599575,-1.0,-0.44981212159380846,0.44981212159380846,2.5,1.3004911909844836,1.3004911909844836,-0.5,0.13690396583434628,0.13690396583434628
p03,2020-02-03,2163.0,1.0221846820288931,1.0221846820288931,1.0,1.5748607812078121,1.5748607812078121,2253000.0,2.1833066149249447,2.1833066149249447,0.0,-0.20896740119482773,0.20896740119482773,325.0,1.9543370949540309,1.9543370949540309,1.0,-0.21880407975775132,0.21880407975775132,1.0791666666666675,0.5293600481318864,0.5293600481318864,-10.0,-1.1199035404054594,1.1199035404054594,20.5,0.6594785534342327,0.6594785534342327,0.0665564711063946,5.7125522363953705,5.7125522363953705,0.0,0.02645953656434247,0.02645953656434247,-0.5,0.27528645648576705,0.27528645648576705,-8.5,-0.8488045881729441,0.8488045881729441
p03,2020-02-05,4498.0,1.738623073118516,1.738623073118516,2.0,3.7684168693186937,3.7684168693186937,3739000.0,4.0084974055684395,4.0084974055684395,0.0,-0.20896740119482773,0.20896740119482773,514.0,3.4126706368558493,3.4126706368558493,-3.0,-0.41528121260144646,0.41528121260144646,0.6375000000000011,0.38161869715247637,0.38161869715247637,3.0,0.7586443338230531,0.7586443338230531,-3.5,-0.042405494566724586,0.042405494566724586,0.002132659740346002,0.04040146707824584,0.04040146707824584,-2.0,-0.9260837797519593,0.9260837797519593,2.5,1.3004911909844836,1.3004911909844836,5.5,0.876185381339814,0.876185381339814
p03,2020-02-07,4672.0,1.7920107733538881,1.7920107733538881,3.0,5.961972957429575,5.961972957429575,3892000.0,4.196420818064034,4.196420818064034,0.0,-0.20896740119482773,0.20896740119482773,523.0,3.4821150912321266,3.4821150912321266,-1.3333333333333144,-0.33341574058323925,0.33341574058323925,-0.24583333333333268,0.08613599519365615,0.08613599519365615,-5.0,-0.39738512724064684,0.39738512724064684,-16.5,-0.4225926872339098,0.4225926872339098,0.006960153626795293,0.46543489154166634,0.46543489154166634,2.0,0.9790028528806443,0.9790028528806443,-4.5,-1.0916531895125219,1.0916531895125219,-5.5,-0.4791638804202102,0.4791638804202102
p03,2020-02-10,938.0,0.6463229993373352,0.6463229993373352,1.0,1.5748607812078121,1.5748607812078121,1536000.0,1.3026459171514686,1.3026459171514686,0.0,-0.20896740119482773,0.20896740119482773,242.0,1.3139049045950313,1.3139049045950313,9.0,0.17415018592963893,0.17415018592963893,-0.08749999999999947,0.13909987573344462,0.13909987573344462,-1.0,0.18062960329120312,0.18062960329120312,-7.5,-0.1593861692335508,0.1593861692335508,0.0008156837171614945,-0.07555079350183766,0.07555079350183766,-2.0,-0.9260837797519593,0.9260837797519593,3.5,1.6422261024840559,1.6422261024840559,2.5,0.5065446735870802,0.5065446735870802
p03,2020-02-14,-3307.0,-0.6561527908876963,0.6561527908876963,0.0,-0.6186953069030691,0.6186953069030691,0.0,-0.5839577533925471,0.5839577533925471,0.0,-0.20896740119482773,0.20896740119482773,0.0,-0.5533793130781964,0.5533793130781964,,,,,,,,,,,,,,,,,,,,,,,,
p03,2020-02-15,-2474.0,-0.40056684665743686,0.40056684665743686,0.0,-0.6186953069030691,0.6186953069030691,0.0,-0.5839577533925471,0.5839577533925471,0.0,-0.20896740119482773,0.20896740119482773,0.0,-0.5533793130781964,0.5533793130781964,,,,-0.2958333333333334,0.06941055923372269,0.06941055923372269,0.0,0.32513328592416557,0.32513328592416557,7.5,0.2792913607670475,0.2792913607670475,0.006144571792893502,0.39362754223222957,0.39362754223222957,-2.0,-0.9260837797519593,0.9260837797519593,-7.5,-2.116857924011238,2.116857924011238,-7.5,-0.7255910189220328,0.7255910189220328
p03,2020-02-18,59.0,0.3766230653896785,0.3766230653896785,1.0,1.5748607812078121,1.5748607812078121,1331000.0,1.0508531095593312,1.0508531095593312,0.0,-0.20896740119482773,0.20896740119482773,202.0,1.005262885144911,1.005262885144911,5.0,-0.022326946914056203,0.022326946914056203,-0.5291666666666659,-0.008641475245965358,0.008641475245965358,0.0,0.32513328592416557,0.32513328592416557,-11.5,-0.276366843900377,0.276366843900377,-0.0209195041676171,-1.9892106665789933,1.9892106665789933,0.0,0.02645953656434247,0.02645953656434247,-0.5,0.27528645648576705,0.27528645648576705,1.5,0.38333110433616885,0.38333110433616885
p03,2020-02-20,-453.0,0.21952822331777835,0.21952822331777835,1.0,1.5748607812078121,1.5748607812078121,1792000.0,1.6170798622421378,1.6170798622421378,0.0,-0.20896740119482773,0.20896740119482773,254.0,1.4064975104300674,1.4064975104300674,-4.0,-0.46440049581237025,0.46440049581237025,,,,,,,,,,,,,,,,,,,,,
p03,2020-02-21,475.0,0.5042626245730973,0.5042626245730973,1.0,1.5748607812078121,1.5748607812078121,1741000.0,1.5544387247436062,1.5544387247436062,0.0,-0.20896740119482773,0.20896740119482773,296.0,1.7305716308526937,1.7305716308526937,9.0,0.17415018592963893,0.17415018592963893,-0.8291666666666666,-0.10899409100556488,0.10899409100556488,-4.0,-0.25288144460768436,0.25288144460768436,-27.5,-0.7442895425676819,0.7442895425676819,0.0216295410122615,1.7569911527990254,1.7569911527990254,0.0,0.02645953656434247,0.02645953656434247,0.5,0.6170213679853392,0.6170213679853392,-1.5,0.013690396583434978,0.013690396583434978
p03,2020-02-23,-6828.0,-1.7364866559954313,1.7364866559954313,0.0,-0.6186953069030691,0.6186953069030691,0.0,-0.5839577533925471,0.5839577533925471,0.0,-0.20896740119482773,0.20896740119482773,0.0,-0.5533793130781964,0.5533793130781964,,,,,,,,,,,,,,,,,,,,,,,,
p03,2020-02-24,3191.0,1.3376016696263802,1.3376016696263802,0.0,-0.6186953069030691,0.6186953069030691,0.0,-0.5839577533925471,0.5839577533925471,0.0,-0.20896740119482773,0.20896740119482773,0.0,-0.5533793130781964,0.5533793130781964,,,,,,,,,,,,,,,,,,,,,,,,
p03,2020-02-26,-586.0,0.17872038348269492,0.17872038348269492,1.0,1.5748607812078121,1.5748607812078121,1690000.0,1.4917975872450744,1.4917975872450744,0.0,-0.20896740119482773,0.20896740119482773,259.0,1.4450777628613325,1.4450777628613325,3.0,-0.12056551333590376,0.12056551333590376,,,,,,,,,,,,,,,,,,,,,
p03,2020-03-04,-1143.0,0.007818377556819188,0.007818377556819188,1.0,1.5748607812078121,1.5748607812078121,1433000.0,1.1761353845563947,1.1761353845563947,0.0,-0.20896740119482773,0.20896740119482773,226.0,1.190448096814983,1.190448096814983,6.0,0.026792336296867583,0.026792336296867583,,,,,,,,,,,,,,,,,,,,,
p03,2020-03-06,-498.0,0.20572105946380276,0.20572105946380276,1.0,1.5748607812078121,1.5748607812078121,1792000.0,1.6170798622421378,1.6170798622421378,0.0,-0.20896740119482773,0.20896740119482773,188.0,0.897238178337369,0.897238178337369,-13.0,-0.9064740447106843,0.9064740447106843,0.9458333333333329,0.48475888557206404,0.48475888557206404,3.0,0.7586443338230531,0.7586443338230531,-15.5,-0.39334751856720324,0.39334751856720324,-0.0176788073943615,-1.7038857175302249,1.7038857175302249,2.0,0.9790028528806443,0.9790028528806443,-0.5,0.27528645648576705,0.27528645648576705,6.5,0.9993989505907254,0.9993989505907254
p03,2020-03-08,-7085.0,-1.815340902894803,1.815340902894803,0.0,-0.6186953069030691,0.6186953069030691,0.0,-0.5839577533925471,0.5839577533925471,0.0,-0.20896740119482773,0.20896740119482773,0.0,-0.5533793130781964,0.5533793130781964,,,,1.3625000000000007,0.6241375185715079,0.6241375185715079,5.0,1.047651699088978,1.047651699088978,-33.5,-0.9197605545679213,0.9197605545679213,-0.0015749608396229964,-0.2860334717911127,0.2860334717911127,0.0,0.02645953656434247,0.02645953656434247,1.5,0.9587562794849115,0.9587562794849115,8.5,1.2458260890925479,1.2458260890925479
p03,2020-03-10,-2292.0,-0.34472453951469106,0.34472453951469106,0.0,-0.6186953069030691,0.6186953069030691,0.0,-0.5839577533925471,0.5839577533925471,0.0,-0.20896740119482773,0.20896740119482773,0.0,-0.5533793130781964,0.5533793130781964,,,,,,,,,,,,,,,,,,,,,,,,
p03,2020-03-17,-7066.0,-1.8095112114897913,1.8095112114897913,0.0,-0.6186953069030691,0.6186953069030691,0.0,-0.5839577533925471,0.5839577533925471,0.0,-0.20896740119482773,0.20896740119482773,0.0,-0.5533793130781964,0.5533793130781964,,,,,,,,,,,,,,,,,,,,,,,,
p03,2020-03-19,-6533.0,-1.6459730262860357,1.6459730262860357,0.0,-0.6186953069030691,0.6186953069030691,0.0,-0.5839577533925471,0.5839577533925471,0.0,-0.20896740119482773,0.20896740119482773,0.0,-0.5533793130781964,0.5533793130781964,,,,,,,,,,,,,,,,,,,,,,,,
p03,2020-03-24,-5194.0,-1.2351331951644062,1.2351331951644062,0.0,-0.6186953069030691,0.6186953069030691,0.0,-0.5839577533925471,0.5839577533925471,0.0,-0.20896740119482773,0.20896740119482773,0.0,-0.5533793130781964,0.5533793130781964,,,,-0.3458333333333332,0.05268512327378954,0.05268512327378954,1.0,0.4696369685571281,0.4696369685571281,-0.5,0.04533001143339507,0.04533001143339507,-0.012830300389502704,-1.277002207310856,1.277002207310856,2.0,0.9790028528806443,0.9790028528806443,-1.5,-0.06644845501380517,0.06644845501380517,3.5,0.6297582428379914,0.6297582428379914
p03,2020-03-30,-6803.0,-1.7288160094098894,1.7288160094098894,0.0,-0.6186953069030691,0.6186953069030691,0.0,-0.5839577533925471,0.5839577533925471,0.0,-0.20896740119482773,0.20896740119482773,0.0,-0.5533793130781964,0.5533793130781964,,,,-1.4624999999999995,-0.32084961316471877,0.32084961316471877,-4.0,-0.25288144460768436,0.25288144460768436,3.5,0.16231068610022129,0.16231068610022129,0.022830299056035203,1.8627110802192786,1.8627110802192786,-1.0,-0.44981212159380846,0.44981212159380846,0.5,0.6170213679853392,0.6170213679853392,-2.5,-0.10952317266747631,0.10952317266747631
p04,2020-01-14,4311.0,0.9673462583781129,0.9673462583781129,0.0,0.07422264223761149,0.07422264223761149,858500.0,0.5636572726076159,0.5636572726076159,8.047273,2.3080009503242818,2.3080009503242818,231.5,1.220812730268528,1.220812730268528,41.0,2.017616857033942,2.017616857033942,-1.166666666666667,-0.45647896940830723,0.45647896940830723,-2.0,-0.3209336689660893,0.3209336689660893,-33.0,-0.9015630117469042,0.9015630117469042,-0.016574829182278997,-0.8342491547663565,0.8342491547663565,0.0,0.34310049937213544,0.34310049937213544,2.0,1.151657098371827,1.151657098371827,3.0,0.4031307102227711,0.4031307102227711
p04,2020-01-15,3601.0,0.78977584821918,0.78977584821918,0.0,0.07422264223761149,0.07422264223761149,1954500.0,1.1499220539545716,1.1499220539545716,0.0,-0.594326562658959,0.594326562658959,219.5,1.1564692788592674,1.1564692788592674,4.0,-0.0691154034336096,0.0691154034336096,0.13333333333333286,0.09852064087949128,0.09852064087949128,-3.0,-0.5602096588461322,0.5602096588461322,-3.0,0.007928903879822828,0.007928903879822828,0.0008274406790072103,0.017756705845264783,0.017756705845264783,1.0,0.8079463372311582,0.8079463372311582,-1.0,0.05787221599858408,0.05787221599858408,0.0,-0.07010968873439467,0.07010968873439467
p04,2020-01-16,-1805.0,-0.5622602606810893,0.5622602606810893,1.0,1.4102302025146178,1.4102302025146178,628500.0,0.44062725462422186,0.44062725462422186,0.0,-0.594326562658959,0.594326562658959,30.5,0.14305991916341373,0.14305991916341373,-17.0,-1.2534769566719495,1.2534769566719495,0.6999999999999993,0.3404435479280188,0.3404435479280188,-1.0,-0.0816576790860465,0.0816576790860465,-11.0,-0.23460227362063774,0.23460227362063774,-0.014702627310077196,-0.7425871485982665,0.7425871485982665,0.0,0.34310049937213544,0.34310049937213544,0.0,0.4224671767896651,0.4224671767896651,2.0,0.2453839105703825,0.2453839105703825
p04,2020-01-17,-124.0,-0.1418435571921228,0.1418435571921228,2.0,2.746237762791624,2.746237762791624,2081500.0,1.2178560204062718,1.2178560204062718,5.783804,1.4916587741007756,1.4916587741007756,261.5,1.3816713587916793,1.3816713587916793,-4.0,-0.5203007570482153,0.5203007570482153,0.9583333333333339,0.4507319320236716,0.4507319320236716,4.0,1.1147222703141677,1.1147222703141677,1.0,0.12919449263005311,0.12919449263005311,0.02625261364516379,1.2625596279296194,1.2625596279296194,1.0,0.8079463372311582,0.8079463372311582,0.0,0.4224671767896651,0.4224671767896651,8.0,1.191864708484714,1.191864708484714
p04,2020-01-18,1780.0,0.3343452610369029,0.3343452610369029,-1.0,-1.2617849180393947,1.2617849180393947,-2340500.0,-1.1475298036048946,1.1475298036048946,0.0,-0.594326562658959,0.594326562658959,-210.5,-1.1491710633059025,1.1491710633059025,,,,0.7999999999999989,0.3831358256424647,0.3831358256424647,3.0,0.8754462804341249,0.8754462804341249,36.0,1.190268394194568,1.190268394194568,-0.014355158305891694,-0.7255752512821855,0.7255752512821855,3.0,1.7376380129492035,1.7376380129492035,1.0,0.7870621375807462,0.7870621375807462,10.0,1.5073583077894912,1.5073583077894912
p04,2020-01-19,99.0,-0.08607144245206359,0.08607144245206359,2.0,2.746237762791624,2.746237762791624,2881500.0,1.645786517739816,1.645786517739816,0.0,-0.594326562658959,0.594326562658959,185.5,0.9741628331996959,0.9741628331996959,-22.666666666666686,-1.5730665821489629,1.5730665821489629,-0.033333333333333215,0.027366844688748126,0.027366844688748126,0.0,0.15761831079399635,0.15761831079399635,-11.0,-0.23460227362063774,0.23460227362063774,0.011791005170459001,0.5545269820430158,0.5545269820430158,0.0,0.34310049937213544,0.34310049937213544,-1.0,0.05787221599858408,0.05787221599858408,2.0,0.2453839105703825,0.2453839105703825
p04,2020-01-20,3694.0,0.8130350709583078,0.8130350709583078,0.0,0.07422264223761149,0.07422264223761149,733500.0,0.49679313239924955,0.49679313239924955,8.255351,2.3830463109385573,2.3830463109385573,217.5,1.1457453702910574,1.1457453702910574,32.0,1.5100333342175103,1.5100333342175103,-0.24166666666666714,-0.061575400549681386,0.061575400549681386,4.0,1.1147222703141677,1.1147222703141677,14.0,0.5233076560683015,0.5233076560683015,-0.0005326208935498983,-0.04883118411667542,0.04883118411667542,1.0,0.8079463372311582,0.8079463372311582,-1.0,0.05787221599858408,0.05787221599858408,7.0,1.0341179088323253,1.0341179088323253
p04,2020-01-21,7919.0,1.8697040609885776,1.8697040609885776,3.0,4.08224532306863,4.08224532306863,3618500.0,2.0400174884083437,2.0400174884083437,6.264554,1.6650459515789964,1.6650459515789964,381.5,2.025105872884285,2.025105872884285,-8.5,-0.774092518456431,0.774092518456431,1.1083333333333325,0.5147703485953401,0.5147703485953401,7.0,1.8325502399542963,1.8325502399542963,51.0,1.6450143520079317,1.6450143520079317,-0.020570833178282996,-1.0298913813701926,1.0298913813701926,4.0,2.2024838508082265,2.2024838508082265,0.0,0.4224671767896651,0.4224671767896651,14.0,2.1383455063990455,2.1383455063990455
p04,2020-01-22,-2307.0,-0.6878100436385319,0.6878100436385319,0.0,0.07422264223761149,0.07422264223761149,-1264500.0,-0.5719632846912774,0.5719632846912774,0.0,-0.594326562658959,0.594326562658959,-124.5,-0.6880429948728685,0.6880429948728685,-14.0,-1.0842824490664724,1.0842824490664724,1.2416666666666671,0.5716933855479354,0.5716933855479354,4.0,1.1147222703141677,1.1147222703141677,1.0,0.12919449263005311,0.12919449263005311,-0.0453733718667205,-2.244210460952226,2.244210460952226,1.0,0.8079463372311582,0.8079463372311582,-2.0,-0.30672274479249695,0.30672274479249695,6.0,0.8763711091799369,0.8763711091799369
p04,2020-01-24,5503.0,1.2654644681097298,1.2654644681097298,1.0,1.4102302025146178,1.4102302025146178,2195500.0,1.2788361162763018,1.2788361162763018,8.219476,2.3701076422083838,2.3701076422083838,264.5,1.3977572216439944,1.3977572216439944,5.5,0.015481850369128972,0.015481850369128972,-1.4833333333333334,-0.5916711821707196,0.5916711821707196,1.0,0.3968943006740392,0.3968943006740392,-18.0,-0.4468170539335407,0.4468170539335407,-0.04447574182895439,-2.200262972553651,2.200262972553651,0.0,0.34310049937213544,0.34310049937213544,-4.0,-1.035912666374659,1.035912666374659,0.0,-0.07010968873439467,0.07010968873439467
p04,2020-01-25,1770.0,0.33184426934452355,0.33184426934452355,-1.0,-1.2617849180393947,1.2617849180393947,-2340500.0,-1.1475298036048946,1.1475298036048946,0.0,-0.594326562658959,0.594326562658959,-210.5,-1.1491710633059025,1.1491710633059025,,,,-0.44166666666666643,-0.14695995597857317,0.14695995597857317,3.0,0.8754462804341249,0.8754462804341249,-18.0,-0.4468170539335407,0.4468170539335407,-0.01659043224047839,-0.8350130721826081,0.8350130721826081,0.0,0.34310049937213544,0.34310049937213544,2.0,1.151657098371827,1.151657098371827,8.0,1.191864708484714,1.191864708484714
p04,2020-01-26,-1442.0,-0.4714742622477193,0.4714742622477193,1.0,1.4102302025146178,1.4102302025146178,-446500.0,-0.13440435116772836,0.13440435116772836,0.0,-0.594326562658959,0.594326562658959,-58.5,-0.33415401212193535,0.33415401212193535,-17.5,-1.2816760412728625,1.2816760412728625,-0.5750000000000011,-0.20388299293116846,0.20388299293116846,-2.0,-0.3209336689660893,0.3209336689660893,-13.0,-0.2952350679957529,0.2952350679957529,-0.01921169288611209,-0.9633485968051098,0.9633485968051098,0.0,0.34310049937213544,0.34310049937213544,-5.0,-1.40050762716574,1.40050762716574,-4.0,-0.701096887343949,0.701096887343949
p04,2020-01-27,-2445.0,-0.7223237289933668,0.7223237289933668,0.0,0.07422264223761149,0.07422264223761149,-521500.0,-0.17452283529274815,0.17452283529274815,5.036359,1.2220854431175023,1.2220854431175023,30.5,0.14305991916341373,0.14305991916341373,35.0,1.6792278418229876,1.6792278418229876,9.583333333333332,4.1329408848946425,4.1329408848946425,3.0,0.8754462804341249,0.8754462804341249,105.0,3.28209980013604,3.28209980013604,3.766630345590494e-05,-0.020910226795949994,0.020910226795949994,1.0,0.8079463372311582,0.8079463372311582,1.0,0.7870621375807462,0.7870621375807462,8.0,1.191864708484714,1.191864708484714
p04,2020-01-28,4454.0,1.0031104395791375,1.0031104395791375,2.0,2.746237762791624,2.746237762791624,13683500.0,7.423918057986,7.423918057986,9.515242,2.8374382910118037,2.8374382910118037,939.5,5.0170763634149,5.0170763634149,-22.666666666666686,-1.5730665821489629,1.5730665821489629,-0.11666666666666714,-0.00821005340662383,0.00821005340662383,0.0,0.15761831079399635,0.15761831079399635,25.0,0.8567880251314348,0.8567880251314348,-0.0008611311156397905,-0.06491486956245017,0.06491486956245017,2.0,1.272792175090181,1.272792175090181,-2.0,-0.30672274479249695,0.30672274479249695,3.0,0.4031307102227711,0.4031307102227711
p04,2020-01-29,2396.0,0.48840634928747,0.48840634928747,-1.0,-1.2617849180393947,1.2617849180393947,-2340500.0,-1.1475298036048946,1.1475298036048946,0.0,-0.594326562658959,0.594326562658959,-210.5,-1.1491710633059025,1.1491710633059025,,,,-1.666666666666667,-0.6699403579805374,0.6699403579805374,-2.0,-0.3209336689660893,0.3209336689660893,1.0,0.12919449263005311,0.12919449263005311,-0.011517114846214191,-0.5866261555843328,0.5866261555843328,-2.0,-0.5865911763459101,0.5865911763459101,1.0,0.7870621375807462,0.7870621375807462,0.0,-0.07010968873439467,0.07010968873439467
p04,2020-01-31,-569.0,-0.25313768750300325,0.25313768750300325,0.0,0.07422264223761149,0.07422264223761149,834500.0,0.5508193576876095,0.5508193576876095,0.0,-0.594326562658959,0.594326562658959,28.5,0.13233601059520364,0.13233601059520364,-14.0,-1.0842824490664724,1.0842824490664724,-5.308333333333334,-2.224650804748281,2.224650804748281,-12.0,-2.713693567766518,2.713693567766518,-32.0,-0.8712466145593467,0.8712466145593467,-0.026123900800316194,-1.3017666135127677,1.3017666135127677,-4.0,-1.5162828520639555,1.5162828520639555,1.0,0.7870621375807462,0.7870621375807462,-12.0,-1.9630712845630578,1.9630712845630578
p04,2020-02-01,8220.0,1.9449839109291955,1.9449839109291955,2.0,2.746237762791624,2.746237762791624,5541500.0,3.068655421373851,3.068655421373851,5.489039,1.385348901257577,1.385348901257577,485.5,2.58274911843121,2.58274911843121,6.666666666666657,0.0812797144379251,0.0812797144379251,1.8083333333333336,0.8136162925964628,0.8136162925964628,7.0,1.8325502399542963,1.8325502399542963,20.0,0.7052060391936469,0.7052060391936469,-0.062260256979980895,-3.0709833588935758,3.0709833588935758,2.0,1.272792175090181,1.272792175090181,-2.0,-0.30672274479249695,0.30672274479249695,10.0,1.5073583077894912,1.5073583077894912
p04,2020-02-02,-2695.0,-0.7848485213028502,0.7848485213028502,1.0,1.4102302025146178,1.4102302025146178,-394500.0,-0.10658886884104798,0.10658886884104798,0.0,-0.594326562658959,0.594326562658959,-52.5,-0.30198228641730507,0.30198228641730507,-15.0,-1.140680618268298,1.140680618268298,-3.5083333333333337,-1.456189805888252,1.456189805888252,-6.0,-1.2780376284862607,1.2780376284862607,-9.0,-0.17396947924552258,0.17396947924552258,-0.0512501227360773,-2.5319330524277937,2.5319330524277937,0.0,0.34310049937213544,0.34310049937213544,-7.0,-2.129697548747902,2.129697548747902,-10.0,-1.6475776852582806,1.6475776852582806
p04,2020-02-03,11151.0,2.678024575965579,2.678024575965579,3.0,4.08224532306863,4.08224532306863,6052500.0,3.3419960265456528,3.3419960265456528,5.056539,1.2293635569843988,1.2293635569843988,570.5,3.0385152325801386,3.0385152325801386,2.75,-0.13961311493589174,0.13961311493589174,-1.7000000000000002,-0.6841711172186861,0.6841711172186861,0.0,0.15761831079399635,0.15761831079399635,2.0,0.15951088981761066,0.15951088981761066,-0.013588403842912503,-0.6880353612956672,0.6880353612956672,1.0,0.8079463372311582,0.8079463372311582,1.0,0.7870621375807462,0.7870621375807462,5.0,0.7186243095275483,0.7186243095275483
p04,2020-02-04,2595.0,0.5381760839658188,0.5381760839658188,1.0,1.4102302025146178,1.4102302025146178,3976500.0,2.231516385965105,2.231516385965105,0.0,-0.594326562658959,0.594326562658959,242.5,1.2797942273936835,1.2797942273936835,-12.5,-0.9996851952637338,0.9996851952637338,-4.691666666666667,-1.9613817588425304,1.9613817588425304,-13.0,-2.9529695576465604,2.9529695576465604,-48.0,-1.3563089695602677,1.3563089695602677,-0.06754393881280599,-3.329669606323221,3.329669606323221,-3.0,-1.0514370142049327,1.0514370142049327,-6.0,-1.765102587956821,1.765102587956821,-19.0,-3.0672988821297777,3.0672988821297777
p04,2020-02-05,2568.0,0.5314234063963946,0.5314234063963946,1.0,1.4102302025146178,1.4102302025146178,3649500.0,2.0565997951800186,2.0565997951800186,0.0,-0.594326562658959,0.594326562658959,205.5,1.0814019188817967,1.0814019188817967,-18.5,-1.338074210474688,1.338074210474688,2.6999999999999993,1.1942891022169397,1.1942891022169397,3.0,0.8754462804341249,0.8754462804341249,19.0,0.6748896420060894,0.6748896420060894,0.009227714730501102,0.4290296478043169,0.4290296478043169,2.0,1.272792175090181,1.272792175090181,1.0,0.7870621375807462,0.7870621375807462,9.0,1.3496115081371027,1.3496115081371027
p04,2020-02-06,2276.0,0.45839444897891796,0.45839444897891796,-1.0,-1.2617849180393947,1.2617849180393947,-2340500.0,-1.1475298036048946,1.1475298036048946,0.0,-0.594326562658959,0.594326562658959,-210.5,-1.1491710633059025,1.1491710633059025,,,,-0.9833333333333334,-0.3782097935984894,0.3782097935984894,-5.0,-1.038761638606218,1.038761638606218,-12.0,-0.2649186708081953,0.2649186708081953,0.012583447096416109,0.5933245165308481,0.5933245165308481,-1.0,-0.1217453384868873,0.1217453384868873,1.0,0.7870621375807462,0.7870621375807462,-2.0,-0.3856032880391719,0.3856032880391719
p04,2020-02-07,-2680.0,-0.7810970337642812,0.7810970337642812,0.0,0.07422264223761149,0.07422264223761149,-599500.0,-0.21624605878276873,0.21624605878276873,0.0,-0.594326562658959,0.594326562658959,-8.5,-0.06605629791668306,0.06605629791668306,20.0,0.8332553037956018,0.8332553037956018,2.291666666666666,1.0199623015496184,1.0199623015496184,3.0,0.8754462804341249,0.8754462804341249,13.0,0.4929912588807439,0.4929912588807439,0.03482559466788421,1.6822882111829622,1.6822882111829622,0.0,0.34310049937213544,0.34310049937213544,-4.0,-1.035912666374659,1.035912666374659,2.0,0.2453839105703825,0.2453839105703825
p04,2020-02-09,-4854.0,-1.324812627687549,1.324812627687549,0.0,0.07422264223761149,0.07422264223761149,-415500.0,-0.11782204439605352,0.11782204439605352,0.0,-0.594326562658959,0.594326562658959,-48.5,-0.28053446928088493,0.28053446928088493,7.0,0.10007910417186754,0.10007910417186754,-4.616666666666667,-1.9293625505566958,1.9293625505566958,-12.0,-2.713693567766518,2.713693567766518,-41.0,-1.1440941892473648,1.1440941892473648,-0.031811230545848,-1.5802152476879971,1.5802152476879971,0.0,0.34310049937213544,0.34310049937213544,-7.0,-2.129697548747902,2.129697548747902,-16.0,-2.594058483172612,2.594058483172612
p04,2020-02-10,-2653.0,-0.774344356194857,0.774344356194857,0.0,0.07422264223761149,0.07422264223761149,-804500.0,-0.32590324872448945,0.32590324872448945,0.0,-0.594326562658959,0.594326562658959,-59.5,-0.3395159664060404,0.3395159664060404,-18.0,-1.3098751258737753,1.3098751258737753,-1.5,-0.598786561789794,0.598786561789794,-8.0,-1.7565896082463464,1.7565896082463464,-32.0,-0.8712466145593467,0.8712466145593467,-0.027644610464826302,-1.376219748464646,1.376219748464646,0.0,0.34310049937213544,0.34310049937213544,1.0,0.7870621375807462,0.7870621375807462,-4.0,-0.701096887343949,0.701096887343949
p04,2020-02-11,4824.0,1.0956471321971728,1.0956471321971728,0.0,0.07422264223761149,0.07422264223761149,3905500.0,2.193537554326753,2.193537554326753,0.0,-0.594326562658959,0.594326562658959,234.5,1.2368985931208432,1.2368985931208432,-20.0,-1.4226714642774267,1.4226714642774267,-0.6416666666666675,-0.2323445114074657,0.2323445114074657,-4.0,-0.799485648726175,0.799485648726175,-20.0,-0.5074498483086558,0.5074498483086558,-0.0013423484368192962,-0.08847501321847209,0.08847501321847209,0.0,0.34310049937213544,0.34310049937213544,0.0,0.4224671767896651,0.4224671767896651,-1.0,-0.22785648838678327,0.22785648838678327
p04,2020-02-12,4575.0,1.0333724390569274,1.0333724390569274,0.0,0.07422264223761149,0.07422264223761149,4724500.0,2.631631400971969,2.631631400971969,3.306656,0.5982511819721863,0.5982511819721863,102.5,0.529120627618977,0.529120627618977,5.0,-0.012717234231783883,0.012717234231783883,1.1166666666666671,0.5183280384048777,0.5183280384048777,1.0,0.3968943006740392,0.3968943006740392,-17.0,-0.41650065674598313,0.41650065674598313,0.033544760355565306,1.6195792456706033,1.6195792456706033,-3.0,-1.0514370142049327,1.0514370142049327,-2.0,-0.30672274479249695,0.30672274479249695,-1.0,-0.22785648838678327,0.22785648838678327
p04,2020-02-13,1891.0,0.3621062688223135,0.3621062688223135,-1.0,-1.2617849180393947,1.2617849180393947,-2340500.0,-1.1475298036048946,1.1475298036048946,0.0,-0.594326562658959,0.594326562658959,-210.5,-1.1491710633059025,1.1491710633059025,,,,-0.4583333333333339,-0.15407533559764786,0.15407533559764786,2.0,0.636170290554082,0.636170290554082,-29.0,-0.7802974229966739,0.7802974229966739,0.011078147143263703,0.519625832836866,0.519625832836866,0.0,0.34310049937213544,0.34310049937213544,-5.0,-1.40050762716574,1.40050762716574,0.0,-0.07010968873439467,0.07010968873439467
p04,2020-02-15,-2270.0,-0.6785563743767284,0.6785563743767284,0.0,0.07422264223761149,0.07422264223761149,321500.0,0.2764089262724742,0.2764089262724742,0.0,-0.594326562658959,0.594326562658959,-37.5,-0.2215529721557294,0.2215529721557294,-19.0,-1.366273295075601,1.366273295075601,-2.1500000000000004,-0.8762863669336933,0.8762863669336933,-3.0,-0.5602096588461322,0.5602096588461322,0.0,0.09887809544249554,0.09887809544249554,0.0040009140928507075,0.17312827338455755,0.17312827338455755,1.0,0.8079463372311582,0.8079463372311582,-9.0,-2.858887470330064,2.858887470330064,-8.0,-1.3320840859535035,1.3320840859535035
p04,2020-02-16,-4060.0,-1.1262338873126296,1.1262338873126296,0.0,0.07422264223761149,0.07422264223761149,-445500.0,-0.13386943804606144,0.13386943804606144,0.0,-0.594326562658959,0.594326562658959,-45.5,-0.26444860642856977,0.26444860642856977,-13.0,-1.0278842798646466,1.0278842798646466,-5.983333333333333,-2.5128236793207916,2.5128236793207916,,,,-91.0,-2.659914048625243,2.659914048625243,,,,,,,,,,,,
p04,2020-02-17,-423.0,-0.21662320879426494,0.21662320879426494,0.0,0.07422264223761149,0.07422264223761149,-373500.0,-0.09535569328604244,0.09535569328604244,4.928359,1.1831341895186511,1.1831341895186511,30.5,0.14305991916341373,0.14305991916341373,23.0,1.002449811401079,1.002449811401079,-2.041666666666667,-0.8300363994097101,0.8300363994097101,-2.0,-0.3209336689660893,0.3209336689660893,-10.0,-0.20428587643308016,0.20428587643308016,-0.021184592135525496,-1.0599406929106838,1.0599406929106838,0.0,0.34310049937213544,0.34310049937213544,1.0,0.7870621375807462,0.7870621375807462,2.0,0.2453839105703825,0.2453839105703825
p04,2020-02-18,2935.0,0.6232098015067162,0.6232098015067162,0.0,0.07422264223761149,0.07422264223761149,-659500.0,-0.24834084608278456,0.24834084608278456,0.0,-0.594326562658959,0.594326562658959,-102.5,-0.5700800006225574,0.5700800006225574,-5.0,-0.576698926250041,0.576698926250041,-1.4000000000000004,-0.556094284075348,0.556094284075348,-3.0,-0.5602096588461322,0.5602096588461322,-4.0,-0.022387493307734742,0.022387493307734742,0.0016147160790894038,0.056301289978946956,0.056301289978946956,-1.0,-0.1217453384868873,0.1217453384868873,0.0,0.4224671767896651,0.4224671767896651,-1.0,-0.22785648838678327,0.22785648838678327
p04,2020-02-19,-1335.0,-0.4447136511392604,0.4447136511392604,-1.0,-1.2617849180393947,1.2617849180393947,-2340500.0,-1.1475298036048946,1.1475298036048946,0.0,-0.594326562658959,0.594326562658959,-210.5,-1.1491710633059025,1.1491710633059025,,,,-0.8666666666666671,-0.32840213626496917,0.32840213626496917,-3.0,-0.5602096588461322,0.5602096588461322,-2.0,0.038245301067380395,0.038245301067380395,0.0015405951250957034,0.05267236756249561,0.05267236756249561,1.0,0.8079463372311582,0.8079463372311582,-1.0,0.05787221599858408,0.05787221599858408,0.0,-0.07010968873439467,0.07010968873439467
p04,2020-02-20,1112.0,0.1672790159859632,0.1672790159859632,0.0,0.07422264223761149,0.07422264223761149,-48500.0,0.07849107125570995,0.07849107125570995,0.0,-0.594326562658959,0.594326562658959,49.5,0.2449370505614096,0.2449370505614096,17.0,0.6640607961901247,0.6640607961901247,1.9916666666666671,0.8918854684062807,0.8918854684062807,6.0,1.5932742500742534,1.5932742500742534,46.0,1.4934323660701436,1.4934323660701436,-0.004142460327891798,-0.22556699952707496,0.22556699952707496,3.0,1.7376380129492035,1.7376380129492035,-1.0,0.05787221599858408,0.05787221599858408,11.0,1.66510510744188,1.66510510744188
p04,2020-02-21,2911.0,0.6172074214450058,0.6172074214450058,0.0,0.07422264223761149,0.07422264223761149,-702500.0,-0.27134211031446254,0.27134211031446254,0.0,-0.594326562658959,0.594326562658959,-51.5,-0.29662033213320005,0.29662033213320005,1.0,-0.23830991103908672,0.23830991103908672,1.4499999999999993,0.6606356307863641,0.6606356307863641,5.0,1.3539982601942107,1.3539982601942107,40.0,1.3115339829447983,1.3115339829447983,0.003386925182041506,0.14306770343995828,0.14306770343995828,3.0,1.7376380129492035,1.7376380129492035,-3.0,-0.671317705583578,0.671317705583578,8.0,1.191864708484714,1.191864708484714
p04,2020-02-22,-1478.0,-0.48047783234028496,0.48047783234028496,0.0,0.07422264223761149,0.07422264223761149,-1367500.0,-0.6270593362229713,0.6270593362229713,0.0,-0.594326562658959,0.594326562658959,-119.5,-0.6612332234523431,0.6612332234523431,-10.0,-0.8586897722591695,0.8586897722591695,0.2666666666666657,0.1554436778320858,0.1554436778320858,6.0,1.5932742500742534,1.5932742500742534,24.0,0.8264716279438772,0.8264716279438772,0.001117478510028705,0.03195680352212797,0.03195680352212797,0.0,0.34310049937213544,0.34310049937213544,-4.0,-1.035912666374659,1.035912666374659,5.0,0.7186243095275483,0.7186243095275483
p04,2020-02-23,-9909.0,-2.5890639281853036,2.5890639281853036,-1.0,-1.2617849180393947,1.2617849180393947,-2340500.0,-1.1475298036048946,1.1475298036048946,0.0,-0.594326562658959,0.594326562658959,-210.5,-1.1491710633059025,1.1491710633059025,,,,-2.366666666666667,-0.9687863019816598,0.9687863019816598,-6.0,-1.2780376284862607,1.2780376284862607,-8.0,-0.143653082057965,0.143653082057965,0.00772077382054831,0.35525062373967725,0.35525062373967725,1.0,0.8079463372311582,0.8079463372311582,-8.0,-2.494292509538983,2.494292509538983,-10.0,-1.6475776852582806,1.6475776852582806
p04,2020-02-24,5242.0,1.2001885849386291,1.2001885849386291,0.0,0.07422264223761149,0.07422264223761149,237500.0,0.23147622405245205,0.23147622405245205,5.215015,1.2865194724041358,1.2865194724041358,89.5,0.45941522192561146,0.45941522192561146,19.0,0.776857134593776,0.776857134593776,0.283333333333335,0.16255905745116125,0.16255905745116125,7.0,1.8325502399542963,1.8325502399542963,35.0,1.1599519970070105,1.1599519970070105,-0.0176449424475143,-0.8866413300840729,0.8866413300840729,3.0,1.7376380129492035,1.7376380129492035,1.0,0.7870621375807462,0.7870621375807462,14.0,2.1383455063990455,2.1383455063990455
p04,2020-02-25,3282.0,0.7099942132322792,0.7099942132322792,-1.0,-1.2617849180393947,1.2617849180393947,-2340500.0,-1.1475298036048946,1.1475298036048946,0.0,-0.594326562658959,0.594326562658959,-210.5,-1.1491710633059025,1.1491710633059025,,,,-0.40000000000000036,-0.12917150693088758,0.12917150693088758,1.0,0.3968943006740392,0.3968943006740392,2.0,0.15951088981761066,0.15951088981761066,-0.0243200829452319,-1.213452652388267,1.213452652388267,-2.0,-0.5865911763459101,0.5865911763459101,3.0,1.5162520591629083,1.5162520591629083,5.0,0.7186243095275483,0.7186243095275483
p04,2020-02-26,3618.0,0.794027534096225,0.794027534096225,1.0,1.4102302025146178,1.4102302025146178,3167500.0,1.7987716705365582,1.7987716705365582,0.0,-0.594326562658959,0.594326562658959,129.5,0.6738933932898133,0.6738933932898133,-19.0,-1.366273295075601,1.366273295075601,8.05,3.4783259599398035,3.4783259599398035,2.0,0.636170290554082,0.636170290554082,85.0,2.675771856384889,2.675771856384889,0.004954573701392698,0.21981893971619126,0.21981893971619126,1.0,0.8079463372311582,0.8079463372311582,0.0,0.4224671767896651,0.4224671767896651,6.0,0.8763711091799369,0.8763711091799369
p04,2020-02-27,5174.0,1.1831818414304496,1.1831818414304496,0.0,0.07422264223761149,0.07422264223761149,413500.0,0.3256209334658318,0.3256209334658318,6.347656,1.69501749858429,1.69501749858429,180.5,0.9473530617791707,0.9473530617791707,35.0,1.6792278418229876,1.6792278418229876,-0.4583333333333339,-0.15407533559764786,0.15407533559764786,2.0,0.636170290554082,0.636170290554082,-2.0,0.038245301067380395,0.038245301067380395,-0.003151296193528691,-0.17704013159336532,0.17704013159336532,-1.0,-0.1217453384868873,0.1217453384868873,0.0,0.4224671767896651,0.4224671767896651,4.0,0.5608775098751597,0.5608775098751597
p04,2020-02-28,-137.0,-0.14509484639221593,0.14509484639221593,-1.0,-1.2617849180393947,1.2617849180393947,-2340500.0,-1.1475298036048946,1.1475298036048946,0.0,-0.594326562658959,0.594326562658959,-210.5,-1.1491710633059025,1.1491710633059025,,,,-0.9000000000000004,-0.34263289550311776,0.34263289550311776,2.0,0.636170290554082,0.636170290554082,-6.0,-0.08302028768284989,0.08302028768284989,0.04863043187790431,2.358165685873335,2.358165685873335,-1.0,-0.1217453384868873,0.1217453384868873,-8.0,-2.494292509538983,2.494292509538983,-4.0,-0.701096887343949,0.701096887343949
p04,2020-02-29,3901.0,0.8648055989905601,0.8648055989905601,1.0,1.4102302025146178,1.4102302025146178,3036500.0,1.7286980515981905,1.7286980515981905,0.0,-0.594326562658959,0.594326562658959,194.5,1.0224204217566413,1.0224204217566413,-9.5,-0.8304906876582567,0.8304906876582567,0.041666666666666075,0.059386052974582354,0.059386052974582354,3.0,0.8754462804341249,0.8754462804341249,-10.0,-0.20428587643308016,0.20428587643308016,-0.011739664347114195,-0.5975220605757166,0.5975220605757166,0.0,0.34310049937213544,0.34310049937213544,2.0,1.151657098371827,1.151657098371827,8.0,1.191864708484714,1.191864708484714
p04,2020-03-01,385.0,-0.014543080050014565,0.014543080050014565,0.0,0.07422264223761149,0.07422264223761149,1755500.0,1.0434743427428526,1.0434743427428526,0.0,-0.594326562658959,0.594326562658959,166.5,0.8722857018017,0.8722857018017,-2.0,-0.4075044186445639,0.4075044186445639,-1.6333333333333337,-0.6557095987423888,0.6557095987423888,-8.0,-1.7565896082463464,1.7565896082463464,-13.0,-0.2952350679957529,0.2952350679957529,-0.019673888396446196,-0.9859774427368171,0.9859774427368171,-4.0,-1.5162828520639555,1.5162828520639555,-8.0,-2.494292509538983,2.494292509538983,-17.0,-2.751805282825001,2.751805282825001
p04,2020-03-02,-9789.0,-2.5590520278767515,2.5590520278767515,-1.0,-1.2617849180393947,1.2617849180393947,-2340500.0,-1.1475298036048946,1.1475298036048946,0.0,-0.594326562658959,0.594326562658959,-210.5,-1.1491710633059025,1.1491710633059025,,,,6.683333333333334,2.8948648311757075,2.8948648311757075,2.0,0.636170290554082,0.636170290554082,30.0,1.0083700110692226,1.0083700110692226,0.08334920991226699,4.0579785605350045,4.0579785605350045,-2.0,-0.5865911763459101,0.5865911763459101,-10.0,-3.223482431121145,3.223482431121145,-7.0,-1.1743372863011148,1.1743372863011148
p04,2020-03-03,-3378.0,-0.9556662538923588,0.9556662538923588,0.0,0.07422264223761149,0.07422264223761149,321500.0,0.2764089262724742,0.2764089262724742,0.0,-0.594326562658959,0.594326562658959,5.5,0.009011062060787578,0.009011062060787578,-15.0,-1.140680618268298,1.140680618268298,1.2750000000000004,0.585924144786084,0.585924144786084,6.0,1.5932742500742534,1.5932742500742534,1.0,0.12919449263005311,0.12919449263005311,0.019830349797157393,0.9481290116645311,0.9481290116645311,1.0,0.8079463372311582,0.8079463372311582,-1.0,0.05787221599858408,0.05787221599858408,9.0,1.3496115081371027,1.3496115081371027
p04,2020-03-04,-2502.0,-0.736579381639929,0.736579381639929,0.0,0.07422264223761149,0.07422264223761149,1398500.0,0.8525103583077583,0.8525103583077583,0.0,-0.594326562658959,0.594326562658959,34.5,0.16450773629983392,0.16450773629983392,-9.0,-0.8022916030573438,0.8022916030573438,1.6916666666666664,0.7638086352629422,0.7638086352629422,5.0,1.3539982601942107,1.3539982601942107,7.0,0.3110928757553985,0.3110928757553985,0.0009214000786560983,0.022356907991221232,0.022356907991221232,1.0,0.8079463372311582,0.8079463372311582,1.0,0.7870621375807462,0.7870621375807462,10.0,1.5073583077894912,1.5073583077894912
p04,2020-03-05,-4252.0,-1.174252927806313,1.174252927806313,0.0,0.07422264223761149,0.07422264223761149,-446500.0,-0.13440435116772836,0.13440435116772836,0.0,-0.594326562658959,0.594326562658959,-28.5,-0.173295383598784,0.173295383598784,-17.0,-1.2534769566719495,1.2534769566719495,0.09166666666666679,0.08073219183180567,0.08073219183180567,2.0,0.636170290554082,0.636170290554082,32.0,1.0690028054443377,1.0690028054443377,-0.0030772780442785003,-0.17341624244238263,0.17341624244238263,2.0,1.272792175090181,1.272792175090181,0.0,0.4224671767896651,0.4224671767896651,7.0,1.0341179088323253,1.0341179088323253
p04,2020-03-07,-3028.0,-0.868131544659082,0.868131544659082,0.0,0.07422264223761149,0.07422264223761149,-1419500.0,-0.6548748185496517,0.6548748185496517,0.0,-0.594326562658959,0.594326562658959,-129.5,-0.7148527662933937,0.7148527662933937,-22.0,-1.5354678026810782,1.5354678026810782,0.8333333333333339,0.39736658488061405,0.39736658488061405,6.0,1.5932742500742534,1.5932742500742534,37.0,1.2205847913821255,1.2205847913821255,0.0070595074955359105,0.32287537678473593,0.32287537678473593,3.0,1.7376380129492035,1.7376380129492035,-2.0,-0.30672274479249695,0.30672274479249695,10.0,1.5073583077894912,1.5073583077894912
p04,2020-03-07,-3028.0,-0.868131544659082,0.868131544659082,0.0,0.07422264223761149,0.07422264223761149,-1419500.0,-0.6548748185496517,0.6548748185496517,0.0,-0.594326562658959,0.594326562658959,-129.5,-0.7148527662933937,0.7148527662933937,-22.0,-1.5354678026810782,1.5354678026810782,0.8333333333333339,0.39736658488061405,0.39736658488061405,6.0,1.5932742500742534,1.5932742500742534,37.0,1.2205847913821255,1.2205847913821255,0.0070595074955359105,0.32287537678473593,0.32287537678473593,3.0,1.7376380129492035,1.7376380129492035,-2.0,-0.30672274479249695,0.30672274479249695,10.0,1.5073583077894912,1.5073583077894912
p04,2020-03-08,-2971.0,-0.8538758920125199,0.8538758920125199,0.0,0.07422264223761149,0.07422264223761149,-475500.0,-0.14991683169606934,0.14991683169606934,1.27083,-0.13598932551980744,0.13598932551980744,-47.5,-0.27517251499677986,0.27517251499677986,-19.0,-1.366273295075601,1.366273295075601,-1.8250000000000002,-0.7375364643617436,0.7375364643617436,-3.0,-0.5602096588461322,0.5602096588461322,-8.0,-0.143653082057965,0.143653082057965,-0.007799488998996601,-0.40461317482732007,0.40461317482732007,1.0,0.8079463372311582,0.8079463372311582,2.0,1.151657098371827,1.151657098371827,3.0,0.4031307102227711,0.4031307102227711
p04,2020-03-09,6586.0,1.536321868394412,1.536321868394412,1.0,1.4102302025146178,1.4102302025146178,1605500.0,0.9632373744928129,0.9632373744928129,4.84689,1.1537515998941619,1.1537515998941619,213.5,1.124297553154637,1.124297553154637,3.0,-0.1255135726354353,0.1255135726354353,-0.7166666666666668,-0.2643637196932999,0.2643637196932999,3.0,0.8754462804341249,0.8754462804341249,33.0,1.0993192026318954,1.0993192026318954,-0.01154645591620089,-0.5880626787381829,0.5880626787381829,1.0,0.8079463372311582,0.8079463372311582,-1.0,0.05787221599858408,0.05787221599858408,6.0,0.8763711091799369,0.8763711091799369
p04,2020-03-10,7005.0,1.641113420305106,1.641113420305106,0.0,0.07422264223761149,0.07422264223761149,5382500.0,2.983604235028809,2.983604235028809,3.72082,0.7476234689676928,0.7476234689676928,242.5,1.2797942273936835,1.2797942273936835,-14.0,-1.0842824490664724,1.0842824490664724,-0.5166666666666675,-0.17897916426440816,0.17897916426440816,1.0,0.3968943006740392,0.3968943006740392,-10.0,-0.20428587643308016,0.20428587643308016,-0.018872630293136503,-0.9467482729029943,0.9467482729029943,0.0,0.34310049937213544,0.34310049937213544,1.0,0.7870621375807462,0.7870621375807462,5.0,0.7186243095275483,0.7186243095275483
p04,2020-03-11,-299.0,-0.1856109118087612,0.1856109118087612,0.0,0.07422264223761149,0.07422264223761149,584500.0,0.4170910772708769,0.4170910772708769,0.0,-0.594326562658959,0.594326562658959,4.5,0.003649107776682533,0.003649107776682533,0.0,-0.29470808024091244,0.29470808024091244,-1.0916666666666668,-0.4244597611224726,0.4244597611224726,3.0,0.8754462804341249,0.8754462804341249,2.0,0.15951088981761066,0.15951088981761066,-0.020396380765024702,-1.0213502841639848,1.0213502841639848,1.0,0.8079463372311582,0.8079463372311582,0.0,0.4224671767896651,0.4224671767896651,7.0,1.0341179088323253,1.0341179088323253
p04,2020-03-12,-2982.0,-0.8566269828741372,0.8566269828741372,-1.0,-1.2617849180393947,1.2617849180393947,-2340500.0,-1.1475298036048946,1.1475298036048946,0.0,-0.594326562658959,0.594326562658959,-210.5,-1.1491710633059025,1.1491710633059025,,,,-1.9083333333333332,-0.7731133624571151,0.7731133624571151,-1.0,-0.0816576790860465,0.0816576790860465,-22.0,-0.568082642683771,0.568082642683771,-0.028882521489971294,-1.436827212706171,1.436827212706171,0.0,0.34310049937213544,0.34310049937213544,0.0,0.4224671767896651,0.4224671767896651,2.0,0.2453839105703825,0.2453839105703825
p04,2020-03-13,4076.0,0.9085729536071985,0.9085729536071985,0.0,0.07422264223761149,0.07422264223761149,437500.0,0.3384588483858381,0.3384588483858381,7.297554,2.0376074790568994,2.0376074790568994,152.5,0.7972183418242293,0.7972183418242293,24.0,1.0588479806029045,1.0588479806029045,0.0,0.04159760392689676,0.04159760392689676,2.0,0.636170290554082,0.636170290554082,18.0,0.6445732448185317,0.6445732448185317,-0.014753910119980701,-0.7450979276480513,0.7450979276480513,0.0,0.34310049937213544,0.34310049937213544,2.0,1.151657098371827,1.151657098371827,7.0,1.0341179088323253,1.0341179088323253
p04,2020-03-14,-3635.0,-1.0199417403865079,1.0199417403865079,0.0,0.07422264223761149,0.07422264223761149,3839500.0,2.1582332882967354,2.1582332882967354,4.0,0.8483124595207239,0.8483124595207239,448.5,2.384356809919323,2.384356809919323,,,,-2.3833333333333337,-0.9759016816007341,0.9759016816007341,-6.0,-1.2780376284862607,1.2780376284862607,16.0,0.5839404504434167,0.5839404504434167,0.012564506933801303,0.5923972162604018,0.5923972162604018,-2.0,-0.5865911763459101,0.5865911763459101,-1.0,0.05787221599858408,0.05787221599858408,-6.0,-1.0165904866487263,1.0165904866487263
p04,2020-03-15,-4148.0,-1.1482426142055677,1.1482426142055677,-1.0,-1.2617849180393947,1.2617849180393947,-2340500.0,-1.1475298036048946,1.1475298036048946,0.0,-0.594326562658959,0.594326562658959,-210.5,-1.1491710633059025,1.1491710633059025,,,,0.9749999999999979,0.4578473116427448,0.4578473116427448,2.0,0.636170290554082,0.636170290554082,20.0,0.7052060391936469,0.7052060391936469,0.0088839759719576,0.41220038132742176,0.41220038132742176,2.0,1.272792175090181,1.272792175090181,0.0,0.4224671767896651,0.4224671767896651,7.0,1.0341179088323253,1.0341179088323253
p04,2020-03-16,-4378.0,-1.2057654231302926,1.2057654231302926,0.0,0.07422264223761149,0.07422264223761149,359500.0,0.29673562489581756,0.29673562489581756,0.0,-0.594326562658959,0.594326562658959,-45.5,-0.26444860642856977,0.26444860642856977,-19.0,-1.366273295075601,1.366273295075601,-0.24166666666666714,-0.061575400549681386,0.061575400549681386,1.0,0.3968943006740392,0.3968943006740392,17.0,0.6142568476309742,0.6142568476309742,-0.018584730903996302,-0.9326528722012938,0.9326528722012938,2.0,1.272792175090181,1.272792175090181,2.0,1.151657098371827,1.151657098371827,8.0,1.191864708484714,1.191864708484714
p04,2020-03-17,-2207.0,-0.6628001267147385,0.6628001267147385,0.0,0.07422264223761149,0.07422264223761149,424500.0,0.33150497780416804,0.33150497780416804,0.0,-0.594326562658959,0.594326562658959,40.5,0.19667946200446418,0.19667946200446418,-8.0,-0.7458934338555181,0.7458934338555181,0.9499999999999993,0.4471742422141339,0.4471742422141339,4.0,1.1147222703141677,1.1147222703141677,-24.0,-0.6287154370588861,0.6287154370588861,0.012201305775058305,0.5746150810391579,0.5746150810391579,-4.0,-1.5162828520639555,1.5162828520639555,-1.0,0.05787221599858408,0.05787221599858408,2.0,0.2453839105703825,0.2453839105703825
p04,2020-03-18,-452.0,-0.22387608470216502,0.22387608470216502,0.0,0.07422264223761149,0.07422264223761149,-450500.0,-0.1365440036543961,0.1365440036543961,4.703851,1.102163189120772,1.102163189120772,52.5,0.26102291341372474,0.26102291341372474,36.0,1.7356260110248132,1.7356260110248132,-0.6083333333333343,-0.21811375216931708,0.21811375216931708,1.0,0.3968943006740392,0.3968943006740392,12.0,0.4626748616931864,0.4626748616931864,-0.01788151036762549,-0.898223569411129,0.898223569411129,0.0,0.34310049937213544,0.34310049937213544,-1.0,0.05787221599858408,0.05787221599858408,3.0,0.4031307102227711,0.4031307102227711
p04,2020-03-19,-2867.0,-0.8278655784117748,0.8278655784117748,0.0,0.07422264223761149,0.07422264223761149,-643500.0,-0.23978223613611366,0.23978223613611366,0.63207,-0.3663643509716809,0.3663643509716809,-99.5,-0.5539941377702423,0.5539941377702423,-25.0,-1.7046623102865552,1.7046623102865552,-1.4750000000000005,-0.5881134923611826,0.5881134923611826,-1.0,-0.0816576790860465,0.0816576790860465,-23.0,-0.5983990398713286,0.5983990398713286,-0.05262534582981059,-2.599263242388577,2.599263242388577,0.0,0.34310049937213544,0.34310049937213544,-1.0,0.05787221599858408,0.05787221599858408,1.0,0.08763711091799391,0.08763711091799391
p04,2020-03-20,-1683.0,-0.5317481620340614,0.5317481620340614,0.0,0.07422264223761149,0.07422264223761149,2242500.0,1.3039770329946476,1.3039770329946476,3.828492,0.7864564261667255,0.7864564261667255,97.5,0.5023108561984518,0.5023108561984518,-15.0,-1.140680618268298,1.140680618268298,0.9249999999999989,0.4365011727855222,0.4365011727855222,6.0,1.5932742500742534,1.5932742500742534,11.0,0.4323584645056288,0.4323584645056288,0.022421826336115613,1.0750063222929467,1.0750063222929467,0.0,0.34310049937213544,0.34310049937213544,-4.0,-1.035912666374659,1.035912666374659,5.0,0.7186243095275483,0.7186243095275483
p04,2020-03-21,-8344.0,-2.197658728327937,2.197658728327937,-1.0,-1.2617849180393947,1.2617849180393947,-2340500.0,-1.1475298036048946,1.1475298036048946,0.0,-0.594326562658959,0.594326562658959,-210.5,-1.1491710633059025,1.1491710633059025,,,,-0.2916666666666661,-0.08292153940690396,0.08292153940690396,-6.0,-1.2780376284862607,1.2780376284862607,-25.0,-0.6590318342464437,0.6590318342464437,0.0029092089847607,0.11967897294464452,0.11967897294464452,0.0,0.34310049937213544,0.34310049937213544,-2.0,-0.30672274479249695,0.30672274479249695,-5.0,-0.8588436869963376,0.8588436869963376
p04,2020-03-22,-1052.0,-0.37393558624492523,0.37393558624492523,0.0,0.07422264223761149,0.07422264223761149,168500.0,0.19456721865743384,0.19456721865743384,0.0,-0.594326562658959,0.594326562658959,-4.5,-0.04460848078026288,0.04460848078026288,-17.0,-1.2534769566719495,1.2534769566719495,-1.875,-0.7588826032189666,0.7588826032189666,-4.0,-0.799485648726175,0.799485648726175,-8.0,-0.143653082057965,0.143653082057965,0.0032780452160499074,0.1377369983154269,0.1377369983154269,1.0,0.8079463372311582,0.8079463372311582,-3.0,-0.671317705583578,0.671317705583578,-3.0,-0.5433500876915605,0.5433500876915605
p04,2020-03-23,2604.0,0.5404269764889602,0.5404269764889602,1.0,1.4102302025146178,1.4102302025146178,1712500.0,1.0204730785111744,1.0204730785111744,9.720499,2.9114662304556878,2.9114662304556878,340.5,1.805265747235978,1.805265747235978,32.5,1.538232418818423,1.538232418818423,0.7416666666666671,0.3582319969757051,0.3582319969757051,6.0,1.5932742500742534,1.5932742500742534,12.0,0.4626748616931864,0.4626748616931864,-0.01692849850146559,-0.8515646162014103,0.8515646162014103,1.0,0.8079463372311582,0.8079463372311582,2.0,1.151657098371827,1.151657098371827,12.0,1.8228519070942684,1.8228519070942684
p04,2020-03-24,356.0,-0.02179595595791464,0.02179595595791464,0.0,0.07422264223761149,0.07422264223761149,1108500.0,0.6973855530243485,0.6973855530243485,0.0,-0.594326562658959,0.594326562658959,25.5,0.1162501477428885,0.1162501477428885,-7.0,-0.6894952646536924,0.6894952646536924,-1.7583333333333337,-0.7090749458854464,0.7090749458854464,-1.0,-0.0816576790860465,0.0816576790860465,-7.0,-0.11333668487040745,0.11333668487040745,-0.0423742079507789,-2.097372993559436,2.097372993559436,0.0,0.34310049937213544,0.34310049937213544,1.0,0.7870621375807462,0.7870621375807462,3.0,0.4031307102227711,0.4031307102227711
p04,2020-03-25,-955.0,-0.34967596682884566,0.34967596682884566,0.0,0.07422264223761149,0.07422264223761149,882500.0,0.5764951875276222,0.5764951875276222,6.523976,1.7586090266819707,1.7586090266819707,163.5,0.8561998389493849,0.8561998389493849,30.0,1.3972369958138589,1.3972369958138589,0.30833333333333357,0.17323212687977216,0.17323212687977216,-2.0,-0.3209336689660893,0.3209336689660893,18.0,0.6445732448185317,0.6445732448185317,-0.0234036337453781,-1.1685837878405845,1.1685837878405845,2.0,1.272792175090181,1.272792175090181,0.0,0.4224671767896651,0.4224671767896651,3.0,0.4031307102227711,0.4031307102227711
p04,2020-03-26,126.0,-0.07931876488263938,0.07931876488263938,0.0,0.07422264223761149,0.07422264223761149,812500.0,0.539051269010937,0.539051269010937,7.676882,2.174415822808243,2.174415822808243,229.5,1.2100888217003178,1.2100888217003178,31.0,1.4536351650156847,1.4536351650156847,0.34999999999999787,0.191020575927457,0.191020575927457,0.0,0.15761831079399635,0.15761831079399635,43.0,1.402483174507471,1.402483174507471,-0.010789878438200201,-0.5510210485139919,0.5510210485139919,-1.0,-0.1217453384868873,0.1217453384868873,-2.0,-0.30672274479249695,0.30672274479249695,0.0,-0.07010968873439467,0.07010968873439467
p04,2020-03-27,-2913.0,-0.8393701401967197,0.8393701401967197,0.0,0.07422264223761149,0.07422264223761149,-189500.0,0.003068321100672754,0.003068321100672754,0.0,-0.594326562658959,0.594326562658959,-25.5,-0.15720952074646885,0.15720952074646885,-15.0,-1.140680618268298,1.140680618268298,9.2,3.9692871536559324,3.9692871536559324,7.0,1.8325502399542963,1.8325502399542963,139.0,4.312857304512998,4.312857304512998,-0.01705515693533409,-0.8577657456409623,0.8577657456409623,2.0,1.272792175090181,1.272792175090181,0.0,0.4224671767896651,0.4224671767896651,12.0,1.8228519070942684,1.8228519070942684
p04,2020-03-28,3013.0,0.642717536707275,0.642717536707275,2.0,2.746237762791624,2.746237762791624,6426500.0,3.5420535340490846,3.5420535340490846,0.0,-0.594326562658959,0.594326562658959,482.5,2.5666632555788946,2.5666632555788946,-11.333333333333314,-0.933887331194936,0.933887331194936,1.299999999999999,0.5965972142146949,0.5965972142146949,6.0,1.5932742500742534,1.5932742500742534,33.0,1.0993192026318954,1.0993192026318954,-0.010428493825203194,-0.53332785040463,0.53332785040463,2.0,1.272792175090181,1.272792175090181,0.0,0.4224671767896651,0.4224671767896651,11.0,1.66510510744188,1.66510510744188
p04,2020-03-29,-2092.0,-0.6340387222523762,0.6340387222523762,0.0,0.07422264223761149,0.07422264223761149,373500.0,0.3042244085991546,0.3042244085991546,0.0,-0.594326562658959,0.594326562658959,24.5,0.11088819345878345,0.11088819345878345,-10.0,-0.8586897722591695,0.8586897722591695,0.1999999999999993,0.12698215935578855,0.12698215935578855,4.0,1.1147222703141677,1.1147222703141677,5.0,0.25046008138028336,0.25046008138028336,-0.025239398813391392,-1.258461867488857,1.258461867488857,1.0,0.8079463372311582,0.8079463372311582,-1.0,0.05787221599858408,0.05787221599858408,7.0,1.0341179088323253,1.0341179088323253
p04,2020-03-30,-852.0,-0.3239157523973385,0.3239157523973385,0.0,0.07422264223761149,0.07422264223761149,-701500.0,-0.2708071971927956,0.2708071971927956,0.0,-0.594326562658959,0.594326562658959,-37.5,-0.2215529721557294,0.2215529721557294,0.0,-0.29470808024091244,0.29470808024091244,1.8499999999999979,0.8314047416441477,0.8314047416441477,7.0,1.8325502399542963,1.8325502399542963,0.0,0.09887809544249554,0.09887809544249554,-0.0239404365478864,-1.1948653670469427,1.1948653670469427,1.0,0.8079463372311582,0.8079463372311582,2.0,1.151657098371827,1.151657098371827,13.0,1.980598706746657,1.980598706746657
p05,2020-01-11,2230.0,0.6677083209159804,0.6677083209159804,-1.0,-1.0559447722190616,1.0559447722190616,-1485000.0,-0.928333686928838,0.928333686928838,0.0,-0.2771435666186796,0.2771435666186796,-195.5,-0.9174218896745844,0.9174218896745844,,,,-0.4333333333333327,-0.49312005880250936,0.49312005880250936,-5.0,-1.1817336270132879,1.1817336270132879,-3.0,-0.07219805502428712,0.07219805502428712,-0.0006515246467145019,-0.12745636243854222,0.12745636243854222,0.0,0.46470731491166584,0.46470731491166584,2.0,1.1412027898702444,1.1412027898702444,-2.0,-0.2879140716169654,0.2879140716169654
p05,2020-01-12,-4720.0,-1.0704408169622845,1.0704408169622845,1.0,0.8336406096466276,0.8336406096466276,613000.0,0.020994292714165273,0.020994292714165273,0.0,-0.2771435666186796,0.2771435666186796,58.5,-0.08914783821572583,0.08914783821572583,-9.333333333333343,-1.2069780734459514,1.2069780734459514,0.6750000000000007,0.14008450696795208,0.14008450696795208,-1.0,-0.19625964830255954,0.19625964830255954,5.0,0.22157334128143316,0.22157334128143316,0.0253726508985046,0.9183667726924502,0.9183667726924502,0.0,0.46470731491166584,0.46470731491166584,1.0,0.6800317994432276,0.6800317994432276,1.0,0.24851530392201163,0.24851530392201163
p05,2020-01-13,2376.0,0.7042219574814806,0.7042219574814806,1.0,0.8336406096466276,0.8336406096466276,1535000.0,0.4381918128432639,0.4381918128432639,0.0,-0.2771435666186796,0.2771435666186796,214.5,0.4195559099243605,0.4195559099243605,-5.333333333333343,-0.6741315661052631,0.6741315661052631,-0.39999999999999947,-0.4740763124635482,0.4740763124635482,-1.0,-0.19625964830255954,0.19625964830255954,-33.0,-1.1738407911707383,1.1738407911707383,-0.04263301170270481,-1.814549593656112,1.814549593656112,-1.0,-0.18809581794043628,0.18809581794043628,3.0,1.602373780297261,1.602373780297261,2.0,0.42732509576833727,0.42732509576833727
p05,2020-01-14,1121.0,0.3903547390588587,0.3903547390588587,1.0,0.8336406096466276,0.8336406096466276,1536000.0,0.43864430473060567,0.43864430473060567,0.0,-0.2771435666186796,0.2771435666186796,165.5,0.2597707582649744,0.2597707582649744,-8.333333333333343,-1.0737664466107792,1.0737664466107792,0.43333333333333357,0.002017346010482776,0.002017346010482776,3.0,0.7892143304081687,0.7892143304081687,7.0,0.29501619035786325,0.29501619035786325,-0.029784429842190506,-1.2982087727912281,1.2982087727912281,0.0,0.46470731491166584,0.46470731491166584,2.0,1.1412027898702444,1.1412027898702444,6.0,1.1425642631536401,1.1425642631536401
p05,2020-01-15,-73.0,0.09174321810538409,0.09174321810538409,0.0,-0.11115208128621704,0.11115208128621704,669000.0,0.046333838405303585,0.046333838405303585,0.0,-0.2771435666186796,0.2771435666186796,215.5,0.42281683138679693,0.42281683138679693,17.166666666666657,2.323130037686109,2.323130037686109,-0.11666666666666625,-0.31220446858237766,0.31220446858237766,2.0,0.5428458357304866,0.5428458357304866,1.0,0.07468764312857301,0.07468764312857301,-0.023108355324600205,-1.0299200360271128,1.0299200360271128,0.0,0.46470731491166584,0.46470731491166584,2.0,1.1412027898702444,1.1412027898702444,5.0,0.9637544713073143,0.9637544713073143
p05,2020-01-17,-278.0,0.040474070873003615,0.040474070873003615,-1.0,-1.0559447722190616,1.0559447722190616,-1485000.0,-0.928333686928838,0.928333686928838,0.0,-0.2771435666186796,0.2771435666186796,-195.5,-0.9174218896745844,0.9174218896745844,,,,-0.7666666666666666,-0.6835575221921222,0.6835575221921222,-2.0,-0.4426281429802416,0.4426281429802416,-9.0,-0.29252660225357735,0.29252660225357735,-0.014830407004032702,-0.6972574373589808,0.6972574373589808,0.0,0.46470731491166584,0.46470731491166584,1.0,0.6800317994432276,0.6800317994432276,0.0,0.06970551207568594,0.06970551207568594
p05,2020-01-18,-2165.0,-0.43145217706603034,0.43145217706603034,-1.0,-1.0559447722190616,1.0559447722190616,-1485000.0,-0.928333686928838,0.928333686928838,0.0,-0.2771435666186796,0.2771435666186796,-195.5,-0.9174218896745844,0.9174218896745844,,,,0.125,-0.17413730762490887,0.17413730762490887,2.0,0.5428458357304866,0.5428458357304866,-31.0,-1.1003979420943082,1.1003979420943082,-0.012850640015351605,-0.6176973331269112,0.6176973331269112,0.0,0.46470731491166584,0.46470731491166584,1.0,0.6800317994432276,0.6800317994432276,4.0,0.7849446794609887,0.7849446794609887
p05,2020-01-19,2008.0,0.6121875858643293,0.6121875858643293,1.0,0.8336406096466276,0.8336406096466276,1996000.0,0.6467905729078133,0.6467905729078133,0.0,-0.2771435666186796,0.2771435666186796,303.5,0.7097779200812047,0.7097779200812047,-0.8333333333333428,-0.07467924534698875,0.07467924534698875,0.2666666666666666,-0.09320138568432362,0.09320138568432362,0.0,0.050108846375122515,0.050108846375122515,-20.0,-0.6964622721739427,0.6964622721739427,0.019999044858136,0.7024198157434318,0.7024198157434318,-1.0,-0.18809581794043628,0.18809581794043628,0.0,0.21886080901621077,0.21886080901621077,0.0,0.06970551207568594,0.06970551207568594
p05,2020-01-20,944.0,0.34608820705821797,0.34608820705821797,2.0,1.7784333005794721,1.7784333005794721,3276000.0,1.2259801887052606,1.2259801887052606,0.0,-0.2771435666186796,0.2771435666186796,435.5,1.140219553122816,1.140219553122816,-0.1666666666666572,0.014128505876461831,0.014128505876461831,-0.708333333333333,-0.6502309660989398,0.6502309660989398,-1.0,-0.19625964830255954,0.19625964830255954,0.0,0.03796621859035798,0.03796621859035798,-0.011493033078286405,-0.5631397260768793,0.5631397260768793,0.0,0.46470731491166584,0.46470731491166584,2.0,1.1412027898702444,1.1412027898702444,2.0,0.42732509576833727,0.42732509576833727
p05,2020-01-21,-240.0,0.049977620116079015,0.049977620116079015,-1.0,-1.0559447722190616,1.0559447722190616,-1485000.0,-0.928333686928838,0.928333686928838,0.0,-0.2771435666186796,0.2771435666186796,-195.5,-0.9174218896745844,0.9174218896745844,,,,,,,,,,,,,,,,,,,,,,,,
p05,2020-01-22,2320.0,0.6902167270180011,0.6902167270180011,1.0,0.8336406096466276,0.8336406096466276,1791000.0,0.5540297360027534,0.5540297360027534,0.0,-0.2771435666186796,0.2771435666186796,278.5,0.6282548835202934,0.6282548835202934,4.166666666666657,0.5913788888288717,0.5913788888288717,,,,,,,,,,,,,,,,,,,,,
p05,2020-01-23,-2175.0,-0.433953111077366,0.433953111077366,0.0,-0.11115208128621704,0.11115208128621704,-154000.0,-0.3260669848769613,0.3260669848769613,0.0,-0.2771435666186796,0.2771435666186796,-36.5,-0.3989353771471887,0.3989353771471887,-3.833333333333343,-0.474314125852505,0.474314125852505,0.9916666666666671,0.32100009718808376,0.32100009718808376,2.0,0.5428458357304866,0.5428458357304866,-22.0,-0.7699051212503728,0.7699051212503728,-0.026001705029838104,-1.146193923532384,1.146193923532384,0.0,0.46470731491166584,0.46470731491166584,2.0,1.1412027898702444,1.1412027898702444,5.0,0.9637544713073143,0.9637544713073143
p05,2020-01-24,5109.0,1.3877272227795092,1.3877272227795092,1.0,0.8336406096466276,0.8336406096466276,3174000.0,1.1798260161964014,1.1798260161964014,0.0,-0.2771435666186796,0.2771435666186796,485.5,1.3032656262446387,1.3032656262446387,0.1666666666666572,0.058532381488183335,0.058532381488183335,0.8000000000000007,0.21149855573905674,0.21149855573905674,3.0,0.7892143304081687,0.7892143304081687,7.0,0.29501619035786325,0.29501619035786325,-0.019646280226089004,-0.8907910085852009,0.8907910085852009,-1.0,-0.18809581794043628,0.18809581794043628,1.0,0.6800317994432276,0.6800317994432276,4.0,0.7849446794609887,0.7849446794609887
p05,2020-01-25,3722.0,1.0408476754072569,1.0408476754072569,1.0,0.8336406096466276,0.8336406096466276,2673000.0,0.9531275806381819,0.9531275806381819,2.750007,2.233039440939374,2.233039440939374,374.5,0.9413033439141927,0.9413033439141927,-1.8333333333333428,-0.20789087218216082,0.20789087218216082,-0.7583333333333329,-0.6787965856073817,0.6787965856073817,-1.0,-0.19625964830255954,0.19625964830255954,11.0,0.4419018885107234,0.4419018885107234,-0.010535933323980902,-0.5246771410108649,0.5246771410108649,0.0,0.46470731491166584,0.46470731491166584,2.0,1.1412027898702444,1.1412027898702444,2.0,0.42732509576833727,0.42732509576833727
p05,2020-01-26,-1453.0,-0.25338567545893326,0.25338567545893326,0.0,-0.11115208128621704,0.11115208128621704,3072000.0,1.1336718436875424,1.1336718436875424,0.0,-0.2771435666186796,0.2771435666186796,398.5,1.0195654590126675,1.0195654590126675,-3.833333333333343,-0.474314125852505,0.474314125852505,0.05833333333333357,-0.21222480030283122,0.21222480030283122,2.0,0.5428458357304866,0.5428458357304866,-18.0,-0.6230194230975127,0.6230194230975127,-0.009305487999414302,-0.47522972682825054,0.47522972682825054,-1.0,-0.18809581794043628,0.18809581794043628,0.0,0.21886080901621077,0.21886080901621077,2.0,0.42732509576833727,0.42732509576833727
p05,2020-01-27,-1710.0,-0.31765967955025903,0.31765967955025903,0.0,-0.11115208128621704,0.11115208128621704,-256000.0,-0.37222115738582034,0.37222115738582034,0.0,-0.2771435666186796,0.2771435666186796,-38.5,-0.4054572200720616,0.4054572200720616,-2.833333333333343,-0.3411024990173329,0.3411024990173329,-0.04999999999999982,-0.27411697590445533,0.27411697590445533,1.0,0.2964773410528046,0.2964773410528046,7.0,0.29501619035786325,0.29501619035786325,-0.013908264227957406,-0.6601996543972212,0.6601996543972212,0.0,0.46470731491166584,0.46470731491166584,1.0,0.6800317994432276,0.6800317994432276,3.0,0.6061348876146629,0.6061348876146629
p05,2020-01-28,-620.0,-0.04505787231467504,0.04505787231467504,0.0,-0.11115208128621704,0.11115208128621704,-307000.0,-0.39529824364024985,0.39529824364024985,0.0,-0.2771435666186796,0.2771435666186796,-23.5,-0.35654339813551483,0.35654339813551483,2.166666666666657,0.3249556351585275,0.3249556351585275,0.2833333333333341,-0.08367951251484253,0.08367951251484253,1.0,0.2964773410528046,0.2964773410528046,27.0,1.029444681122164,1.029444681122164,-0.027773131689733305,-1.2173815382903301,1.2173815382903301,-1.0,-0.18809581794043628,0.18809581794043628,0.0,0.21886080901621077,0.21886080901621077,1.0,0.24851530392201163,0.24851530392201163
p05,2020-01-29,-1251.0,-0.2028668084299535,0.2028668084299535,0.0,-0.11115208128621704,0.11115208128621704,-410000.0,-0.4419049080364507,0.4419049080364507,0.0,-0.2771435666186796,0.2771435666186796,-30.5,-0.37936984837257,0.37936984837257,8.166666666666657,1.1242253961695599,1.1242253961695599,-0.3083333333333327,-0.4217060100314047,0.4217060100314047,0.0,0.050108846375122515,0.050108846375122515,-5.0,-0.1456409041007172,0.1456409041007172,-0.003812231628639612,-0.25447442990137853,0.25447442990137853,0.0,0.46470731491166584,0.46470731491166584,2.0,1.1412027898702444,1.1412027898702444,3.0,0.6061348876146629,0.6061348876146629
p05,2020-01-30,7112.0,1.8886643052500365,1.8886643052500365,-1.0,-1.0559447722190616,1.0559447722190616,-1485000.0,-0.928333686928838,0.928333686928838,0.0,-0.2771435666186796,0.2771435666186796,-195.5,-0.9174218896745844,0.9174218896745844,,,,,,,,,,,,,,,,,,,,,,,,
p05,2020-01-31,1507.0,0.4868907918964141,0.4868907918964141,0.0,-0.11115208128621704,0.11115208128621704,103000.0,-0.20977656983013007,0.20977656983013007,0.0,-0.2771435666186796,0.2771435666186796,-0.5,-0.2815422044994764,0.2815422044994764,-0.8333333333333428,-0.07467924534698875,0.07467924534698875,,,,,,,,,,,,,,,,,,,,,
p05,2020-02-01,-3536.0,-0.7743302300201457,0.7743302300201457,0.0,-0.11115208128621704,0.11115208128621704,665000.0,0.044523870855936565,0.044523870855936565,0.0,-0.2771435666186796,0.2771435666186796,47.5,-0.12501797430252679,0.12501797430252679,-8.833333333333343,-1.1403722600283654,1.1403722600283654,,,,,,,,,,,,,,,,,,,,,
p05,2020-02-02,-209.0,0.05773051555121948,0.05773051555121948,-1.0,-1.0559447722190616,1.0559447722190616,-1485000.0,-0.928333686928838,0.928333686928838,0.0,-0.2771435666186796,0.2771435666186796,-195.5,-0.9174218896745844,0.9174218896745844,,,,1.125,0.39717508254392847,0.39717508254392847,11.0,2.7601622878296252,2.7601622878296252,44.0,1.6537088982718195,1.6537088982718195,-0.025783378038384007,-1.1374201040394476,1.1374201040394476,2.0,1.77031358061587,1.77031358061587,0.0,0.21886080901621077,0.21886080901621077,14.0,2.5730425979242453,2.5730425979242453
p05,2020-02-03,-565.0,-0.03130273525232906,0.03130273525232906,0.0,-0.11115208128621704,0.11115208128621704,1126000.0,0.25312263092048587,0.25312263092048587,0.0,-0.2771435666186796,0.2771435666186796,153.5,0.220639700715737,0.220639700715737,-3.833333333333343,-0.474314125852505,0.474314125852505,-1.875,-1.3167620879625836,1.3167620879625836,2.0,0.5428458357304866,0.5428458357304866,-44.0,-1.5777764610911036,1.5777764610911036,-0.030901015900993208,-1.3430805701948207,1.3430805701948207,-1.0,-0.18809581794043628,0.18809581794043628,2.0,1.1412027898702444,1.1412027898702444,4.0,0.7849446794609887,0.7849446794609887
p05,2020-02-04,-994.0,-0.13859280433862772,0.13859280433862772,2.0,1.7784333005794721,1.7784333005794721,2868000.0,1.0413634986698241,1.0413634986698241,0.0,-0.2771435666186796,0.2771435666186796,443.5,1.1663069248223077,1.1663069248223077,4.166666666666657,0.5913788888288717,0.5913788888288717,1.9333333333333336,0.8589859312637388,0.8589859312637388,11.0,2.7601622878296252,2.7601622878296252,14.0,0.5520661621253685,0.5520661621253685,-0.029083841464718103,-1.2700545078427994,1.2700545078427994,0.0,0.46470731491166584,0.46470731491166584,1.0,0.6800317994432276,0.6800317994432276,13.0,2.3942328060779197,2.3942328060779197
p05,2020-02-05,1058.0,0.3745988547874442,0.3745988547874442,1.0,0.8336406096466276,0.8336406096466276,870000.0,0.13728470776099647,0.13728470776099647,0.0,-0.2771435666186796,0.2771435666186796,71.5,-0.046755859204051974,0.046755859204051974,-12.333333333333343,-1.6066129539514677,1.6066129539514677,0.5833333333333339,0.08771420453580858,0.08771420453580858,6.0,1.528319814441215,1.528319814441215,9.0,0.3684590394342933,0.3684590394342933,-0.021344050663743806,-0.959018630196332,0.959018630196332,-1.0,-0.18809581794043628,0.18809581794043628,1.0,0.6800317994432276,0.6800317994432276,7.0,1.3213740549999657,1.3213740549999657
p05,2020-02-06,-2381.0,-0.48547235171088005,0.48547235171088005,0.0,-0.11115208128621704,0.11115208128621704,-564000.0,-0.511588658687081,0.511588658687081,0.0,-0.2771435666186796,0.2771435666186796,-121.5,-0.676113701454287,0.676113701454287,-3.833333333333343,-0.474314125852505,0.474314125852505,3.1416666666666675,1.5493217360510843,1.5493217360510843,0.0,0.050108846375122515,0.050108846375122515,37.0,1.3966589265043143,1.3966589265043143,0.0076841353155382985,0.20752547089414247,0.20752547089414247,0.0,0.46470731491166584,0.46470731491166584,0.0,0.21886080901621077,0.21886080901621077,1.0,0.24851530392201163,0.24851530392201163
p05,2020-02-08,,,,-1.0,-1.0559447722190616,1.0559447722190616,-1485000.0,-0.928333686928838,0.928333686928838,0.0,-0.2771435666186796,0.2771435666186796,-195.5,-0.9174218896745844,0.9174218896745844,,,,,,,,,,,,,,,,,,,,,,,,
p05,2020-02-09,-11931.0,-2.8738643325364097,2.8738643325364097,-1.0,-1.0559447722190616,1.0559447722190616,-1485000.0,-0.928333686928838,0.928333686928838,0.0,-0.2771435666186796,0.2771435666186796,-195.5,-0.9174218896745844,0.9174218896745844,,,,,,,,,,,,,,,,,,,,,,,,
p05,2020-02-11,-360.0,0.019966411980051422,0.019966411980051422,-1.0,-1.0559447722190616,1.0559447722190616,-1485000.0,-0.928333686928838,0.928333686928838,0.0,-0.2771435666186796,0.2771435666186796,-195.5,-0.9174218896745844,0.9174218896745844,,,,,,,,,,,,,,,,,,,,,,,,
p05,2020-02-12,-67.0,0.09324377851218547,0.09324377851218547,-1.0,-1.0559447722190616,1.0559447722190616,-1485000.0,-0.928333686928838,0.928333686928838,0.0,-0.2771435666186796,0.2771435666186796,-195.5,-0.9174218896745844,0.9174218896745844,,,,,,,,,,,,,,,,,,,,,,,,
p05,2020-02-14,-1721.0,-0.3204107069627282,0.3204107069627282,-1.0,-1.0559447722190616,1.0559447722190616,-1485000.0,-0.928333686928838,0.928333686928838,0.0,-0.2771435666186796,0.2771435666186796,-195.5,-0.9174218896745844,0.9174218896745844,,,,,,,,,,,,,,,,,,,,,,,,
p05,2020-02-15,2974.0,0.8537778113593515,0.8537778113593515,2.0,1.7784333005794721,1.7784333005794721,3328000.0,1.2495097668470319,1.2495097668470319,0.0,-0.2771435666186796,0.2771435666186796,453.5,1.1989161394466723,1.1989161394466723,-2.833333333333343,-0.3411024990173329,0.3411024990173329,-0.9666666666666659,-0.7978200002258892,0.7978200002258892,2.0,0.5428458357304866,0.5428458357304866,-28.0,-0.9902336684796631,0.9902336684796631,0.008260575594555591,0.2306906458588648,0.2306906458588648,0.0,0.46470731491166584,0.46470731491166584,-3.0,-1.1646521622648396,1.1646521622648396,0.0,0.06970551207568594,0.06970551207568594
p05,2020-02-16,-1306.0,-0.21662194549229946,0.21662194549229946,-1.0,-1.0559447722190616,1.0559447722190616,-1485000.0,-0.928333686928838,0.928333686928838,0.0,-0.2771435666186796,0.2771435666186796,-195.5,-0.9174218896745844,0.9174218896745844,,,,-1.4249999999999998,-1.0596715123866067,1.0596715123866067,2.0,0.5428458357304866,0.5428458357304866,-11.0,-0.3659694513300074,0.3659694513300074,-0.010116421150400005,-0.507818373061131,0.507818373061131,0.0,0.46470731491166584,0.46470731491166584,-3.0,-1.1646521622648396,1.1646521622648396,0.0,0.06970551207568594,0.06970551207568594
p05,2020-02-17,330.0,0.1925308587622101,0.1925308587622101,1.0,0.8336406096466276,0.8336406096466276,767000.0,0.09067804336479564,0.09067804336479564,0.0,-0.2771435666186796,0.2771435666186796,52.5,-0.10871336699034455,0.10871336699034455,-15.333333333333343,-2.006247834456984,2.006247834456984,0.4083333333333341,-0.012265463743737853,0.012265463743737853,7.0,1.774688309118897,1.774688309118897,28.0,1.066166105660379,1.066166105660379,-0.018026164349358102,-0.8256840597585559,0.8256840597585559,1.0,1.1175104477637678,1.1175104477637678,-2.0,-0.7034811718378228,0.7034811718378228,7.0,1.3213740549999657,1.3213740549999657
p05,2020-02-19,290.0,0.18252712271686758,0.18252712271686758,2.0,1.7784333005794721,1.7784333005794721,1944000.0,0.6232609947660419,0.6232609947660419,0.0,-0.2771435666186796,0.2771435666186796,300.5,0.6999951556938953,0.6999951556938953,1.1666666666666572,0.19174400832335542,0.19174400832335542,0.5666666666666673,0.078192331366328,0.078192331366328,6.0,1.528319814441215,1.528319814441215,20.0,0.7723947093546587,0.7723947093546587,-0.028712227202652006,-1.2551205941079315,1.2551205941079315,0.0,0.46470731491166584,0.46470731491166584,-2.0,-0.7034811718378228,0.7034811718378228,5.0,0.9637544713073143,0.9637544713073143
p05,2020-02-21,-12638.0,-3.050680367137839,3.050680367137839,-1.0,-1.0559447722190616,1.0559447722190616,-1485000.0,-0.928333686928838,0.928333686928838,0.0,-0.2771435666186796,0.2771435666186796,-195.5,-0.9174218896745844,0.9174218896745844,,,,,,,,,,,,,,,,,,,,,,,,
p05,2020-02-22,,,,-1.0,-1.0559447722190616,1.0559447722190616,-1485000.0,-0.928333686928838,0.928333686928838,0.0,-0.2771435666186796,0.2771435666186796,-195.5,-0.9174218896745844,0.9174218896745844,,,,,,,,,,,,,,,,,,,,,,,,
p05,2020-02-23,,,,-1.0,-1.0559447722190616,1.0559447722190616,-1485000.0,-0.928333686928838,0.928333686928838,0.0,-0.2771435666186796,0.2771435666186796,-195.5,-0.9174218896745844,0.9174218896745844,,,,,,,,,,,,,,,,,,,,,,,,
p05,2020-02-25,,,,-1.0,-1.0559447722190616,1.0559447722190616,-1485000.0,-0.928333686928838,0.928333686928838,0.0,-0.2771435666186796,0.2771435666186796,-195.5,-0.9174218896745844,0.9174218896745844,,,,,,,,,,,,,,,,,,,,,,,,
p05,2020-02-27,,,,-1.0,-1.0559447722190616,1.0559447722190616,-1485000.0,-0.928333686928838,0.928333686928838,0.0,-0.2771435666186796,0.2771435666186796,-195.5,-0.9174218896745844,0.9174218896745844,,,,,,,,,,,,,,,,,,,,,,,,
p05,2020-02-28,-11605.0,-2.792333883766868,2.792333883766868,-1.0,-1.0559447722190616,1.0559447722190616,-1485000.0,-0.928333686928838,0.928333686928838,0.0,-0.2771435666186796,0.2771435666186796,-195.5,-0.9174218896745844,0.9174218896745844,,,,,,,,,,,,,,,,,,,,,,,,
p05,2020-02-29,-4938.0,-1.1249611784094014,1.1249611784094014,-1.0,-1.0559447722190616,1.0559447722190616,-1485000.0,-0.928333686928838,0.928333686928838,0.0,-0.2771435666186796,0.2771435666186796,-195.5,-0.9174218896745844,0.9174218896745844,,,,,,,,,,,,,,,,,,,,,,,,
p05,2020-03-01,-16.0,0.1059985419699972,0.1059985419699972,-1.0,-1.0559447722190616,1.0559447722190616,-1485000.0,-0.928333686928838,0.928333686928838,0.0,-0.2771435666186796,0.2771435666186796,-195.5,-0.9174218896745844,0.9174218896745844,,,,,,,,,,,,,,,,,,,,,,,,
p05,2020-03-03,-678.0,-0.05956328958042171,0.05956328958042171,-1.0,-1.0559447722190616,1.0559447722190616,-1485000.0,-0.928333686928838,0.928333686928838,0.0,-0.2771435666186796,0.2771435666186796,-195.5,-0.9174218896745844,0.9174218896745844,,,,,,,,,,,,,,,,,,,,,,,,
p05,2020-03-04,329.0,0.19228076536107655,0.19228076536107655,-1.0,-1.0559447722190616,1.0559447722190616,-1485000.0,-0.928333686928838,0.928333686928838,0.0,-0.2771435666186796,0.2771435666186796,-195.5,-0.9174218896745844,0.9174218896745844,,,,,,,,,,,,,,,,,,,,,,,,
p05,2020-03-05,-10031.0,-2.3986868703826394,2.3986868703826394,-1.0,-1.0559447722190616,1.0559447722190616,-1485000.0,-0.928333686928838,0.928333686928838,0.0,-0.2771435666186796,0.2771435666186796,-195.5,-0.9174218896745844,0.9174218896745844,,,,-5.475,-3.3734866925703977,3.3734866925703977,,,,-71.0,-2.5692549236229096,2.5692549236229096,,,,,,,,,,,,
p05,2020-03-06,-9231.0,-2.198612149475789,2.198612149475789,-1.0,-1.0559447722190616,1.0559447722190616,-1485000.0,-0.928333686928838,0.928333686928838,0.0,-0.2771435666186796,0.2771435666186796,-195.5,-0.9174218896745844,0.9174218896745844,,,,2.0999999999999996,0.9542046629585447,0.9542046629585447,1.0,0.2964773410528046,0.2964773410528046,-43.0,-1.5410550365528886,1.5410550365528886,0.020455912085371494,0.72077975629547,0.72077975629547,-8.0,-4.757717747905151,4.757717747905151,-10.0,-4.392849095253957,4.392849095253957,-16.0,-2.791251157465525,2.791251157465525
p05,2020-03-07,-3499.0,-0.7650767741782039,0.7650767741782039,1.0,0.8336406096466276,0.8336406096466276,1229000.0,0.29972929531668674,0.29972929531668674,0.0,-0.2771435666186796,0.2771435666186796,165.5,0.2597707582649744,0.2597707582649744,-3.333333333333343,-0.40770831243491895,0.40770831243491895,6.191666666666666,3.2918245260660375,3.2918245260660375,3.0,0.7892143304081687,0.7892143304081687,-41.0,-1.4676121874764585,1.4676121874764585,0.029812051512225893,1.096771189765228,1.096771189765228,-2.0,-0.8408989507925384,0.8408989507925384,-8.0,-3.4705071143999233,3.4705071143999233,-6.0,-1.0031532390022682,1.0031532390022682
p05,2020-03-08,-3797.0,-0.8396046077160056,0.8396046077160056,0.0,-0.11115208128621704,0.11115208128621704,-512000.0,-0.4880590805453098,0.4880590805453098,0.0,-0.2771435666186796,0.2771435666186796,-63.5,-0.48698025663297284,0.48698025663297284,-0.8333333333333428,-0.07467924534698875,0.07467924534698875,-0.5999999999999996,-0.5883387904973157,0.5883387904973157,3.0,0.7892143304081687,0.7892143304081687,9.0,0.3684590394342933,0.3684590394342933,0.022458147138453996,0.8012427756462827,0.8012427756462827,-2.0,-0.8408989507925384,0.8408989507925384,-1.0,-0.242310181410806,0.242310181410806,1.0,0.24851530392201163,0.24851530392201163
p05,2020-03-09,-3038.0,-0.6497837162556311,0.6497837162556311,-1.0,-1.0559447722190616,1.0559447722190616,-1485000.0,-0.928333686928838,0.928333686928838,0.0,-0.2771435666186796,0.2771435666186796,-195.5,-0.9174218896745844,0.9174218896745844,,,,3.3000000000000007,1.63977953116115,1.63977953116115,10.0,2.5137937931519434,2.5137937931519434,18.0,0.6989518602782286,0.6989518602782286,0.001174425904286791,-0.05407761787373498,0.05407761787373498,-3.0,-1.4937020836446404,1.4937020836446404,0.0,0.21886080901621077,0.21886080901621077,8.0,1.5001838468462914,1.5001838468462914
p05,2020-03-10,-6612.0,-1.5436175319069865,1.5436175319069865,-1.0,-1.0559447722190616,1.0559447722190616,-1485000.0,-0.928333686928838,0.928333686928838,0.0,-0.2771435666186796,0.2771435666186796,-195.5,-0.9174218896745844,0.9174218896745844,,,,2.341666666666667,1.092271823916014,1.092271823916014,10.0,2.5137937931519434,2.5137937931519434,-18.0,-0.6230194230975127,0.6230194230975127,-0.005362623640063208,-0.31677941363666323,0.31677941363666323,0.0,0.46470731491166584,0.46470731491166584,1.0,0.6800317994432276,0.6800317994432276,12.0,2.215423014231594,2.215423014231594
p05,2020-03-11,-6215.0,-1.4443304516569617,1.4443304516569617,-1.0,-1.0559447722190616,1.0559447722190616,-1485000.0,-0.928333686928838,0.928333686928838,0.0,-0.2771435666186796,0.2771435666186796,-195.5,-0.9174218896745844,0.9174218896745844,,,,-0.19166666666666643,-0.35505289784504057,0.35505289784504057,1.0,0.2964773410528046,0.2964773410528046,-36.0,-1.2840050647853833,1.2840050647853833,0.006958042147903201,0.17834625514323912,0.17834625514323912,-5.0,-2.7993083493488444,2.7993083493488444,0.0,0.21886080901621077,0.21886080901621077,-3.0,-0.4667238634632911,0.4667238634632911
p05,2020-03-12,-765.0,-0.08132141547904172,0.08132141547904172,1.0,0.8336406096466276,0.8336406096466276,564000.0,-0.0011778097655807524,0.0011778097655807524,0.0,-0.2771435666186796,0.2771435666186796,107.5,0.07063731344366025,0.07063731344366025,1.6666666666666572,0.25834982174094145,0.25834982174094145,-0.22499999999999964,-0.37409664418400174,0.37409664418400174,2.0,0.5428458357304866,0.5428458357304866,-19.0,-0.6597408476357277,0.6597408476357277,-0.032349721049695905,-1.4012991046442245,1.4012991046442245,-4.0,-2.1465052164967426,2.1465052164967426,2.0,1.1412027898702444,1.1412027898702444,1.0,0.24851530392201163,0.24851530392201163
p05,2020-03-13,-966.0,-0.13159018910688794,0.13159018910688794,0.0,-0.11115208128621704,0.11115208128621704,870000.0,0.13728470776099647,0.13728470776099647,0.0,-0.2771435666186796,0.2771435666186796,111.5,0.08368099929340606,0.08368099929340606,-6.833333333333343,-0.8739490063580212,0.8739490063580212,0.3166666666666673,-0.06463576617588135,0.06463576617588135,7.0,1.774688309118897,1.774688309118897,-19.0,-0.6597408476357277,0.6597408476357277,-0.021803147122840205,-0.9774681559976571,0.9774681559976571,0.0,0.46470731491166584,0.46470731491166584,0.0,0.21886080901621077,0.21886080901621077,8.0,1.5001838468462914,1.5001838468462914
p05,2020-03-15,-3809.0,-0.8426057285296085,0.8426057285296085,-1.0,-1.0559447722190616,1.0559447722190616,-1485000.0,-0.928333686928838,0.928333686928838,0.0,-0.2771435666186796,0.2771435666186796,-195.5,-0.9174218896745844,0.9174218896745844,,,,-0.2333333333333334,-0.3788575807687423,0.3788575807687423,4.0,1.0355828250858508,1.0355828250858508,-5.0,-0.1456409041007172,0.1456409041007172,-0.023271796858499005,-1.0364881955868905,1.0364881955868905,-4.0,-2.1465052164967426,2.1465052164967426,-8.0,-3.4705071143999233,3.4705071143999233,-7.0,-1.1819630308485938,1.1819630308485938
p05,2020-03-16,-1170.0,-0.18260924293813485,0.18260924293813485,0.0,-0.11115208128621704,0.11115208128621704,2560000.0,0.9019959973685634,0.9019959973685634,0.0,-0.2771435666186796,0.2771435666186796,287.5,0.6576031766822215,0.6576031766822215,-7.833333333333343,-1.0071606331931933,1.0071606331931933,0.16666666666666696,-0.15033262470120715,0.15033262470120715,6.0,1.528319814441215,1.528319814441215,-26.0,-0.9167908194032329,0.9167908194032329,-0.014996840437452606,-0.7039458311883022,0.7039458311883022,-2.0,-0.8408989507925384,0.8408989507925384,2.0,1.1412027898702444,1.1412027898702444,7.0,1.3213740549999657,1.3213740549999657
p05,2020-03-17,1367.0,0.45187771573771524,0.45187771573771524,0.0,-0.11115208128621704,0.11115208128621704,3635000.0,1.3884247762609507,1.3884247762609507,0.0,-0.2771435666186796,0.2771435666186796,521.5,1.420658798892351,1.420658798892351,0.1666666666666572,0.058532381488183335,0.058532381488183335,0.666666666666667,0.13532357038321152,0.13532357038321152,7.0,1.774688309118897,1.774688309118897,-1.0,0.0012447940521429445,0.0012447940521429445,-0.005773447856146807,-0.33328904211291344,0.33328904211291344,0.0,0.46470731491166584,0.46470731491166584,1.0,0.6800317994432276,0.6800317994432276,9.0,1.678993638692617,1.678993638692617
p05,2020-03-18,4124.0,1.1413852226629493,1.1413852226629493,0.0,-0.11115208128621704,0.11115208128621704,5581000.0,2.268973989028007,2.268973989028007,0.0,-0.2771435666186796,0.2771435666186796,722.5,2.0761040128420776,2.0761040128420776,-3.833333333333343,-0.474314125852505,0.474314125852505,-0.13333333333333286,-0.32172634175185827,0.32172634175185827,7.0,1.774688309118897,1.774688309118897,1.0,0.07468764312857301,0.07468764312857301,-0.040678257741070104,-1.7359946779388264,1.7359946779388264,0.0,0.46470731491166584,0.46470731491166584,3.0,1.602373780297261,1.602373780297261,11.0,2.0366132223852684,2.0366132223852684
p05,2020-03-19,-4764.0,-1.0814449266121613,1.0814449266121613,-1.0,-1.0559447722190616,1.0559447722190616,-1485000.0,-0.928333686928838,0.928333686928838,0.0,-0.2771435666186796,0.2771435666186796,-195.5,-0.9174218896745844,0.9174218896745844,,,,-0.09999999999999964,-0.3026825954128971,0.3026825954128971,7.0,1.774688309118897,1.774688309118897,17.0,0.6622304357400136,0.6622304357400136,-0.025176421682555503,-1.1130285916998046,1.1130285916998046,-2.0,-0.8408989507925384,0.8408989507925384,2.0,1.1412027898702444,1.1412027898702444,8.0,1.5001838468462914,1.5001838468462914
p05,2020-03-20,-3826.0,-0.8468573163488791,0.8468573163488791,-1.0,-1.0559447722190616,1.0559447722190616,-1485000.0,-0.928333686928838,0.928333686928838,0.0,-0.2771435666186796,0.2771435666186796,-195.5,-0.9174218896745844,0.9174218896745844,,,,0.5833333333333339,0.08771420453580858,0.08771420453580858,6.0,1.528319814441215,1.528319814441215,3.0,0.1481304922050031,0.1481304922050031,0.0004486920626373958,-0.0832423935349514,0.0832423935349514,0.0,0.46470731491166584,0.46470731491166584,2.0,1.1412027898702444,1.1412027898702444,9.0,1.678993638692617,1.678993638692617
p05,2020-03-21,-4648.0,-1.052434092080668,1.052434092080668,1.0,0.8336406096466276,0.8336406096466276,615000.0,0.021899276488848783,0.021899276488848783,0.0,-0.2771435666186796,0.2771435666186796,44.5,-0.13480073868983614,0.13480073868983614,-8.333333333333343,-1.0737664466107792,1.0737664466107792,-0.2166666666666659,-0.3693357075992612,0.3693357075992612,4.0,1.0355828250858508,1.0355828250858508,25.0,0.9560018320457339,0.9560018320457339,-0.010136677391854407,-0.5086324025356479,0.5086324025356479,0.0,0.46470731491166584,0.46470731491166584,1.0,0.6800317994432276,0.6800317994432276,6.0,1.1425642631536401,1.1425642631536401
p05,2020-03-22,1629.0,0.5174021868347088,0.5174021868347088,1.0,0.8336406096466276,0.8336406096466276,3481000.0,1.3187410256103205,1.3187410256103205,0.0,-0.2771435666186796,0.2771435666186796,494.5,1.3326139194065667,1.3326139194065667,1.1666666666666572,0.19174400832335542,0.19174400832335542,0.3333333333333339,-0.05511389300640076,0.05511389300640076,7.0,1.774688309118897,1.774688309118897,16.0,0.6255090112017986,0.6255090112017986,-0.029101667454535907,-1.2707708737666947,1.2707708737666947,1.0,1.1175104477637678,1.1175104477637678,2.0,1.1412027898702444,1.1412027898702444,11.0,2.0366132223852684,2.0366132223852684
p05,2020-03-23,-4518.0,-1.0199219499333048,1.0199219499333048,0.0,-0.11115208128621704,0.11115208128621704,-52000.0,-0.27991281236810217,0.27991281236810217,0.0,-0.2771435666186796,0.2771435666186796,-14.5,-0.3271951049735867,0.3271951049735867,-0.8333333333333428,-0.07467924534698875,0.07467924534698875,0.9833333333333334,0.31623916060334323,0.31623916060334323,7.0,1.774688309118897,1.774688309118897,23.0,0.8825589829693038,0.8825589829693038,-0.011534526854220004,-0.5648072198562653,0.5648072198562653,-1.0,-0.18809581794043628,0.18809581794043628,1.0,0.6800317994432276,0.6800317994432276,8.0,1.5001838468462914,1.5001838468462914
p05,2020-03-24,-6358.0,-1.4800938080190613,1.4800938080190613,0.0,-0.11115208128621704,0.11115208128621704,-256000.0,-0.37222115738582034,0.37222115738582034,0.0,-0.2771435666186796,0.2771435666186796,-47.5,-0.43480551323398964,0.43480551323398964,-1.8333333333333428,-0.20789087218216082,0.20789087218216082,0.05833333333333357,-0.21222480030283122,0.21222480030283122,2.0,0.5428458357304866,0.5428458357304866,-12.0,-0.40269087586822244,0.40269087586822244,0.009099419976045894,0.2644009495498639,0.2644009495498639,-3.0,-1.4937020836446404,1.4937020836446404,0.0,0.21886080901621077,0.21886080901621077,0.0,0.06970551207568594,0.06970551207568594
p05,2020-03-25,-7703.0,-1.8164694325437039,1.8164694325437039,-1.0,-1.0559447722190616,1.0559447722190616,-1485000.0,-0.928333686928838,0.928333686928838,0.0,-0.2771435666186796,0.2771435666186796,-195.5,-0.9174218896745844,0.9174218896745844,,,,1.1166666666666671,0.39241414595918844,0.39241414595918844,10.0,2.5137937931519434,2.5137937931519434,8.0,0.3317376148960783,0.3317376148960783,-0.004167041973394611,-0.2687330513314338,0.2687330513314338,0.0,0.46470731491166584,0.46470731491166584,0.0,0.21886080901621077,0.21886080901621077,11.0,2.0366132223852684,2.0366132223852684
p05,2020-03-27,-4999.0,-1.1402168758785487,1.1402168758785487,-1.0,-1.0559447722190616,1.0559447722190616,-1485000.0,-0.928333686928838,0.928333686928838,0.0,-0.2771435666186796,0.2771435666186796,-195.5,-0.9174218896745844,0.9174218896745844,,,,1.1333333333333337,0.40193601912866905,0.40193601912866905,10.0,2.5137937931519434,2.5137937931519434,17.0,0.6622304357400136,0.6622304357400136,-0.023972498806755005,-1.064647024558981,1.064647024558981,1.0,1.1175104477637678,1.1175104477637678,1.0,0.6800317994432276,0.6800317994432276,13.0,2.3942328060779197,2.3942328060779197
p05,2020-03-28,-1227.0,-0.19686456680274797,0.19686456680274797,1.0,0.8336406096466276,0.8336406096466276,1178000.0,0.2766522090622572,0.2766522090622572,0.0,-0.2771435666186796,0.2771435666186796,166.5,0.26303167972741087,0.26303167972741087,1.1666666666666572,0.19174400832335542,0.19174400832335542,0.08333333333333393,-0.1979419905486101,0.1979419905486101,8.0,2.0210568037965793,2.0210568037965793,8.0,0.3317376148960783,0.3317376148960783,-0.024614643085021107,-1.0904526198653828,1.0904526198653828,0.0,0.46470731491166584,0.46470731491166584,0.0,0.21886080901621077,0.21886080901621077,9.0,1.678993638692617,1.678993638692617
p05,2020-03-29,-3614.0,-0.7938375153085636,0.7938375153085636,0.0,-0.11115208128621704,0.11115208128621704,1740000.0,0.5309526497483238,0.5309526497483238,0.0,-0.2771435666186796,0.2771435666186796,233.5,0.48151341771065304,0.48151341771065304,-4.833333333333343,-0.6075257526876771,0.6075257526876771,-0.3249999999999993,-0.4312278832008853,0.4312278832008853,0.0,0.050108846375122515,0.050108846375122515,-46.0,-1.6512193101675336,1.6512193101675336,-0.015221061070555507,-0.7129564961012128,0.7129564961012128,-5.0,-2.7993083493488444,2.7993083493488444,1.0,0.6800317994432276,0.6800317994432276,-3.0,-0.4667238634632911,0.4667238634632911
p05,2020-03-30,-7135.0,-1.67441638069984,1.67441638069984,-1.0,-1.0559447722190616,1.0559447722190616,-1485000.0,-0.928333686928838,0.928333686928838,0.0,-0.2771435666186796,0.2771435666186796,-195.5,-0.9174218896745844,0.9174218896745844,,,,2.033333333333333,0.9161171702806223,0.9161171702806223,10.0,2.5137937931519434,2.5137937931519434,-9.0,-0.29252660225357735,0.29252660225357735,0.00886826413848539,0.2551115823489203,0.2551115823489203,0.0,0.46470731491166584,0.46470731491166584,-1.0,-0.242310181410806,0.242310181410806,10.0,1.8578034305389428,1.8578034305389428
p06,2020-01-15,2790.0,0.6320940442935129,0.6320940442935129,2.0,2.3300348992930338,2.3300348992930338,3495000.0,2.0982091669987573,2.0982091669987573,2.883421,0.4145786845344303,0.4145786845344303,499.0,1.2648379407696762,1.2648379407696762,-13.666666666666686,-0.8691148756049334,0.8691148756049334,-1.1333333333333337,-0.7592249676085773,0.7592249676085773,-3.0,-0.699053590905653,0.699053590905653,1.0,0.11403849669271414,0.11403849669271414,-0.007351015919564295,-0.4602379543134596,0.4602379543134596,1.5,0.8847805442983512,0.8847805442983512,4.0,1.2474318919297664,1.2474318919297664,3.0,0.4018512023391069,0.4018512023391069
p06,2020-01-16,-957.0,-0.048143417069850966,0.048143417069850966,1.0,1.2466428760548718,1.2466428760548718,1792000.0,0.9605043782859953,0.9605043782859953,0.0,-0.6739641177329319,0.6739641177329319,205.0,0.3026931940198785,0.3026931940198785,-15.166666666666686,-0.9451326481784025,0.9451326481784025,-0.49166666666666714,-0.41186996655633845,0.41186996655633845,-1.0,-0.20100014191434804,0.20100014191434804,-2.0,0.005924077750270705,0.005924077750270705,0.00038485221674870035,-0.029627161962799166,0.029627161962799166,-1.5,-0.6076203737952532,0.6076203737952532,-2.0,-0.9130687044021996,0.9130687044021996,-4.0,-0.753029085908181,0.753029085908181
p06,2020-01-17,652.0,0.24395748373977075,0.24395748373977075,1.0,1.2466428760548718,1.2466428760548718,1588000.0,0.8242203049463575,0.8242203049463575,0.0,-0.6739641177329319,0.6739641177329319,166.0,0.17506174802245636,0.17506174802245636,-15.666666666666686,-0.9704719057028922,0.9704719057028922,-0.31666666666666643,-0.317136784451182,0.317136784451182,-1.0,-0.20100014191434804,0.20100014191434804,-48.0,-1.651830346033862,1.651830346033862,0.003867740634522304,0.1642449820317903,0.1642449820317903,-0.5,-0.11015340109738514,0.11015340109738514,4.0,1.2474318919297664,1.2474318919297664,3.0,0.4018512023391069,0.4018512023391069
p06,2020-01-18,-3760.0,-0.5570053343907768,0.5570053343907768,0.0,0.16325085281670942,0.16325085281670942,52000.0,-0.20191860019915198,0.20191860019915198,0.0,-0.6739641177329319,0.6739641177329319,39.0,-0.24055860176402083,0.24055860176402083,-4.666666666666686,-0.4130082401641185,0.4130082401641185,1.2250000000000005,0.5174174388561453,0.5174174388561453,4.0,1.0441334805639144,1.0441334805639144,30.0,1.1591445464696672,1.1591445464696672,-0.0011343676814988962,-0.11419329889944595,0.11419329889944595,1.5,0.8847805442983512,0.8847805442983512,-1.0,-0.5529852716802052,0.5529852716802052,5.0,0.7318169989811891,0.7318169989811891
p06,2020-01-19,-1661.0,-0.17594890754217768,0.17594890754217768,1.0,1.2466428760548718,1.2466428760548718,2111000.0,1.173615257674939,1.173615257674939,4.445648,1.004347211696345,1.004347211696345,383.0,0.8852162039568308,0.8852162039568308,-6.166666666666686,-0.48902601273758767,0.48902601273758767,0.38333333333333286,0.061795943969441845,0.061795943969441845,0.0,0.04802658258130446,0.04802658258130446,9.0,0.4023436138725633,0.4023436138725633,0.0099546983946813,0.5030705227365622,0.5030705227365622,1.5,0.8847805442983512,0.8847805442983512,-5.0,-1.9933190025681824,1.9933190025681824,-3.0,-0.5880461875871399,0.5880461875871399
p06,2020-01-20,-1459.0,-0.13927744578733392,0.13927744578733392,1.0,1.2466428760548718,1.2466428760548718,1843000.0,0.9945753966209049,0.9945753966209049,0.0,-0.6739641177329319,0.6739641177329319,188.0,0.24705897396972012,0.24705897396972012,-16.166666666666686,-0.995811163227382,0.995811163227382,-0.30833333333333357,-0.31262568054141293,0.31262568054141293,0.0,0.04802658258130446,0.04802658258130446,-29.0,-0.9671056927317202,0.9671056927317202,-0.0220399226569609,-1.2778839712180303,1.2778839712180303,1.5,0.8847805442983512,0.8847805442983512,3.0,0.8873484592077721,0.8873484592077721,5.0,0.7318169989811891,0.7318169989811891
p06,2020-01-21,5159.0,1.0621667814084874,1.0621667814084874,3.0,3.413426922531196,3.413426922531196,4609000.0,2.8424270969024668,2.8424270969024668,0.0,-0.6739641177329319,0.6739641177329319,633.0,1.703366498812101,1.703366498812101,-15.166666666666686,-0.9451326481784025,0.9451326481784025,0.3416666666666668,0.039240424420595485,0.039240424420595485,0.0,0.04802658258130446,0.04802658258130446,4.0,0.22215291563515757,0.22215291563515757,-0.017460781041388596,-1.022989786800447,1.022989786800447,1.5,0.8847805442983512,0.8847805442983512,2.0,0.5272650264857778,0.5272650264857778,4.0,0.566834100660148,0.566834100660148
p06,2020-01-22,-1979.0,-0.23367922852257525,0.23367922852257525,1.0,1.2466428760548718,1.2466428760548718,1382000.0,0.6866001132406445,0.6866001132406445,0.0,-0.6739641177329319,0.6739641177329319,64.0,-0.1587435722784938,0.1587435722784938,-29.166666666666686,-1.6546318588641145,1.6546318588641145,-0.5750000000000002,-0.45698100565403166,0.45698100565403166,-1.0,-0.20100014191434804,0.20100014191434804,-4.0,-0.06615220154469158,0.06615220154469158,-0.022581115779645198,-1.3080090451292419,1.3080090451292419,-1.5,-0.6076203737952532,0.6076203737952532,3.0,0.8873484592077721,0.8873484592077721,1.0,0.07188540569702466,0.07188540569702466
p06,2020-01-23,2484.0,0.576542225991621,0.576542225991621,1.0,1.2466428760548718,1.2466428760548718,1535000.0,0.7888131682453731,0.7888131682453731,0.0,-0.6739641177329319,0.6739641177329319,73.0,-0.12929016166370408,0.12929016166370408,-28.666666666666686,-1.6292926013396247,1.6292926013396247,0.17499999999999982,-0.0509816537747914,0.0509816537747914,1.0,0.297053307076957,0.297053307076957,-6.0,-0.13822848083965386,0.13822848083965386,-0.0203500127703048,-1.183816515249084,1.183816515249084,-3.5,-1.6025543191909897,1.6025543191909897,4.0,1.2474318919297664,1.2474318919297664,2.0,0.2368683040180658,0.2368683040180658
p06,2020-01-24,-2650.0,-0.35549383662901163,0.35549383662901163,-1.0,-0.9201411704214528,0.9201411704214528,-1024000.0,-0.9207502811474385,0.9207502811474385,0.0,-0.6739641177329319,0.6739641177329319,-150.0,-0.859080224674605,0.859080224674605,,,,0.7916666666666661,0.28284003554813925,0.28284003554813925,2.0,0.5460800315726094,0.5460800315726094,-23.0,-0.7508768548468333,0.7508768548468333,-0.0112959956709957,-0.6798320356289191,0.6798320356289191,1.5,0.8847805442983512,0.8847805442983512,3.0,0.8873484592077721,0.8873484592077721,7.0,1.0617827956232715,1.0617827956232715
p06,2020-01-25,-1902.0,-0.2197005030021645,0.2197005030021645,1.0,1.2466428760548718,1.2466428760548718,1673000.0,0.8810053355045399,0.8810053355045399,3.056234,0.4798186710949186,0.4798186710949186,355.0,0.7935833709330405,0.7935833709330405,4.833333333333314,0.06843765280118601,0.06843765280118601,0.8583333333333334,0.3189288668262943,0.3189288668262943,4.0,1.0441334805639144,1.0441334805639144,11.0,0.4744198931675256,0.4744198931675256,-0.010479070660522297,-0.6343585710025321,0.6343585710025321,1.5,0.8847805442983512,0.8847805442983512,0.0,-0.19290183895821086,0.19290183895821086,6.0,0.8967998973022303,0.8967998973022303
p06,2020-01-26,-6704.0,-1.091464658184143,1.091464658184143,1.0,1.2466428760548718,1.2466428760548718,1074000.0,0.48083788486511275,0.48083788486511275,0.0,-0.6739641177329319,0.6739641177329319,154.0,0.1357905338694034,0.1357905338694034,-17.166666666666686,-1.0464896782763613,1.0464896782763613,-0.04166666666666696,-0.1682703554287942,0.1682703554287942,0.0,0.04802658258130446,0.04802658258130446,7.0,0.330267334577601,0.330267334577601,-0.0037783101045296003,-0.2613661981331451,0.2613661981331451,1.5,0.8847805442983512,0.8847805442983512,-4.0,-1.6332355698461882,1.6332355698461882,-2.0,-0.4230632892660987,0.4230632892660987
p06,2020-01-27,4473.0,0.937629044953919,0.937629044953919,2.0,2.3300348992930338,2.3300348992930338,2595000.0,1.4969559022650605,1.4969559022650605,2.880328,0.4134110219255318,0.4134110219255318,381.0,0.8786710015979886,0.8786710015979886,-8.333333333333371,-0.5988294620103773,0.5988294620103773,-0.15833333333333321,-0.23142581016556468,0.23142581016556468,-1.0,-0.20100014191434804,0.20100014191434804,3.0,0.18611477598767642,0.18611477598767642,0.012811657681940702,0.6621008320337802,0.6621008320337802,1.5,0.8847805442983512,0.8847805442983512,3.0,0.8873484592077721,0.8873484592077721,4.0,0.566834100660148,0.566834100660148
p06,2020-01-28,-504.0,0.03409505904373426,0.03409505904373426,0.0,0.16325085281670942,0.16325085281670942,-872000.0,-0.8192052853257474,0.8192052853257474,0.256546,-0.5771134317767421,0.5771134317767421,-127.0,-0.7838103975479201,0.7838103975479201,-0.6666666666666856,-0.21029417996820082,0.21029417996820082,-0.6000000000000005,-0.4705143173833399,0.4705143173833399,-1.0,-0.20100014191434804,0.20100014191434804,-9.0,-0.2463428997820973,0.2463428997820973,-0.0202582046332047,-1.1787060901533746,1.1787060901533746,1.5,0.8847805442983512,0.8847805442983512,1.0,0.16718159376378344,0.16718159376378344,2.0,0.2368683040180658,0.2368683040180658
p06,2020-01-29,599.0,0.23433576357637115,0.23433576357637115,1.0,1.2466428760548718,1.2466428760548718,1433000.0,0.7206711315755541,0.7206711315755541,0.0,-0.6739641177329319,0.6739641177329319,125.0,0.04088509966619208,0.04088509966619208,-18.666666666666686,-1.1225074508498305,1.1225074508498305,5.433333333333333,2.7955249132896594,2.7955249132896594,-2.0,-0.45002686641000056,0.45002686641000056,17.0,0.6906487310524124,0.6906487310524124,-0.019126400560224098,-1.1157051392498647,1.1157051392498647,1.5,0.8847805442983512,0.8847805442983512,2.0,0.5272650264857778,0.5272650264857778,2.0,0.2368683040180658,0.2368683040180658
p06,2020-01-30,4896.0,1.0144212643712402,1.0144212643712402,3.0,3.413426922531196,3.413426922531196,3784000.0,2.2912782708965778,2.2912782708965778,1.383601,-0.15163008820345117,0.15163008820345117,571.0,1.5004652256879938,1.5004652256879938,-0.9166666666666856,-0.2229638087304457,0.2229638087304457,0.33333333333333304,0.034729320510825924,0.034729320510825924,2.0,0.5460800315726094,0.5460800315726094,8.0,0.36630547422508214,0.36630547422508214,-0.0170535714285715,-1.0003227957222423,1.0003227957222423,1.5,0.8847805442983512,0.8847805442983512,4.0,1.2474318919297664,1.2474318919297664,8.0,1.2267656939443126,1.2267656939443126
p06,2020-01-31,5990.0,1.213028091894998,1.213028091894998,2.0,2.3300348992930338,2.3300348992930338,3185000.0,1.8911108202571507,1.8911108202571507,3.691617,0.7196870744023245,0.7196870744023245,543.0,1.4088323926642037,1.4088323926642037,-1.6666666666666856,-0.26097269501718023,0.26097269501718023,-0.1416666666666666,-0.22240360234602605,0.22240360234602605,2.0,0.5460800315726094,0.5460800315726094,0.0,0.07800035704523299,0.07800035704523299,0.0018127538407204033,0.049855817692836986,0.049855817692836986,0.5,0.387313571600483,0.387313571600483,4.0,1.2474318919297664,1.2474318919297664,7.0,1.0617827956232715,1.0617827956232715
p06,2020-02-01,-7678.0,-1.268286458922845,1.268286458922845,-1.0,-0.9201411704214528,0.9201411704214528,-1024000.0,-0.9207502811474385,0.9207502811474385,0.0,-0.6739641177329319,0.6739641177329319,-150.0,-0.859080224674605,0.859080224674605,,,,0.6333333333333329,0.19712906126252194,0.19712906126252194,5.0,1.293160205059567,1.293160205059567,12.0,0.5104580328150067,0.5104580328150067,-0.019009296862557798,-1.1091866574000293,1.1091866574000293,-0.5,-0.11015340109738514,0.11015340109738514,-5.0,-1.9933190025681824,1.9933190025681824,0.0,-0.09309749262401647,0.09309749262401647
p06,2020-02-02,-3754.0,-0.555916083051524,0.555916083051524,2.0,2.3300348992930338,2.3300348992930338,2356000.0,1.337289757519112,1.337289757519112,0.0,-0.6739641177329319,0.6739641177329319,376.0,0.8623079957008832,0.8623079957008832,-12.333333333333371,-0.8015435222062951,0.8015435222062951,1.8749999999999991,0.8692835438181528,0.8692835438181528,8.0,2.0402403785465246,2.0402403785465246,40.0,1.5195259429444787,1.5195259429444787,0.0024850768919464986,0.08728013215925008,0.08728013215925008,1.5,0.8847805442983512,0.8847805442983512,3.0,0.8873484592077721,0.8873484592077721,13.0,2.051680185549518,2.051680185549518
p06,2020-02-03,-353.0,0.06150788441492934,0.06150788441492934,3.0,3.413426922531196,3.413426922531196,1985000.0,1.0894398006122215,1.0894398006122215,0.668632,-0.42154362451822924,0.42154362451822924,296.0,0.6004999013471968,0.6004999013471968,-6.666666666666686,-0.5143652702620773,0.5143652702620773,-0.8083333333333336,-0.5832919151275731,0.5832919151275731,-3.0,-0.699053590905653,0.699053590905653,-5.0,-0.10219034119217273,0.10219034119217273,-0.0122876818091254,-0.7350334359344218,0.7350334359344218,-1.5,-0.6076203737952532,0.6076203737952532,3.0,0.8873484592077721,0.8873484592077721,-1.0,-0.2580803909450576,0.2580803909450576
p06,2020-02-04,740.0,0.25993317004881156,0.25993317004881156,1.0,1.2466428760548718,1.2466428760548718,1741000.0,0.9264333599510859,0.9264333599510859,0.0,-0.6739641177329319,0.6739641177329319,220.0,0.3517822117111947,0.3517822117111947,-11.166666666666686,-0.7424185879824848,0.7424185879824848,-0.4083333333333332,-0.36675892745864475,0.36675892745864475,2.0,0.5460800315726094,0.5460800315726094,13.0,0.5464961724624878,0.5464961724624878,-0.009726801969162195,-0.5924841476619142,0.5924841476619142,0.5,0.387313571600483,0.387313571600483,4.0,1.2474318919297664,1.2474318919297664,7.0,1.0617827956232715,1.0617827956232715
p06,2020-02-05,3228.0,0.7116093920589662,0.7116093920589662,0.0,0.16325085281670942,0.16325085281670942,-402000.0,-0.5052174692981501,0.5052174692981501,0.911351,-0.3299128774218005,0.3299128774218005,-33.0,-0.4761858866823386,0.4761858866823386,8.333333333333314,0.245812455472614,0.245812455472614,-1.1500000000000004,-0.7682471754281159,0.7682471754281159,-4.0,-0.9480803154013056,0.9480803154013056,-5.0,-0.10219034119217273,0.10219034119217273,0.0017453627792579987,0.04610454920398332,0.04610454920398332,-2.5,-1.1050873464931215,1.1050873464931215,0.0,-0.19290183895821086,0.19290183895821086,-6.0,-1.0829948825502633,1.0829948825502633
p06,2020-02-06,8773.0,1.7182591714184146,1.7182591714184146,2.0,2.3300348992930338,2.3300348992930338,3345000.0,1.9980002895431412,1.9980002895431412,3.376562,0.6007481984739241,0.6007481984739241,669.0,1.8211801412712596,1.8211801412712596,3.0,-0.024472958121941977,0.024472958121941977,0.6916666666666664,0.2287067886309074,0.2287067886309074,4.0,1.0441334805639144,1.0441334805639144,13.0,0.5464961724624878,0.5464961724624878,0.004581766917293201,0.20399067287932265,0.20399067287932265,-2.5,-1.1050873464931215,1.1050873464931215,0.0,-0.19290183895821086,0.19290183895821086,2.0,0.2368683040180658,0.2368683040180658
p06,2020-02-07,-2967.0,-0.41304261571953377,0.41304261571953377,1.0,1.2466428760548718,1.2466428760548718,1690000.0,0.8923623416161763,0.8923623416161763,0.0,-0.6739641177329319,0.6739641177329319,217.0,0.34196440817293144,0.34196440817293144,-14.666666666666686,-0.9197933906539127,0.9197933906539127,-0.38333333333333375,-0.35322561572933703,0.35322561572933703,0.0,0.04802658258130446,0.04802658258130446,13.0,0.5464961724624878,0.5464961724624878,-0.0015358781127129961,-0.13654304968056027,0.13654304968056027,1.5,0.8847805442983512,0.8847805442983512,0.0,-0.19290183895821086,0.19290183895821086,2.0,0.2368683040180658,0.2368683040180658
p06,2020-02-08,-7740.0,-1.2795420560951238,1.2795420560951238,-1.0,-0.9201411704214528,0.9201411704214528,-1024000.0,-0.9207502811474385,0.9207502811474385,0.0,-0.6739641177329319,0.6739641177329319,-150.0,-0.859080224674605,0.859080224674605,,,,1.6583333333333323,0.75199484216415,0.75199484216415,3.0,0.795106756068262,0.795106756068262,25.0,0.9789538482322616,0.9789538482322616,0.006200396825396803,0.2940903869604325,0.2940903869604325,2.5,1.3822475169962194,1.3822475169962194,-3.0,-1.2731521371241938,1.2731521371241938,3.0,0.4018512023391069,0.4018512023391069
p06,2020-02-09,-2546.0,-0.3366134800819634,0.3366134800819634,0.0,0.16325085281670942,0.16325085281670942,1043000.0,0.46012805019095204,0.46012805019095204,3.586781,0.6801096165082116,0.6801096165082116,253.0,0.4597780506320903,0.4597780506320903,15.333333333333314,0.6005620608154699,0.6005620608154699,1.091666666666666,0.44523977629983524,0.44523977629983524,5.0,1.293160205059567,1.293160205059567,6.0,0.29422919493011984,0.29422919493011984,0.0063530219780219,0.3025861416380526,0.3025861416380526,-0.5,-0.11015340109738514,0.11015340109738514,-6.0,-2.353402435290177,2.353402435290177,-1.0,-0.2580803909450576,0.2580803909450576
p06,2020-02-11,9350.0,1.8230088418765573,1.8230088418765573,2.0,2.3300348992930338,2.3300348992930338,2854000.0,1.6699832306717577,1.6699832306717577,4.274585,0.9397678813161258,0.9397678813161258,724.0,2.001173206139419,2.001173206139419,19.666666666666657,0.820168959361048,0.820168959361048,-0.8333333333333339,-0.5968252268568813,0.5968252268568813,0.0,0.04802658258130446,0.04802658258130446,-13.0,-0.3904954583720219,0.3904954583720219,-0.011883503401360601,-0.7125351744139534,0.7125351744139534,0.5,0.387313571600483,0.387313571600483,0.0,-0.19290183895821086,0.19290183895821086,1.0,0.07188540569702466,0.07188540569702466
p06,2020-02-12,-1061.0,-0.06702377361689922,0.06702377361689922,-1.0,-0.9201411704214528,0.9201411704214528,-1024000.0,-0.9207502811474385,0.9207502811474385,0.0,-0.6739641177329319,0.6739641177329319,-150.0,-0.859080224674605,0.859080224674605,,,,-0.3333333333333339,-0.32615899227072115,0.32615899227072115,2.0,0.5460800315726094,0.5460800315726094,-21.0,-0.678800575551871,0.678800575551871,0.0006911711385060998,-0.012576168940984187,0.012576168940984187,-0.5,-0.11015340109738514,0.11015340109738514,2.0,0.5272650264857778,0.5272650264857778,4.0,0.566834100660148,0.566834100660148
p06,2020-02-13,2125.0,0.5113686875263294,0.5113686875263294,0.0,0.16325085281670942,0.16325085281670942,819000.0,0.31048279319056526,0.31048279319056526,0.0,-0.6739641177329319,0.6739641177329319,57.0,-0.18165178053444136,0.18165178053444136,-25.666666666666686,-1.4772570561926863,1.4772570561926863,-0.75,-0.5517141877591876,0.5517141877591876,0.0,0.04802658258130446,0.04802658258130446,-11.0,-0.3184191790770596,0.3184191790770596,-0.010355679156908701,-0.6274900835614168,0.6274900835614168,1.5,0.8847805442983512,0.8847805442983512,2.0,0.5272650264857778,0.5272650264857778,4.0,0.566834100660148,0.566834100660148
p06,2020-02-14,967.0,0.30114317905054194,0.30114317905054194,-1.0,-0.9201411704214528,0.9201411704214528,-1024000.0,-0.9207502811474385,0.9207502811474385,0.0,-0.6739641177329319,0.6739641177329319,-150.0,-0.859080224674605,0.859080224674605,,,,0.6749999999999998,0.21968458081136877,0.21968458081136877,5.0,1.293160205059567,1.293160205059567,12.0,0.5104580328150067,0.5104580328150067,-0.002881135934550097,-0.21142572947418076,0.21142572947418076,1.5,0.8847805442983512,0.8847805442983512,-1.0,-0.5529852716802052,0.5529852716802052,6.0,0.8967998973022303,0.8967998973022303
p06,2020-02-15,-8208.0,-1.364503660556841,1.364503660556841,-1.0,-0.9201411704214528,0.9201411704214528,-1024000.0,-0.9207502811474385,0.9207502811474385,0.0,-0.6739641177329319,0.6739641177329319,-150.0,-0.859080224674605,0.859080224674605,,,,0.16666666666666607,-0.05549275768456096,0.05549275768456096,5.0,1.293160205059567,1.293160205059567,-25.0,-0.8229531341417956,0.8229531341417956,0.010649018379281498,0.5417192785639964,0.5417192785639964,1.5,0.8847805442983512,0.8847805442983512,-7.0,-2.713485868012171,2.713485868012171,0.0,-0.09309749262401647,0.09309749262401647
p06,2020-02-16,-4588.0,-0.707322019207661,0.707322019207661,-1.0,-0.9201411704214528,0.9201411704214528,-1024000.0,-0.9207502811474385,0.9207502811474385,0.0,-0.6739641177329319,0.6739641177329319,-150.0,-0.859080224674605,0.859080224674605,,,,1.8250000000000002,0.8422169203595373,0.8422169203595373,8.0,2.0402403785465246,2.0402403785465246,16.0,0.6546105914049313,0.6546105914049313,0.010506575370395503,0.53379030461558,0.53379030461558,1.5,0.8847805442983512,0.8847805442983512,2.0,0.5272650264857778,0.5272650264857778,12.0,1.886697287228477,1.886697287228477
p06,2020-02-17,2269.0,0.5375107196683961,0.5375107196683961,1.0,1.2466428760548718,1.2466428760548718,2672000.0,1.5483964593589434,1.5483964593589434,6.200585,1.6668671974294993,1.6668671974294993,583.0,1.539736439841047,1.539736439841047,0.8333333333333144,-0.13427640739473168,0.13427640739473168,-1.291666666666667,-0.8449359418941946,0.8449359418941946,-2.0,-0.45002686641000056,0.45002686641000056,-35.0,-1.183334530616607,1.183334530616607,-0.008629418262150301,-0.5313991783653308,0.5313991783653308,0.5,0.387313571600483,0.387313571600483,-2.0,-0.9130687044021996,0.9130687044021996,-3.0,-0.5880461875871399,0.5880461875871399
p06,2020-02-18,3989.0,0.8497627702541943,0.8497627702541943,1.0,1.2466428760548718,1.2466428760548718,1433000.0,0.7206711315755541,0.7206711315755541,0.0,-0.6739641177329319,0.6739641177329319,240.0,0.4172342352996163,0.4172342352996163,-6.166666666666686,-0.48902601273758767,0.48902601273758767,0.4166666666666661,0.07984035960851912,0.07984035960851912,4.0,1.0441334805639144,1.0441334805639144,9.0,0.4023436138725633,0.4023436138725633,-0.003881658595641699,-0.26711900762547913,0.26711900762547913,1.5,0.8847805442983512,0.8847805442983512,0.0,-0.19290183895821086,0.19290183895821086,6.0,0.8967998973022303,0.8967998973022303
p06,2020-02-19,-3193.0,-0.45407108283138864,0.45407108283138864,1.0,1.2466428760548718,1.2466428760548718,1433000.0,0.7206711315755541,0.7206711315755541,0.0,-0.6739641177329319,0.6739641177329319,251.0,0.45323284827324817,0.45323284827324817,-7.666666666666686,-0.5650437853110568,0.5650437853110568,0.33333333333333304,0.034729320510825924,0.034729320510825924,5.0,1.293160205059567,1.293160205059567,12.0,0.5104580328150067,0.5104580328150067,-0.001742976602405695,-0.14807101825109253,0.14807101825109253,-1.5,-0.6076203737952532,0.6076203737952532,2.0,0.5272650264857778,0.5272650264857778,6.0,0.8967998973022303,0.8967998973022303
p06,2020-02-20,305.0,0.1809624479529847,0.1809624479529847,2.0,2.3300348992930338,2.3300348992930338,2765000.0,1.6105259633814255,1.6105259633814255,0.0,-0.6739641177329319,0.6739641177329319,460.0,1.137206494772254,1.137206494772254,-5.666666666666686,-0.46368675521309793,0.46368675521309793,-0.6916666666666664,-0.5201364603908022,0.5201364603908022,0.0,0.04802658258130446,0.04802658258130446,7.0,0.330267334577601,0.330267334577601,-0.0164867387973957,-0.9687705194760812,0.9687705194760812,-0.5,-0.11015340109738514,0.11015340109738514,1.0,0.16718159376378344,0.16718159376378344,1.0,0.07188540569702466,0.07188540569702466
p06,2020-02-21,7479.0,1.483343965919564,1.483343965919564,1.0,1.2466428760548718,1.2466428760548718,1842000.0,0.9939073374378674,0.9939073374378674,4.34157,0.9650559123077427,0.9650559123077427,526.0,1.3531981726140452,1.3531981726140452,23.333333333333314,1.0059901812073053,1.0059901812073053,-0.15833333333333321,-0.23142581016556468,0.23142581016556468,2.0,0.5460800315726094,0.5460800315726094,23.0,0.9068775689372993,0.9068775689372993,-0.013302475898334797,-0.7915211214956568,0.7915211214956568,-1.5,-0.6076203737952532,0.6076203737952532,-1.0,-0.5529852716802052,0.5529852716802052,0.0,-0.09309749262401647,0.09309749262401647
p06,2020-02-22,-2905.0,-0.401787018547255,0.401787018547255,0.0,0.16325085281670942,0.16325085281670942,0.0,-0.2366576777170989,0.2366576777170989,0.0,-0.6739641177329319,0.6739641177329319,-16.0,-0.42055166663218024,0.42055166663218024,-19.666666666666686,-1.17318596589881,1.17318596589881,0.9833333333333334,0.3865954254728343,0.3865954254728343,4.0,1.0441334805639144,1.0441334805639144,24.0,0.9429157085847805,0.9429157085847805,-0.015053266504040298,-0.8889774530512591,0.8889774530512591,0.5,0.387313571600483,0.387313571600483,-4.0,-1.6332355698461882,1.6332355698461882,1.0,0.07188540569702466,0.07188540569702466
p06,2020-02-23,-4181.0,-0.6334344700283472,0.6334344700283472,0.0,0.16325085281670942,0.16325085281670942,307000.0,-0.03156350852460451,0.03156350852460451,0.0,-0.6739641177329319,0.6739641177329319,28.0,-0.2765572147376527,0.2765572147376527,-19.666666666666686,-1.17318596589881,1.17318596589881,-0.2666666666666666,-0.2900701609925661,0.2900701609925661,1.0,0.297053307076957,0.297053307076957,-5.0,-0.10219034119217273,0.10219034119217273,0.0004938369152970995,-0.023560617579017645,0.023560617579017645,-0.5,-0.11015340109738514,0.11015340109738514,-2.0,-0.9130687044021996,0.9130687044021996,-1.0,-0.2580803909450576,0.2580803909450576
p06,2020-02-24,4430.0,0.929822743689274,0.929822743689274,1.0,1.2466428760548718,1.2466428760548718,1840000.0,0.9925712190717926,0.9925712190717926,4.75364,1.1206196792811787,1.1206196792811787,433.0,1.0488462629278847,1.0488462629278847,3.8333333333333144,0.017759137752206583,0.017759137752206583,-0.025000000000000355,-0.15924814760925557,0.15924814760925557,3.0,0.795106756068262,0.795106756068262,4.0,0.22215291563515757,0.22215291563515757,-0.024542696189316197,-1.4171988192546505,1.4171988192546505,-0.5,-0.11015340109738514,0.11015340109738514,3.0,0.8873484592077721,0.8873484592077721,6.0,0.8967998973022303,0.8967998973022303
p06,2020-02-25,-890.0,-0.03598011044819487,0.03598011044819487,1.0,1.2466428760548718,1.2466428760548718,1332000.0,0.6531971540887725,0.6531971540887725,0.0,-0.6739641177329319,0.6739641177329319,257.0,0.4728684553497747,0.4728684553497747,-0.6666666666666856,-0.21029417996820082,0.21029417996820082,1.091666666666666,0.44523977629983524,0.44523977629983524,4.0,1.0441334805639144,1.0441334805639144,-31.0,-1.0391819720266824,1.0391819720266824,-0.0134046176426314,-0.79720675841043,0.79720675841043,-2.5,-1.1050873464931215,1.1050873464931215,3.0,0.8873484592077721,0.8873484592077721,5.0,0.7318169989811891,0.7318169989811891
p06,2020-02-26,3231.0,0.7121540177285925,0.7121540177285925,1.0,1.2466428760548718,1.2466428760548718,2652000.0,1.5350352756981946,1.5350352756981946,6.00746,1.593959068964081,1.593959068964081,712.0,1.961901991986366,1.961901991986366,26.333333333333314,1.1580257263542437,1.1580257263542437,0.8666666666666663,0.3234399707360634,0.3234399707360634,4.0,1.0441334805639144,1.0441334805639144,11.0,0.4744198931675256,0.4744198931675256,-0.017479240567558896,-1.0240173212737012,1.0240173212737012,0.5,0.387313571600483,0.387313571600483,3.0,0.8873484592077721,0.8873484592077721,8.0,1.2267656939443126,1.2267656939443126
p06,2020-02-27,6443.0,1.2952665680085833,1.2952665680085833,1.0,1.2466428760548718,1.2466428760548718,2623000.0,1.5156615593901088,1.5156615593901088,6.288718,1.7001389752213063,1.7001389752213063,547.0,1.421922797381888,1.421922797381888,0.3333333333333144,-0.1596156649192214,0.1596156649192214,-0.29166666666666696,-0.30360347272187427,0.30360347272187427,0.0,0.04802658258130446,0.04802658258130446,24.0,0.9429157085847805,0.9429157085847805,0.015664506953223703,0.8209023606427824,0.8209023606427824,-1.5,-0.6076203737952532,0.6076203737952532,3.0,0.8873484592077721,0.8873484592077721,2.0,0.2368683040180658,0.2368683040180658
p06,2020-02-28,308.0,0.1815070736226111,0.1815070736226111,-1.0,-0.9201411704214528,0.9201411704214528,-1024000.0,-0.9207502811474385,0.9207502811474385,0.0,-0.6739641177329319,0.6739641177329319,-150.0,-0.859080224674605,0.859080224674605,,,,5.066666666666667,2.5970363412598094,2.5970363412598094,-1.0,-0.20100014191434804,0.20100014191434804,47.0,1.7717929204768468,1.7717929204768468,0.009856819988078601,0.4976222010383983,0.4976222010383983,1.5,0.8847805442983512,0.8847805442983512,3.0,0.8873484592077721,0.8873484592077721,4.0,0.566834100660148,0.566834100660148
p06,2020-02-29,-6174.0,-0.995247456550147,0.995247456550147,1.0,1.2466428760548718,1.2466428760548718,1946000.0,1.0633854924737614,1.0633854924737614,0.0,-0.6739641177329319,0.6739641177329319,233.0,0.39432602704366876,0.39432602704366876,-24.166666666666686,-1.4012392836192173,1.4012392836192173,1.1749999999999998,0.49035081539752895,0.49035081539752895,0.0,0.04802658258130446,0.04802658258130446,19.0,0.7627250103473747,0.7627250103473747,0.0089743451662933,0.4484999596115182,0.4484999596115182,-0.5,-0.11015340109738514,0.11015340109738514,-2.0,-0.9130687044021996,0.9130687044021996,-2.0,-0.4230632892660987,0.4230632892660987
p06,2020-03-01,-7963.0,-1.3200258975373522,1.3200258975373522,-1.0,-0.9201411704214528,0.9201411704214528,-1024000.0,-0.9207502811474385,0.9207502811474385,0.0,-0.6739641177329319,0.6739641177329319,-150.0,-0.859080224674605,0.859080224674605,,,,1.9999999999999991,0.9369501024646929,0.9369501024646929,6.0,1.5421869295552195,1.5421869295552195,41.0,1.5555640825919599,1.5555640825919599,0.030521179401993295,1.6478869190827867,1.6478869190827867,0.5,0.387313571600483,0.387313571600483,-2.0,-0.9130687044021996,0.9130687044021996,5.0,0.7318169989811891,0.7318169989811891
p06,2020-03-02,-1243.0,-0.10006439757423369,0.10006439757423369,1.0,1.2466428760548718,1.2466428760548718,1843000.0,0.9945753966209049,0.9945753966209049,0.0,-0.6739641177329319,0.6739641177329319,270.0,0.5154122706822487,0.5154122706822487,-10.666666666666686,-0.7170793304579951,0.7170793304579951,0.8666666666666663,0.3234399707360634,0.3234399707360634,4.0,1.0441334805639144,1.0441334805639144,19.0,0.7627250103473747,0.7627250103473747,0.005992577571271002,0.2825222976254084,0.2825222976254084,-0.5,-0.11015340109738514,0.11015340109738514,0.0,-0.19290183895821086,0.19290183895821086,4.0,0.566834100660148,0.566834100660148
p06,2020-03-03,-29.0,0.1203274567345797,0.1203274567345797,1.0,1.2466428760548718,1.2466428760548718,1484000.0,0.7547421499104635,0.7547421499104635,0.0,-0.6739641177329319,0.6739641177329319,212.0,0.32560140227582607,0.32560140227582607,-11.666666666666686,-0.7677578455069745,0.7677578455069745,-0.025000000000000355,-0.15924814760925557,0.15924814760925557,1.0,0.297053307076957,0.297053307076957,-4.0,-0.06615220154469158,0.06615220154469158,-0.0032045083376310984,-0.2294259906292803,0.2294259906292803,-0.5,-0.11015340109738514,0.11015340109738514,3.0,0.8873484592077721,0.8873484592077721,4.0,0.566834100660148,0.566834100660148
p06,2020-03-04,11696.0,2.248906115524396,2.248906115524396,0.0,0.16325085281670942,0.16325085281670942,885000.0,0.3545746992710364,0.3545746992710364,4.555898,1.0459685510533019,1.0459685510533019,299.0,0.61031770488546,0.61031770488546,20.333333333333314,0.853954636060367,0.853954636060367,,,,,,,,,,,,,,,,,,,,,
p06,2020-03-05,-536.0,0.028285718567719415,0.028285718567719415,-1.0,-0.9201411704214528,0.9201411704214528,-1024000.0,-0.9207502811474385,0.9207502811474385,0.0,-0.6739641177329319,0.6739641177329319,-150.0,-0.859080224674605,0.859080224674605,,,,-0.7166666666666668,-0.5336697721201104,0.5336697721201104,0.0,0.04802658258130446,0.04802658258130446,24.0,0.9429157085847805,0.9429157085847805,-0.012620994659546102,-0.7535870239857201,0.7535870239857201,2.5,1.3822475169962194,1.3822475169962194,2.0,0.5272650264857778,0.5272650264857778,5.0,0.7318169989811891,0.7318169989811891
p06,2020-03-06,3058.0,0.6807472707801373,0.6807472707801373,-1.0,-0.9201411704214528,0.9201411704214528,-1024000.0,-0.9207502811474385,0.9207502811474385,0.0,-0.6739641177329319,0.6739641177329319,-150.0,-0.859080224674605,0.859080224674605,,,,0.5666666666666664,0.16104022998436737,0.16104022998436737,7.0,1.7912136540508719,1.7912136540508719,5.0,0.2581910552826387,0.2581910552826387,-0.0147678571428572,-0.8730903736701562,0.8730903736701562,0.5,0.387313571600483,0.387313571600483,1.0,0.16718159376378344,0.16718159376378344,9.0,1.3917485922653536,1.3917485922653536
p06,2020-03-07,-5363.0,-0.8480169838611457,0.8480169838611457,-1.0,-0.9201411704214528,0.9201411704214528,-1024000.0,-0.9207502811474385,0.9207502811474385,0.0,-0.6739641177329319,0.6739641177329319,-150.0,-0.859080224674605,0.859080224674605,,,,0.20833333333333304,-0.03293723813571412,0.03293723813571412,2.0,0.5460800315726094,0.5460800315726094,4.0,0.22215291563515757,0.22215291563515757,-0.0035537379287379975,-0.24886557107312599,0.24886557107312599,-0.5,-0.11015340109738514,0.11015340109738514,-3.0,-1.2731521371241938,1.2731521371241938,-1.0,-0.2580803909450576,0.2580803909450576
p06,2020-03-08,-9561.0,-1.610129837558344,1.610129837558344,-1.0,-0.9201411704214528,0.9201411704214528,-1024000.0,-0.9207502811474385,0.9207502811474385,0.0,-0.6739641177329319,0.6739641177329319,-150.0,-0.859080224674605,0.859080224674605,,,,1.591666666666666,0.7159060108859955,0.7159060108859955,3.0,0.795106756068262,0.795106756068262,9.0,0.4023436138725633,0.4023436138725633,0.0276851045296167,1.490019123711866,1.490019123711866,1.5,0.8847805442983512,0.8847805442983512,-4.0,-1.6332355698461882,1.6332355698461882,1.0,0.07188540569702466,0.07188540569702466
p06,2020-03-09,9766.0,1.8985302680647504,1.8985302680647504,2.0,2.3300348992930338,2.3300348992930338,2703000.0,1.5691062940331042,1.5691062940331042,4.197429,0.9106401166047842,0.9106401166047842,538.0,1.3924693867670983,1.3924693867670983,8.666666666666629,0.2627052938222728,0.2627052938222728,0.6833333333333336,0.22419568472113832,0.22419568472113832,3.0,0.795106756068262,0.795106756068262,-10.0,-0.28238103942957843,0.28238103942957843,0.023906079607415504,1.279662782653869,1.279662782653869,1.5,0.8847805442983512,0.8847805442983512,0.0,-0.19290183895821086,0.19290183895821086,5.0,0.7318169989811891,0.7318169989811891
p06,2020-03-10,2051.0,0.497934587675545,0.497934587675545,-1.0,-0.9201411704214528,0.9201411704214528,-1024000.0,-0.9207502811474385,0.9207502811474385,0.0,-0.6739641177329319,0.6739641177329319,-150.0,-0.859080224674605,0.859080224674605,,,,-0.10833333333333339,-0.20435918670694878,0.20435918670694878,4.0,1.0441334805639144,1.0441334805639144,10.0,0.43838175352004444,0.43838175352004444,-0.005262075253513597,-0.34395877536014186,0.34395877536014186,1.5,0.8847805442983512,0.8847805442983512,4.0,1.2474318919297664,1.2474318919297664,10.0,1.5567314905863947,1.5567314905863947
p06,2020-03-11,4125.0,0.8744524672772575,0.8744524672772575,0.0,0.16325085281670942,0.16325085281670942,802000.0,0.2991257870789288,0.2991257870789288,5.055226,1.2344737677284103,1.2344737677284103,292.0,0.5874094966295125,0.5874094966295125,37.333333333333314,1.7154893918930172,1.7154893918930172,-0.8333333333333339,-0.5968252268568813,0.5968252268568813,0.0,0.04802658258130446,0.04802658258130446,-2.0,0.005924077750270705,0.005924077750270705,-0.007201354679802999,-0.45190718342877,0.45190718342877,1.5,0.8847805442983512,0.8847805442983512,4.0,1.2474318919297664,1.2474318919297664,6.0,0.8967998973022303,0.8967998973022303
p06,2020-03-12,1441.0,0.3871940348515119,0.3871940348515119,-1.0,-0.9201411704214528,0.9201411704214528,-1024000.0,-0.9207502811474385,0.9207502811474385,0.0,-0.6739641177329319,0.6739641177329319,-150.0,-0.859080224674605,0.859080224674605,,,,-0.40000000000000036,-0.3622478235488757,0.3622478235488757,0.0,0.04802658258130446,0.04802658258130446,-10.0,-0.28238103942957843,0.28238103942957843,-0.019884501965924,-1.1579042358784912,1.1579042358784912,1.5,0.8847805442983512,0.8847805442983512,4.0,1.2474318919297664,1.2474318919297664,6.0,0.8967998973022303,0.8967998973022303
p06,2020-03-13,4647.0,0.9692173337922497,0.9692173337922497,0.0,0.16325085281670942,0.16325085281670942,-52000.0,-0.2713967552350458,0.2713967552350458,0.0,-0.6739641177329319,0.6739641177329319,-4.0,-0.3812804524791273,0.3812804524791273,-9.666666666666686,-0.6664008154090156,0.6664008154090156,-0.24166666666666714,-0.2765368492632584,0.2765368492632584,1.0,0.297053307076957,0.297053307076957,22.0,0.8708394292898182,0.8708394292898182,-0.007643904940253299,-0.4765413828424019,0.4765413828424019,2.5,1.3822475169962194,1.3822475169962194,3.0,0.8873484592077721,0.8873484592077721,7.0,1.0617827956232715,1.0617827956232715
p06,2020-03-14,-7609.0,-1.255760068521438,1.255760068521438,0.0,0.16325085281670942,0.16325085281670942,-573000.0,-0.6194555895975525,0.6194555895975525,0.469992,-0.4965337637460385,0.4965337637460385,-100.0,-0.695450165703551,0.695450165703551,-9.666666666666686,-0.6664008154090156,0.6664008154090156,-0.024999999999999467,-0.15924814760925507,0.15924814760925507,-4.0,-0.9480803154013056,0.9480803154013056,-16.0,-0.4986098773144653,0.4986098773144653,0.006287832929782099,0.29895744641981875,0.29895744641981875,-2.5,-1.1050873464931215,1.1050873464931215,-7.0,-2.713485868012171,2.713485868012171,-13.0,-2.237875170797551,2.237875170797551
p06,2020-03-16,3005.0,0.6711255506167377,0.6711255506167377,-1.0,-0.9201411704214528,0.9201411704214528,-1024000.0,-0.9207502811474385,0.9207502811474385,0.0,-0.6739641177329319,0.6739641177329319,-150.0,-0.859080224674605,0.859080224674605,,,,-0.17499999999999982,-0.24044801798510332,0.24044801798510332,4.0,1.0441334805639144,1.0441334805639144,-5.0,-0.10219034119217273,0.10219034119217273,-0.022335502612141997,-1.2943371884214157,1.2943371884214157,1.5,0.8847805442983512,0.8847805442983512,4.0,1.2474318919297664,1.2474318919297664,10.0,1.5567314905863947,1.5567314905863947
p06,2020-03-17,-210.0,0.08746837466712071,0.08746837466712071,-1.0,-0.9201411704214528,0.9201411704214528,-1024000.0,-0.9207502811474385,0.9207502811474385,0.0,-0.6739641177329319,0.6739641177329319,-150.0,-0.859080224674605,0.859080224674605,,,,-0.25,-0.28104795317302744,0.28104795317302744,1.0,0.297053307076957,0.297053307076957,-19.0,-0.6067242962569087,0.6067242962569087,-0.0066187888198758,-0.41947912983228547,0.41947912983228547,1.5,0.8847805442983512,0.8847805442983512,4.0,1.2474318919297664,1.2474318919297664,7.0,1.0617827956232715,1.0617827956232715
p06,2020-03-18,1178.0,0.3394485178142648,0.3394485178142648,0.0,0.16325085281670942,0.16325085281670942,617000.0,0.1755348382170022,0.1755348382170022,4.348929,0.9678340659252289,0.9678340659252289,285.0,0.564501288373565,0.564501288373565,38.333333333333314,1.7661679069419967,1.7661679069419967,0.49166666666666625,0.12044029479644325,0.12044029479644325,5.0,1.293160205059567,1.293160205059567,-14.0,-0.426533598019503,0.426533598019503,-0.0092459978872095,-0.5657205804646894,0.5657205804646894,1.5,0.8847805442983512,0.8847805442983512,3.0,0.8873484592077721,0.8873484592077721,10.0,1.5567314905863947,1.5567314905863947
p06,2020-03-19,1055.0,0.3171188653595828,0.3171188653595828,-1.0,-0.9201411704214528,0.9201411704214528,-1024000.0,-0.9207502811474385,0.9207502811474385,0.0,-0.6739641177329319,0.6739641177329319,-150.0,-0.859080224674605,0.859080224674605,,,,-2.1083333333333334,-1.2870241250515895,1.2870241250515895,-4.0,-0.9480803154013056,0.9480803154013056,-22.0,-0.7148387151993522,0.7148387151993522,0.0038331280788177005,0.16231830233991743,0.16231830233991743,1.5,0.8847805442983512,0.8847805442983512,-6.0,-2.353402435290177,2.353402435290177,-8.0,-1.4129606791923455,1.4129606791923455
p06,2020-03-20,-577.0,0.020842501082825385,0.020842501082825385,-1.0,-0.9201411704214528,0.9201411704214528,-1024000.0,-0.9207502811474385,0.9207502811474385,0.0,-0.6739641177329319,0.6739641177329319,-150.0,-0.859080224674605,0.859080224674605,,,,-0.3250000000000002,-0.3216478883609516,0.3216478883609516,2.0,0.5460800315726094,0.5460800315726094,5.0,0.2581910552826387,0.2581910552826387,-0.0283507799671593,-1.6291726978187522,1.6291726978187522,0.5,0.387313571600483,0.387313571600483,2.0,0.5272650264857778,0.5272650264857778,5.0,0.7318169989811891,0.7318169989811891
p06,2020-03-21,2050.0,0.49775304578566953,0.49775304578566953,1.0,1.2466428760548718,1.2466428760548718,2205000.0,1.2364128208804586,1.2364128208804586,4.321828,0.957602955558672,0.957602955558672,460.0,1.137206494772254,1.137206494772254,9.833333333333314,0.32183022804608313,0.32183022804608313,-0.9249999999999998,-0.6464473698643436,0.6464473698643436,-1.0,-0.20100014191434804,0.20100014191434804,-9.0,-0.2463428997820973,0.2463428997820973,-0.0167611391029441,-0.9840447887515366,0.9840447887515366,-2.5,-1.1050873464931215,1.1050873464931215,3.0,0.8873484592077721,0.8873484592077721,0.0,-0.09309749262401647,0.09309749262401647
p06,2020-03-22,-4916.0,-0.7668677590868133,0.7668677590868133,-1.0,-0.9201411704214528,0.9201411704214528,-1024000.0,-0.9207502811474385,0.9207502811474385,0.0,-0.6739641177329319,0.6739641177329319,-150.0,-0.859080224674605,0.859080224674605,,,,1.3916666666666666,0.6076395170515317,0.6076395170515317,3.0,0.795106756068262,0.795106756068262,17.0,0.6906487310524124,0.6906487310524124,-0.001794290769897497,-0.1509273795454037,0.1509273795454037,2.5,1.3822475169962194,1.3822475169962194,1.0,0.16718159376378344,0.16718159376378344,7.0,1.0617827956232715,1.0617827956232715
p06,2020-03-23,5081.0,1.048006513998201,1.048006513998201,-1.0,-0.9201411704214528,0.9201411704214528,-1024000.0,-0.9207502811474385,0.9207502811474385,0.0,-0.6739641177329319,0.6739641177329319,-150.0,-0.859080224674605,0.859080224674605,,,,-1.0583333333333336,-0.7186250324206532,0.7186250324206532,0.0,0.04802658258130446,0.04802658258130446,-5.0,-0.10219034119217273,0.10219034119217273,0.0041372434464539,0.17924663631824855,0.17924663631824855,0.5,0.387313571600483,0.387313571600483,2.0,0.5272650264857778,0.5272650264857778,3.0,0.4018512023391069,0.4018512023391069
p06,2020-03-24,-2098.0,-0.2552827134177555,0.2552827134177555,-1.0,-0.9201411704214528,0.9201411704214528,-1024000.0,-0.9207502811474385,0.9207502811474385,0.0,-0.6739641177329319,0.6739641177329319,-150.0,-0.859080224674605,0.859080224674605,,,,-0.20833333333333393,-0.25849243362418106,0.25849243362418106,0.0,0.04802658258130446,0.04802658258130446,23.0,0.9068775689372993,0.9068775689372993,-0.0182182666060055,-1.0651546031373156,1.0651546031373156,2.5,1.3822475169962194,1.3822475169962194,-3.0,-1.2731521371241938,1.2731521371241938,0.0,-0.09309749262401647,0.09309749262401647
p06,2020-03-25,-1219.0,-0.09570739221722255,0.09570739221722255,-1.0,-0.9201411704214528,0.9201411704214528,-1024000.0,-0.9207502811474385,0.9207502811474385,0.0,-0.6739641177329319,0.6739641177329319,-150.0,-0.859080224674605,0.859080224674605,,,,-0.5333333333333332,-0.43442548610518483,0.43442548610518483,-2.0,-0.45002686641000056,0.45002686641000056,4.0,0.22215291563515757,0.22215291563515757,0.014808574207893208,0.7732575622606183,0.7732575622606183,1.5,0.8847805442983512,0.8847805442983512,2.0,0.5272650264857778,0.5272650264857778,2.0,0.2368683040180658,0.2368683040180658
p06,2020-03-26,7233.0,1.4386846610101998,1.4386846610101998,0.0,0.16325085281670942,0.16325085281670942,649000.0,0.19691273207420032,0.19691273207420032,5.013789,1.2188305619330884,1.2188305619330884,284.0,0.5612286871941439,0.5612286871941439,29.333333333333314,1.310061271501182,1.310061271501182,0.016666666666666607,-0.13669262806040872,0.13669262806040872,2.0,0.5460800315726094,0.5460800315726094,-23.0,-0.7508768548468333,0.7508768548468333,-0.0074903210370627984,-0.467992260096278,0.467992260096278,1.5,0.8847805442983512,0.8847805442983512,0.0,-0.19290183895821086,0.19290183895821086,4.0,0.566834100660148,0.566834100660148
p06,2020-03-27,-4397.0,-0.6726475182414474,0.6726475182414474,-1.0,-0.9201411704214528,0.9201411704214528,-1024000.0,-0.9207502811474385,0.9207502811474385,0.0,-0.6739641177329319,0.6739641177329319,-150.0,-0.859080224674605,0.859080224674605,,,,-0.41666666666666696,-0.37127003136841435,0.37127003136841435,-1.0,-0.20100014191434804,0.20100014191434804,-3.0,-0.03011406189721044,0.03011406189721044,-0.006753298453139302,-0.4269664988951712,0.4269664988951712,1.5,0.8847805442983512,0.8847805442983512,1.0,0.16718159376378344,0.16718159376378344,2.0,0.2368683040180658,0.2368683040180658
p06,2020-03-28,-6266.0,-1.0119493104186899,1.0119493104186899,0.0,0.16325085281670942,0.16325085281670942,921000.0,0.37862482986038426,0.37862482986038426,0.0,-0.6739641177329319,0.6739641177329319,80.0,-0.10638195340775652,0.10638195340775652,-25.666666666666686,-1.4772570561926863,1.4772570561926863,1.1333333333333337,0.46779529584868257,0.46779529584868257,3.0,0.795106756068262,0.795106756068262,9.0,0.4023436138725633,0.4023436138725633,0.016439650677789297,0.8640501040555753,0.8640501040555753,-2.5,-1.1050873464931215,1.1050873464931215,2.0,0.5272650264857778,0.5272650264857778,3.0,0.4018512023391069,0.4018512023391069
p06,2020-03-29,-10070.0,-1.702534659504955,1.702534659504955,-1.0,-0.9201411704214528,0.9201411704214528,-1024000.0,-0.9207502811474385,0.9207502811474385,0.0,-0.6739641177329319,0.6739641177329319,-150.0,-0.859080224674605,0.859080224674605,,,,8.466666666666665,4.437566736445698,4.437566736445698,3.0,0.795106756068262,0.795106756068262,107.0,3.9340812993257153,3.9340812993257153,-0.012964567881328597,-0.772711747243056,0.772711747243056,2.5,1.3822475169962194,1.3822475169962194,-3.0,-1.2731521371241938,1.2731521371241938,3.0,0.4018512023391069,0.4018512023391069
p06,2020-03-30,4392.0,0.9229241518740063,0.9229241518740063,0.0,0.16325085281670942,0.16325085281670942,681000.0,0.21829062593139842,0.21829062593139842,5.004812,1.2154415844872164,1.2154415844872164,275.0,0.5317752765793541,0.5317752765793541,37.333333333333314,1.7154893918930172,1.7154893918930172,0.20000000000000018,-0.037448342045483196,0.037448342045483196,-2.0,-0.45002686641000056,0.45002686641000056,18.0,0.7266868706998936,0.7266868706998936,-0.0012810784965908012,-0.12235983680054911,0.12235983680054911,-1.5,-0.6076203737952532,0.6076203737952532,0.0,-0.19290183895821086,0.19290183895821086,-3.0,-0.5880461875871399,0.5880461875871399
p07,2020-01-17,307.0,0.004542214893200431,0.004542214893200431,0.0,-0.3233218056547537,0.3233218056547537,157000.0,-0.11341242354220411,0.11341242354220411,4.2524305,0.8369845441529816,0.8369845441529816,-47.0,-0.1080084759493536,0.1080084759493536,-1.0,0.0448141275787672,0.0448141275787672,0.5999999999999996,0.3777056048293177,0.3777056048293177,5.5,1.1862723675039015,1.1862723675039015,35.0,1.1854694490538926,1.1854694490538926,-0.011208476091822406,-0.9520208065666362,0.9520208065666362,2.0,0.9907723805994476,0.9907723805994476,-2.0,-0.4123281615784466,0.4123281615784466,6.5,0.8674148296910821,0.8674148296910821
p07,2020-01-18,3098.0,0.4394191570017537,0.4394191570017537,1.0,0.7997960455670224,0.7997960455670224,324000.0,-0.06031448231876627,0.06031448231876627,2.4066564999999995,0.4940733573689146,0.4940733573689146,44.0,0.07518805230589012,0.07518805230589012,-1.5,0.01682612225076399,0.01682612225076399,-0.3333333333333339,-0.18885280241465616,0.18885280241465616,-11.5,-1.5984293593315375,1.5984293593315375,-26.0,-0.75150295431095,0.75150295431095,0.019826779026217295,0.8917684403810754,0.8917684403810754,-4.0,-1.5510712441108583,1.5510712441108583,2.0,0.8986639419017429,0.8986639419017429,-12.5,-1.112846157471891,1.112846157471891
p07,2020-01-19,-5017.0,-0.8250116510279524,0.8250116510279524,-1.0,-1.4464396568765299,1.4464396568765299,-3420000.0,-1.2507258113041033,1.2507258113041033,-6.1866005,-1.1023972594078366,1.1023972594078366,-623.0,-1.267582105345182,1.267582105345182,,,,-2.741666666666667,-1.6507758353924096,1.6507758353924096,-6.5,-0.7793994396740554,0.7793994396740554,-47.0,-1.4183295194037646,1.4183295194037646,-0.007109965820975402,-0.7085303265576621,0.7085303265576621,1.0,0.5671317764810633,0.5671317764810633,-8.0,-2.378816316798731,2.378816316798731,-12.5,-1.112846157471891,1.112846157471891
p07,2020-01-20,2352.0,0.3231818947971744,0.3231818947971744,0.0,-0.3233218056547537,0.3233218056547537,-1101000.0,-0.513395717309179,0.513395717309179,-0.7256634999999996,-0.08785464063488675,0.08785464063488675,-178.0,-0.3717309506904187,0.3717309506904187,30.0,1.7800704579149664,1.7800704579149664,2.583333333333332,1.5816422202227611,1.5816422202227611,-4.5,-0.4517874718110626,0.4517874718110626,8.0,0.32812100822027374,0.32812100822027374,0.030902553948831,1.549774782724884,1.549774782724884,-2.0,-0.7037900358740896,0.7037900358740896,2.0,0.8986639419017429,0.8986639419017429,-3.5,-0.1748277951315353,0.1748277951315353
p07,2020-01-21,4910.0,0.721754169219847,0.721754169219847,1.0,0.7997960455670224,0.7997960455670224,8167000.0,2.433381044719695,2.433381044719695,5.3806875,1.0465941425477099,1.0465941425477099,78.0,0.14363510681883832,0.14363510681883832,-0.5,0.07280213290677041,0.07280213290677041,-0.36666666666666714,-0.209087031244798,0.209087031244798,1.5,0.5310484317779158,0.5310484317779158,29.0,0.9949475733130884,0.9949475733130884,0.005469991535101394,0.03883875457203829,0.03883875457203829,3.0,1.414412984717832,1.414412984717832,3.0,1.2264119677717902,1.2264119677717902,8.5,1.0758633546556056,1.0758633546556056
p07,2020-01-22,2348.0,0.32255863869956275,0.32255863869956275,1.0,0.7997960455670224,0.7997960455670224,-120000.0,-0.20148505658946328,0.20148505658946328,0.8777584999999997,0.21003195920652504,0.21003195920652504,-29.0,-0.07177180003073397,0.07177180003073397,1.0,0.15676614889078005,0.15676614889078005,-0.29166666666666785,-0.16356001637697912,0.16356001637697912,0.5,0.3672424478464194,0.3672424478464194,-9.0,-0.21169097304533813,0.21169097304533813,0.0002591542007562009,-0.27073452936319625,0.27073452936319625,0.0,0.143491172362679,0.143491172362679,-2.0,-0.4123281615784466,0.4123281615784466,-0.5,0.13784499231524994,0.13784499231524994
p07,2020-01-23,7070.0,1.058312461930157,1.058312461930157,3.0,3.0460317480105745,3.0460317480105745,5310000.0,1.5249929125318988,1.5249929125318988,-0.6634834999999999,-0.07630272929891974,0.07630272929891974,421.0,0.834145097934757,0.834145097934757,-29.75,-1.5644961787814176,1.5644961787814176,-0.11666666666666714,-0.05733031501873361,0.05733031501873361,-0.5,0.20343646391492298,0.20343646391492298,16.0,0.5821501758746793,0.5821501758746793,0.013011922260914494,0.48690115072730084,0.48690115072730084,2.0,0.9907723805994476,0.9907723805994476,1.0,0.5709159160316954,0.5709159160316954,3.5,0.5547420422442969,0.5547420422442969
p07,2020-01-24,-3342.0,-0.5640231601530593,0.5640231601530593,1.0,0.7997960455670224,0.7997960455670224,831000.0,0.10088705181466477,0.10088705181466477,-4.2866005000000005,-0.7494118695986143,0.7494118695986143,-149.0,-0.3133496394881982,0.3133496394881982,-37.0,-1.9703222560374642,1.9703222560374642,0.16666666666666607,0.11466063003747261,0.11466063003747261,-2.5,-0.12417550394806982,0.12417550394806982,-36.0,-1.069039413878957,1.069039413878957,0.0038369717320621,-0.05817814899278419,0.05817814899278419,1.0,0.5671317764810633,0.5671317764810633,0.0,0.24316789016164814,0.24316789016164814,-0.5,0.13784499231524994,0.13784499231524994
p07,2020-01-25,1393.0,0.17375624539477294,0.17375624539477294,1.0,0.7997960455670224,0.7997960455670224,5645000.0,1.6315067467226274,1.6315067467226274,-0.8591714999999995,-0.11265799506786024,0.11265799506786024,167.0,0.322805337749791,0.322805337749791,-17.0,-0.8508020429173356,0.8508020429173356,-0.6500000000000004,-0.3810779763010042,0.3810779763010042,-5.5,-0.6155934557425591,0.6155934557425591,30.0,1.026701219269889,1.026701219269889,0.004972556943079499,0.009286410041876005,0.009286410041876005,3.0,1.414412984717832,1.414412984717832,-2.0,-0.4123281615784466,0.4123281615784466,-3.5,-0.1748277951315353,0.1748277951315353
p07,2020-01-26,-3243.0,-0.54859757173717,0.54859757173717,0.0,-0.3233218056547537,0.3233218056547537,2980000.0,0.7841653493545924,0.7841653493545924,-6.1866005,-1.1023972594078366,1.1023972594078366,-7.0,-0.027482529463532183,0.027482529463532183,-37.0,-1.9703222560374642,1.9703222560374642,1.2166666666666668,0.7520388381869434,0.7520388381869434,3.5,0.8586603996409086,0.8586603996409086,19.0,0.6774111137450815,0.6774111137450815,0.0191411316329316,0.8510344658695187,0.8510344658695187,-1.0,-0.28014943175570534,0.28014943175570534,0.0,0.24316789016164814,0.24316789016164814,3.5,0.5547420422442969,0.5547420422442969
p07,2020-01-27,3497.0,0.5015889527385192,0.5015889527385192,0.0,-0.3233218056547537,0.3233218056547537,58000.0,-0.1448896461836433,0.1448896461836433,4.4527425,0.8741988648916474,0.8741988648916474,30.0,0.047003971035852625,0.047003971035852625,17.0,1.0523823193868829,1.0523823193868829,-0.8500000000000005,-0.5024833492818558,0.5024833492818558,-2.5,-0.12417550394806982,0.12417550394806982,0.0,0.07409184056586815,0.07409184056586815,-0.005422390408998702,-0.6082723010901231,0.6082723010901231,2.0,0.9907723805994476,0.9907723805994476,2.0,0.8986639419017429,0.8986639419017429,2.5,0.45051777976203516,0.45051777976203516
p07,2020-01-28,4022.0,0.583391315550053,0.583391315550053,0.0,-0.3233218056547537,0.3233218056547537,693000.0,0.05700971116296165,0.05700971116296165,5.3173205,1.034821708234004,1.034821708234004,95.0,0.1778586340753124,0.1778586340753124,12.0,0.7725022661068508,0.7725022661068508,-0.3416666666666668,-0.19391135962219133,0.19391135962219133,-10.5,-1.434623375400041,1.434623375400041,12.0,0.4551355920474765,0.4551355920474765,0.0016220607197694956,-0.18976492319131136,0.18976492319131136,-3.0,-1.127430639992474,1.127430639992474,0.0,0.24316789016164814,0.24316789016164814,-12.5,-1.112846157471891,1.112846157471891
p07,2020-01-29,3968.0,0.5749773582322952,0.5749773582322952,0.0,-0.3233218056547537,0.3233218056547537,-697000.0,-0.3849432127925988,0.3849432127925988,1.1965244999999998,0.2692528754001706,0.2692528754001706,-58.0,-0.13015311123295448,0.13015311123295448,29.0,1.72409444725896,1.72409444725896,-0.11666666666666714,-0.05733031501873361,0.05733031501873361,-4.5,-0.4517874718110626,0.4517874718110626,-5.0,-0.08467638921813535,0.08467638921813535,0.002887862087300297,-0.11456428632371227,0.11456428632371227,-1.0,-0.28014943175570534,0.28014943175570534,-1.0,-0.08458013570839924,0.08458013570839924,-5.5,-0.3832763200960588,0.3832763200960588
p07,2020-01-30,2309.0,0.3164818917478488,0.3164818917478488,0.0,-0.3233218056547537,0.3233218056547537,-628000.0,-0.36300454246674724,0.36300454246674724,2.6718365000000004,0.5433389708792355,0.5433389708792355,-73.0,-0.16035034116513752,0.16035034116513752,20.0,1.2203103513549023,1.2203103513549023,-1.708333333333334,-1.0235147416580102,1.0235147416580102,-5.5,-0.6155934557425591,0.6155934557425591,-19.0,-0.5292274326133452,0.5292274326133452,-0.0026396434402052027,-0.44295067191313464,0.44295067191313464,1.0,0.5671317764810633,0.5671317764810633,0.0,0.24316789016164814,0.24316789016164814,-3.5,-0.1748277951315353,0.1748277951315353
p07,2020-01-31,2311.0,0.31679351979665465,0.31679351979665465,0.0,-0.3233218056547537,0.3233218056547537,3170000.0,0.8445761806866474,0.8445761806866474,6.394445500000001,1.234931912443614,1.234931912443614,224.0,0.43755481149208647,0.43755481149208647,-20.0,-1.018730074885355,1.018730074885355,-0.22499999999999964,-0.12309155871669433,0.12309155871669433,-0.5,0.20343646391492298,0.20343646391492298,-22.0,-0.6244883704837472,0.6244883704837472,-0.003204218728953004,-0.47649181222361087,0.47649181222361087,1.0,0.5671317764810633,0.5671317764810633,2.0,0.8986639419017429,0.8986639419017429,3.5,0.5547420422442969,0.5547420422442969
p07,2020-02-01,3515.0,0.5043936051777719,0.5043936051777719,1.0,0.7997960455670224,0.7997960455670224,1442000.0,0.2951555673087996,0.2951555673087996,5.9467665,1.1517613091149808,1.1517613091149808,278.0,0.5462648392479454,0.5462648392479454,-0.5,0.07280213290677041,0.07280213290677041,1.166666666666666,0.7216874949417301,0.7216874949417301,5.5,1.1862723675039015,1.1862723675039015,28.0,0.9631939273562877,0.9631939273562877,0.011168770368208597,0.37740040303449085,0.37740040303449085,3.0,1.414412984717832,1.414412984717832,0.0,0.24316789016164814,0.24316789016164814,9.5,1.1800876171378674,1.1800876171378674
p07,2020-02-02,-866.0,-0.17822763573142622,0.17822763573142622,0.0,-0.3233218056547537,0.3233218056547537,-716000.0,-0.3909842959258043,0.3909842959258043,1.9651725000000004,0.4120536721928439,0.4120536721928439,-156.0,-0.32744168012321695,0.32744168012321695,2.0,0.2127421595467865,0.2127421595467865,-1.0583333333333336,-0.6289472794702426,0.6289472794702426,-7.5,-0.9432054236055518,0.9432054236055518,-7.0,-0.14818368113173674,0.14818368113173674,0.1155464151952916,6.578424961135786,6.578424961135786,2.0,0.9907723805994476,0.9907723805994476,-9.0,-2.7065643426687784,2.7065643426687784,-13.5,-1.2170704199541527,1.2170704199541527
p07,2020-02-03,-4851.0,-0.7991465229770675,0.7991465229770675,0.0,-0.3233218056547537,0.3233218056547537,-2014000.0,-0.803685659446896,0.803685659446896,-3.4940075,-0.6021625279854244,0.6021625279854244,-371.0,-0.7602686424845071,0.7602686424845071,7.0,0.4926222128268186,0.4926222128268186,8.825000000000001,5.370501568666836,5.370501568666836,1.5,0.5310484317779158,0.5310484317779158,143.0,4.614863212388368,4.614863212388368,-0.007434033555696301,-0.7277830313377103,0.7277830313377103,3.0,1.414412984717832,1.414412984717832,2.0,0.8986639419017429,0.8986639419017429,7.5,0.9716390921733439,0.9716390921733439
p07,2020-02-04,4539.0,0.6639471661663632,0.6639471661663632,0.0,-0.3233218056547537,0.3233218056547537,294000.0,-0.06985303463435391,0.06985303463435391,5.4248135,1.0547919495533529,1.0547919495533529,135.0,0.25838458056113384,0.25838458056113384,27.0,1.6121424259469472,1.6121424259469472,0.33333333333333215,0.21583177418818184,0.21583177418818184,-0.5,0.20343646391492298,0.20343646391492298,20.0,0.7091647597018821,0.7091647597018821,0.008213700746472291,0.2018411697748871,0.2018411697748871,2.0,0.9907723805994476,0.9907723805994476,-3.0,-0.740076187448494,0.740076187448494,-0.5,0.13784499231524994,0.13784499231524994
p07,2020-02-05,-1535.0,-0.28246721805698055,0.28246721805698055,0.0,-0.3233218056547537,0.3233218056547537,-1747000.0,-0.718792543838166,0.718792543838166,-2.0289915,-0.3299892417555573,0.3299892417555573,-304.0,-0.6253876821207561,0.6253876821207561,38.0,2.227878543163018,2.227878543163018,-0.04166666666666785,-0.011803300150914728,0.011803300150914728,0.5,0.3672424478464194,0.3672424478464194,-5.0,-0.08467638921813535,0.08467638921813535,0.006442976044769497,0.09664328588810157,0.09664328588810157,2.0,0.9907723805994476,0.9907723805994476,-1.0,-0.08458013570839924,0.08458013570839924,2.5,0.45051777976203516,0.45051777976203516
p07,2020-02-06,-1672.0,-0.30381373940018075,0.30381373940018075,0.0,-0.3233218056547537,0.3233218056547537,-2498000.0,-0.9575743034717099,0.9575743034717099,-6.1866005,-1.1023972594078366,1.1023972594078366,-504.0,-1.0280174145498633,1.0280174145498633,-35.0,-1.8583702347254514,1.8583702347254514,-1.166666666666667,-0.6947085231682039,0.6947085231682039,-3.5,-0.28798148787956623,0.28798148787956623,-24.0,-0.6879956623973487,0.6879956623973487,-0.007526487861933405,-0.7332756962127251,0.7332756962127251,-2.0,-0.7037900358740896,0.7037900358740896,2.0,0.8986639419017429,0.8986639419017429,-2.5,-0.07060353264927356,0.07060353264927356
p07,2020-02-07,6405.0,0.9546961357022143,0.9546961357022143,0.0,-0.3233218056547537,0.3233218056547537,1767000.0,0.398489884060999,0.398489884060999,5.8086025,1.1260929546951906,1.1260929546951906,165.0,0.31877904042549987,0.31877904042549987,-1.0,0.0448141275787672,0.0448141275787672,0.44166666666666643,0.28159301788614366,0.28159301788614366,4.5,1.022466383572405,1.022466383572405,-9.0,-0.21169097304533813,0.21169097304533813,0.0012036194559824978,-0.2146243129309891,0.2146243129309891,0.0,0.143491172362679,0.143491172362679,-1.0,-0.08458013570839924,0.08458013570839924,4.5,0.6589663047265586,0.6589663047265586
p07,2020-02-08,5188.0,0.7650704680038591,0.7650704680038591,0.0,-0.3233218056547537,0.3233218056547537,313000.0,-0.0638119515011484,0.0638119515011484,4.254703500000001,0.8374068261482641,0.8374068261482641,142.0,0.27247662119615257,0.27247662119615257,27.0,1.6121424259469472,1.6121424259469472,-1.1416666666666666,-0.6795328515455973,0.6795328515455973,-4.5,-0.4517874718110626,0.4517874718110626,-5.0,-0.08467638921813535,0.08467638921813535,0.0011334843464512953,-0.21879100530375342,0.21879100530375342,0.0,0.143491172362679,0.143491172362679,-1.0,-0.08458013570839924,0.08458013570839924,-4.5,-0.27905205761379703,0.27905205761379703
p07,2020-02-09,-1708.0,-0.30942304427868594,0.30942304427868594,0.0,-0.3233218056547537,0.3233218056547537,17862000.0,5.515923201373766,5.515923201373766,-1.4939755000000003,-0.23059301474809907,0.23059301474809907,885.0,1.7682460771702853,1.7682460771702853,-43.0,-2.306178319973503,2.306178319973503,-0.15833333333333321,-0.08262310105641064,0.08262310105641064,1.5,0.5310484317779158,0.5310484317779158,31.0,1.0584548652266899,1.0584548652266899,-0.005617428507542502,-0.6198594186270161,0.6198594186270161,1.0,0.5671317764810633,0.5671317764810633,0.0,0.24316789016164814,0.24316789016164814,3.5,0.5547420422442969,0.5547420422442969
p07,2020-02-10,3801.0,0.5489564161570073,0.5489564161570073,0.0,-0.3233218056547537,0.3233218056547537,327000.0,-0.05936062708720751,0.05936062708720751,5.586789499999999,1.084884139816373,1.084884139816373,100.0,0.1879243773860401,0.1879243773860401,18.0,1.1083583300428894,1.1083583300428894,-0.375,-0.21414558845233317,0.21414558845233317,1.5,0.5310484317779158,0.5310484317779158,8.0,0.32812100822027374,0.32812100822027374,0.001858979035945299,-0.17568972251683737,0.17568972251683737,2.0,0.9907723805994476,0.9907723805994476,0.0,0.24316789016164814,0.24316789016164814,4.5,0.6589663047265586,0.6589663047265586
p07,2020-02-11,2095.0,0.28313769052562365,0.28313769052562365,0.0,-0.3233218056547537,0.3233218056547537,-657000.0,-0.372225143038482,0.372225143038482,-0.7048505,-0.08398796436220297,0.08398796436220297,-108.0,-0.23081054434023127,0.23081054434023127,23.0,1.3882383833229215,1.3882383833229215,-0.016666666666667496,0.003372371471691925,0.003372371471691925,-0.5,0.20343646391492298,0.20343646391492298,8.0,0.32812100822027374,0.32812100822027374,0.010237674040442304,0.3220844280093618,0.3220844280093618,1.0,0.5671317764810633,0.5671317764810633,1.0,0.5709159160316954,0.5709159160316954,2.5,0.45051777976203516,0.45051777976203516
p07,2020-02-12,4154.0,0.6039587667712385,0.6039587667712385,0.0,-0.3233218056547537,0.3233218056547537,122000.0,-0.12454073457705635,0.12454073457705635,5.019274500000001,0.9794501906071204,0.9794501906071204,33.0,0.05304341702228923,0.05304341702228923,11.0,0.7165262554508444,0.7165262554508444,-0.20833333333333393,-0.11297444430162396,0.11297444430162396,0.5,0.3672424478464194,0.3672424478464194,-11.0,-0.27519826495893956,0.27519826495893956,0.019069534232275198,0.8467808994999949,0.8467808994999949,-1.0,-0.28014943175570534,0.28014943175570534,-1.0,-0.08458013570839924,0.08458013570839924,-0.5,0.13784499231524994,0.13784499231524994
p07,2020-02-13,2639.0,0.36790051980081284,0.36790051980081284,1.0,0.7997960455670224,0.7997960455670224,3807000.0,1.0471114415209581,1.0471114415209581,4.7199845,0.9238475604408033,0.9238475604408033,409.0,0.8099873139890105,0.8099873139890105,-11.0,-0.5149459789812971,0.5149459789812971,0.01666666666666572,0.02360660030183377,0.02360660030183377,-0.5,0.20343646391492298,0.20343646391492298,12.0,0.4551355920474765,0.4551355920474765,0.0277114759316857,1.3601944067361669,1.3601944067361669,-1.0,-0.28014943175570534,0.28014943175570534,0.0,0.24316789016164814,0.24316789016164814,-0.5,0.13784499231524994,0.13784499231524994
p07,2020-02-14,-556.0,-0.12992528816652063,0.12992528816652063,0.0,-0.3233218056547537,0.3233218056547537,-1348000.0,-0.5919297980408506,0.5919297980408506,-1.0247725,-0.1434236442982798,0.1434236442982798,-204.0,-0.42407281590620266,0.42407281590620266,23.0,1.3882383833229215,1.3882383833229215,1.375,0.8481514251301174,0.8481514251301174,4.5,1.022466383572405,1.022466383572405,36.0,1.2172230950106933,1.2172230950106933,0.0016682624656821979,-0.18702010018341106,0.18702010018341106,4.0,1.8380535888362164,1.8380535888362164,-1.0,-0.08458013570839924,0.08458013570839924,8.5,1.0758633546556056,1.0758633546556056
p07,2020-02-15,254.0,-0.003715928400154396,0.003715928400154396,0.0,-0.3233218056547537,0.3233218056547537,7059000.0,2.081090512530658,2.081090512530658,-1.1751405000000004,-0.17135927961134995,0.17135927961134995,668.0,1.3313928174847043,1.3313928174847043,-37.0,-1.9703222560374642,1.9703222560374642,-1.3250000000000002,-0.7908211101113779,0.7908211101113779,-6.5,-0.7793994396740554,0.7793994396740554,-35.0,-1.0372857679221563,1.0372857679221563,0.010688325957128292,0.3488574368002263,0.3488574368002263,-3.0,-1.127430639992474,1.127430639992474,-1.0,-0.08458013570839924,0.08458013570839924,-9.5,-0.8001733700251058,0.8001733700251058
p07,2020-02-16,-2076.0,-0.3667626052589609,0.3667626052589609,0.0,-0.3233218056547537,0.3233218056547537,1560000.0,0.3326738730834443,0.3326738730834443,-3.4439295,-0.592858947800758,0.592858947800758,4.0,-0.005337894179931295,0.005337894179931295,-36.0,-1.914346245381458,1.914346245381458,-5.058333333333334,-3.0570547390872727,3.0570547390872727,-12.5,-1.7622353432630338,1.7622353432630338,-58.0,-1.7676196249285723,1.7676196249285723,-0.0201879865699437,-1.4854891089680153,1.4854891089680153,-5.0,-1.9747118482292425,1.9747118482292425,-7.0,-2.0510682909286837,2.0510682909286837,-23.5,-2.25931304477677,2.25931304477677
p07,2020-02-16,-2076.0,-0.3667626052589609,0.3667626052589609,0.0,-0.3233218056547537,0.3233218056547537,1560000.0,0.3326738730834443,0.3326738730834443,-3.4439295,-0.592858947800758,0.592858947800758,4.0,-0.005337894179931295,0.005337894179931295,-36.0,-1.914346245381458,1.914346245381458,-5.058333333333334,-3.0570547390872727,3.0570547390872727,-12.5,-1.7622353432630338,1.7622353432630338,-58.0,-1.7676196249285723,1.7676196249285723,-0.0201879865699437,-1.4854891089680153,1.4854891089680153,-5.0,-1.9747118482292425,1.9747118482292425,-7.0,-2.0510682909286837,2.0510682909286837,-23.5,-2.25931304477677,2.25931304477677
p07,2020-02-18,1827.0,0.24137953198564074,0.24137953198564074,0.0,-0.3233218056547537,0.3233218056547537,274000.0,-0.07621206951141234,0.07621206951141234,4.6151335,0.9043681545950734,0.9043681545950734,39.0,0.06512230899516244,0.06512230899516244,17.0,1.0523823193868829,1.0523823193868829,0.6833333333333336,0.42829117690467283,0.42829117690467283,4.5,1.022466383572405,1.022466383572405,26.0,0.8996866354426863,0.8996866354426863,0.008654617854056093,0.2280358383434647,0.2280358383434647,3.0,1.414412984717832,1.414412984717832,0.0,0.24316789016164814,0.24316789016164814,8.5,1.0758633546556056,1.0758633546556056
p07,2020-02-20,-1377.0,-0.257848602201319,0.257848602201319,1.0,0.7997960455670224,0.7997960455670224,1101000.0,0.1867340226549535,0.1867340226549535,2.022820500000001,0.42276362048322397,0.42276362048322397,51.0,0.08928009294090887,0.08928009294090887,-17.0,-0.8508020429173356,0.8508020429173356,0.01666666666666572,0.02360660030183377,0.02360660030183377,-0.5,0.20343646391492298,0.20343646391492298,6.0,0.26461371630667235,0.26461371630667235,-0.003161726720909204,-0.4739673829184741,0.4739673829184741,-3.0,-1.127430639992474,1.127430639992474,1.0,0.5709159160316954,0.5709159160316954,-1.5,0.03362072983298819,0.03362072983298819
p07,2020-02-21,-1890.0,-0.3377811967200176,0.3377811967200176,1.0,0.7997960455670224,0.7997960455670224,581000.0,0.021399115851434475,0.021399115851434475,-6.0780855,-1.0822371491051272,1.0822371491051272,-35.0,-0.08385069200360717,0.08385069200360717,-21.5,-1.1026940908693645,1.1026940908693645,,,,,,,,,,,,,,,,,,,,,
p07,2020-02-23,1559.0,0.19962137344565786,0.19962137344565786,1.0,0.7997960455670224,0.7997960455670224,1288000.0,0.24619099875544975,0.24619099875544975,5.390063499999999,1.0483360325555262,1.0483360325555262,150.0,0.2885818104933169,0.2885818104933169,-13.5,-0.6548860056213132,0.6548860056213132,-1.4500000000000002,-0.8666994682244101,0.8666994682244101,-3.5,-0.28798148787956623,0.28798148787956623,-13.0,-0.33870555687254095,0.33870555687254095,0.0033734593470910942,-0.08571519188114338,0.08571519188114338,-3.0,-1.127430639992474,1.127430639992474,1.0,0.5709159160316954,0.5709159160316954,-4.5,-0.27905205761379703,0.27905205761379703
p07,2020-02-24,2641.0,0.36821214784961864,0.36821214784961864,0.0,-0.3233218056547537,0.3233218056547537,-388000.0,-0.28669612394204613,0.28669612394204613,3.6228524999999996,0.7200204200765024,0.7200204200765024,-30.0,-0.07378494869287949,0.07378494869287949,16.0,0.9964063087308765,0.9964063087308765,0.8249999999999993,0.5142866494327754,0.5142866494327754,3.5,0.8586603996409086,0.8586603996409086,-30.0,-0.8785175381381528,0.8785175381381528,0.006859811295224602,0.12140726316538662,0.12140726316538662,-4.0,-1.5510712441108583,1.5510712441108583,1.0,0.5709159160316954,0.5709159160316954,1.5,0.3462935172797734,0.3462935172797734
p07,2020-02-25,4320.0,0.6298238948221234,0.6298238948221234,0.0,-0.3233218056547537,0.3233218056547537,-612000.0,-0.3579173145651005,0.3579173145651005,1.2255475000000002,0.2746448201203986,0.2746448201203986,-63.0,-0.14021885454368216,0.14021885454368216,25.0,1.5001904046349344,1.5001904046349344,-0.06666666666666643,-0.026978971773520304,0.026978971773520304,0.5,0.3672424478464194,0.3672424478464194,-5.0,-0.08467638921813535,0.08467638921813535,-0.0008632016241202009,-0.33741313707192994,0.33741313707192994,2.0,0.9907723805994476,0.9907723805994476,-1.0,-0.08458013570839924,0.08458013570839924,2.5,0.45051777976203516,0.45051777976203516
p07,2020-02-26,2571.0,0.35730516614141417,0.35730516614141417,0.0,-0.3233218056547537,0.3233218056547537,615000.0,0.032209475142433795,0.032209475142433795,5.5633755,1.080534245123219,1.080534245123219,38.0,0.0631091603330169,0.0631091603330169,-5.0,-0.1790899150452585,0.1790899150452585,-0.1416666666666675,-0.07250598664134027,0.07250598664134027,-9.5,-1.2708173914685446,1.2708173914685446,-26.0,-0.75150295431095,0.75150295431095,0.005116854906004498,0.01785908106989417,0.01785908106989417,-3.0,-1.127430639992474,1.127430639992474,2.0,0.8986639419017429,0.8986639419017429,-9.5,-0.8001733700251058,0.8001733700251058
p07,2020-02-27,2474.0,0.3421912057743308,0.3421912057743308,0.0,-0.3233218056547537,0.3233218056547537,-727000.0,-0.39448176510818644,0.39448176510818644,1.0325635000000002,0.2387919082956918,0.2387919082956918,-131.0,-0.27711296356957854,0.27711296356957854,16.0,0.9964063087308765,0.9964063087308765,2.3916666666666657,1.4652954044494453,1.4652954044494453,-0.5,0.20343646391492298,0.20343646391492298,-13.0,-0.33870555687254095,0.33870555687254095,0.07712219147037111,4.295660722309176,4.295660722309176,-4.0,-1.5510712441108583,1.5510712441108583,-2.0,-0.4123281615784466,0.4123281615784466,-5.5,-0.3832763200960588,0.3832763200960588
p07,2020-02-28,3287.0,0.4688680076139058,0.4688680076139058,1.0,0.7997960455670224,0.7997960455670224,1570000.0,0.33585339052197355,0.33585339052197355,5.4431565,1.0581997448192848,1.0581997448192848,146.0,0.2805292158447347,0.2805292158447347,-14.5,-0.7108620162773196,0.7108620162773196,0.24166666666666714,0.16018764490529258,0.16018764490529258,-1.5,0.039630479983426586,0.039630479983426586,26.0,0.8996866354426863,0.8996866354426863,0.036703729236500796,1.894419754205949,1.894419754205949,3.0,1.414412984717832,1.414412984717832,-2.0,-0.4123281615784466,0.4123281615784466,0.5,0.24206925479751168,0.24206925479751168
p07,2020-02-29,2433.0,0.33580283077381107,0.33580283077381107,2.0,1.9229138967887986,1.9229138967887986,1071000.0,0.17719547033936586,0.17719547033936586,-6.1866005,-1.1023972594078366,1.1023972594078366,-27.0,-0.06774550270644289,0.06774550270644289,-12.333333333333314,-0.5895806598559713,0.5895806598559713,0.7833333333333332,0.48899386339509837,0.48899386339509837,-1.5,0.039630479983426586,0.039630479983426586,-31.0,-0.9102711840949536,0.9102711840949536,0.040820680674069895,2.1390058148626108,2.1390058148626108,-3.0,-1.127430639992474,1.127430639992474,0.0,0.24316789016164814,0.24316789016164814,-3.5,-0.1748277951315353,0.1748277951315353
p07,2020-03-01,-4620.0,-0.7631534833399927,0.7631534833399927,0.0,-0.3233218056547537,0.3233218056547537,983000.0,0.1492157168803088,0.1492157168803088,-6.1866005,-1.1023972594078366,1.1023972594078366,-126.0,-0.2670472202588509,0.2670472202588509,-36.0,-1.914346245381458,1.914346245381458,-5.341666666666667,-3.229045684143479,3.229045684143479,-15.5,-2.253653295057523,2.253653295057523,-35.0,-1.0372857679221563,1.0372857679221563,0.008910454271772394,0.2432349541286851,0.2432349541286851,-2.0,-0.7037900358740896,0.7037900358740896,-7.0,-2.0510682909286837,2.0510682909286837,-23.5,-2.25931304477677,2.25931304477677
p07,2020-03-02,-8111.0,-1.3071002425305909,1.3071002425305909,-1.0,-1.4464396568765299,1.4464396568765299,-3420000.0,-1.2507258113041033,1.2507258113041033,-6.1866005,-1.1023972594078366,1.1023972594078366,-623.0,-1.267582105345182,1.267582105345182,,,,2.741666666666667,1.6777548071659363,1.6777548071659363,3.5,0.8586603996409086,0.8586603996409086,45.0,1.5030059086218996,1.5030059086218996,-0.0001922263586418005,-0.29755082645931774,0.29755082645931774,0.0,0.143491172362679,0.143491172362679,2.0,0.8986639419017429,0.8986639419017429,6.5,0.8674148296910821,0.8674148296910821
p07,2020-03-03,-4412.0,-0.730744166264185,0.730744166264185,0.0,-0.3233218056547537,0.3233218056547537,-2396000.0,-0.9251432255987119,0.9251432255987119,-6.1866005,-1.1023972594078366,1.1023972594078366,-500.0,-1.0199648199012812,1.0199648199012812,-31.0,-1.6344661921014256,1.6344661921014256,0.09999999999999964,0.07419217237718892,0.07419217237718892,0.5,0.3672424478464194,0.3672424478464194,-23.0,-0.6562420164405479,0.6562420164405479,0.014441346482685802,0.5718225409141848,0.5718225409141848,-4.0,-1.5510712441108583,1.5510712441108583,1.0,0.5709159160316954,0.5709159160316954,-1.5,0.03362072983298819,0.03362072983298819
p07,2020-03-04,-3738.0,-0.6257255138166161,0.6257255138166161,0.0,-0.3233218056547537,0.3233218056547537,3181000.0,0.8480736498690296,0.8480736498690296,-3.0899834999999998,-0.5271022284421185,0.5271022284421185,142.0,0.27247662119615257,0.27247662119615257,-47.0,-2.5300823625975286,2.5300823625975286,8.225,5.006285449724281,5.006285449724281,0.5,0.3672424478464194,0.3672424478464194,97.0,3.154195498375536,3.154195498375536,-0.001087315254711202,-0.35072761767170146,0.35072761767170146,-3.0,-1.127430639992474,1.127430639992474,3.0,1.2264119677717902,1.2264119677717902,1.5,0.3462935172797734,0.3462935172797734
p07,2020-03-05,-608.0,-0.13802761743547254,0.13802761743547254,0.0,-0.3233218056547537,0.3233218056547537,-1407000.0,-0.6106889509281729,0.6106889509281729,-4.3650465,-0.7639857074349166,0.7639857074349166,-465.0,-0.9495046167261874,0.9495046167261874,-39.0,-2.082274277349477,2.082274277349477,-0.6166666666666671,-0.36084374747086234,0.36084374747086234,2.5,0.6948544157094122,0.6948544157094122,41.0,1.3759913247946969,1.3759913247946969,0.0021411782420249006,-0.15892440643717964,0.15892440643717964,4.0,1.8380535888362164,1.8380535888362164,0.0,0.24316789016164814,0.24316789016164814,7.5,0.9716390921733439,0.9716390921733439
p07,2020-03-06,-8639.0,-1.3893700474153332,1.3893700474153332,-1.0,-1.4464396568765299,1.4464396568765299,-3420000.0,-1.2507258113041033,1.2507258113041033,-6.1866005,-1.1023972594078366,1.1023972594078366,-623.0,-1.267582105345182,1.267582105345182,,,,-1.4333333333333336,-0.8565823538093392,0.8565823538093392,-6.5,-0.7793994396740554,0.7793994396740554,-17.0,-0.4657201406997437,0.4657201406997437,0.017710376909815098,0.7660340312519061,0.7660340312519061,-2.0,-0.7037900358740896,0.7037900358740896,1.0,0.5709159160316954,0.5709159160316954,-6.5,-0.4875005825783205,0.4875005825783205
p07,2020-03-07,-6373.0,-1.0362954681183136,1.0362954681183136,0.0,-0.3233218056547537,0.3233218056547537,-1884000.0,-0.7623519327460163,0.7623519327460163,-6.1866005,-1.1023972594078366,1.1023972594078366,-478.0,-0.9756755493340793,0.9756755493340793,-34.0,-1.802394224069445,1.802394224069445,-1.408333333333334,-0.8414066821867331,0.8414066821867331,-7.5,-0.9432054236055518,0.9432054236055518,-15.0,-0.40221284878614233,0.40221284878614233,-0.007240890146715105,-0.7163084763761384,0.7163084763761384,-4.0,-1.5510712441108583,1.5510712441108583,2.0,0.8986639419017429,0.8986639419017429,-8.5,-0.695949107542844,0.695949107542844
p07,2020-03-09,-7027.0,-1.138197840077824,1.138197840077824,-1.0,-1.4464396568765299,1.4464396568765299,-3420000.0,-1.2507258113041033,1.2507258113041033,-6.1866005,-1.1023972594078366,1.1023972594078366,-623.0,-1.267582105345182,1.267582105345182,,,,1.6916666666666682,1.0403765990164666,1.0403765990164666,4.5,1.022466383572405,1.022466383572405,21.0,0.7409184056586828,0.7409184056586828,-0.005018953887975304,-0.5843043357404019,0.5843043357404019,0.0,0.143491172362679,0.143491172362679,0.0,0.24316789016164814,0.24316789016164814,5.5,0.7631905672088204,0.7631905672088204
p07,2020-03-10,-7406.0,-1.1972513553265314,1.1972513553265314,-1.0,-1.4464396568765299,1.4464396568765299,-3420000.0,-1.2507258113041033,1.2507258113041033,-6.1866005,-1.1023972594078366,1.1023972594078366,-623.0,-1.267582105345182,1.267582105345182,,,,0.9749999999999996,0.6053406791684143,0.6053406791684143,3.5,0.8586603996409086,0.8586603996409086,5.0,0.23286007034987163,0.23286007034987163,0.014626662169658702,0.582832054760029,0.582832054760029,-1.0,-0.28014943175570534,0.28014943175570534,2.0,0.8986639419017429,0.8986639419017429,5.5,0.7631905672088204,0.7631905672088204
p07,2020-03-11,3480.0,0.49894011432366964,0.49894011432366964,0.0,-0.3233218056547537,0.3233218056547537,26000.0,-0.1550641019869368,0.1550641019869368,4.3349614999999995,0.8523173005773736,0.8523173005773736,17.0,0.020833038427960665,0.020833038427960665,10.0,0.6605502447948379,0.6605502447948379,0.43333333333333357,0.27653446067860843,0.27653446067860843,-1.5,0.039630479983426586,0.039630479983426586,42.0,1.4077449707514975,1.4077449707514975,0.010621948768755399,0.34491400067575817,0.34491400067575817,4.0,1.8380535888362164,1.8380535888362164,2.0,0.8986639419017429,0.8986639419017429,5.5,0.7631905672088204,0.7631905672088204
p07,2020-03-12,1110.0,0.12966087648874622,0.12966087648874622,0.0,-0.3233218056547537,0.3233218056547537,-251000.0,-0.24313673503419594,0.24313673503419594,3.4112584999999997,0.6807101092495064,0.6807101092495064,-110.0,-0.23483684166452232,0.23483684166452232,-2.0,-0.011161883077239226,0.011161883077239226,0.9000000000000004,0.5598136643005953,0.5598136643005953,5.5,1.1862723675039015,1.1862723675039015,27.0,0.931440281399487,0.931440281399487,-0.00045747534279820534,-0.31330913818871314,0.31330913818871314,3.0,1.414412984717832,1.414412984717832,0.0,0.24316789016164814,0.24316789016164814,9.5,1.1800876171378674,1.1800876171378674
p07,2020-03-13,-2659.0,-0.45760218148586407,0.45760218148586407,0.0,-0.3233218056547537,0.3233218056547537,-246000.0,-0.24154697631493136,0.24154697631493136,-6.1866005,-1.1023972594078366,1.1023972594078366,-125.0,-0.26503407159670533,0.26503407159670533,-32.0,-1.6904422027574322,1.6904422027574322,-2.366666666666667,-1.423140761053313,1.423140761053313,-10.5,-1.434623375400041,1.434623375400041,-11.0,-0.27519826495893956,0.27519826495893956,0.0419742529742452,2.2075389780201338,2.2075389780201338,-4.0,-1.5510712441108583,1.5510712441108583,1.0,0.5709159160316954,0.5709159160316954,-12.5,-1.112846157471891,1.112846157471891
p07,2020-03-14,-2312.0,-0.4035347150180504,0.4035347150180504,0.0,-0.3233218056547537,0.3233218056547537,-149000.0,-0.210705657161198,0.210705657161198,2.6336885000000008,0.5362517673790029,0.5362517673790029,-66.0,-0.14625830053011876,0.14625830053011876,5.0,0.3806701915148058,0.3806701915148058,0.31666666666666643,0.20571465977311146,0.20571465977311146,0.5,0.3672424478464194,0.3672424478464194,49.0,1.6300204924491024,1.6300204924491024,-0.008470976857745505,-0.789387323061462,0.789387323061462,0.0,0.143491172362679,0.143491172362679,-2.0,-0.4123281615784466,0.4123281615784466,-0.5,0.13784499231524994,0.13784499231524994
p07,2020-03-15,-10714.0,-1.7126841480513948,1.7126841480513948,-1.0,-1.4464396568765299,1.4464396568765299,-3420000.0,-1.2507258113041033,1.2507258113041033,-6.1866005,-1.1023972594078366,1.1023972594078366,-623.0,-1.267582105345182,1.267582105345182,,,,-1.1416666666666666,-0.6795328515455973,0.6795328515455973,-7.5,-0.9432054236055518,0.9432054236055518,-41.0,-1.2278076436629606,1.2278076436629606,0.01578962865310289,0.6519233217265635,0.6519233217265635,-4.0,-1.5510712441108583,1.5510712441108583,1.0,0.5709159160316954,0.5709159160316954,-9.5,-0.8001733700251058,0.8001733700251058
p07,2020-03-17,-777.0,-0.16436018755956622,0.16436018755956622,1.0,0.7997960455670224,0.7997960455670224,1281000.0,0.24396533654847932,0.24396533654847932,6.8464055,1.3188978475900224,1.3188978475900224,285.0,0.5603568798829641,0.5603568798829641,4.0,0.32469418085879936,0.32469418085879936,0.041666666666666075,0.03878227192444042,0.03878227192444042,1.5,0.5310484317779158,0.5310484317779158,41.0,1.3759913247946969,1.3759913247946969,0.0019453407366156958,-0.17055901634288884,0.17055901634288884,4.0,1.8380535888362164,1.8380535888362164,0.0,0.24316789016164814,0.24316789016164814,6.5,0.8674148296910821,0.8674148296910821
p07,2020-03-18,-1133.0,-0.2198299802470062,0.2198299802470062,1.0,0.7997960455670224,0.7997960455670224,789000.0,0.08753307857284208,0.08753307857284208,5.9518125,1.1526987639976005,1.1526987639976005,127.0,0.24227939126396955,0.24227939126396955,12.0,0.7725022661068508,0.7725022661068508,1.0,0.6205163507910209,0.6205163507910209,1.5,0.5310484317779158,0.5310484317779158,41.0,1.3759913247946969,1.3759913247946969,-0.0010317052125487017,-0.34742385240953266,0.34742385240953266,0.0,0.143491172362679,0.143491172362679,-1.0,-0.08458013570839924,0.08458013570839924,1.5,0.3462935172797734,0.3462935172797734
p07,2020-03-19,-5877.0,-0.9590117120144647,0.9590117120144647,0.0,-0.3233218056547537,0.3233218056547537,420000.0,-0.02979111490888584,0.02979111490888584,-6.1866005,-1.1023972594078366,1.1023972594078366,-176.0,-0.3677046533661277,0.3677046533661277,-29.0,-1.5225141707894128,1.5225141707894128,-0.07500000000000107,-0.03203752898105657,0.03203752898105657,-1.5,0.039630479983426586,0.039630479983426586,16.0,0.5821501758746793,0.5821501758746793,0.0293505885500268,1.4575732814623146,1.4575732814623146,0.0,0.143491172362679,0.143491172362679,0.0,0.24316789016164814,0.24316789016164814,-0.5,0.13784499231524994,0.13784499231524994
p07,2020-03-20,-3516.0,-0.5911348003991675,0.5911348003991675,0.0,-0.3233218056547537,0.3233218056547537,-939000.0,-0.4618875348050057,0.4618875348050057,1.4231255000000003,0.3113512134613073,0.3113512134613073,-72.0,-0.15833719250299197,0.15833719250299197,37.0,2.1719025325070116,2.1719025325070116,0.01666666666666572,0.02360660030183377,0.02360660030183377,0.5,0.3672424478464194,0.3672424478464194,45.0,1.5030059086218996,1.5030059086218996,0.006198368376952604,0.08211126461338063,0.08211126461338063,3.0,1.414412984717832,1.414412984717832,1.0,0.5709159160316954,0.5709159160316954,5.5,0.7631905672088204,0.7631905672088204
p07,2020-03-21,5571.0,0.824747239350178,0.824747239350178,0.0,-0.3233218056547537,0.3233218056547537,809000.0,0.0938921134499005,0.0938921134499005,7.1461885,1.3745920681759054,1.3745920681759054,283.0,0.5563305825586731,0.5563305825586731,29.0,1.72409444725896,1.72409444725896,0.44166666666666643,0.28159301788614366,0.28159301788614366,-0.5,0.20343646391492298,0.20343646391492298,-12.0,-0.30695191091574026,0.30695191091574026,0.015131196057653798,0.6128061649733313,0.6128061649733313,-3.0,-1.127430639992474,1.127430639992474,2.0,0.8986639419017429,0.8986639419017429,-0.5,0.13784499231524994,0.13784499231524994
p07,2020-03-22,-8155.0,-1.3139560596043194,1.3139560596043194,-1.0,-1.4464396568765299,1.4464396568765299,-3420000.0,-1.2507258113041033,1.2507258113041033,-6.1866005,-1.1023972594078366,1.1023972594078366,-623.0,-1.267582105345182,1.267582105345182,,,,-1.2750000000000004,-0.7604697668661652,0.7604697668661652,-3.5,-0.28798148787956623,0.28798148787956623,-5.0,-0.08467638921813535,0.08467638921813535,0.0285961191388409,1.4127506247061619,1.4127506247061619,-1.0,-0.28014943175570534,0.28014943175570534,2.0,0.8986639419017429,0.8986639419017429,-1.5,0.03362072983298819,0.03362072983298819
p07,2020-03-24,2544.0,0.3530981874825353,0.3530981874825353,1.0,0.7997960455670224,0.7997960455670224,10692000.0,3.236209197948321,3.236209197948321,7.359632500000001,1.4142460753035055,1.4142460753035055,731.0,1.4582211831998728,1.4582211831998728,-22.0,-1.1306820961973678,1.1306820961973678,0.6583333333333332,0.4131155052820662,0.4131155052820662,4.5,1.022466383572405,1.022466383572405,-2.0,0.010584548652266748,0.010584548652266748,0.0089128214214165,0.24337558532514597,0.24337558532514597,0.0,0.143491172362679,0.143491172362679,-3.0,-0.740076187448494,0.740076187448494,2.5,0.45051777976203516,0.45051777976203516
p07,2020-03-25,-12136.0,-1.9342516907523488,1.9342516907523488,-1.0,-1.4464396568765299,1.4464396568765299,-3420000.0,-1.2507258113041033,1.2507258113041033,-6.1866005,-1.1023972594078366,1.1023972594078366,-623.0,-1.267582105345182,1.267582105345182,,,,0.5333333333333332,0.33723714716903397,0.33723714716903397,5.5,1.1862723675039015,1.1862723675039015,-23.0,-0.6562420164405479,0.6562420164405479,0.010737887178704691,0.3518018446054981,0.3518018446054981,-4.0,-1.5510712441108583,1.5510712441108583,0.0,0.24316789016164814,0.24316789016164814,2.5,0.45051777976203516,0.45051777976203516
p07,2020-03-26,1233.0,0.14882600149030553,0.14882600149030553,0.0,-0.3233218056547537,0.3233218056547537,-49000.0,-0.17891048277590588,0.17891048277590588,3.8427745,0.7608779216015676,0.7608779216015676,2.0,-0.009364191504222366,0.009364191504222366,12.0,0.7725022661068508,0.7725022661068508,-0.40000000000000036,-0.22932126007493983,0.22932126007493983,-3.5,-0.28798148787956623,0.28798148787956623,-3.0,-0.021169097304533948,0.021169097304533948,-0.003565386710193505,-0.4979486244076993,0.4979486244076993,-3.0,-1.127430639992474,1.127430639992474,3.0,1.2264119677717902,1.2264119677717902,-2.5,-0.07060353264927356,0.07060353264927356
p07,2020-03-28,-4411.0,-0.7305883522397821,0.7305883522397821,-1.0,-1.4464396568765299,1.4464396568765299,-3420000.0,-1.2507258113041033,1.2507258113041033,-6.1866005,-1.1023972594078366,1.1023972594078366,-623.0,-1.267582105345182,1.267582105345182,,,,-0.2666666666666675,-0.14838434475437245,0.14838434475437245,0.5,0.3672424478464194,0.3672424478464194,-27.0,-0.7832566002677507,0.7832566002677507,-0.006918692118850302,-0.6971668499611012,0.6971668499611012,-3.0,-1.127430639992474,1.127430639992474,2.0,0.8986639419017429,0.8986639419017429,0.5,0.24206925479751168,0.24206925479751168
p07,2020-03-29,-14347.0,-2.278756498707208,2.278756498707208,-1.0,-1.4464396568765299,1.4464396568765299,-3420000.0,-1.2507258113041033,1.2507258113041033,-6.1866005,-1.1023972594078366,1.1023972594078366,-623.0,-1.267582105345182,1.267582105345182,,,,,,,,,,,,,,,,,,,,,,,,
p08,2020-01-08,-9521.0,-1.5564955198224086,1.5564955198224086,-1.0,-0.704006239434268,0.704006239434268,977500.0,0.27622096514013783,0.27622096514013783,-5.4156475,-1.0295865437304335,1.0295865437304335,-32.5,-0.07825956712685456,0.07825956712685456,-5.5,-0.49112408788207895,0.49112408788207895,-0.11666666666666536,-0.4786932042920211,0.4786932042920211,-3.0,-0.5741767418696497,0.5741767418696497,-5.0,-0.3064355649110191,0.3064355649110191,-0.0073917634635691926,-0.6657929990651096,0.6657929990651096,-1.0,-0.5216338335555404,0.5216338335555404,0.0,0.20950906626590032,0.20950906626590032,-3.0,-0.41154832446644746,0.41154832446644746
p08,2020-01-09,-3614.0,-0.5820702952717901,0.5820702952717901,-1.0,-0.704006239434268,0.704006239434268,-661500.0,-0.28987725101346373,0.28987725101346373,0.6467114999999994,0.10328187419117504,0.10328187419117504,-55.5,-0.12088180860395743,0.12088180860395743,14.5,0.5128774546366517,0.5128774546366517,8.424999999999999,7.203883012816357,7.203883012816357,2.0,0.6332042573889585,0.6332042573889585,71.0,3.771422925344568,3.771422925344568,0.0009498389518872025,-0.24494994447978702,0.24494994447978702,0.0,0.16876388732679168,0.16876388732679168,0.0,0.20950906626590032,0.20950906626590032,3.0,0.5805771005865934,0.5805771005865934
p08,2020-01-11,-11714.0,-1.918255214665731,1.918255214665731,-1.0,-0.704006239434268,0.704006239434268,-997500.0,-0.4059291122871734,0.4059291122871734,-5.4156475,-1.0295865437304335,1.0295865437304335,-431.5,-0.8176627997079002,0.8176627997079002,-13.5,-0.8927247048895712,0.8927247048895712,1.4916666666666654,0.9678796834171643,0.9678796834171643,3.0,0.8746804572406801,0.8746804572406801,-1.0,-0.09181143384493559,0.09181143384493559,-0.0175727472171381,-1.1794348736282545,1.1794348736282545,0.0,0.16876388732679168,0.16876388732679168,-2.0,-0.4406914842144787,0.4406914842144787,2.0,0.41522286307775325,0.41522286307775325
p08,2020-01-12,-15673.0,-2.5713362141571645,2.5713362141571645,-2.0,-1.4218165227790118,1.4218165227790118,-4351500.0,-1.564375370358668,1.564375370358668,-5.4156475,-1.0295865437304335,1.0295865437304335,-851.5,-1.5959819918984746,1.5959819918984746,,,,-2.541666666666666,-2.6597953303198643,2.6597953303198643,-13.0,-2.988938740386866,2.988938740386866,-30.0,-1.647836384074041,1.647836384074041,0.061231286107826605,2.7963156412453536,2.7963156412453536,-3.0,-1.9024292753202046,1.9024292753202046,-7.0,-2.066192860415426,2.066192860415426,-22.0,-3.55327883713441,3.55327883713441
p08,2020-01-13,-16235.0,-2.6640443530089417,2.6640443530089417,-2.0,-1.4218165227790118,1.4218165227790118,-4351500.0,-1.564375370358668,1.564375370358668,-5.4156475,-1.0295865437304335,1.0295865437304335,-851.5,-1.5959819918984746,1.5959819918984746,,,,3.3833333333333346,2.6692892456450714,2.6692892456450714,-3.0,-0.5741767418696497,0.5741767418696497,-31.0,-1.701492416840562,1.701492416840562,0.0856584498798301,4.028693031663503,4.028693031663503,-2.0,-1.2120315544378724,1.2120315544378724,-7.0,-2.066192860415426,2.066192860415426,-11.0,-1.7343822245371685,1.7343822245371685
p08,2020-01-14,-15442.0,-2.5332301997892634,2.5332301997892634,-2.0,-1.4218165227790118,1.4218165227790118,-4351500.0,-1.564375370358668,1.564375370358668,-5.4156475,-1.0295865437304335,1.0295865437304335,-851.5,-1.5959819918984746,1.5959819918984746,,,,0.32500000000000107,-0.08144779989519774,0.08144779989519774,-1.0,-0.09122434216620649,0.09122434216620649,-23.0,-1.272244154708395,1.272244154708395,0.0652811573797755,3.000636119719161,3.000636119719161,0.0,0.16876388732679168,0.16876388732679168,-1.0,-0.11559120897428919,0.11559120897428919,-1.0,-0.08083984944876718,0.08083984944876718
p08,2020-01-18,-7932.0,-1.2943723300795724,1.2943723300795724,-1.0,-0.704006239434268,0.704006239434268,-562500.0,-0.2556833990310314,0.2556833990310314,-5.4156475,-1.0295865437304335,1.0295865437304335,-156.5,-0.3080490429164527,0.3080490429164527,-3.5,-0.3907239336302059,0.3907239336302059,3.3166666666666664,2.609327675170078,2.609327675170078,5.0,1.3576328569441234,1.3576328569441234,28.0,1.4642135163841699,1.4642135163841699,0.007493506193203298,0.08518529487454564,0.08518529487454564,5.0,3.620752491738452,3.620752491738452,3.0,1.184809891986469,1.184809891986469,14.0,2.3994737131838346,2.3994737131838346
p08,2020-01-19,-6641.0,-1.0814075484823407,1.0814075484823407,1.0,0.7316143272552196,0.7316143272552196,-152500.0,-0.11407249688156426,0.11407249688156426,-5.4156475,-1.0295865437304335,1.0295865437304335,-279.5,-0.5359853777722637,0.5359853777722637,-34.5,-1.9469263245342383,1.9469263245342383,1.8416666666666668,1.282677928410875,1.282677928410875,0.0,0.15025185768551516,0.15025185768551516,-32.0,-1.7551484496070828,1.7551484496070828,0.025200122628334,0.9785036497656393,0.9785036497656393,3.0,2.2399570499737878,2.2399570499737878,1.0,0.5346093415060899,0.5346093415060899,5.0,0.9112855756042736,0.9112855756042736
p08,2020-01-22,-11029.0,-1.8052568603713053,1.8052568603713053,-2.0,-1.4218165227790118,1.4218165227790118,-4351500.0,-1.564375370358668,1.564375370358668,-5.4156475,-1.0295865437304335,1.0295865437304335,-851.5,-1.5959819918984746,1.5959819918984746,,,,1.1083333333333343,0.623100653185961,0.623100653185961,5.0,1.3576328569441234,1.3576328569441234,33.0,1.7324936802167743,1.7324936802167743,-0.010960910544042399,-0.8458604111521969,0.8458604111521969,0.0,0.16876388732679168,0.16876388732679168,-4.0,-1.0908920346948576,1.0908920346948576,2.0,0.41522286307775325,0.41522286307775325
p08,2020-01-23,982.0,0.17609092565840154,0.17609092565840154,1.0,0.7316143272552196,0.7316143272552196,-984500.0,-0.40143901051170244,0.40143901051170244,-3.6651475000000007,-0.7024719394036729,0.7024719394036729,-241.5,-0.4655660222883547,0.4655660222883547,-4.166666666666686,-0.42419065171416453,0.42419065171416453,-0.07499999999999929,-0.4412172227451515,0.4412172227451515,1.0,0.3917280575372368,0.3917280575372368,2.0,0.06915666445462705,0.06915666445462705,-0.013269866385947501,-0.9623497834590649,0.9623497834590649,2.0,1.5495593290914558,1.5495593290914558,1.0,0.5346093415060899,0.5346093415060899,5.0,0.9112855756042736,0.9112855756042736
p08,2020-01-31,-2251.0,-0.3572283143910566,0.3572283143910566,-1.0,-0.704006239434268,0.704006239434268,-682500.0,-0.29713049234307054,0.29713049234307054,4.804562499999999,0.880256329897902,0.880256329897902,-75.5,-0.15794462727969907,0.15794462727969907,15.5,0.5630775317625882,0.5630775317625882,0.6500000000000004,0.21086485617038878,0.21086485617038878,1.0,0.3917280575372368,0.3917280575372368,-7.0,-0.4137476304440609,0.4137476304440609,-0.007922272803059793,-0.6925577811534502,0.6925577811534502,-2.0,-1.2120315544378724,1.2120315544378724,4.0,1.5099101672266584,1.5099101672266584,4.0,0.7459313380954334,0.7459313380954334
p08,2020-02-01,-679.0,-0.09790946336793623,0.09790946336793623,1.0,0.7316143272552196,0.7316143272552196,869500.0,0.2389185811593026,0.2389185811593026,2.5186244999999996,0.4530848335337168,0.4530848335337168,86.5,0.14226420399380818,0.14226420399380818,14.166666666666657,0.4961440955946723,0.4961440955946723,1.200000000000001,0.7055478125890754,0.7055478125890754,5.0,1.3576328569441234,1.3576328569441234,28.0,1.4642135163841699,1.4642135163841699,-0.002989254211004294,-0.44368154500485435,0.44368154500485435,0.0,0.16876388732679168,0.16876388732679168,2.0,0.8597096167462793,0.8597096167462793,8.0,1.407348288130794,1.407348288130794
p08,2020-02-02,-1033.0,-0.15630569317848622,0.15630569317848622,1.0,0.7316143272552196,0.7316143272552196,489500.0,0.10766945233784525,0.10766945233784525,5.467406499999999,1.004121484305424,1.004121484305424,142.5,0.24604009628588477,0.24604009628588477,18.166666666666657,0.6969444040984185,0.6969444040984185,2.3000000000000025,1.6949137254264486,1.6949137254264486,5.0,1.3576328569441234,1.3576328569441234,38.0,2.0007738440493785,2.0007738440493785,-0.005968176980271592,-0.5939714887294889,0.5939714887294889,3.0,2.2399570499737878,2.2399570499737878,2.0,0.8597096167462793,0.8597096167462793,11.0,1.9034110006573144,1.9034110006573144
p08,2020-02-03,2596.0,0.44233814293023127,0.44233814293023127,0.0,0.013804043910475794,0.013804043910475794,2748500.0,0.8879109839369824,0.8879109839369824,3.8498124999999987,0.7018429231678394,0.7018429231678394,471.5,0.8557234635018347,0.8557234635018347,-3.0,-0.36562389506723764,0.36562389506723764,-0.21666666666666679,-0.5686355600045108,0.5686355600045108,1.0,0.3917280575372368,0.3917280575372368,-15.0,-0.8429958925762279,0.8429958925762279,-0.015047244913033192,-1.0520204931427484,1.0520204931427484,1.0,0.8591616082091238,0.8591616082091238,1.0,0.5346093415060899,0.5346093415060899,4.0,0.7459313380954334,0.7459313380954334
p08,2020-02-04,1147.0,0.2033095073497596,0.2033095073497596,2.0,1.4494246105999633,1.4494246105999633,2132500.0,0.6751492382685148,0.6751492382685148,3.9744674999999994,0.7251371082591576,0.7251371082591576,274.5,0.49065469954577956,0.49065469954577956,0.75,-0.17737360584497566,0.17737360584497566,-0.2833333333333332,-0.6285971304795028,0.6285971304795028,-3.0,-0.5741767418696497,0.5741767418696497,3.0,0.12281269722114793,0.12281269722114793,-0.01055966209081309,-0.8256169835354877,0.8256169835354877,-1.0,-0.5216338335555404,0.5216338335555404,3.0,1.184809891986469,1.184809891986469,0.0,0.08451438806007296,0.08451438806007296
p08,2020-02-05,-4564.0,-0.7387833413735486,0.7387833413735486,-1.0,-0.704006239434268,0.704006239434268,-3071500.0,-1.1222730416969169,1.1222730416969169,-5.4156475,-1.0295865437304335,1.0295865437304335,-623.5,-1.17346585899502,1.17346585899502,-16.5,-1.0433249362673809,1.0433249362673809,0.25,-0.14890456667956498,0.14890456667956498,-1.0,-0.09122434216620649,0.09122434216620649,-3.0,-0.19912349937797735,0.19912349937797735,-0.018006133481148004,-1.2012996892928443,1.2012996892928443,-1.0,-0.5216338335555404,0.5216338335555404,2.0,0.8597096167462793,0.8597096167462793,1.0,0.2498686255689131,0.2498686255689131
p08,2020-02-06,813.0,0.1482124995624045,0.1482124995624045,2.0,1.4494246105999633,1.4494246105999633,3200500.0,1.0440283687456633,1.0440283687456633,0.767336499999999,0.12582297624596817,0.12582297624596817,394.5,0.7130316116002294,0.7130316116002294,-7.25,-0.5789742228524679,0.5789742228524679,0.04166666666666785,-0.3362844744139147,0.3362844744139147,0.0,0.15025185768551516,0.15025185768551516,14.0,0.7130290576528776,0.7130290576528776,-0.01055122280043079,-0.8251912120150855,0.8251912120150855,-2.0,-1.2120315544378724,1.2120315544378724,1.0,0.5346093415060899,0.5346093415060899,0.0,0.08451438806007296,0.08451438806007296
p08,2020-02-09,16541.0,2.7427206986028865,2.7427206986028865,3.0,2.1672348939447073,2.1672348939447073,9388500.0,3.181316813869816,3.181316813869816,12.2739685,2.2760585511180857,2.2760585511180857,1524.5,2.807080866779632,2.807080866779632,-23.299999999999997,-1.384685460723749,1.384685460723749,0.5166666666666675,0.09094171522040473,0.09094171522040473,2.0,0.6332042573889585,0.6332042573889585,1.0,0.015500631688106167,0.015500631688106167,0.00020395922021269886,-0.28258040071557544,0.28258040071557544,-1.0,-0.5216338335555404,0.5216338335555404,2.0,0.8597096167462793,0.8597096167462793,4.0,0.7459313380954334,0.7459313380954334
p08,2020-02-10,879.0,0.15909993223894772,0.15909993223894772,-1.0,-0.704006239434268,0.704006239434268,-524500.0,-0.24255848614888567,0.24255848614888567,2.4686334999999993,0.4437430533652511,0.4437430533652511,-21.5,-0.05787501685519666,0.05787501685519666,23.5,0.9646781487700804,0.9646781487700804,-0.2749999999999986,-0.6211019341701276,0.6211019341701276,-2.0,-0.33270054201792815,0.33270054201792815,12.0,0.6057169921198359,0.6057169921198359,-0.003480411991302293,-0.4684609974708404,0.4684609974708404,-1.0,-0.5216338335555404,0.5216338335555404,1.0,0.5346093415060899,0.5346093415060899,-1.0,-0.08083984944876718,0.08083984944876718
p08,2020-02-11,3739.0,0.6308886815558207,0.6308886815558207,2.0,1.4494246105999633,1.4494246105999633,382500.0,0.070712460801277,0.070712460801277,0.31238049999999973,0.04080569436874141,0.04080569436874141,-27.5,-0.06899386245791915,0.06899386245791915,4.75,0.023426702658770476,0.023426702658770476,0.38333333333333464,-0.02898142572957932,0.02898142572957932,2.0,0.6332042573889585,0.6332042573889585,9.0,0.4447488938202732,0.4447488938202732,-0.011999333944918103,-0.8982500185935269,0.8982500185935269,1.0,0.8591616082091238,0.8591616082091238,3.0,1.184809891986469,1.184809891986469,7.0,1.2419940506219538,1.2419940506219538
p08,2020-02-12,3767.0,0.6355075923882936,0.6355075923882936,1.0,0.7316143272552196,0.7316143272552196,1103500.0,0.31974041311777895,0.31974041311777895,7.0353745,1.297126472547082,1.297126472547082,414.5,0.750094430275971,0.750094430275971,27.166666666666657,1.1487450982318472,1.1487450982318472,0.1416666666666675,-0.2463421187014266,0.2463421187014266,-1.0,-0.09122434216620649,0.09122434216620649,-20.0,-1.1112760564088322,1.1112760564088322,0.01917522054891481,0.6745406857694096,0.6745406857694096,-2.0,-1.2120315544378724,1.2120315544378724,0.0,0.20950906626590032,0.20950906626590032,-2.0,-0.2461940869576073,0.2461940869576073
p08,2020-02-13,-1473.0,-0.22888857768877438,0.22888857768877438,-1.0,-0.704006239434268,0.704006239434268,-1821500.0,-0.6905324863631757,0.6905324863631757,2.6933524999999996,0.4857361220711668,0.4857361220711668,-267.5,-0.5137476865668188,0.5137476865668188,19.5,0.7638778402663343,0.7638778402663343,-0.5416666666666661,-0.8609482160700973,0.8609482160700973,-1.0,-0.09122434216620649,0.09122434216620649,20.0,1.034965254252003,1.034965254252003,-0.020030465362380095,-1.3034294684361905,1.3034294684361905,-2.0,-1.2120315544378724,1.2120315544378724,0.0,0.20950906626590032,0.20950906626590032,-2.0,-0.2461940869576073,0.2461940869576073
p08,2020-02-14,149.0,0.038678328392333296,0.038678328392333296,1.0,0.7316143272552196,0.7316143272552196,1600500.0,0.4914004579184745,0.4914004579184745,-1.9062415000000006,-0.37378651224688053,0.37378651224688053,296.5,0.5314238000890954,0.5314238000890954,0.16666666666668561,-0.20665698416843767,0.20665698416843767,-0.7499999999999991,-1.0483281238044477,1.0483281238044477,-3.0,-0.5741767418696497,0.5741767418696497,-51.0,-2.7746130721709794,2.7746130721709794,-0.013523859919409395,-0.9751640377405876,0.9751640377405876,-5.0,-3.2832247170848685,3.2832247170848685,-5.0,-1.415992309935047,1.415992309935047,-12.0,-1.8997364620460087,1.8997364620460087
p08,2020-02-15,-1600.0,-0.2498386375360621,0.2498386375360621,0.0,0.013804043910475794,0.013804043910475794,242500.0,0.022357518603897973,0.022357518603897973,6.2892735,1.1577031458388272,1.1577031458388272,16.5,0.012544338628712457,0.012544338628712457,15.5,0.5630775317625882,0.5630775317625882,0.7333333333333343,0.2858168192641296,0.2858168192641296,6.0,1.599109056795845,1.599109056795845,14.0,0.7130290576528776,0.7130290576528776,-0.031895137102091596,-1.902015261417688,1.902015261417688,0.0,0.16876388732679168,0.16876388732679168,5.0,1.8350104424668479,1.8350104424668479,12.0,2.0687652381661548,2.0687652381661548
p08,2020-02-18,811.0,0.147882577360085,0.147882577360085,0.0,0.013804043910475794,0.013804043910475794,1343500.0,0.4026345997418573,0.4026345997418573,4.5780785,0.8379334369836823,0.8379334369836823,111.5,0.18859272733848523,0.18859272733848523,-0.5,-0.24012370225239632,0.24012370225239632,0.20833333333333393,-0.1863805482264346,0.1863805482264346,1.0,0.3917280575372368,0.3917280575372368,2.0,0.06915666445462705,0.06915666445462705,-0.0022050146501090967,-0.4041157930190916,0.4041157930190916,-2.0,-1.2120315544378724,1.2120315544378724,-4.0,-1.0908920346948576,1.0908920346948576,-4.0,-0.5769025619752876,0.5769025619752876
p08,2020-02-20,3680.0,0.6211559765873957,0.6211559765873957,0.0,0.013804043910475794,0.013804043910475794,1913500.0,0.5995082929740433,0.5995082929740433,3.5713124999999994,0.6497998398744931,0.6497998398744931,-10.5,-0.03749046658353875,0.03749046658353875,13.0,0.43757733894774686,0.43757733894774686,-0.1999999999999993,-0.553645167385762,0.553645167385762,-3.0,-0.5741767418696497,0.5741767418696497,5.0,0.2301247627541897,0.2301247627541897,-0.005720820042566896,-0.5814920580335798,0.5814920580335798,3.0,2.2399570499737878,2.2399570499737878,1.0,0.5346093415060899,0.5346093415060899,2.0,0.41522286307775325,0.41522286307775325
p08,2020-02-21,12676.0,2.105146042620469,2.105146042620469,3.0,2.1672348939447073,2.1672348939447073,6792500.0,2.2846780285527024,2.2846780285527024,7.0711715,1.3038158307253653,1.3038158307253653,1115.5,2.0491462248607153,2.0491462248607153,-2.5,-0.34052385650426936,0.34052385650426936,-1.7333333333333325,-1.9327612883105834,1.9327612883105834,-3.0,-0.5741767418696497,0.5741767418696497,-21.0,-1.1649320891753532,1.1649320891753532,-0.028849871112015694,-1.7483782289317398,1.7483782289317398,0.0,0.16876388732679168,0.16876388732679168,3.0,1.184809891986469,1.184809891986469,1.0,0.2498686255689131,0.2498686255689131
p08,2020-02-22,-12008.0,-1.9667537784066964,1.9667537784066964,-2.0,-1.4218165227790118,1.4218165227790118,-4351500.0,-1.564375370358668,1.564375370358668,-5.4156475,-1.0295865437304335,1.0295865437304335,-851.5,-1.5959819918984746,1.5959819918984746,,,,-0.22499999999999964,-0.5761307563138843,0.5761307563138843,1.0,0.3917280575372368,0.3917280575372368,-2.0,-0.14546746661145646,0.14546746661145646,-0.0080375061505885,-0.698371430803572,0.698371430803572,-2.0,-1.2120315544378724,1.2120315544378724,-3.0,-0.7657917594546682,0.7657917594546682,-3.0,-0.41154832446644746,0.41154832446644746
p08,2020-02-23,9924.0,1.6511730922288483,1.6511730922288483,2.0,1.4494246105999633,1.4494246105999633,10706500.0,3.6365440554137125,3.6365440554137125,8.9598515,1.6567520266121782,1.6567520266121782,1580.5,2.9108567590717085,2.9108567590717085,-1.25,-0.27777376009684873,0.27777376009684873,1.583333333333334,1.0503268428202803,1.0503268428202803,6.0,1.599109056795845,1.599109056795845,-3.0,-0.19912349937797735,0.19912349937797735,-0.0132326615333717,-0.9604727575564176,0.9604727575564176,0.0,0.16876388732679168,0.16876388732679168,3.0,1.184809891986469,1.184809891986469,10.0,1.7380567631484742,1.7380567631484742
p08,2020-02-26,1097.0,0.1950614522917723,0.1950614522917723,0.0,0.013804043910475794,0.013804043910475794,673500.0,0.17122166208297196,0.17122166208297196,4.4012505,0.804889723042584,0.804889723042584,144.5,0.24974637815345893,0.24974637815345893,-4.0,-0.4158239721931742,0.4158239721931742,-2.8583333333333325,-2.9446127900760772,2.9446127900760772,-7.0,-1.5400815412765363,1.5400815412765363,7.0,0.3374368282872314,0.3374368282872314,-0.012280676142787397,-0.9124440431991199,0.9124440431991199,1.0,0.8591616082091238,0.8591616082091238,1.0,0.5346093415060899,0.5346093415060899,-4.0,-0.5769025619752876,0.5769025619752876
p08,2020-02-27,1227.0,0.21650639544253927,0.21650639544253927,-1.0,-0.704006239434268,0.704006239434268,3840500.0,1.2650795330765388,1.2650795330765388,3.507609499999999,0.6378957086894443,0.6378957086894443,389.5,0.703765906931294,0.703765906931294,-8.5,-0.6417243192598886,0.6417243192598886,-0.11666666666666536,-0.4786932042920211,0.4786932042920211,1.0,0.3917280575372368,0.3917280575372368,14.0,0.7130290576528776,0.7130290576528776,-0.00027771252692049275,-0.3068812723317265,0.3068812723317265,-2.0,-1.2120315544378724,1.2120315544378724,2.0,0.8597096167462793,0.8597096167462793,2.0,0.41522286307775325,0.41522286307775325
p08,2020-02-28,4337.0,0.7295354200493487,0.7295354200493487,2.0,1.4494246105999633,1.4494246105999633,5515500.0,1.8436118772237522,1.8436118772237522,5.4460394999999995,1.0001286492579233,1.0001286492579233,719.5,1.315302415081031,1.315302415081031,-11.0,-0.7672245120747299,0.7672245120747299,0.10000000000000142,-0.28381810024829623,0.28381810024829623,2.0,0.6332042573889585,0.6332042573889585,1.0,0.015500631688106167,0.015500631688106167,-0.007019501294528593,-0.6470119614990759,0.6470119614990759,-1.0,-0.5216338335555404,0.5216338335555404,-4.0,-1.0908920346948576,1.0908920346948576,-2.0,-0.2461940869576073,0.2461940869576073
p08,2020-02-29,-2399.0,-0.381642557362699,0.381642557362699,-1.0,-0.704006239434268,0.704006239434268,52500.0,-0.043267045806830697,0.043267045806830697,-5.4156475,-1.0295865437304335,1.0295865437304335,-89.5,-0.18388860035271823,0.18388860035271823,-5.5,-0.49112408788207895,0.49112408788207895,1.8833333333333346,1.3201539099577462,1.3201539099577462,6.0,1.599109056795845,1.599109056795845,46.0,2.430022106181546,2.430022106181546,-0.001281250598003894,-0.3575108763565899,0.3575108763565899,0.0,0.16876388732679168,0.16876388732679168,1.0,0.5346093415060899,0.5346093415060899,8.0,1.407348288130794,1.407348288130794
p08,2020-03-02,-160.0,-0.012294651866028156,0.012294651866028156,-1.0,-0.704006239434268,0.704006239434268,-1514500.0,-0.5844970059732087,0.5844970059732087,-0.8345775,-0.17352547521104295,0.17352547521104295,-282.5,-0.541544800573625,0.541544800573625,8.5,0.21167699188103248,0.21167699188103248,-0.3916666666666657,-0.7260346825013644,0.7260346825013644,-2.0,-0.33270054201792815,0.33270054201792815,-13.0,-0.7356838270431861,0.7356838270431861,-0.009231931404803495,-0.7586315040391755,0.7586315040391755,-2.0,-1.2120315544378724,1.2120315544378724,1.0,0.5346093415060899,0.5346093415060899,-2.0,-0.2461940869576073,0.2461940869576073
p08,2020-03-03,-1792.0,-0.2815111689587333,0.2815111689587333,1.0,0.7316143272552196,0.7316143272552196,49500.0,-0.04430322313963168,0.04430322313963168,0.4380305,0.06428581435369288,0.06428581435369288,-187.5,-0.36549641186385223,0.36549641186385223,11.833333333333343,0.3790105823008214,0.3790105823008214,-0.45833333333333304,-0.7859962529763572,0.7859962529763572,-3.0,-0.5741767418696497,0.5741767418696497,8.0,0.39109286105375235,0.39109286105375235,0.004847322009878696,-0.04831761970242084,0.04831761970242084,-1.0,-0.5216338335555404,0.5216338335555404,-2.0,-0.4406914842144787,0.4406914842144787,-5.0,-0.7422567994841277,0.7422567994841277
p08,2020-03-04,4771.0,0.8011285379526784,0.8011285379526784,-1.0,-0.704006239434268,0.704006239434268,-174500.0,-0.12167113065543811,0.12167113065543811,4.607625499999999,0.8434548624130125,0.8434548624130125,40.5,0.05701972103960242,0.05701972103960242,13.5,0.46267737751071514,0.46267737751071514,0.09166666666666679,-0.2913132965576714,0.2913132965576714,0.0,0.15025185768551516,0.15025185768551516,9.0,0.4447488938202732,0.4447488938202732,0.0029109852993145086,-0.1460079453009639,0.1460079453009639,1.0,0.8591616082091238,0.8591616082091238,-1.0,-0.11559120897428919,0.11559120897428919,1.0,0.2498686255689131,0.2498686255689131
p08,2020-03-04,4771.0,0.8011285379526784,0.8011285379526784,-1.0,-0.704006239434268,0.704006239434268,-174500.0,-0.12167113065543811,0.12167113065543811,4.607625499999999,0.8434548624130125,0.8434548624130125,40.5,0.05701972103960242,0.05701972103960242,13.5,0.46267737751071514,0.46267737751071514,0.09166666666666679,-0.2913132965576714,0.2913132965576714,0.0,0.15025185768551516,0.15025185768551516,9.0,0.4447488938202732,0.4447488938202732,0.0029109852993145086,-0.1460079453009639,0.1460079453009639,1.0,0.8591616082091238,0.8591616082091238,-1.0,-0.11559120897428919,0.11559120897428919,1.0,0.2498686255689131,0.2498686255689131
p08,2020-03-05,-307.0,-0.03654393373651079,0.03654393373651079,1.0,0.7316143272552196,0.7316143272552196,347500.0,0.05862372525193224,0.05862372525193224,-1.0392025,-0.21176359341176468,0.21176359341176468,-18.5,-0.05231559405383541,0.05231559405383541,-4.166666666666686,-0.42419065171416453,0.42419065171416453,0.5500000000000007,0.12092250045790075,0.12092250045790075,0.0,0.15025185768551516,0.15025185768551516,7.0,0.3374368282872314,0.3374368282872314,-0.0158782629100796,-1.0939462688959016,1.0939462688959016,-1.0,-0.5216338335555404,0.5216338335555404,1.0,0.5346093415060899,0.5346093415060899,1.0,0.2498686255689131,0.2498686255689131
p08,2020-03-06,1990.0,0.3423717156274253,0.3423717156274253,1.0,0.7316143272552196,0.7316143272552196,-534500.0,-0.2460124105915556,0.2460124105915556,-3.9177415000000004,-0.7496739881699189,0.7496739881699189,-267.5,-0.5137476865668188,0.5137476865668188,-10.5,-0.7421244735117616,0.7421244735117616,-0.17499999999999893,-0.5311595784576395,0.5311595784576395,1.0,0.3917280575372368,0.3917280575372368,11.0,0.552060959353315,0.552060959353315,-0.009605501854709902,-0.7774785458197953,0.7774785458197953,0.0,0.16876388732679168,0.16876388732679168,1.0,0.5346093415060899,0.5346093415060899,3.0,0.5805771005865934,0.5805771005865934
p08,2020-03-07,955.0,0.1716369759270884,0.1716369759270884,-1.0,-0.704006239434268,0.704006239434268,1742500.0,0.5404461850043875,0.5404461850043875,-5.4156475,-1.0295865437304335,1.0295865437304335,210.5,0.37205367978340637,0.37205367978340637,-5.5,-0.49112408788207895,0.49112408788207895,0.25,-0.14890456667956498,0.14890456667956498,1.0,0.3917280575372368,0.3917280575372368,18.0,0.9276531887189611,0.9276531887189611,0.002737767693713297,-0.15474696481046432,0.15474696481046432,-2.0,-1.2120315544378724,1.2120315544378724,-1.0,-0.11559120897428919,0.11559120897428919,-1.0,-0.08083984944876718,0.08083984944876718
p08,2020-03-09,2028.0,0.34864023747149564,0.34864023747149564,0.0,0.013804043910475794,0.013804043910475794,-1945500.0,-0.7333611494522827,0.7333611494522827,-5.4156475,-1.0295865437304335,1.0295865437304335,-479.5,-0.9066135645296801,0.9066135645296801,-15.5,-0.9931248591414443,0.9931248591414443,8.525,7.293825368528847,7.293825368528847,-7.0,-1.5400815412765363,1.5400815412765363,17.0,0.8739971559524402,0.8739971559524402,-0.013406225655433701,-0.9692292592040684,0.9692292592040684,-3.0,-1.9024292753202046,1.9024292753202046,2.0,0.8597096167462793,0.8597096167462793,-7.0,-1.072965274501808,1.072965274501808
p08,2020-03-12,6938.0,1.1585992441658475,1.1585992441658475,2.0,1.4494246105999633,1.4494246105999633,1012500.0,0.2883097006894826,0.2883097006894826,2.9283125000000005,0.529642918662207,0.529642918662207,201.5,0.3553754113793226,0.3553754113793226,-7.5,-0.591524242133952,0.591524242133952,0.43333333333333357,0.0159897521266639,0.0159897521266639,0.0,0.15025185768551516,0.15025185768551516,14.0,0.7130290576528776,0.7130290576528776,-0.002825039281740091,-0.43539672045939215,0.43539672045939215,0.0,0.16876388732679168,0.16876388732679168,1.0,0.5346093415060899,0.5346093415060899,2.0,0.41522286307775325,0.41522286307775325
p08,2020-03-14,-6606.0,-1.0756339099417496,1.0756339099417496,0.0,0.013804043910475794,0.013804043910475794,2867500.0,0.9290126848047546,0.9290126848047546,-2.3156475000000003,-0.4502919002497378,0.4502919002497378,15.5,0.010691197694925375,0.010691197694925375,-10.5,-0.7421244735117616,0.7421244735117616,,,,,,,,,,,,,,,,,,,,,
p08,2020-03-15,2656.0,0.452235808999816,0.452235808999816,0.0,0.013804043910475794,0.013804043910475794,2399500.0,0.7673690208878019,0.7673690208878019,6.2575555000000005,1.1517760272898205,1.1517760272898205,396.5,0.7167378934678036,0.7167378934678036,-7.0,-0.5664242035709838,0.5664242035709838,2.091666666666667,1.5075338176920958,1.5075338176920958,4.0,1.1161566570924017,1.1161566570924017,21.0,1.0886212870185237,1.0886212870185237,-0.010403222652430696,-0.8177244410925072,0.8177244410925072,0.0,0.16876388732679168,0.16876388732679168,0.0,0.20950906626590032,0.20950906626590032,5.0,0.9112855756042736,0.9112855756042736
p08,2020-03-17,1842.0,0.31795747265578295,0.31795747265578295,-1.0,-0.704006239434268,0.704006239434268,1732500.0,0.5369922605617176,0.5369922605617176,9.036766499999999,1.6711250741938934,1.6711250741938934,275.5,0.49250784047956664,0.49250784047956664,6.5,0.11127683762915941,0.11127683762915941,-0.21666666666666679,-0.5686355600045108,0.5686355600045108,2.0,0.6332042573889585,0.6332042573889585,14.0,0.7130290576528776,0.7130290576528776,-0.0231016353508434,-1.458373386249966,1.458373386249966,0.0,0.16876388732679168,0.16876388732679168,0.0,0.20950906626590032,0.20950906626590032,3.0,0.5805771005865934,0.5805771005865934
p08,2020-03-19,862.0,0.15629559351923206,0.15629559351923206,-1.0,-0.704006239434268,0.704006239434268,1886500.0,0.5901826969788345,0.5901826969788345,10.919305499999998,2.0229137060788953,2.0229137060788953,324.5,0.5833117462351337,0.5833117462351337,4.5,0.010876683377286344,0.010876683377286344,0.5750000000000011,0.14340808938602315,0.14340808938602315,1.0,0.3917280575372368,0.3917280575372368,37.0,1.9471178112828578,1.9471178112828578,-0.0121768272429367,-0.9072047515076923,0.9072047515076923,0.0,0.16876388732679168,0.16876388732679168,0.0,0.20950906626590032,0.20950906626590032,2.0,0.41522286307775325,0.41522286307775325
p08,2020-03-20,-4698.0,-0.7608881289289545,0.7608881289289545,-1.0,-0.704006239434268,0.704006239434268,-482500.0,-0.22805200348967197,0.22805200348967197,4.881062499999999,0.8945518267450868,0.8945518267450868,-32.5,-0.07825956712685456,0.07825956712685456,11.5,0.3622772232588421,0.3622772232588421,0.6583333333333332,0.2183600524797624,0.2183600524797624,2.0,0.6332042573889585,0.6332042573889585,9.0,0.4447488938202732,0.4447488938202732,-0.007554219803427797,-0.6739891008328184,0.6739891008328184,0.0,0.16876388732679168,0.16876388732679168,-2.0,-0.4406914842144787,0.4406914842144787,1.0,0.2498686255689131,0.2498686255689131
p08,2020-03-21,2787.0,0.4738457132517427,0.4738457132517427,0.0,0.013804043910475794,0.013804043910475794,6362500.0,2.136159277517895,2.136159277517895,4.664070499999999,0.8540026966553569,0.8540026966553569,956.5,1.7544968163885695,1.7544968163885695,4.0,-0.014223355185681923,0.014223355185681923,,,,,,,,,,,,,,,,,,,,,
p08,2020-03-22,-1525.0,-0.23746655494908117,0.23746655494908117,-1.0,-0.704006239434268,0.704006239434268,467500.0,0.1000708185639714,0.1000708185639714,9.621328499999999,1.780361730768849,1.780361730768849,295.5,0.5295706591553083,0.5295706591553083,22.5,0.914478071644144,0.914478071644144,1.9250000000000025,1.3576298915046172,1.3576298915046172,4.0,1.1161566570924017,1.1161566570924017,23.0,1.1959333525515656,1.1959333525515656,-0.005376547350984293,-0.5641231205177529,0.5641231205177529,-2.0,-1.2120315544378724,1.2120315544378724,1.0,0.5346093415060899,0.5346093415060899,4.0,0.7459313380954334,0.7459313380954334
p08,2020-03-24,-2910.0,-0.4659376800553291,0.4659376800553291,-1.0,-0.704006239434268,0.704006239434268,1718500.0,0.5321567663419796,0.5321567663419796,6.525297499999999,1.2018087713010486,1.2018087713010486,401.5,0.726003598136739,0.726003598136739,12.5,0.4124773003847786,0.4124773003847786,-0.5499999999999998,-0.8684434123794716,0.8684434123794716,-5.0,-1.057129141573093,1.057129141573093,-24.0,-1.325900187474916,1.325900187474916,-0.006131268434883402,-0.6021996327379375,0.6021996327379375,-1.0,-0.5216338335555404,0.5216338335555404,1.0,0.5346093415060899,0.5346093415060899,-4.0,-0.5769025619752876,0.5769025619752876
p08,2020-03-25,-4714.0,-0.7635275065475106,0.7635275065475106,0.0,0.013804043910475794,0.013804043910475794,9490500.0,3.216546843185049,3.216546843185049,3.4748205,0.6317684531845773,0.6317684531845773,561.5,1.022506147542672,1.022506147542672,-14.0,-0.9178247434525395,0.9178247434525395,0.5416666666666679,0.11342730414852714,0.11342730414852714,0.0,0.15025185768551516,0.15025185768551516,20.0,1.034965254252003,1.034965254252003,-0.0079954611624512,-0.6962502147162506,0.6962502147162506,2.0,1.5495593290914558,1.5495593290914558,-3.0,-0.7657917594546682,0.7657917594546682,0.0,0.08451438806007296,0.08451438806007296
p08,2020-03-27,-6286.0,-1.0228463575706308,1.0228463575706308,0.0,0.013804043910475794,0.013804043910475794,2533500.0,0.813651608419579,0.813651608419579,3.4920165,0.6349818566327367,0.6349818566327367,634.5,1.157785435709129,1.157785435709129,18.5,0.7136777631403978,0.7136777631403978,0.025000000000000355,-0.3512748670326635,0.3512748670326635,0.0,0.15025185768551516,0.15025185768551516,10.0,0.4984049265867941,0.4984049265867941,-0.0033962156454236947,-0.4642131988321981,0.4642131988321981,2.0,1.5495593290914558,1.5495593290914558,-2.0,-0.4406914842144787,0.4406914842144787,1.0,0.2498686255689131,0.2498686255689131
p09,2020-01-15,2853.0,0.6122575228331412,0.6122575228331412,0.0,-0.5891022589125244,0.5891022589125244,0.0,-0.544683343680013,0.544683343680013,0.0,-0.1968186611058116,0.1968186611058116,0.0,-0.5410952136091562,0.5410952136091562,,,,-1.9250000000000007,-0.8286466847678073,0.8286466847678073,-7.0,-1.2108781860284468,1.2108781860284468,12.0,0.3727364260827229,0.3727364260827229,0.012403469440945697,0.544360008966326,0.544360008966326,-3.0,-0.98213815803637,0.98213815803637,-1.0,0.21983706912709283,0.21983706912709283,-11.0,-1.0114889842401384,1.0114889842401384
p09,2020-01-16,-1604.0,-0.6806912568044663,0.6806912568044663,0.0,-0.5891022589125244,0.5891022589125244,0.0,-0.544683343680013,0.544683343680013,0.0,-0.1968186611058116,0.1968186611058116,0.0,-0.5410952136091562,0.5410952136091562,,,,-0.27500000000000036,-0.10272974249988236,0.10272974249988236,5.0,0.7237827117620461,0.7237827117620461,-21.0,-0.6218424534152356,0.6218424534152356,-0.0121648937707515,-0.5818476298353019,0.5818476298353019,0.0,0.15295594264500903,0.15295594264500903,0.0,0.5068465760430196,0.5068465760430196,5.0,0.721175517237275,0.721175517237275
p09,2020-01-17,2575.0,0.5316114019582803,0.5316114019582803,0.0,-0.5891022589125244,0.5891022589125244,0.0,-0.544683343680013,0.544683343680013,0.0,-0.1968186611058116,0.1968186611058116,0.0,-0.5410952136091562,0.5410952136091562,,,,-2.1500000000000004,-0.9276353587134333,0.9276353587134333,-13.0,-2.1782086349236933,2.1782086349236933,-11.0,-0.32045491417342997,0.32045491417342997,0.010022961529565097,0.4352381203438019,0.4352381203438019,-2.0,-0.6037734578092436,0.6037734578092436,0.0,0.5068465760430196,0.5068465760430196,-15.0,-1.444655109609492,1.444655109609492
p09,2020-01-18,3440.0,0.7825426773422899,0.7825426773422899,1.0,0.913108501314413,0.913108501314413,1536000.0,0.9299430399563271,0.9299430399563271,0.0,-0.1968186611058116,0.1968186611058116,200.0,0.741538107053961,0.741538107053961,-6.5,-0.6115662622917658,0.6115662622917658,0.8916666666666657,0.41054486314410465,0.41054486314410465,8.0,1.2074479362096693,1.2074479362096693,5.0,0.16176514861345898,0.16176514861345898,0.0079457842143551,0.3400208305562112,0.3400208305562112,0.0,0.15295594264500903,0.15295594264500903,0.0,0.5068465760430196,0.5068465760430196,8.0,1.0460501112642902,1.0460501112642902
p09,2020-01-19,24651.0,6.935725662510181,6.935725662510181,5.0,6.921951542222161,6.921951542222161,16076000.0,14.88897143713887,14.88897143713887,0.0,-0.1968186611058116,0.1968186611058116,2294.0,14.170708974396797,14.170708974396797,4.900000000000006,0.0017934494495366337,0.0017934494495366337,-4.366666666666667,-1.9028571094370093,1.9028571094370093,-13.0,-2.1782086349236933,2.1782086349236933,-14.0,-0.41087117594597167,0.41087117594597167,-0.027608487083097696,-1.2897780934580971,1.2897780934580971,-1.0,-0.2254087575821173,0.2254087575821173,-8.0,-1.789229479284395,1.789229479284395,-22.0,-2.2026958290058603,2.2026958290058603
p09,2020-01-20,-4591.0,-1.5472019152692484,1.5472019152692484,0.0,-0.5891022589125244,0.5891022589125244,0.0,-0.544683343680013,0.544683343680013,0.0,-0.1968186611058116,0.1968186611058116,0.0,-0.5410952136091562,0.5410952136091562,,,,4.25,1.888042477962154,1.888042477962154,5.0,0.7237827117620461,0.7237827117620461,38.0,1.1563440281114175,1.1563440281114175,0.003447759457399599,0.13383249814055004,0.13383249814055004,1.0,0.5313206428721353,0.5313206428721353,1.0,0.7938560829589465,0.7938560829589465,7.0,0.9377585799219518,0.9377585799219518
p09,2020-01-22,1448.0,0.20467550905911414,0.20467550905911414,1.0,0.913108501314413,0.913108501314413,1127000.0,0.5372853635844109,0.5372853635844109,0.0,-0.1968186611058116,0.1968186611058116,182.0,0.6261011081942804,0.6261011081942804,3.5,-0.07353142743097446,0.07353142743097446,,,,,,,,,,,,,,,,,,,,,
p09,2020-01-23,-453.0,-0.3467931088657438,0.3467931088657438,1.0,0.913108501314413,0.913108501314413,1024000.0,0.438400912077547,0.438400912077547,0.0,-0.1968186611058116,0.1968186611058116,154.0,0.44653244330144404,0.44653244330144404,1.5,-0.18113839440313273,0.18113839440313273,,,,,,,,,,,,,,,,,,,,,
p09,2020-01-24,2255.0,0.43878133476419584,0.43878133476419584,0.0,-0.5891022589125244,0.5891022589125244,0.0,-0.544683343680013,0.544683343680013,0.0,-0.1968186611058116,0.1968186611058116,0.0,-0.5410952136091562,0.5410952136091562,,,,-3.866666666666667,-1.682882278446729,1.682882278446729,-6.0,-1.0496564445459058,1.0496564445459058,-25.0,-0.7423974691119578,0.7423974691119578,-0.0295045877871129,-1.376694876574621,1.376694876574621,-2.0,-0.6037734578092436,0.6037734578092436,0.0,0.5068465760430196,0.5068465760430196,-8.0,-0.6866143902131235,0.6866143902131235
p09,2020-01-25,2692.0,0.5655523952761174,0.5655523952761174,0.0,-0.5891022589125244,0.5891022589125244,0.0,-0.544683343680013,0.544683343680013,0.0,-0.1968186611058116,0.1968186611058116,0.0,-0.5410952136091562,0.5410952136091562,,,,-0.9083333333333332,-0.3813645284209038,0.3813645284209038,6.0,0.8850044532445872,0.8850044532445872,-4.0,-0.10948363670416607,0.10948363670416607,-0.040797994508221705,-1.894381822498267,1.894381822498267,2.0,0.9096853430992616,0.9096853430992616,1.0,0.7938560829589465,0.7938560829589465,9.0,1.1543416426066284,1.1543416426066284
p09,2020-01-26,5672.0,1.4300323960210288,1.4300323960210288,2.0,2.4153192615413506,2.4153192615413506,4813000.0,4.076004667024222,4.076004667024222,0.0,-0.1968186611058116,0.1968186611058116,628.0,3.4863734132730317,3.4863734132730317,-3.0,-0.4232540700904888,0.4232540700904888,-1.3083333333333336,-0.5573443932131281,0.5573443932131281,-3.0,-0.5659912200982825,0.5659912200982825,1.0,0.04121013291673674,0.04121013291673674,0.06326779624740711,2.875968057021639,2.875968057021639,-2.0,-0.6037734578092436,0.6037734578092436,-2.0,-0.067172437788834,0.067172437788834,-7.0,-0.5783228588707852,0.5783228588707852
p09,2020-01-27,353.0,-0.1129773771206436,0.1129773771206436,0.0,-0.5891022589125244,0.5891022589125244,0.0,-0.544683343680013,0.544683343680013,0.0,-0.1968186611058116,0.1968186611058116,0.0,-0.5410952136091562,0.5410952136091562,,,,-1.8500000000000005,-0.7956504601192652,0.7956504601192652,-2.0,-0.4047694786157414,0.4047694786157414,-5.0,-0.13962239062834664,0.13962239062834664,-0.010817263907724792,-0.5200726132035356,0.5200726132035356,-1.0,-0.2254087575821173,0.2254087575821173,-3.0,-0.35418194470476083,0.35418194470476083,-6.0,-0.4700313275284468,0.4700313275284468
p09,2020-02-01,13129.0,3.593263055603178,3.593263055603178,4.0,5.419740781995225,5.419740781995225,5888000.0,5.108051126925957,5.108051126925957,0.0,-0.1968186611058116,0.1968186611058116,861.0,4.9806412318455635,4.9806412318455635,-0.75,-0.30219623224681075,0.30219623224681075,-1.7666666666666666,-0.7589879882875517,0.7589879882875517,-6.0,-1.0496564445459058,1.0496564445459058,-30.0,-0.8930912387328607,0.8930912387328607,0.017525749108419197,0.7791640307027179,0.7791640307027179,-4.0,-1.3605028582634962,1.3605028582634962,-2.0,-0.067172437788834,0.067172437788834,-12.0,-1.119780515582477,1.119780515582477
p09,2020-02-02,6141.0,1.566086463252359,1.566086463252359,1.0,0.913108501314413,0.913108501314413,1741000.0,1.1267518997515418,1.1267518997515418,0.0,-0.1968186611058116,0.1968186611058116,328.0,1.562423432278356,1.562423432278356,17.5,0.6797173413741334,0.6797173413741334,-1.4000000000000004,-0.5976731122280129,0.5976731122280129,-1.0,-0.24354773713320033,0.24354773713320033,30.0,0.915233996717973,0.915233996717973,0.0027034227297885044,0.0997122882896508,0.0997122882896508,1.0,0.5313206428721353,0.5313206428721353,-9.0,-2.076238986200322,2.076238986200322,-9.0,-0.7949059215554618,0.7949059215554618
p09,2020-02-03,-2258.0,-0.8704127066323764,0.8704127066323764,0.0,-0.5891022589125244,0.5891022589125244,0.0,-0.544683343680013,0.544683343680013,0.0,-0.1968186611058116,0.1968186611058116,0.0,-0.5410952136091562,0.5410952136091562,,,,-1.2583333333333337,-0.5353469101141002,0.5353469101141002,0.0,-0.08232599565065925,0.08232599565065925,-31.0,-0.9232299926570412,0.9232299926570412,-0.037506752221706394,-1.743512097385455,1.743512097385455,-1.0,-0.2254087575821173,0.2254087575821173,0.0,0.5068465760430196,0.5068465760430196,-1.0,0.07142632918324497,0.07142632918324497
p09,2020-02-05,3453.0,0.7863138988220495,0.7863138988220495,0.0,-0.5891022589125244,0.5891022589125244,0.0,-0.544683343680013,0.544683343680013,0.0,-0.1968186611058116,0.1968186611058116,0.0,-0.5410952136091562,0.5410952136091562,,,,-2.875,-1.2465988636493395,1.2465988636493395,-5.0,-0.8884347030633646,0.8884347030633646,-16.0,-0.4711486837943328,0.4711486837943328,-0.027230591681501395,-1.272455462549452,1.272455462549452,-3.0,-0.98213815803637,0.98213815803637,1.0,0.7938560829589465,0.7938560829589465,-7.0,-0.5783228588707852,0.5783228588707852
p09,2020-02-06,2043.0,0.3772814152481149,0.3772814152481149,0.0,-0.5891022589125244,0.5891022589125244,0.0,-0.544683343680013,0.544683343680013,0.0,-0.1968186611058116,0.1968186611058116,0.0,-0.5410952136091562,0.5410952136091562,,,,-3.8500000000000005,-1.6755497840803864,1.6755497840803864,-20.0,-3.3067608253014806,3.3067608253014806,-22.0,-0.6519812073394161,0.6519812073394161,0.008460688453360204,0.3636239123823052,0.3636239123823052,-4.0,-1.3605028582634962,1.3605028582634962,-9.0,-2.076238986200322,2.076238986200322,-33.0,-3.3939026737715823,3.3939026737715823
p09,2020-02-07,-1664.0,-0.6980968944033571,0.6980968944033571,0.0,-0.5891022589125244,0.5891022589125244,0.0,-0.544683343680013,0.544683343680013,0.0,-0.1968186611058116,0.1968186611058116,0.0,-0.5410952136091562,0.5410952136091562,,,,-1.0166666666666675,-0.4290257418021316,0.4290257418021316,-4.0,-0.7272129615808236,0.7272129615808236,7.0,0.2220426564618201,0.2220426564618201,-0.013457770784931294,-0.6411127895390256,0.6411127895390256,-1.0,-0.2254087575821173,0.2254087575821173,-3.0,-0.35418194470476083,0.35418194470476083,-8.0,-0.6866143902131235,0.6866143902131235
p09,2020-02-09,-2359.0,-0.8997121965905093,0.8997121965905093,0.0,-0.5891022589125244,0.5891022589125244,0.0,-0.544683343680013,0.544683343680013,0.0,-0.1968186611058116,0.1968186611058116,0.0,-0.5410952136091562,0.5410952136091562,,,,-1.2333333333333334,-0.524348168564586,0.524348168564586,-2.0,-0.4047694786157414,0.4047694786157414,-48.0,-1.4355888093681108,1.4355888093681108,0.0043590961190237,0.17560794329321622,0.17560794329321622,-4.0,-1.3605028582634962,1.3605028582634962,-2.0,-0.067172437788834,0.067172437788834,-8.0,-0.6866143902131235,0.6866143902131235
p09,2020-02-10,-445.0,-0.3444723571858917,0.3444723571858917,0.0,-0.5891022589125244,0.5891022589125244,0.0,-0.544683343680013,0.544683343680013,0.0,-0.1968186611058116,0.1968186611058116,0.0,-0.5410952136091562,0.5410952136091562,,,,-2.8500000000000005,-1.2356001220998258,1.2356001220998258,-13.0,-2.1782086349236933,2.1782086349236933,-30.0,-0.8930912387328607,0.8930912387328607,-0.0017613852866287943,-0.10495339702868947,0.10495339702868947,-5.0,-1.7388675584906226,1.7388675584906226,-1.0,0.21983706912709283,0.21983706912709283,-19.0,-1.8778212349788452,1.8778212349788452
p09,2020-02-11,131.0,-0.17737823623653967,0.17737823623653967,0.0,-0.5891022589125244,0.5891022589125244,0.0,-0.544683343680013,0.544683343680013,0.0,-0.1968186611058116,0.1968186611058116,0.0,-0.5410952136091562,0.5410952136091562,,,,2.5250000000000004,1.1291293110456875,1.1291293110456875,-8.0,-1.3720999275109877,1.3720999275109877,125.0,3.778415619515126,3.778415619515126,-0.0023709972499526,-0.1328978573040592,0.1328978573040592,1.0,0.5313206428721353,0.5313206428721353,-1.0,0.21983706912709283,0.21983706912709283,-8.0,-0.6866143902131235,0.6866143902131235
p09,2020-02-12,2692.0,0.5655523952761174,0.5655523952761174,0.0,-0.5891022589125244,0.5891022589125244,0.0,-0.544683343680013,0.544683343680013,0.0,-0.1968186611058116,0.1968186611058116,0.0,-0.5410952136091562,0.5410952136091562,,,,1.2083333333333321,0.5498622561046154,0.5498622561046154,7.0,1.0462261947271283,1.0462261947271283,33.0,1.0056502584905147,1.0056502584905147,-0.021739177436918902,-1.0207304039127254,1.0207304039127254,0.0,0.15295594264500903,0.15295594264500903,1.0,0.7938560829589465,0.7938560829589465,8.0,1.0460501112642902,1.0460501112642902
p09,2020-02-13,-1004.0,-0.506634880815558,0.506634880815558,0.0,-0.5891022589125244,0.5891022589125244,0.0,-0.544683343680013,0.544683343680013,0.0,-0.1968186611058116,0.1968186611058116,0.0,-0.5410952136091562,0.5410952136091562,,,,-2.533333333333334,-1.0962827291393151,1.0962827291393151,-11.0,-1.8557651519586111,1.8557651519586111,-29.0,-0.86295248480868,0.86295248480868,0.0224789110974416,1.0062157402607657,1.0062157402607657,-4.0,-1.3605028582634962,1.3605028582634962,-2.0,-0.067172437788834,0.067172437788834,-17.0,-1.6612381722941687,1.6612381722941687
p09,2020-02-14,5521.0,1.3862282080638202,1.3862282080638202,0.0,-0.5891022589125244,0.5891022589125244,0.0,-0.544683343680013,0.544683343680013,0.0,-0.1968186611058116,0.1968186611058116,0.0,-0.5410952136091562,0.5410952136091562,,,,-2.25,-0.9716303249114892,0.9716303249114892,-3.0,-0.5659912200982825,0.5659912200982825,-32.0,-0.9533687465812217,0.9533687465812217,-0.020329024543923296,-0.9560893471892663,0.9560893471892663,-3.0,-0.98213815803637,0.98213815803637,0.0,0.5068465760430196,0.5068465760430196,-6.0,-0.4700313275284468,0.4700313275284468
p09,2020-02-18,-1668.0,-0.6992572702432832,0.6992572702432832,0.0,-0.5891022589125244,0.5891022589125244,0.0,-0.544683343680013,0.544683343680013,0.0,-0.1968186611058116,0.1968186611058116,0.0,-0.5410952136091562,0.5410952136091562,,,,-0.5999999999999996,-0.2457133826435642,0.2457133826435642,1.0,0.07889574583188183,0.07889574583188183,-1.0,-0.019067374931624383,0.019067374931624383,0.009914116895202496,0.43024870946585747,0.43024870946585747,-1.0,-0.2254087575821173,0.2254087575821173,1.0,0.7938560829589465,0.7938560829589465,1.0,0.2880093918679217,0.2880093918679217
p09,2020-02-20,-105.0,-0.24584041079217697,0.24584041079217697,1.0,0.913108501314413,0.913108501314413,1024000.0,0.438400912077547,0.438400912077547,0.0,-0.1968186611058116,0.1968186611058116,114.0,0.19000577916882058,0.19000577916882058,-13.5,-0.9881906466943197,0.9881906466943197,,,,,,,,,,,,,,,,,,,,,
p09,2020-02-21,-1246.0,-0.5768376191310843,0.5768376191310843,0.0,-0.5891022589125244,0.5891022589125244,0.0,-0.544683343680013,0.544683343680013,0.0,-0.1968186611058116,0.1968186611058116,0.0,-0.5410952136091562,0.5410952136091562,,,,-0.45000000000000107,-0.17972093334648076,0.17972093334648076,5.0,0.7237827117620461,0.7237827117620461,-21.0,-0.6218424534152356,0.6218424534152356,-0.017800111355146392,-0.8401645976841491,0.8401645976841491,1.0,0.5313206428721353,0.5313206428721353,2.0,1.0808655898748734,1.0808655898748734,8.0,1.0460501112642902,1.0460501112642902
p09,2020-02-23,5700.0,1.4381550269005112,1.4381550269005112,2.0,2.4153192615413506,2.4153192615413506,2918000.0,2.256722767941628,2.256722767941628,0.0,-0.1968186611058116,0.1968186611058116,398.0,2.011345094510447,2.011345094510447,-5.5,-0.5577627788056866,0.5577627788056866,-3.1083333333333334,-1.349253784778137,1.349253784778137,-4.0,-0.7272129615808236,0.7272129615808236,-4.0,-0.10948363670416607,0.10948363670416607,-0.015857125430273192,-0.7510986077432962,0.7510986077432962,-2.0,-0.6037734578092436,0.6037734578092436,-7.0,-1.5022199723684682,1.5022199723684682,-13.0,-1.2280720469248152,1.2280720469248152
p09,2020-02-24,-424.0,-0.3383803840262799,0.3383803840262799,0.0,-0.5891022589125244,0.5891022589125244,0.0,-0.544683343680013,0.544683343680013,0.0,-0.1968186611058116,0.1968186611058116,0.0,-0.5410952136091562,0.5410952136091562,,,,-2.116666666666667,-0.912970369980748,0.912970369980748,-4.0,-0.7272129615808236,0.7272129615808236,-10.0,-0.29031616024924944,0.29031616024924944,0.014953683423603106,0.6612611815474966,0.6612611815474966,-2.0,-0.6037734578092436,0.6037734578092436,-1.0,0.21983706912709283,0.21983706912709283,-7.0,-0.5783228588707852,0.5783228588707852
p09,2020-02-25,3307.0,0.7439601806647484,0.7439601806647484,0.0,-0.5891022589125244,0.5891022589125244,0.0,-0.544683343680013,0.544683343680013,0.0,-0.1968186611058116,0.1968186611058116,0.0,-0.5410952136091562,0.5410952136091562,,,,-1.2416666666666671,-0.5280144157477575,0.5280144157477575,0.0,-0.08232599565065925,0.08232599565065925,22.0,0.6741239653245286,0.6741239653245286,-0.015195881074065803,-0.7207873314625601,0.7207873314625601,0.0,0.15295594264500903,0.15295594264500903,0.0,0.5068465760430196,0.5068465760430196,0.0,0.1797178605255833,0.1797178605255833
p09,2020-02-26,-2136.0,-0.8350212435146317,0.8350212435146317,0.0,-0.5891022589125244,0.5891022589125244,0.0,-0.544683343680013,0.544683343680013,0.0,-0.1968186611058116,0.1968186611058116,0.0,-0.5410952136091562,0.5410952136091562,,,,-1.1333333333333337,-0.4803532023665302,0.4803532023665302,-7.0,-1.2108781860284468,1.2108781860284468,-1.0,-0.019067374931624383,0.019067374931624383,0.007964102050798796,0.3408605156077325,0.3408605156077325,-2.0,-0.6037734578092436,0.6037734578092436,-3.0,-0.35418194470476083,0.35418194470476083,-12.0,-1.119780515582477,1.119780515582477
p09,2020-02-28,971.0,0.06630069014793201,0.06630069014793201,0.0,-0.5891022589125244,0.5891022589125244,0.0,-0.544683343680013,0.544683343680013,0.0,-0.1968186611058116,0.1968186611058116,0.0,-0.5410952136091562,0.5410952136091562,,,,,,,,,,,,,,,,,,,,,,,,
p09,2020-02-29,6257.0,1.5997373626102145,1.5997373626102145,0.0,-0.5891022589125244,0.5891022589125244,0.0,-0.544683343680013,0.544683343680013,0.0,-0.1968186611058116,0.1968186611058116,0.0,-0.5410952136091562,0.5410952136091562,,,,-2.366666666666667,-1.0229577854758882,1.0229577854758882,-2.0,-0.4047694786157414,0.4047694786157414,-41.0,-1.2246175318988468,1.2246175318988468,0.016730390401642495,0.7427049860589608,0.7427049860589608,-1.0,-0.2254087575821173,0.2254087575821173,-5.0,-0.9282009585366144,0.9282009585366144,-8.0,-0.6866143902131235,0.6866143902131235
p09,2020-03-01,-688.0,-0.41496518946139954,0.41496518946139954,0.0,-0.5891022589125244,0.5891022589125244,0.0,-0.544683343680013,0.544683343680013,0.0,-0.1968186611058116,0.1968186611058116,0.0,-0.5410952136091562,0.5410952136091562,,,,-0.3416666666666668,-0.13205971996525295,0.13205971996525295,1.0,0.07889574583188183,0.07889574583188183,23.0,0.7042627192487091,0.7042627192487091,-0.014061008643478201,-0.668765062442025,0.668765062442025,-2.0,-0.6037734578092436,0.6037734578092436,-4.0,-0.6411914516206877,0.6411914516206877,-5.0,-0.3617397961861084,0.3617397961861084
p09,2020-03-02,-151.0,-0.2591847329513266,0.2591847329513266,0.0,-0.5891022589125244,0.5891022589125244,0.0,-0.544683343680013,0.544683343680013,0.0,-0.1968186611058116,0.1968186611058116,0.0,-0.5410952136091562,0.5410952136091562,,,,-0.7000000000000011,-0.2897083488416209,0.2897083488416209,-5.0,-0.8884347030633646,0.8884347030633646,-25.0,-0.7423974691119578,0.7423974691119578,0.0291891456639021,1.313811218306309,1.313811218306309,-3.0,-0.98213815803637,0.98213815803637,0.0,0.5068465760430196,0.5068465760430196,-8.0,-0.6866143902131235,0.6866143902131235
p09,2020-03-03,-2318.0,-0.8878183442312673,0.8878183442312673,0.0,-0.5891022589125244,0.5891022589125244,0.0,-0.544683343680013,0.544683343680013,0.0,-0.1968186611058116,0.1968186611058116,0.0,-0.5410952136091562,0.5410952136091562,,,,-3.1750000000000007,-1.378583762243508,1.378583762243508,-11.0,-1.8557651519586111,1.8557651519586111,-31.0,-0.9232299926570412,0.9232299926570412,-0.0018332444089330935,-0.108247401263296,0.108247401263296,-3.0,-0.98213815803637,0.98213815803637,0.0,0.5068465760430196,0.5068465760430196,-14.0,-1.3363635782671537,1.3363635782671537
p09,2020-03-04,180.0,-0.1631636321974455,0.1631636321974455,1.0,0.913108501314413,0.913108501314413,1536000.0,0.9299430399563271,0.9299430399563271,0.0,-0.1968186611058116,0.1968186611058116,179.0,0.6068616083843337,0.6068616083843337,-7.5,-0.6653697457778449,0.6653697457778449,0.4416666666666682,0.2125675152528535,0.2125675152528535,6.0,0.8850044532445872,0.8850044532445872,17.0,0.5234301957036257,0.5234301957036257,-0.028666149188448703,-1.3382610604369556,1.3382610604369556,-1.0,-0.2254087575821173,0.2254087575821173,1.0,0.7938560829589465,0.7938560829589465,6.0,0.8294670485796134,0.8294670485796134
p09,2020-03-05,-2430.0,-0.9203088677491968,0.9203088677491968,0.0,-0.5891022589125244,0.5891022589125244,0.0,-0.544683343680013,0.544683343680013,0.0,-0.1968186611058116,0.1968186611058116,0.0,-0.5410952136091562,0.5410952136091562,,,,0.30833333333333357,0.15390756032211153,0.15390756032211153,-2.0,-0.4047694786157414,0.4047694786157414,5.0,0.16176514861345898,0.16176514861345898,0.0525043674626208,2.3825751674476052,2.3825751674476052,-4.0,-1.3605028582634962,1.3605028582634962,-4.0,-0.6411914516206877,0.6411914516206877,-10.0,-0.9031974528978002,0.9031974528978002
p09,2020-03-06,-4870.0,-1.6281381301040907,1.6281381301040907,0.0,-0.5891022589125244,0.5891022589125244,0.0,-0.544683343680013,0.544683343680013,0.0,-0.1968186611058116,0.1968186611058116,0.0,-0.5410952136091562,0.5410952136091562,,,,-0.7833333333333332,-0.32637082067333373,0.32637082067333373,-3.0,-0.5659912200982825,0.5659912200982825,-31.0,-0.9232299926570412,0.9232299926570412,0.02179173243230259,0.9747156417302865,0.9747156417302865,-3.0,-0.98213815803637,0.98213815803637,-1.0,0.21983706912709283,0.21983706912709283,-7.0,-0.5783228588707852,0.5783228588707852
p09,2020-03-07,3769.0,0.8779835901762079,0.8779835901762079,2.0,2.4153192615413506,2.4153192615413506,4301000.0,3.5844625391454423,3.5844625391454423,0.0,-0.1968186611058116,0.1968186611058116,752.0,4.281606072084164,4.281606072084164,17.0,0.6528155996310938,0.6528155996310938,0.8833333333333311,0.4068786159609327,0.4068786159609327,8.0,1.2074479362096693,1.2074479362096693,4.0,0.13162639468927842,0.13162639468927842,0.01919450677288581,0.8556594656178237,0.8556594656178237,2.0,0.9096853430992616,0.9096853430992616,0.0,0.5068465760430196,0.5068465760430196,10.0,1.262633173948967,1.262633173948967
p09,2020-03-08,4653.0,1.1344266507998662,1.1344266507998662,2.0,2.4153192615413506,2.4153192615413506,2047000.0,1.4205251246165937,1.4205251246165937,0.0,-0.1968186611058116,0.1968186611058116,285.0,1.2866572683357858,1.2866572683357858,2.0,-0.15423665266009315,0.15423665266009315,-1.7000000000000002,-0.729658010822181,0.729658010822181,0.0,-0.08232599565065925,0.08232599565065925,-14.0,-0.41087117594597167,0.41087117594597167,-0.008096149685909396,-0.39533741630603964,0.39533741630603964,1.0,0.5313206428721353,0.5313206428721353,-9.0,-2.076238986200322,2.076238986200322,-8.0,-0.6866143902131235,0.6866143902131235
p09,2020-03-10,311.0,-0.1251613234398672,0.1251613234398672,1.0,0.913108501314413,0.913108501314413,972000.0,0.3884786647148584,0.3884786647148584,0.0,-0.1968186611058116,0.1968186611058116,134.0,0.3182691112351323,0.3182691112351323,-2.5,-0.39635232834744927,0.39635232834744927,,,,,,,,,,,,,,,,,,,,,
p09,2020-03-14,,,,0.0,-0.5891022589125244,0.5891022589125244,0.0,-0.544683343680013,0.544683343680013,0.0,-0.1968186611058116,0.1968186611058116,0.0,-0.5410952136091562,0.5410952136091562,,,,,,,,,,,,,,,,,,,,,,,,
p09,2020-03-17,-218.0,-0.27862102827008806,0.27862102827008806,0.0,-0.5891022589125244,0.5891022589125244,0.0,-0.544683343680013,0.544683343680013,0.0,-0.1968186611058116,0.1968186611058116,0.0,-0.5410952136091562,0.5410952136091562,,,,-1.125,-0.47668695518335863,0.47668695518335863,1.0,0.07889574583188183,0.07889574583188183,-6.0,-0.1697611445525272,0.1697611445525272,0.036638218330366096,1.6552748504853545,1.6552748504853545,-3.0,-0.98213815803637,0.98213815803637,0.0,0.5068465760430196,0.5068465760430196,-2.0,-0.036865202159093384,0.036865202159093384
p09,2020-03-19,-3717.0,-1.2936597942454051,1.2936597942454051,0.0,-0.5891022589125244,0.5891022589125244,0.0,-0.544683343680013,0.544683343680013,0.0,-0.1968186611058116,0.1968186611058116,0.0,-0.5410952136091562,0.5410952136091562,,,,0.5916666666666668,0.278559964549937,0.278559964549937,7.0,1.0462261947271283,1.0462261947271283,10.0,0.3124589182343618,0.3124589182343618,-0.011978761162367693,-0.5733153575147709,0.5733153575147709,-1.0,-0.2254087575821173,0.2254087575821173,-4.0,-0.6411914516206877,0.6411914516206877,2.0,0.39630092321026,0.39630092321026
p09,2020-03-20,11858.0,3.2245536324666735,3.2245536324666735,1.0,0.913108501314413,0.913108501314413,8243000.0,7.368952906524643,7.368952906524643,0.0,-0.1968186611058116,0.1968186611058116,1247.0,7.456123540725379,7.456123540725379,-0.5,-0.288745361375291,0.288745361375291,0.7249999999999996,0.33721991948067814,0.33721991948067814,8.0,1.2074479362096693,1.2074479362096693,2.0,0.0713488868409173,0.0713488868409173,0.002133792818626107,0.07360059530818465,0.07360059530818465,1.0,0.5313206428721353,0.5313206428721353,0.0,0.5068465760430196,0.5068465760430196,9.0,1.1543416426066284,1.1543416426066284
p09,2020-03-21,-4417.0,-1.496725566232465,1.496725566232465,0.0,-0.5891022589125244,0.5891022589125244,0.0,-0.544683343680013,0.544683343680013,0.0,-0.1968186611058116,0.1968186611058116,0.0,-0.5410952136091562,0.5410952136091562,,,,-0.9333333333333336,-0.392363269970418,0.392363269970418,-1.0,-0.24354773713320033,0.24354773713320033,-6.0,-0.1697611445525272,0.1697611445525272,-0.0025233279090366018,-0.13988065670367122,0.13988065670367122,-1.0,-0.2254087575821173,0.2254087575821173,-4.0,-0.6411914516206877,0.6411914516206877,-6.0,-0.4700313275284468,0.4700313275284468
p09,2020-03-24,-5285.0,-1.748527123496419,1.748527123496419,0.0,-0.5891022589125244,0.5891022589125244,0.0,-0.544683343680013,0.544683343680013,0.0,-0.1968186611058116,0.1968186611058116,0.0,-0.5410952136091562,0.5410952136091562,,,,-5.316666666666666,-2.320809288318541,2.320809288318541,-14.0,-2.3394303764062343,2.3394303764062343,-63.0,-1.887670118230819,1.887670118230819,0.0883311272777938,4.024864897117054,4.024864897117054,-7.0,-2.495596958944875,2.495596958944875,-3.0,-0.35418194470476083,0.35418194470476083,-24.0,-2.4192788916905372,2.4192788916905372
p09,2020-03-25,-5088.0,-1.6913786133800608,1.6913786133800608,0.0,-0.5891022589125244,0.5891022589125244,0.0,-0.544683343680013,0.544683343680013,0.0,-0.1968186611058116,0.1968186611058116,0.0,-0.5410952136091562,0.5410952136091562,,,,-0.9416666666666664,-0.3960295171535891,0.3960295171535891,4.0,0.562560970279505,0.562560970279505,16.0,0.49329144177944517,0.49329144177944517,-0.0227254690725458,-1.0659417663693143,1.0659417663693143,2.0,0.9096853430992616,0.9096853430992616,1.0,0.7938560829589465,0.7938560829589465,7.0,0.9377585799219518,0.9377585799219518
p09,2020-03-26,395.0,-0.10079343080142,0.10079343080142,1.0,0.913108501314413,0.913108501314413,2611000.0,1.9619894998580625,1.9619894998580625,0.0,-0.1968186611058116,0.1968186611058116,367.0,1.812536929807664,1.812536929807664,-3.5,-0.4501558118335284,0.4501558118335284,1.174999999999999,0.5351972673719301,0.5351972673719301,6.0,0.8850044532445872,0.8850044532445872,28.0,0.8549564888696118,0.8549564888696118,0.02126587627274279,0.9506105265989222,0.9506105265989222,-2.0,-0.6037734578092436,0.6037734578092436,0.0,0.5068465760430196,0.5068465760430196,4.0,0.6128839858949368,0.6128839858949368
p09,2020-03-30,-4685.0,-1.5744707475075106,1.5744707475075106,0.0,-0.5891022589125244,0.5891022589125244,0.0,-0.544683343680013,0.544683343680013,0.0,-0.1968186611058116,0.1968186611058116,0.0,-0.5410952136091562,0.5410952136091562,,,,1.3916666666666657,0.6305196941343849,0.6305196941343849,7.0,1.0462261947271283,1.0462261947271283,29.0,0.8850952427937925,0.8850952427937925,0.0079334229693305,0.3394541941689253,0.3394541941689253,3.0,1.288050043326388,1.288050043326388,0.0,0.5068465760430196,0.5068465760430196,10.0,1.262633173948967,1.262633173948967
p10,2020-01-06,292.5,0.17904326277345822,0.17904326277345822,0.0,-0.021296193740667515,0.021296193740667515,218000.0,0.00029425586939241764,0.00029425586939241764,4.782031,3.5020768162474925,3.5020768162474925,219.5,1.0030884469527406,1.0030884469527406,68.5,3.5944359712566882,3.5944359712566882,,,,,,,,,,,,,,,,,,,,,
p10,2020-01-07,-1645.5,-0.21960966037544832,0.21960966037544832,0.0,-0.021296193740667515,0.021296193740667515,153000.0,-0.03136361697558086,0.03136361697558086,0.0,-0.36212963476683635,0.36212963476683635,10.5,-0.10067192376458897,0.10067192376458897,-2.5,-0.5280527402806418,0.5280527402806418,-1.4333333333333336,-0.8339376622586889,0.8339376622586889,-5.0,-1.3097541394874808,1.3097541394874808,-54.0,-1.6724084668002224,1.6724084668002224,0.0180491997014217,0.6989247011552849,0.6989247011552849,-4.0,-1.5934692787321305,1.5934692787321305,2.0,0.8903656135300986,0.8903656135300986,-7.0,-0.9599574677747322,0.9599574677747322
p10,2020-01-09,-6913.5,-1.303254448377739,1.303254448377739,-1.0,-1.043513493292712,1.043513493292712,-1588000.0,-0.8793075650232498,0.8793075650232498,0.0,-0.36212963476683635,0.36212963476683635,-140.5,-0.8981255887326118,0.8981255887326118,,,,-0.6583333333333332,-0.45811869213785406,0.45811869213785406,2.0,0.5887278707797267,0.5887278707797267,8.0,0.16398994469272143,0.16398994469272143,0.008356203623258895,0.23453193198668545,0.23453193198668545,0.0,0.4805700999350863,0.4805700999350863,3.0,1.2518011596165741,1.2518011596165741,5.0,1.157975600140821,1.157975600140821
p10,2020-01-09,-6913.5,-1.303254448377739,1.303254448377739,-1.0,-1.043513493292712,1.043513493292712,-1588000.0,-0.8793075650232498,0.8793075650232498,0.0,-0.36212963476683635,0.36212963476683635,-140.5,-0.8981255887326118,0.8981255887326118,,,,-0.6583333333333332,-0.45811869213785406,0.45811869213785406,2.0,0.5887278707797267,0.5887278707797267,8.0,0.16398994469272143,0.16398994469272143,0.008356203623258895,0.23453193198668545,0.23453193198668545,0.0,0.4805700999350863,0.4805700999350863,3.0,1.2518011596165741,1.2518011596165741,5.0,1.157975600140821,1.157975600140821
p10,2020-01-10,5438.5,1.2375922527240635,1.2375922527240635,0.0,-0.021296193740667515,0.021296193740667515,-512000.0,-0.35524800838953824,0.35524800838953824,0.0,-0.36212963476683635,0.36212963476683635,-34.5,-0.33832367822525805,0.33832367822525805,11.5,0.2848323577689726,0.2848323577689726,,,,,,,,,,,,,,,,,,,,,
p10,2020-01-12,525.5,0.22697212298692326,0.22697212298692326,1.0,1.0009211058113767,1.0009211058113767,1127000.0,0.4430174315014033,0.4430174315014033,0.0,-0.36212963476683635,0.36212963476683635,132.5,0.5436283883287805,0.5436283883287805,6.0,-0.034515359321947325,0.034515359321947325,,,,,,,,,,,,,,,,,,,,,
p10,2020-01-13,2504.5,0.6340588799072979,0.6340588799072979,1.0,1.0009211058113767,1.0009211058113767,962000.0,0.3626551388949327,0.3626551388949327,3.396523,2.3824920725409044,2.3824920725409044,193.5,0.8657785443754652,0.8657785443754652,27.0,1.1848122877524743,1.1848122877524743,-1.2999999999999998,-0.7692806351411258,0.7692806351411258,-1.0,-0.224907276477648,0.224907276477648,-20.0,-0.6653512734008661,0.6653512734008661,-0.03638780290692191,-1.9091595467564837,1.9091595467564837,-1.0,-0.03793974473171788,0.03793974473171788,4.0,1.6132367057030497,1.6132367057030497,2.0,0.6284923331619328,0.6284923331619328
p10,2020-01-14,-326.5,0.051712943150561866,0.051712943150561866,1.0,1.0009211058113767,1.0009211058113767,1024000.0,0.3928518791470611,0.3928518791470611,0.0,-0.36212963476683635,0.36212963476683635,105.5,0.40103733565237903,0.40103733565237903,-1.5,-0.46998951899138364,0.46998951899138364,0.2916666666666661,0.0025626260747817126,0.0025626260747817126,5.0,1.4023630180371012,1.4023630180371012,-9.0,-0.3395386520069567,0.3395386520069567,-0.00647512821456421,-0.4760392069145224,0.4760392069145224,0.0,0.4805700999350863,0.4805700999350863,3.0,1.2518011596165741,1.2518011596165741,8.0,1.6874588671197093,1.6874588671197093
p10,2020-01-16,-1075.5,-0.10235880062576992,0.10235880062576992,1.0,1.0009211058113767,1.0009211058113767,896000.0,0.33051022185234447,0.33051022185234447,3.280578,2.2888006228278313,2.2888006228278313,168.5,0.7337497918973157,0.7337497918973157,21.0,0.8364329600169252,0.8364329600169252,-0.8916666666666666,-0.5712684895935892,0.5712684895935892,1.0,0.31751615502726843,0.31751615502726843,4.0,0.045512627822208926,0.045512627822208926,-5.7869254066061915e-06,-0.166092180036318,0.166092180036318,0.0,0.4805700999350863,0.4805700999350863,3.0,1.2518011596165741,1.2518011596165741,4.0,0.9814811778145249,0.9814811778145249
p10,2020-01-17,-3691.5,-0.6404785358979781,0.6404785358979781,0.0,-0.021296193740667515,0.021296193740667515,-359000.0,-0.2807302461544473,0.2807302461544473,0.0,-0.36212963476683635,0.36212963476683635,-40.5,-0.3700105788200139,0.3700105788200139,-1.5,-0.46998951899138364,0.46998951899138364,-0.30833333333333357,-0.28839399595425147,0.28839399595425147,1.0,0.31751615502726843,0.31751615502726843,8.0,0.16398994469272143,0.16398994469272143,0.007730965283437197,0.20457667752472242,0.20457667752472242,0.0,0.4805700999350863,0.4805700999350863,-3.0,-0.9168121169022788,0.9168121169022788,-2.0,-0.07748535614325171,0.07748535614325171
p10,2020-01-19,8.5,0.12062353616133777,0.12062353616133777,-1.0,-1.043513493292712,1.043513493292712,-1588000.0,-0.8793075650232498,0.8793075650232498,0.0,-0.36212963476683635,0.36212963476683635,-140.5,-0.8981255887326118,0.8981255887326118,,,,0.05833333333333357,-0.11058717138095307,0.11058717138095307,0.0,0.04630443927481022,0.04630443927481022,38.0,1.0525698212215653,1.0525698212215653,-0.01317951214644901,-0.7972471589853714,0.7972471589853714,1.0,0.9990799446018905,0.9990799446018905,-2.0,-0.5553765708158033,0.5553765708158033,-1.0,0.0990090661830444,0.0990090661830444
p10,2020-01-20,2115.5,0.5540403107097104,0.5540403107097104,1.0,1.0009211058113767,1.0009211058113767,3072000.0,1.390318395862527,1.390318395862527,0.0,-0.36212963476683635,0.36212963476683635,268.5,1.2618648018099137,1.2618648018099137,-2.5,-0.5280527402806418,0.5280527402806418,,,,,,,,,,,,,,,,,,,,,
p10,2020-01-22,-2391.5,-0.37306429436362387,0.37306429436362387,1.0,1.0009211058113767,1.0009211058113767,1997000.0,0.8667458834264303,0.8667458834264303,0.0,-0.36212963476683635,0.36212963476683635,150.5,0.6386890901130481,0.6386890901130481,-12.0,-1.0796533425285944,1.0796533425285944,0.025000000000000355,-0.12675142816034377,0.12675142816034377,1.0,0.31751615502726843,0.31751615502726843,15.0,0.3713252492161183,0.3713252492161183,0.014531493730915293,0.5303909265007495,0.5303909265007495,-4.0,-1.5934692787321305,1.5934692787321305,1.0,0.5289300674436231,0.5289300674436231,-2.0,-0.07748535614325171,0.07748535614325171
p10,2020-01-23,477.5,0.21709836637642402,0.21709836637642402,1.0,1.0009211058113767,1.0009211058113767,1740000.0,0.7415755246393821,0.7415755246393821,0.0,-0.36212963476683635,0.36212963476683635,193.5,0.8657785443754652,0.8657785443754652,-0.5,-0.41192629770212547,0.41192629770212547,-0.7249999999999996,-0.4904472056966354,0.4904472056966354,-4.0,-1.0385424237350227,1.0385424237350227,-25.0,-0.8134479194890067,0.8134479194890067,0.008458645735377995,0.23943994760361592,0.23943994760361592,-4.0,-1.5934692787321305,1.5934692787321305,-1.0,-0.19394102472932784,0.19394102472932784,-9.0,-1.3129463124273244,1.3129463124273244
p10,2020-01-24,-2575.5,-0.41091369470387096,0.41091369470387096,0.0,-0.021296193740667515,0.021296193740667515,154000.0,-0.030876572777965888,0.030876572777965888,0.0,-0.36212963476683635,0.36212963476683635,49.5,0.1052929301013242,0.1052929301013242,7.5,0.05257947261193993,0.05257947261193993,-0.6833333333333336,-0.4702418847223973,0.4702418847223973,0.0,0.04630443927481022,0.04630443927481022,-6.0,-0.2506806643540723,0.2506806643540723,0.015985553740662392,0.6000551406424478,0.6000551406424478,0.0,0.4805700999350863,0.4805700999350863,-3.0,-0.9168121169022788,0.9168121169022788,-3.0,-0.25397977846954783,0.25397977846954783
p10,2020-01-25,7419.5,1.6450904161698756,1.6450904161698756,0.0,-0.021296193740667515,0.021296193740667515,4198000.0,1.9387301623769873,1.9387301623769873,0.0,-0.36212963476683635,0.36212963476683635,367.5,1.7846986616233855,1.7846986616233855,-2.5,-0.5280527402806418,0.5280527402806418,0.4166666666666661,0.063178588997497,0.063178588997497,-1.0,-0.224907276477648,0.224907276477648,-3.0,-0.16182267670118794,0.16182267670118794,0.036010387138326896,1.5594476503156658,1.5594476503156658,0.0,0.4805700999350863,0.4805700999350863,-5.0,-1.6396832090752298,1.6396832090752298,-6.0,-0.7834630454484361,0.7834630454484361
p10,2020-01-26,3992.5,0.9401453348327741,0.9401453348327741,1.0,1.0009211058113767,1.0009211058113767,5478000.0,2.5621467353241534,2.5621467353241534,0.0,-0.36212963476683635,0.36212963476683635,571.5,2.8620532818450855,2.8620532818450855,5.0,-0.0925785806112055,0.0925785806112055,-0.6416666666666657,-0.45003656374815826,0.45003656374815826,0.0,0.04630443927481022,0.04630443927481022,-15.0,-0.5172546273127254,0.5172546273127254,0.0102899775169885,0.32717930398740197,0.32717930398740197,-2.0,-0.5564495893985221,0.5564495893985221,1.0,0.5289300674436231,0.5289300674436231,-1.0,0.0990090661830444,0.0990090661830444
p10,2020-01-28,-1199.5,-0.12786600520289293,0.12786600520289293,-1.0,-1.043513493292712,1.043513493292712,-1588000.0,-0.8793075650232498,0.8793075650232498,0.0,-0.36212963476683635,0.36212963476683635,-140.5,-0.8981255887326118,0.8981255887326118,,,,-1.6416666666666666,-0.9349642671298809,0.9349642671298809,-11.0,-2.9370244340022302,2.9370244340022302,-11.0,-0.39877731044221293,0.39877731044221293,0.031094786574432084,1.3239405543067595,1.3239405543067595,0.0,0.4805700999350863,0.4805700999350863,0.0,0.16749452135714765,0.16749452135714765,-11.0,-1.6659351570799166,1.6659351570799166
p10,2020-01-29,-1671.5,-0.2249579452061354,0.2249579452061354,0.0,-0.021296193740667515,0.021296193740667515,-205000.0,-0.20572543972174137,0.20572543972174137,0.0,-0.36212963476683635,0.36212963476683635,-27.5,-0.3013556275313762,0.3013556275313762,-7.5,-0.8183688467269327,0.8183688467269327,-0.7833333333333332,-0.5187346550605694,0.5187346550605694,-9.0,-2.3946010024973137,2.3946010024973137,-29.0,-0.9319252363595192,0.9319252363595192,0.0549480510536489,2.4667537212459605,2.4667537212459605,-3.0,-1.0749594340653263,1.0749594340653263,-2.0,-0.5553765708158033,0.5553765708158033,-14.0,-2.195418424058805,2.195418424058805
p10,2020-01-30,841.5,0.2919743540060432,0.2919743540060432,1.0,1.0009211058113767,1.0009211058113767,3379000.0,1.539840964530324,1.539840964530324,0.0,-0.36212963476683635,0.36212963476683635,305.5,1.4572673554775748,1.4572673554775748,-1.0,-0.4409579083467545,0.4409579083467545,-0.4083333333333332,-0.3368867662924235,0.3368867662924235,0.0,0.04630443927481022,0.04630443927481022,-7.0,-0.28029999357170043,0.28029999357170043,0.05230455049131379,2.3401032473839884,2.3401032473839884,-1.0,-0.03793974473171788,0.03793974473171788,0.0,0.16749452135714765,0.16749452135714765,-1.0,0.0990090661830444,0.0990090661830444
p10,2020-02-01,10865.5,2.3539438594986333,2.3539438594986333,0.0,-0.021296193740667515,0.021296193740667515,8500000.0,4.0339943005166035,4.0339943005166035,0.0,-0.36212963476683635,0.36212963476683635,864.5,4.409430260888997,4.409430260888997,2.5,-0.23773663383435092,0.23773663383435092,0.09999999999999964,-0.09038185040671494,0.09038185040671494,5.0,1.4023630180371012,1.4023630180371012,-45.0,-1.4058345038415692,1.4058345038415692,0.0044549201674566885,0.04762090749620383,0.04762090749620383,-1.0,-0.03793974473171788,0.03793974473171788,1.0,0.5289300674436231,0.5289300674436231,5.0,1.157975600140821,1.157975600140821
p10,2020-02-02,6079.5,1.369448044126772,1.369448044126772,2.0,2.023138405363421,2.023138405363421,4147000.0,1.9138909082986235,1.9138909082986235,0.0,-0.36212963476683635,0.36212963476683635,481.5,2.3867497729237472,2.3867497729237472,5.833333333333314,-0.044192562870158124,0.044192562870158124,0.27500000000000036,-0.005519502314913199,0.005519502314913199,5.0,1.4023630180371012,1.4023630180371012,14.0,0.3417059199984902,0.3417059199984902,-0.006745006718317001,-0.48896912297826556,0.48896912297826556,1.0,0.9990799446018905,0.9990799446018905,-2.0,-0.5553765708158033,0.5553765708158033,4.0,0.9814811778145249,0.9814811778145249
p10,2020-02-03,-1705.5,-0.23195185613857236,0.23195185613857236,0.0,-0.021296193740667515,0.021296193740667515,-360000.0,-0.2812172903520623,0.2812172903520623,0.0,-0.36212963476683635,0.36212963476683635,-42.5,-0.38057287901826586,0.38057287901826586,-2.5,-0.5280527402806418,0.5280527402806418,4.433333333333335,2.0109715309140825,2.0109715309140825,-10.0,-2.665812718249772,2.665812718249772,40.0,1.1118084796568215,1.1118084796568215,0.01805919657382879,0.6994036526809759,0.6994036526809759,-1.0,-0.03793974473171788,0.03793974473171788,-4.0,-1.2782476629887543,1.2782476629887543,-15.0,-2.371912846385101,2.371912846385101
p10,2020-02-04,-3208.5,-0.5411238600048296,0.5411238600048296,0.0,-0.021296193740667515,0.021296193740667515,-461000.0,-0.3304087543111746,0.3304087543111746,0.0,-0.36212963476683635,0.36212963476683635,-32.5,-0.32776137802700606,0.32776137802700606,9.5,0.16870591519045627,0.16870591519045627,0.20833333333333393,-0.03784801587369457,0.03784801587369457,5.0,1.4023630180371012,1.4023630180371012,-13.0,-0.4580159688774692,0.4580159688774692,-0.007365527523072804,-0.5186983596893459,0.5186983596893459,0.0,0.4805700999350863,0.4805700999350863,3.0,1.2518011596165741,1.2518011596165741,8.0,1.6874588671197093,1.6874588671197093
p10,2020-02-05,-707.5,-0.0266599999452758,0.0266599999452758,1.0,1.0009211058113767,1.0009211058113767,1178000.0,0.467856685579767,0.467856685579767,0.0,-0.36212963476683635,0.36212963476683635,121.5,0.4855357372383947,0.4855357372383947,2.0,-0.26676824447898,0.26676824447898,-0.49166666666666714,-0.37729740824090063,0.37729740824090063,1.0,0.31751615502726843,0.31751615502726843,-27.0,-0.872686577924263,0.872686577924263,-0.0131659167191739,-0.7965958002032769,0.7965958002032769,0.0,0.4805700999350863,0.4805700999350863,2.0,0.8903656135300986,0.8903656135300986,3.0,0.8049867554882288,0.8049867554882288
p10,2020-02-06,-1497.5,-0.18916557749307567,0.18916557749307567,-1.0,-1.043513493292712,1.043513493292712,-1588000.0,-0.8793075650232498,0.8793075650232498,0.0,-0.36212963476683635,0.36212963476683635,-140.5,-0.8981255887326118,0.8981255887326118,,,,-0.47499999999999964,-0.3692152798512049,0.3692152798512049,0.0,0.04630443927481022,0.04630443927481022,18.0,0.4601832368690027,0.4601832368690027,-0.00304653117555731,-0.31177465336799287,0.31177465336799287,1.0,0.9990799446018905,0.9990799446018905,-6.0,-2.001118755161705,2.001118755161705,-5.0,-0.6069686231221401,0.6069686231221401
p10,2020-02-07,3666.5,0.8730860711864669,0.8730860711864669,0.0,-0.021296193740667515,0.021296193740667515,-359000.0,-0.2807302461544473,0.2807302461544473,0.0,-0.36212963476683635,0.36212963476683635,25.5,-0.02145467227769929,0.02145467227769929,24.5,1.039654234529329,1.039654234529329,0.24166666666666714,-0.02168375909430388,0.02168375909430388,5.0,1.4023630180371012,1.4023630180371012,16.0,0.4009445784337464,0.4009445784337464,0.006329334413004997,0.13742435062565125,0.13742435062565125,1.0,0.9990799446018905,0.9990799446018905,-4.0,-1.2782476629887543,1.2782476629887543,2.0,0.6284923331619328,0.6284923331619328
p10,2020-02-08,-6138.5,-1.1438344197707202,1.1438344197707202,-1.0,-1.043513493292712,1.043513493292712,-1588000.0,-0.8793075650232498,0.8793075650232498,0.0,-0.36212963476683635,0.36212963476683635,-140.5,-0.8981255887326118,0.8981255887326118,,,,-0.7750000000000004,-0.5146935908657219,0.5146935908657219,-6.0,-1.580965855239939,1.580965855239939,10.0,0.22322860312797768,0.22322860312797768,-0.015534592504405406,-0.9100793813680758,0.9100793813680758,-2.0,-0.5564495893985221,0.5564495893985221,-6.0,-2.001118755161705,2.001118755161705,-14.0,-2.195418424058805,2.195418424058805
p10,2020-02-09,4923.5,1.1316550724239154,1.1316550724239154,1.0,1.0009211058113767,1.0009211058113767,4163000.0,1.921683615460463,1.921683615460463,2.591585,1.7320473948994226,1.7320473948994226,302.5,1.441423905180197,1.441423905180197,4.0,-0.15064180190046367,0.15064180190046367,-0.5,-0.3813384724357481,0.3813384724357481,1.0,0.31751615502726843,0.31751615502726843,10.0,0.22322860312797768,0.22322860312797768,-0.000743518134644211,-0.20143698327334625,0.20143698327334625,0.0,0.4805700999350863,0.4805700999350863,-2.0,-0.5553765708158033,0.5553765708158033,-1.0,0.0990090661830444,0.0990090661830444
p10,2020-02-10,6421.5,1.439798559976579,1.439798559976579,0.0,-0.021296193740667515,0.021296193740667515,-513000.0,-0.3557350525871532,0.3557350525871532,0.0,-0.36212963476683635,0.36212963476683635,-32.5,-0.32776137802700606,0.32776137802700606,8.5,0.1106426939011981,0.1106426939011981,-1.666666666666667,-0.9470874597144242,0.9470874597144242,-6.0,-1.580965855239939,1.580965855239939,-15.0,-0.5172546273127254,0.5172546273127254,-0.02472894233165271,-1.3505819403858752,1.3505819403858752,-4.0,-1.5934692787321305,1.5934692787321305,3.0,1.2518011596165741,1.2518011596165741,-7.0,-0.9599574677747322,0.9599574677747322
p10,2020-02-11,-2462.5,-0.387669226016654,0.387669226016654,-1.0,-1.043513493292712,1.043513493292712,-1588000.0,-0.8793075650232498,0.8793075650232498,0.0,-0.36212963476683635,0.36212963476683635,-140.5,-0.8981255887326118,0.8981255887326118,,,,-1.8166666666666664,-1.0198266152216822,1.0198266152216822,-3.0,-0.7673307079825644,0.7673307079825644,9.0,0.19360927391034954,0.19360927391034954,-0.041913917810284106,-2.1739164683545216,2.1739164683545216,0.0,0.4805700999350863,0.4805700999350863,4.0,1.6132367057030497,1.6132367057030497,1.0,0.4519979108356366,0.4519979108356366
p10,2020-02-12,8639.5,1.8960483966867312,1.8960483966867312,1.0,1.0009211058113767,1.0009211058113767,9683000.0,4.610167586295116,4.610167586295116,3.139132,2.1745026298474066,2.1745026298474066,392.5,1.9167274141015351,1.9167274141015351,20.5,0.8074013493722961,0.8074013493722961,,,,,,,,,,,,,,,,,,,,,
p10,2020-02-13,327.5,0.1862428769686139,0.1862428769686139,1.0,1.0009211058113767,1.0009211058113767,1587000.0,0.6670577624042912,0.6670577624042912,0.0,-0.36212963476683635,0.36212963476683635,246.5,1.1456794996291422,1.1456794996291422,14.5,0.4590220216367471,0.4590220216367471,-1.083333333333333,-0.664212966075086,0.664212966075086,2.0,0.5887278707797267,0.5887278707797267,-8.0,-0.3099193227893286,0.3099193227893286,-0.012369214182450808,-0.7584256725926805,0.7584256725926805,-1.0,-0.03793974473171788,0.03793974473171788,1.0,0.5289300674436231,0.5289300674436231,2.0,0.6284923331619328,0.6284923331619328
p10,2020-02-14,551.5,0.23232040781761035,0.23232040781761035,0.0,-0.021296193740667515,0.021296193740667515,563000.0,0.16832450404655827,0.16832450404655827,0.0,-0.36212963476683635,0.36212963476683635,85.5,0.2954143336698595,0.2954143336698595,6.5,-0.005483748677318241,0.005483748677318241,-3.2,-1.6906432715663982,1.6906432715663982,-11.0,-2.9370244340022302,2.9370244340022302,6.0,0.10475128625746517,0.10475128625746517,0.017944557114927,0.6939112605097534,0.6939112605097534,0.0,0.4805700999350863,0.4805700999350863,-5.0,-1.6396832090752298,1.6396832090752298,-16.0,-2.5484072687113972,2.5484072687113972
p10,2020-02-15,3652.5,0.8702062255084045,0.8702062255084045,3.0,3.045355704915466,3.045355704915466,6246000.0,2.9361966790924527,2.9361966790924527,0.0,-0.36212963476683635,0.36212963476683635,586.5,2.941270533331975,2.941270533331975,0.75,-0.33934727109055274,0.33934727109055274,,,,,,,,,,,,,,,,,,,,,
p10,2020-02-16,2239.5,0.5795475152868333,0.5795475152868333,0.0,-0.021296193740667515,0.021296193740667515,2201000.0,0.966102899739885,0.966102899739885,0.0,-0.36212963476683635,0.36212963476683635,220.5,1.0083695970518667,1.0083695970518667,4.5,-0.12161019125583458,0.12161019125583458,1.0916666666666668,0.3905047887801598,0.3905047887801598,5.0,1.4023630180371012,1.4023630180371012,10.0,0.22322860312797768,0.22322860312797768,-0.018957052020288703,-1.074049885341468,1.074049885341468,0.0,0.4805700999350863,0.4805700999350863,0.0,0.16749452135714765,0.16749452135714765,5.0,1.157975600140821,1.157975600140821
p10,2020-02-17,-100.5,0.09820188052499575,0.09820188052499575,1.0,1.0009211058113767,1.0009211058113767,2099000.0,0.9164243915831576,0.9164243915831576,0.0,-0.36212963476683635,0.36212963476683635,240.5,1.1139925990343862,1.1139925990343862,3.5,-0.17967341254509275,0.17967341254509275,-0.4250000000000007,-0.3449688946821193,0.3449688946821193,-2.0,-0.4961189922301062,0.4961189922301062,-66.0,-2.0278404174117597,2.0278404174117597,0.061061474570818494,2.7596486789396737,2.7596486789396737,-4.0,-1.5934692787321305,1.5934692787321305,-1.0,-0.19394102472932784,0.19394102472932784,-7.0,-0.9599574677747322,0.9599574677747322
p10,2020-02-18,5323.5,1.2139363775114091,1.2139363775114091,2.0,2.023138405363421,2.023138405363421,2739000.0,1.2281326780567408,1.2281326780567408,2.939867,2.013482950455665,2.013482950455665,388.5,1.8956028137050311,1.8956028137050311,18.5,0.6912749067937798,0.6912749067937798,0.6750000000000007,0.18845157903777587,0.18845157903777587,4.0,1.1311513022846431,1.1311513022846431,-13.0,-0.4580159688774692,0.4580159688774692,7.13430856925934e-05,-0.16239687064471953,0.16239687064471953,0.0,0.4805700999350863,0.4805700999350863,0.0,0.16749452135714765,0.16749452135714765,4.0,0.9814811778145249,0.9814811778145249
p10,2020-02-19,4162.5,0.975114889494959,0.975114889494959,2.0,2.023138405363421,2.023138405363421,3737000.0,1.7142027872764845,1.7142027872764845,0.0,-0.36212963476683635,0.36212963476683635,546.5,2.730024529366936,2.730024529366936,16.5,0.5751484642152634,0.5751484642152634,-0.11666666666666714,-0.1954495194727548,0.1954495194727548,1.0,0.31751615502726843,0.31751615502726843,23.0,0.6082798829571433,0.6082798829571433,-0.0006442927801101062,-0.19668308295271775,0.19668308295271775,1.0,0.9990799446018905,0.9990799446018905,0.0,0.16749452135714765,0.16749452135714765,2.0,0.6284923331619328,0.6284923331619328
p10,2020-02-20,2116.5,0.5542460139724291,0.5542460139724291,0.0,-0.021296193740667515,0.021296193740667515,392000.0,0.08503994625439781,0.08503994625439781,3.798,2.70691280785899,2.70691280785899,138.5,0.5753152889235363,0.5753152889235363,25.5,1.097717455818587,1.097717455818587,0.4083333333333332,0.059137524802649534,0.059137524802649534,4.0,1.1311513022846431,1.1311513022846431,7.0,0.1343706154750933,0.1343706154750933,-0.00271985494106991,-0.2961235502486023,0.2961235502486023,0.0,0.4805700999350863,0.4805700999350863,0.0,0.16749452135714765,0.16749452135714765,4.0,0.9814811778145249,0.9814811778145249
p10,2020-02-21,5609.5,1.272767510648967,1.272767510648967,2.0,2.023138405363421,2.023138405363421,4608000.0,2.138418283399126,2.138418283399126,0.0,-0.36212963476683635,0.36212963476683635,530.5,2.6455261277809203,2.6455261277809203,5.5,-0.06354696996657641,0.06354696996657641,-2.466666666666667,-1.335029622419802,1.335029622419802,-12.0,-3.208236149754688,3.208236149754688,-33.0,-1.0504025532300316,1.0504025532300316,0.014315969024471492,0.5200651083076344,0.5200651083076344,-4.0,-1.5934692787321305,1.5934692787321305,0.0,0.16749452135714765,0.16749452135714765,-16.0,-2.5484072687113972,2.5484072687113972
p10,2020-02-23,-181.5,0.0815399162447783,0.0815399162447783,0.0,-0.021296193740667515,0.021296193740667515,-666000.0,-0.4302528148222442,0.4302528148222442,0.0,-0.36212963476683635,0.36212963476683635,-52.5,-0.43338438000952567,0.43338438000952567,-1.5,-0.46998951899138364,0.46998951899138364,,,,,,,,,,,,,,,,,,,,,
p10,2020-02-24,3604.5,0.8603324688979053,0.8603324688979053,-1.0,-1.043513493292712,1.043513493292712,-1588000.0,-0.8793075650232498,0.8793075650232498,0.0,-0.36212963476683635,0.36212963476683635,-140.5,-0.8981255887326118,0.8981255887326118,,,,-2.7416666666666663,-1.4683847408497752,1.4683847408497752,-6.0,-1.580965855239939,1.580965855239939,1.0,-0.04334535983067545,0.04334535983067545,-0.02564041641917031,-1.3942507887083588,1.3942507887083588,0.0,0.4805700999350863,0.4805700999350863,-3.0,-0.9168121169022788,0.9168121169022788,-9.0,-1.3129463124273244,1.3129463124273244
p10,2020-02-25,3599.5,0.8593039525843117,0.8593039525843117,1.0,1.0009211058113767,1.0009211058113767,409000.0,0.09331969761385236,0.09331969761385236,0.0,-0.36212963476683635,0.36212963476683635,50.5,0.11057408020045019,0.11057408020045019,-0.5,-0.41192629770212547,0.41192629770212547,-0.6999999999999993,-0.4783240131120922,0.4783240131120922,2.0,0.5887278707797267,0.5887278707797267,7.0,0.1343706154750933,0.1343706154750933,-0.0191988654104423,-1.0856351979702914,1.0856351979702914,0.0,0.4805700999350863,0.4805700999350863,-1.0,-0.19394102472932784,0.19394102472932784,1.0,0.4519979108356366,0.4519979108356366
p10,2020-02-26,2498.5,0.6328246603309855,0.6328246603309855,-1.0,-1.043513493292712,1.043513493292712,-1588000.0,-0.8793075650232498,0.8793075650232498,0.0,-0.36212963476683635,0.36212963476683635,-140.5,-0.8981255887326118,0.8981255887326118,,,,-0.4166666666666661,-0.34092783048727093,0.34092783048727093,0.0,0.04630443927481022,0.04630443927481022,11.0,0.2528479323456058,0.2528479323456058,-0.03433103614427281,-1.8106195695669347,1.8106195695669347,-2.0,-0.5564495893985221,0.5564495893985221,-6.0,-2.001118755161705,2.001118755161705,-8.0,-1.1364518901010283,1.1364518901010283
p10,2020-02-27,1061.5,0.33722907180416467,0.33722907180416467,-1.0,-1.043513493292712,1.043513493292712,-1588000.0,-0.8793075650232498,0.8793075650232498,0.0,-0.36212963476683635,0.36212963476683635,-140.5,-0.8981255887326118,0.8981255887326118,,,,-0.6166666666666671,-0.4379133711636159,0.4379133711636159,1.0,0.31751615502726843,0.31751615502726843,-36.0,-1.1392605408829162,1.1392605408829162,-0.027652321600389704,-1.4906414413896314,1.4906414413896314,-3.0,-1.0749594340653263,1.0749594340653263,3.0,1.2518011596165741,1.2518011596165741,1.0,0.4519979108356366,0.4519979108356366
p10,2020-02-28,-11173.5,-2.179550347559546,2.179550347559546,-1.0,-1.043513493292712,1.043513493292712,-1588000.0,-0.8793075650232498,0.8793075650232498,0.0,-0.36212963476683635,0.36212963476683635,-140.5,-0.8981255887326118,0.8981255887326118,,,,0.31666666666666643,0.01468581865932494,0.01468581865932494,-1.0,-0.224907276477648,0.224907276477648,22.0,0.5786605537395152,0.5786605537395152,0.012017963693099099,0.4099673582626863,0.4099673582626863,-2.0,-0.5564495893985221,0.5564495893985221,-4.0,-1.2782476629887543,1.2782476629887543,-7.0,-0.9599574677747322,0.9599574677747322
p10,2020-02-29,,,,-1.0,-1.043513493292712,1.043513493292712,-1588000.0,-0.8793075650232498,0.8793075650232498,0.0,-0.36212963476683635,0.36212963476683635,-140.5,-0.8981255887326118,0.8981255887326118,,,,,,,,,,,,,,,,,,,,,,,,
p11,2020-01-16,393.0,-0.06443820745284584,0.06443820745284584,1.0,0.9566718828913422,0.9566718828913422,712000.0,0.07488417695582872,0.07488417695582872,1.652062,0.6212723173385689,0.6212723173385689,188.0,0.3931269439260367,0.3931269439260367,28.5,1.4029487014874535,1.4029487014874535,-0.27499999999999947,-0.34290644070460513,0.34290644070460513,0.0,-0.18945355873307868,0.18945355873307868,-21.0,-1.119723212367202,1.119723212367202,0.016711347873462803,0.7081176443880448,0.7081176443880448,-1.0,-0.5921258404167398,0.5921258404167398,-5.0,-1.5183910771350282,1.5183910771350282,-7.0,-1.113073573771666,1.113073573771666
p11,2020-01-17,13169.0,1.993038782981002,1.993038782981002,1.0,0.9566718828913422,0.9566718828913422,1812000.0,0.6484190582649215,0.6484190582649215,3.962937,2.082838240678784,2.082838240678784,365.0,1.1619249136925887,1.1619249136925887,24.5,1.179030684989188,1.179030684989188,0.10000000000000053,-0.14711236335711117,0.14711236335711117,3.0,0.6032600159658525,0.6032600159658525,14.0,0.4455266436547723,0.4455266436547723,0.0070958848387606965,0.19197178434362847,0.19197178434362847,4.0,2.0230966214238637,2.0230966214238637,-3.0,-0.88721674703184,0.88721674703184,3.0,0.5581133783500993,0.5581133783500993
p11,2020-01-18,5565.0,0.7684727971279197,0.7684727971279197,-1.0,-0.9212395909324036,0.9212395909324036,-1178000.0,-0.9105530282025216,0.9105530282025216,0.0,-0.4236122058162024,0.4236122058162024,-103.0,-0.8708290402664302,0.8708290402664302,,,,0.5916666666666668,0.10959542694293621,0.10959542694293621,3.0,0.6032600159658525,0.6032600159658525,28.0,1.071626586063562,1.071626586063562,0.0028379772961815986,-0.03658729207553248,0.03658729207553248,4.0,2.0230966214238637,2.0230966214238637,-3.0,-0.88721674703184,0.88721674703184,3.0,0.5581133783500993,0.5581133783500993
p11,2020-01-19,-2876.0,-0.5908856308817946,0.5908856308817946,1.0,0.9566718828913422,0.9566718828913422,1588000.0,0.5316265006165244,0.5316265006165244,0.0,-0.4236122058162024,0.4236122058162024,161.0,0.2758526773514779,0.2758526773514779,-11.0,-0.8082417114329187,0.8082417114329187,2.1416666666666675,0.9188776133125781,0.9188776133125781,7.0,1.6602114488977606,1.6602114488977606,31.0,1.2057908594368743,1.2057908594368743,0.0355685632227305,1.7203490470115046,1.7203490470115046,5.0,2.5461411137919843,2.5461411137919843,0.0,0.059544748122942415,0.059544748122942415,11.0,1.8950629400475114,1.8950629400475114
p11,2020-01-20,-1397.0,-0.35270400370179605,0.35270400370179605,0.0,0.017716145979469296,0.017716145979469296,-257000.0,-0.4303479139428176,0.4303479139428176,0.0,-0.4236122058162024,0.4236122058162024,-4.0,-0.4408233961597146,0.4408233961597146,-1.0,-0.24844667018725483,0.24844667018725483,-0.8999999999999995,-0.6692299029504283,0.6692299029504283,-1.0,-0.4536914169660557,0.4536914169660557,-33.0,-1.6563803058604505,1.6563803058604505,0.0135217379799423,0.5369034308077081,0.5369034308077081,0.0,-0.06908134804861911,0.06908134804861911,2.0,0.6907190782261307,0.6907190782261307,0.0,0.05675729271356974,0.05675729271356974
p11,2020-01-21,-583.0,-0.22161553546344662,0.22161553546344662,0.0,0.017716145979469296,0.017716145979469296,1825000.0,0.6551971977713017,0.6551971977713017,0.0,-0.4236122058162024,0.4236122058162024,465.0,1.5962740491539174,1.5962740491539174,51.0,2.6624875442901974,2.6624875442901974,0.15833333333333321,-0.11665550688083468,0.11665550688083468,3.0,0.6032600159658525,0.6032600159658525,21.0,0.7585766148591672,0.7585766148591672,0.009660084377355993,0.3296147633033794,0.3296147633033794,1.0,0.4539631443195016,0.4539631443195016,-3.0,-0.88721674703184,0.88721674703184,0.0,0.05675729271356974,0.05675729271356974
p11,2020-01-22,-2915.0,-0.5971662823084476,0.5971662823084476,0.0,0.017716145979469296,0.017716145979469296,512000.0,-0.029394892373097236,0.029394892373097236,0.0,-0.4236122058162024,0.4236122058162024,98.0,0.0022127220108407457,0.0022127220108407457,7.0,0.19938936280927627,0.19938936280927627,0.9166666666666679,0.27928362731076484,0.27928362731076484,2.0,0.3390221577328754,0.3390221577328754,49.0,2.010776499676747,2.010776499676747,0.0122198757509277,0.4670211175557078,0.4670211175557078,6.0,3.069185606160105,3.069185606160105,-4.0,-1.2028039120834342,1.2028039120834342,3.0,0.5581133783500993,0.5581133783500993
p11,2020-01-23,4858.0,0.654615859726798,0.654615859726798,-1.0,-0.9212395909324036,0.9212395909324036,-1178000.0,-0.9105530282025216,0.9105530282025216,0.0,-0.4236122058162024,0.4236122058162024,-103.0,-0.8708290402664302,0.8708290402664302,,,,1.2166666666666668,0.43591888918875943,0.43591888918875943,7.0,1.6602114488977606,1.6602114488977606,21.0,0.7585766148591672,0.7585766148591672,0.02654947470392789,1.236215814576036,1.236215814576036,3.0,1.500052129055743,1.500052129055743,-4.0,-1.2028039120834342,1.2028039120834342,5.0,0.8923507687744523,0.8923507687744523
p11,2020-01-24,-742.0,-0.2472212682028785,0.2472212682028785,-1.0,-0.9212395909324036,0.9212395909324036,-1178000.0,-0.9105530282025216,0.9105530282025216,0.0,-0.4236122058162024,0.4236122058162024,-103.0,-0.8708290402664302,0.8708290402664302,,,,-1.591666666666666,-1.0303612011691392,1.0303612011691392,-2.0,-0.7179292751990328,0.7179292751990328,-20.0,-1.0750017879094316,1.0750017879094316,0.011016580302370793,0.4024297440626706,0.4024297440626706,1.0,0.4539631443195016,0.4539631443195016,-4.0,-1.2028039120834342,1.2028039120834342,-6.0,-0.9459548785594893,0.9459548785594893
p11,2020-01-25,-2261.0,-0.49184458915380325,0.49184458915380325,0.0,0.017716145979469296,0.017716145979469296,18622000.0,9.413074835361147,9.413074835361147,4.1431,2.196786464380517,2.196786464380517,1966.0,8.115854572428463,8.115854572428463,-16.0,-1.0881392320557506,1.0881392320557506,-0.4999999999999991,-0.46038288711310127,0.46038288711310127,0.0,-0.18945355873307868,0.18945355873307868,-14.0,-0.8066732411628073,0.8066732411628073,0.029344460896486693,1.386247128405035,1.386247128405035,1.0,0.4539631443195016,0.4539631443195016,-1.0,-0.2560424169286517,0.2560424169286517,-1.0,-0.11036140249860678,0.11036140249860678
p11,2020-01-26,5859.0,0.8158192463442278,0.8158192463442278,1.0,0.9566718828913422,0.9566718828913422,8853000.0,4.31956369398976,4.31956369398976,14.699999,8.873739494961745,8.873739494961745,901.0,3.4900362797653113,3.4900362797653113,-9.5,-0.7242724552460691,0.7242724552460691,0.47499999999999964,0.04868171399038229,0.04868171399038229,2.0,0.3390221577328754,0.3390221577328754,1.0,-0.1358518742962468,0.1358518742962468,0.0305046439628483,1.4485242839029067,1.4485242839029067,1.0,0.4539631443195016,0.4539631443195016,-3.0,-0.88721674703184,0.88721674703184,-1.0,-0.11036140249860678,0.11036140249860678
p11,2020-01-27,-4157.0,-0.797180873895708,0.797180873895708,-1.0,-0.9212395909324036,0.9212395909324036,-1178000.0,-0.9105530282025216,0.9105530282025216,0.0,-0.4236122058162024,0.4236122058162024,-103.0,-0.8708290402664302,0.8708290402664302,,,,-0.34999999999999964,-0.382065256174104,0.382065256174104,-2.0,-0.7179292751990328,0.7179292751990328,6.0,0.08775524799260671,0.08775524799260671,0.0067974616424062995,0.17595280566484287,0.17595280566484287,-1.0,-0.5921258404167398,0.5921258404167398,-3.0,-0.88721674703184,0.88721674703184,-7.0,-1.113073573771666,1.113073573771666
p11,2020-01-28,-4670.0,-0.8797955965078373,0.8797955965078373,-1.0,-0.9212395909324036,0.9212395909324036,-1178000.0,-0.9105530282025216,0.9105530282025216,0.0,-0.4236122058162024,0.4236122058162024,-103.0,-0.8708290402664302,0.8708290402664302,,,,1.2583333333333346,0.4576737866718149,0.4576737866718149,7.0,1.6602114488977606,1.6602114488977606,4.0,-0.0016876009229346834,0.0016876009229346834,0.026318640279606995,1.223824915454592,1.223824915454592,1.0,0.4539631443195016,0.4539631443195016,2.0,0.6907190782261307,0.6907190782261307,9.0,1.5608255496231584,1.5608255496231584
p11,2020-01-29,-1516.0,-0.37186804267030166,0.37186804267030166,0.0,0.017716145979469296,0.017716145979469296,-256000.0,-0.42982651859617294,0.42982651859617294,0.0,-0.4236122058162024,0.4236122058162024,-15.0,-0.4886018010604608,0.4886018010604608,-9.0,-0.6962827031837859,0.6962827031837859,0.24166666666666714,-0.0731457119147246,0.0731457119147246,2.0,0.3390221577328754,0.3390221577328754,37.0,1.4741194061834983,1.4741194061834983,0.0084394940145546,0.2640950207494973,0.2640950207494973,1.0,0.4539631443195016,0.4539631443195016,1.0,0.37513191317453654,0.37513191317453654,3.0,0.5581133783500993,0.5581133783500993
p11,2020-01-30,9833.0,1.4558015224857517,1.4558015224857517,0.0,0.017716145979469296,0.017716145979469296,2201000.0,0.8512418481096825,0.8512418481096825,0.0,-0.4236122058162024,0.4236122058162024,261.0,0.7102018128128067,0.7102018128128067,-1.0,-0.24844667018725483,0.24844667018725483,0.11666666666666714,-0.13841040436388927,0.13841040436388927,3.0,0.6032600159658525,0.6032600159658525,33.0,1.2952337083524157,1.2952337083524157,0.010026475698737491,0.34928218472705524,0.34928218472705524,1.0,0.4539631443195016,0.4539631443195016,1.0,0.37513191317453654,0.37513191317453654,4.0,0.7252320735622758,0.7252320735622758
p11,2020-01-31,5136.0,0.6993856314347355,0.6993856314347355,-1.0,-0.9212395909324036,0.9212395909324036,-1178000.0,-0.9105530282025216,0.9105530282025216,0.0,-0.4236122058162024,0.4236122058162024,-103.0,-0.8708290402664302,0.8708290402664302,,,,-0.5999999999999996,-0.5125946410724332,0.5125946410724332,-4.0,-1.2464049916649869,1.2464049916649869,-12.0,-0.7172303922472659,0.7172303922472659,0.005218929677133999,0.09121921188130482,0.09121921188130482,-2.0,-1.1151703327848606,1.1151703327848606,-2.0,-0.5716295819802458,0.5716295819802458,-9.0,-1.447310964196019,1.447310964196019
p11,2020-02-01,4332.0,0.5699075866391177,0.5699075866391177,-1.0,-0.9212395909324036,0.9212395909324036,-1178000.0,-0.9105530282025216,0.9105530282025216,0.0,-0.4236122058162024,0.4236122058162024,-103.0,-0.8708290402664302,0.8708290402664302,,,,1.1666666666666679,0.4098130122090941,0.4098130122090941,7.0,1.6602114488977606,1.6602114488977606,16.0,0.5349694925703137,0.5349694925703137,-0.010578152725284201,-0.7567481354385698,0.7567481354385698,3.0,1.500052129055743,1.500052129055743,2.0,0.6907190782261307,0.6907190782261307,11.0,1.8950629400475114,1.8950629400475114
p11,2020-02-03,-3489.0,-0.6896045879212395,0.6896045879212395,-1.0,-0.9212395909324036,0.9212395909324036,-1178000.0,-0.9105530282025216,0.9105530282025216,0.0,-0.4236122058162024,0.4236122058162024,-103.0,-0.8708290402664302,0.8708290402664302,,,,-1.5583333333333327,-1.0129572831826954,1.0129572831826954,-2.0,-0.7179292751990328,0.7179292751990328,-9.0,-0.5830661188739538,0.5830661188739538,-0.014546500047918909,-0.9697639865113834,0.9697639865113834,2.0,0.9770076366876222,0.9770076366876222,-2.0,-0.5716295819802458,0.5716295819802458,-3.0,-0.4445987929229598,0.4445987929229598
p11,2020-02-04,1509.0,0.11528504875599684,0.11528504875599684,3.0,2.8345833567150884,2.8345833567150884,2914000.0,1.2229967302673037,1.2229967302673037,1.402156,0.4632135328356167,0.4632135328356167,505.0,1.7700137033384489,1.7700137033384489,27.0,1.3189794453006038,1.3189794453006038,2.2249999999999996,0.9623874082786873,0.9623874082786873,7.0,1.6602114488977606,1.6602114488977606,-2.0,-0.2700161476695589,0.2700161476695589,-0.0012626621255587972,-0.256704415237226,0.256704415237226,-1.0,-0.5921258404167398,0.5921258404167398,1.0,0.37513191317453654,0.37513191317453654,6.0,1.059469463986629,1.059469463986629
p11,2020-02-05,-4789.0,-0.8989596354763429,0.8989596354763429,-1.0,-0.9212395909324036,0.9212395909324036,-1178000.0,-0.9105530282025216,0.9105530282025216,0.0,-0.4236122058162024,0.4236122058162024,-103.0,-0.8708290402664302,0.8708290402664302,,,,0.09166666666666679,-0.15146334285372237,0.15146334285372237,2.0,0.3390221577328754,0.3390221577328754,22.0,0.8032980393169379,0.8032980393169379,0.018877028900086704,0.824368655081395,0.824368655081395,1.0,0.4539631443195016,0.4539631443195016,1.0,0.37513191317453654,0.37513191317453654,3.0,0.5581133783500993,0.5581133783500993
p11,2020-02-06,4917.0,0.6641173580389143,0.6641173580389143,-1.0,-0.9212395909324036,0.9212395909324036,-1178000.0,-0.9105530282025216,0.9105530282025216,0.0,-0.4236122058162024,0.4236122058162024,-103.0,-0.8708290402664302,0.8708290402664302,,,,0.6916666666666664,0.16180718090226773,0.16180718090226773,1.0,0.07478429949989839,0.07478429949989839,3.0,-0.04640902538070538,0.04640902538070538,0.0339860529648052,1.6354019035241738,1.6354019035241738,-2.0,-1.1151703327848606,1.1151703327848606,0.0,0.059544748122942415,0.059544748122942415,-2.0,-0.2774800977107833,0.2774800977107833
p11,2020-02-07,-3261.0,-0.6528869334269598,0.6528869334269598,-1.0,-0.9212395909324036,0.9212395909324036,-1178000.0,-0.9105530282025216,0.9105530282025216,0.0,-0.4236122058162024,0.4236122058162024,-103.0,-0.8708290402664302,0.8708290402664302,,,,0.8166666666666664,0.2270718733514324,0.2270718733514324,7.0,1.6602114488977606,1.6602114488977606,11.0,0.3113623702814602,0.3113623702814602,0.027638615254714297,1.294679497943762,1.294679497943762,0.0,-0.06908134804861911,0.06908134804861911,-4.0,-1.2028039120834342,1.2028039120834342,2.0,0.3909946831379228,0.3909946831379228
p11,2020-02-08,1752.0,0.15441833841437388,0.15441833841437388,1.0,0.9566718828913422,0.9566718828913422,3324000.0,1.436768822391602,1.436768822391602,1.456015,0.49727789333334194,0.49727789333334194,605.0,2.204362838799778,2.204362838799778,19.5,0.899133164366356,0.899133164366356,6.7666666666666675,3.33367123393167,3.33367123393167,3.0,0.6032600159658525,0.6032600159658525,114.0,4.917669089431842,4.917669089431842,0.03327028673872989,1.5969804803420473,1.5969804803420473,1.0,0.4539631443195016,0.4539631443195016,-2.0,-0.5716295819802458,0.5716295819802458,1.0,0.22387598792574626,0.22387598792574626
p11,2020-02-09,-5305.0,-0.9820574851212918,0.9820574851212918,-1.0,-0.9212395909324036,0.9212395909324036,-1178000.0,-0.9105530282025216,0.9105530282025216,0.0,-0.4236122058162024,0.4236122058162024,-103.0,-0.8708290402664302,0.8708290402664302,,,,-0.708333333333333,-0.569157374528376,0.569157374528376,0.0,-0.18945355873307868,0.18945355873307868,22.0,0.8032980393169379,0.8032980393169379,0.001184924009522692,-0.12532109587287021,0.12532109587287021,0.0,-0.06908134804861911,0.06908134804861911,-5.0,-1.5183910771350282,1.5183910771350282,-6.0,-0.9459548785594893,0.9459548785594893
p11,2020-02-10,8758.0,1.2826810023921085,1.2826810023921085,1.0,0.9566718828913422,0.9566718828913422,3174000.0,1.3585595203949075,1.3585595203949075,0.0,-0.4236122058162024,0.4236122058162024,615.0,2.2477977523459107,2.2477977523459107,23.5,1.1230511808646215,1.1230511808646215,0.19166666666666643,-0.09925158889439084,0.09925158889439084,2.0,0.3390221577328754,0.3390221577328754,-1.0,-0.22529472321178817,0.22529472321178817,0.04021224021675039,1.9696157382979034,1.9696157382979034,-1.0,-0.5921258404167398,0.5921258404167398,0.0,0.059544748122942415,0.059544748122942415,0.0,0.05675729271356974,0.05675729271356974
p11,2020-02-11,-4646.0,-0.8759305802452816,0.8759305802452816,-1.0,-0.9212395909324036,0.9212395909324036,-1178000.0,-0.9105530282025216,0.9105530282025216,0.0,-0.4236122058162024,0.4236122058162024,-103.0,-0.8708290402664302,0.8708290402664302,,,,-0.9749999999999996,-0.7083887184199272,0.7083887184199272,0.0,-0.18945355873307868,0.18945355873307868,0.0,-0.18057329875401748,0.18057329875401748,0.006777371235575494,0.17487437810759424,0.17487437810759424,0.0,-0.06908134804861911,0.06908134804861911,-2.0,-0.5716295819802458,0.5716295819802458,-3.0,-0.4445987929229598,0.4445987929229598
p11,2020-02-12,-865.0,-0.26702947654847675,0.26702947654847675,0.0,0.017716145979469296,0.017716145979469296,3322000.0,1.4357260316983127,1.4357260316983127,0.0,-0.4236122058162024,0.4236122058162024,234.0,0.592927546238248,0.592927546238248,-24.0,-1.5359752650522818,1.5359752650522818,-1.2583333333333329,-0.8563220213047004,0.8563220213047004,0.0,-0.18945355873307868,0.18945355873307868,-19.0,-1.0302803634516609,1.0302803634516609,0.017718929677133996,0.7622033576546949,0.7622033576546949,-1.0,-0.5921258404167398,0.5921258404167398,0.0,0.059544748122942415,0.059544748122942415,-2.0,-0.2774800977107833,0.2774800977107833
p11,2020-02-13,-1203.0,-0.3214617889128037,0.3214617889128037,0.0,0.017716145979469296,0.017716145979469296,2422000.0,0.9664702197181457,0.9664702197181457,0.0,-0.4236122058162024,0.4236122058162024,220.0,0.5321186672736619,0.5321186672736619,33.0,1.6548564700480022,1.6548564700480022,0.5500000000000007,0.08784052945988163,0.08784052945988163,1.0,0.07478429949989839,0.07478429949989839,0.0,-0.18057329875401748,0.18057329875401748,0.009336825601545196,0.3122626422192866,0.3122626422192866,-1.0,-0.5921258404167398,0.5921258404167398,2.0,0.6907190782261307,0.6907190782261307,1.0,0.22387598792574626,0.22387598792574626
p11,2020-02-14,-3063.0,-0.6210005492608748,0.6210005492608748,-1.0,-0.9212395909324036,0.9212395909324036,-1178000.0,-0.9105530282025216,0.9105530282025216,0.0,-0.4236122058162024,0.4236122058162024,-103.0,-0.8708290402664302,0.8708290402664302,,,,-1.166666666666666,-0.8084612468419795,0.8084612468419795,0.0,-0.18945355873307868,0.18945355873307868,-22.0,-1.1644446368249728,1.1644446368249728,-0.006661159145960008,-0.5464888881727539,0.5464888881727539,0.0,-0.06908134804861911,0.06908134804861911,-1.0,-0.2560424169286517,0.2560424169286517,-2.0,-0.2774800977107833,0.2774800977107833
p11,2020-02-15,6387.0,0.9008496041204543,0.9008496041204543,-1.0,-0.9212395909324036,0.9212395909324036,-1178000.0,-0.9105530282025216,0.9105530282025216,0.0,-0.4236122058162024,0.4236122058162024,-103.0,-0.8708290402664302,0.8708290402664302,,,,0.375,-0.0035300399689492373,0.0035300399689492373,8.0,1.9244493071307378,1.9244493071307378,28.0,1.071626586063562,1.071626586063562,-0.007972373401809604,-0.6168732063637246,0.6168732063637246,4.0,2.0230966214238637,2.0230966214238637,-4.0,-1.2028039120834342,1.2028039120834342,7.0,1.2265881591988053,1.2265881591988053
p11,2020-02-17,-1017.0,-0.29150791287799654,0.29150791287799654,1.0,0.9566718828913422,0.9566718828913422,3553000.0,1.556168356773222,1.556168356773222,0.0,-0.4236122058162024,0.4236122058162024,629.0,2.308606631310497,2.308606631310497,21.0,0.9831024205532056,0.9831024205532056,0.8916666666666675,0.2662306888209317,0.2662306888209317,6.0,1.3959735906647837,1.3959735906647837,4.0,-0.0016876009229346834,0.0016876009229346834,0.013880239768377295,0.5561473521094111,0.5561473521094111,-3.0,-1.6382148251529811,1.6382148251529811,2.0,0.6907190782261307,0.6907190782261307,4.0,0.7252320735622758,0.7252320735622758
p11,2020-02-18,-5535.0,-1.0190972243041176,1.0190972243041176,0.0,0.017716145979469296,0.017716145979469296,-256000.0,-0.42982651859617294,0.42982651859617294,0.0,-0.4236122058162024,0.4236122058162024,6.0,-0.39738848261358173,0.39738848261358173,2.0,-0.08050815781355566,0.08050815781355566,0.8666666666666671,0.2531777503310986,0.2531777503310986,7.0,1.6602114488977606,1.6602114488977606,37.0,1.4741194061834983,1.4741194061834983,0.0041858999095656935,0.03576748418928055,0.03576748418928055,5.0,2.5461411137919843,2.5461411137919843,-2.0,-0.5716295819802458,0.5716295819802458,9.0,1.5608255496231584,1.5608255496231584
p11,2020-02-19,5652.0,0.7824834810796844,0.7824834810796844,-1.0,-0.9212395909324036,0.9212395909324036,-1178000.0,-0.9105530282025216,0.9105530282025216,0.0,-0.4236122058162024,0.4236122058162024,-103.0,-0.8708290402664302,0.8708290402664302,,,,0.34999999999999964,-0.01658297845878235,0.01658297845878235,3.0,0.6032600159658525,0.6032600159658525,27.0,1.0269051616057914,1.0269051616057914,0.019605756197428603,0.8634858121300915,0.8634858121300915,3.0,1.500052129055743,1.500052129055743,-1.0,-0.2560424169286517,0.2560424169286517,4.0,0.7252320735622758,0.7252320735622758
p11,2020-02-20,1172.0,0.06101377873594309,0.06101377873594309,0.0,0.017716145979469296,0.017716145979469296,2424000.0,0.9675130104114349,0.9675130104114349,0.0,-0.4236122058162024,0.4236122058162024,511.0,1.7960746514661288,1.7960746514661288,42.0,2.1586720071690997,2.1586720071690997,-1.0666666666666664,-0.756249492882648,0.756249492882648,0.0,-0.18945355873307868,0.18945355873307868,-41.0,-2.014151701522616,2.014151701522616,0.0025327269909312944,-0.05297274130076783,0.05297274130076783,1.0,0.4539631443195016,0.4539631443195016,-2.0,-0.5716295819802458,0.5716295819802458,-2.0,-0.2774800977107833,0.2774800977107833
p11,2020-02-21,2863.0,0.3333363829018508,0.3333363829018508,0.0,0.017716145979469296,0.017716145979469296,868000.0,0.15622185103239097,0.15622185103239097,4.135382,2.1919050381690868,2.1919050381690868,305.0,0.9013154324157914,0.9013154324157914,53.0,2.77444655253933,2.77444655253933,-0.6666666666666661,-0.547402477045321,0.547402477045321,-3.0,-0.9821671334320098,0.9821671334320098,-15.0,-0.851394665620578,0.851394665620578,0.021004067261579495,0.9385453765224727,0.9385453765224727,-3.0,-1.6382148251529811,1.6382148251529811,2.0,0.6907190782261307,0.6907190782261307,-5.0,-0.7788361833473129,0.7788361833473129
p11,2020-02-22,-5247.0,-0.9727170291534487,0.9727170291534487,-1.0,-0.9212395909324036,0.9212395909324036,-1178000.0,-0.9105530282025216,0.9105530282025216,0.0,-0.4236122058162024,0.4236122058162024,-103.0,-0.8708290402664302,0.8708290402664302,,,,0.0333333333333341,-0.18192019932999887,0.18192019932999887,3.0,0.6032600159658525,0.6032600159658525,-20.0,-1.0750017879094316,1.0750017879094316,-0.002573278115073796,-0.32705661925015944,0.32705661925015944,3.0,1.500052129055743,1.500052129055743,0.0,0.059544748122942415,0.059544748122942415,5.0,0.8923507687744523,0.8923507687744523
p11,2020-02-23,-2369.0,-0.5092371623353041,0.5092371623353041,0.0,0.017716145979469296,0.017716145979469296,2263000.0,0.8835683596016496,0.8835683596016496,0.0,-0.4236122058162024,0.4236122058162024,322.0,0.9751547854442173,0.9751547854442173,51.0,2.6624875442901974,2.6624875442901974,1.083333333333334,0.36630321724298404,0.36630321724298404,6.0,1.3959735906647837,1.3959735906647837,22.0,0.8032980393169379,0.8032980393169379,0.035567782310109194,1.7203071286124543,1.7203071286124543,4.0,2.0230966214238637,2.0230966214238637,-3.0,-0.88721674703184,0.88721674703184,6.0,1.059469463986629,1.059469463986629
p11,2020-02-24,757.0,-0.005818794137416871,0.005818794137416871,0.0,0.017716145979469296,0.017716145979469296,1325000.0,0.3944995244489868,0.3944995244489868,0.0,-0.4236122058162024,0.4236122058162024,217.0,0.519088193209822,0.519088193209822,19.0,0.8711434123040729,0.8711434123040729,-0.07499999999999929,-0.23848293278594157,0.23848293278594157,3.0,0.6032600159658525,0.6032600159658525,-15.0,-0.851394665620578,0.851394665620578,0.023247959470869592,1.0589946643031192,1.0589946643031192,-2.0,-1.1151703327848606,1.1151703327848606,1.0,0.37513191317453654,0.37513191317453654,1.0,0.22387598792574626,0.22387598792574626
p11,2020-02-25,-3251.0,-0.6512765099842283,0.6512765099842283,0.0,0.017716145979469296,0.017716145979469296,307000.0,-0.13628093843524636,0.13628093843524636,0.0,-0.4236122058162024,0.4236122058162024,18.0,-0.34526658635822227,0.34526658635822227,-12.0,-0.8642212155574851,0.8642212155574851,0.5083333333333346,0.06608563197682707,0.06608563197682707,2.0,0.3390221577328754,0.3390221577328754,-8.0,-0.538344694416183,0.538344694416183,0.0293836762209128,1.3883521572819373,1.3883521572819373,-2.0,-1.1151703327848606,1.1151703327848606,-1.0,-0.2560424169286517,0.2560424169286517,-2.0,-0.2774800977107833,0.2774800977107833
p11,2020-02-26,-5126.0,-0.9532309054963968,0.9532309054963968,-1.0,-0.9212395909324036,0.9212395909324036,-1178000.0,-0.9105530282025216,0.9105530282025216,0.0,-0.4236122058162024,0.4236122058162024,-103.0,-0.8708290402664302,0.8708290402664302,,,,-0.22499999999999964,-0.31680056372493937,0.31680056372493937,2.0,0.3390221577328754,0.3390221577328754,18.0,0.6244123414858551,0.6244123414858551,0.008810046388427098,0.2839858021932686,0.2839858021932686,4.0,2.0230966214238637,2.0230966214238637,0.0,0.059544748122942415,0.059544748122942415,5.0,0.8923507687744523,0.8923507687744523
p11,2020-02-27,8507.0,1.2422593739795462,1.2422593739795462,-1.0,-0.9212395909324036,0.9212395909324036,-1178000.0,-0.9105530282025216,0.9105530282025216,0.0,-0.4236122058162024,0.4236122058162024,-103.0,-0.8708290402664302,0.8708290402664302,,,,1.0416666666666679,0.3445483197599295,0.3445483197599295,7.0,1.6602114488977606,1.6602114488977606,11.0,0.3113623702814602,0.3113623702814602,-0.0004576912537242045,-0.21349459981239433,0.21349459981239433,1.0,0.4539631443195016,0.4539631443195016,2.0,0.6907190782261307,0.6907190782261307,9.0,1.5608255496231584,1.5608255496231584
p11,2020-02-28,-10336.0,-1.7922615191595421,1.7922615191595421,-1.0,-0.9212395909324036,0.9212395909324036,-1178000.0,-0.9105530282025216,0.9105530282025216,0.0,-0.4236122058162024,0.4236122058162024,-103.0,-0.8708290402664302,0.8708290402664302,,,,1.8333333333333357,0.7578913719379728,0.7578913719379728,6.0,1.3959735906647837,1.3959735906647837,-8.0,-0.538344694416183,0.538344694416183,0.019761713371588593,0.8718573954325692,0.8718573954325692,0.0,-0.06908134804861911,0.06908134804861911,-3.0,-0.88721674703184,0.88721674703184,2.0,0.3909946831379228,0.3909946831379228
p11,2020-03-02,-4008.0,-0.7731855645990078,0.7731855645990078,-1.0,-0.9212395909324036,0.9212395909324036,-1178000.0,-0.9105530282025216,0.9105530282025216,0.0,-0.4236122058162024,0.4236122058162024,-103.0,-0.8708290402664302,0.8708290402664302,,,,-0.16666666666666607,-0.28634370724866237,0.28634370724866237,3.0,0.6032600159658525,0.6032600159658525,0.0,-0.18057329875401748,0.18057329875401748,0.020907017209881695,0.9333358528396158,0.9333358528396158,-1.0,-0.5921258404167398,0.5921258404167398,-4.0,-1.2028039120834342,1.2028039120834342,-3.0,-0.4445987929229598,0.4445987929229598
p11,2020-03-03,-4489.0,-0.850646932194396,0.850646932194396,-1.0,-0.9212395909324036,0.9212395909324036,-1178000.0,-0.9105530282025216,0.9105530282025216,0.0,-0.4236122058162024,0.4236122058162024,-103.0,-0.8708290402664302,0.8708290402664302,,,,0.9583333333333339,0.30103852479381943,0.30103852479381943,7.0,1.6602114488977606,1.6602114488977606,2.0,-0.09113044983847608,0.09113044983847608,0.018069237264283694,0.7810074246244212,0.7810074246244212,3.0,1.500052129055743,1.500052129055743,1.0,0.37513191317453654,0.37513191317453654,10.0,1.7279442448353348,1.7279442448353348
p11,2020-03-04,-1173.0,-0.31663051858460894,0.31663051858460894,-1.0,-0.9212395909324036,0.9212395909324036,-1178000.0,-0.9105530282025216,0.9105530282025216,0.0,-0.4236122058162024,0.4236122058162024,-103.0,-0.8708290402664302,0.8708290402664302,,,,-0.5083333333333329,-0.4647338666097125,0.4647338666097125,-1.0,-0.4536914169660557,0.4536914169660557,-21.0,-1.119723212367202,1.119723212367202,0.017790358248562496,0.7660375527733962,0.7660375527733962,-3.0,-1.6382148251529811,1.6382148251529811,-4.0,-1.2028039120834342,1.2028039120834342,-9.0,-1.447310964196019,1.447310964196019
p11,2020-03-05,3093.0,0.3703761220846768,0.3703761220846768,-1.0,-0.9212395909324036,0.9212395909324036,-1178000.0,-0.9105530282025216,0.9105530282025216,0.0,-0.4236122058162024,0.4236122058162024,-103.0,-0.8708290402664302,0.8708290402664302,,,,-0.13333333333333286,-0.26893978926221856,0.26893978926221856,3.0,0.6032600159658525,0.6032600159658525,3.0,-0.04640902538070538,0.04640902538070538,-0.0012874352450725074,-0.2580342048720299,0.2580342048720299,0.0,-0.06908134804861911,0.06908134804861911,-2.0,-0.5716295819802458,0.5716295819802458,0.0,0.05675729271356974,0.05675729271356974
p11,2020-03-06,-6298.0,-1.1419725329845363,1.1419725329845363,-1.0,-0.9212395909324036,0.9212395909324036,-1178000.0,-0.9105530282025216,0.9105530282025216,0.0,-0.4236122058162024,0.4236122058162024,-103.0,-0.8708290402664302,0.8708290402664302,,,,1.375,0.5185874996243679,0.5185874996243679,3.0,0.6032600159658525,0.6032600159658525,5.0,0.043033823534836015,0.043033823534836015,0.012038818515950192,0.45730219482390977,0.45730219482390977,-1.0,-0.5921258404167398,0.5921258404167398,-3.0,-0.88721674703184,0.88721674703184,-2.0,-0.2774800977107833,0.2774800977107833
p11,2020-03-07,-2651.0,-0.5546511034203343,0.5546511034203343,-1.0,-0.9212395909324036,0.9212395909324036,-1178000.0,-0.9105530282025216,0.9105530282025216,0.0,-0.4236122058162024,0.4236122058162024,-103.0,-0.8708290402664302,0.8708290402664302,,,,1.1416666666666675,0.39676007371926103,0.39676007371926103,6.0,1.3959735906647837,1.3959735906647837,12.0,0.3560837947392309,0.3560837947392309,0.035352651377120695,1.7087591729883966,1.7087591729883966,1.0,0.4539631443195016,0.4539631443195016,-3.0,-0.88721674703184,0.88721674703184,3.0,0.5581133783500993,0.5581133783500993
p11,2020-03-08,-9851.0,-1.7141559821870613,1.7141559821870613,-1.0,-0.9212395909324036,0.9212395909324036,-1178000.0,-0.9105530282025216,0.9105530282025216,0.0,-0.4236122058162024,0.4236122058162024,-103.0,-0.8708290402664302,0.8708290402664302,,,,-1.1333333333333329,-0.7910573288555357,0.7910573288555357,0.0,-0.18945355873307868,0.18945355873307868,0.0,-0.18057329875401748,0.18057329875401748,0.0020046439628483015,-0.08131956846042321,0.08131956846042321,-1.0,-0.5921258404167398,0.5921258404167398,0.0,0.059544748122942415,0.059544748122942415,-2.0,-0.2774800977107833,0.2774800977107833
p11,2020-03-09,-7100.0,-1.2711284930916078,1.2711284930916078,-1.0,-0.9212395909324036,0.9212395909324036,-1178000.0,-0.9105530282025216,0.9105530282025216,0.0,-0.4236122058162024,0.4236122058162024,-103.0,-0.8708290402664302,0.8708290402664302,,,,7.466666666666667,3.699153511646992,3.699153511646992,3.0,0.6032600159658525,0.6032600159658525,72.0,3.039369262205473,3.039369262205473,0.037087061545265795,1.8018601109958785,1.8018601109958785,-2.0,-1.1151703327848606,1.1151703327848606,2.0,0.6907190782261307,0.6907190782261307,2.0,0.3909946831379228,0.3909946831379228
p11,2020-03-10,-5124.0,-0.9529088208078504,0.9529088208078504,-1.0,-0.9212395909324036,0.9212395909324036,-1178000.0,-0.9105530282025216,0.9105530282025216,0.0,-0.4236122058162024,0.4236122058162024,-103.0,-0.8708290402664302,0.8708290402664302,,,,0.5250000000000004,0.07478759097004851,0.07478759097004851,7.0,1.6602114488977606,1.6602114488977606,2.0,-0.09113044983847608,0.09113044983847608,-0.012427287969083697,-0.8560073699969918,0.8560073699969918,3.0,1.500052129055743,1.500052129055743,2.0,0.6907190782261307,0.6907190782261307,11.0,1.8950629400475114,1.8950629400475114
p11,2020-03-11,4381.0,0.5777986615085023,0.5777986615085023,1.0,0.9566718828913422,0.9566718828913422,2714000.0,1.1187176609383778,1.1187176609383778,0.0,-0.4236122058162024,0.4236122058162024,365.0,1.1619249136925887,1.1619249136925887,6.5,0.17139961074699306,0.17139961074699306,0.04166666666666696,-0.17756921983338814,0.17756921983338814,1.0,0.07478429949989839,0.07478429949989839,-11.0,-0.6725089677894952,0.6725089677894952,0.008112238899557103,0.24652838124657192,0.24652838124657192,-2.0,-1.1151703327848606,1.1151703327848606,3.0,1.0063062432777248,1.0063062432777248,1.0,0.22387598792574626,0.22387598792574626
p11,2020-03-12,9309.0,1.3714153340866178,1.3714153340866178,-1.0,-0.9212395909324036,0.9212395909324036,-1178000.0,-0.9105530282025216,0.9105530282025216,0.0,-0.4236122058162024,0.4236122058162024,-103.0,-0.8708290402664302,0.8708290402664302,,,,-0.3916666666666666,-0.403820153657159,0.403820153657159,3.0,0.6032600159658525,0.6032600159658525,3.0,-0.04640902538070538,0.04640902538070538,0.004326072534276804,0.04329177289748841,0.04329177289748841,3.0,1.500052129055743,1.500052129055743,-4.0,-1.2028039120834342,1.2028039120834342,1.0,0.22387598792574626,0.22387598792574626
p11,2020-03-13,-8054.0,-1.424762889528199,1.424762889528199,0.0,0.017716145979469296,0.017716145979469296,409000.0,-0.08309861307749411,0.08309861307749411,0.0,-0.4236122058162024,0.4236122058162024,60.0,-0.1628399494644642,0.1628399494644642,-1.0,-0.24844667018725483,0.24844667018725483,0.45000000000000107,0.0356287755005501,0.0356287755005501,7.0,1.6602114488977606,1.6602114488977606,21.0,0.7585766148591672,0.7585766148591672,-0.0055702811120768025,-0.48793193891610764,0.48793193891610764,4.0,2.0230966214238637,2.0230966214238637,-2.0,-0.5716295819802458,0.5716295819802458,8.0,1.3937068544109819,1.3937068544109819
p12,2020-01-13,2195.5,0.623606911440392,0.623606911440392,0.0,0.24925106410814535,0.24925106410814535,1182000.0,-0.055792264749762704,0.055792264749762704,0.0,-0.31892967480943823,0.31892967480943823,282.0,0.4735263912342577,0.4735263912342577,67.5,2.252252986142026,2.252252986142026,,,,,,,,,,,,,,,,,,,,,
p12,2020-01-14,-3527.5,-0.8325717734359441,0.8325717734359441,-1.0,-0.8862260057178503,0.8862260057178503,-99000.0,-0.7766447953579508,0.7766447953579508,0.0,-0.31892967480943823,0.31892967480943823,-12.0,-0.8016941449448628,0.8016941449448628,,,,,,,,,,,,,,,,,,,,,,,,
p12,2020-01-15,-328.5,-0.0186078361793655,0.0186078361793655,0.0,0.24925106410814535,0.24925106410814535,1027000.0,-0.14301485822694393,0.14301485822694393,0.0,-0.31892967480943823,0.31892967480943823,100.0,-0.31589584544805493,0.31589584544805493,-1.5,-0.5615259277132367,0.5615259277132367,,,,,,,,,,,,,,,,,,,,,
p12,2020-01-16,-55.5,0.050855169407082124,0.050855169407082124,1.0,1.3847281339341408,1.3847281339341408,3536000.0,1.2688657032843313,1.2688657032843313,0.0,-0.31892967480943823,0.31892967480943823,361.0,0.8161876917721846,0.8161876917721846,-1.5,-0.5615259277132367,0.5615259277132367,,,,,,,,,,,,,,,,,,,,,
p12,2020-01-17,3703.5,1.0073073232512457,1.0073073232512457,2.0,2.520205203760137,2.520205203760137,3434000.0,1.211467609512251,1.211467609512251,0.0,-0.31892967480943823,0.31892967480943823,385.0,0.9202873273786435,0.9202873273786435,-4.166666666666686,-0.6702710065095762,0.6702710065095762,,,,,,,,,,,,,,,,,,,,,
p12,2020-01-18,12649.5,3.283556583237914,3.283556583237914,5.0,5.926636413238124,5.926636413238124,13109000.0,6.65584562171695,6.65584562171695,0.0,-0.31892967480943823,0.31892967480943823,1311.0,4.93679826786118,4.93679826786118,-7.166666666666686,-0.7926092201554571,0.7926092201554571,,,,,,,,,,,,,,,,,,,,,
p12,2020-01-19,11749.5,3.0545576637221528,3.0545576637221528,3.0,3.6556822735861325,3.6556822735861325,11011000.0,5.475245614522588,5.475245614522588,0.0,-0.31892967480943823,0.31892967480943823,1111.0,4.069301304474022,4.069301304474022,-4.0,-0.6634744390848042,0.6634744390848042,,,,,,,,,,,,,,,,,,,,,
p12,2020-01-21,-3612.5,-0.8541994491679883,0.8541994491679883,-1.0,-0.8862260057178503,0.8862260057178503,-99000.0,-0.7766447953579508,0.7766447953579508,0.0,-0.31892967480943823,0.31892967480943823,-12.0,-0.8016941449448628,0.8016941449448628,,,,,,,,,,,,,,,,,,,,,,,,
p12,2020-01-22,1505.5,0.448041073144975,0.448041073144975,-1.0,-0.8862260057178503,0.8862260057178503,-99000.0,-0.7766447953579508,0.7766447953579508,0.0,-0.31892967480943823,0.31892967480943823,-12.0,-0.8016941449448628,0.8016941449448628,,,,,,,,,,,,,,,,,,,,,,,,
p12,2020-01-23,-1080.5,-0.2099491555969795,0.2099491555969795,0.0,0.24925106410814535,0.24925106410814535,925000.0,-0.20041295199902448,0.20041295199902448,0.0,-0.31892967480943823,0.31892967480943823,104.0,-0.29854590618031185,0.29854590618031185,-7.5,-0.8062023550049987,0.8062023550049987,,,,,,,,,,,,,,,,,,,,,
p12,2020-01-24,-5167.5,-1.2498586934424427,1.2498586934424427,-1.0,-0.8862260057178503,0.8862260057178503,-99000.0,-0.7766447953579508,0.7766447953579508,0.0,-0.31892967480943823,0.31892967480943823,-12.0,-0.8016941449448628,0.8016941449448628,,,,,,,,,,,,,,,,,,,,,,,,
p12,2020-01-27,2762.5,0.7678762307353217,0.7678762307353217,2.0,2.520205203760137,2.520205203760137,4049000.0,1.5575443513733247,1.5575443513733247,0.0,-0.31892967480943823,0.31892967480943823,484.0,1.349698324255286,1.349698324255286,7.833333333333314,-0.18091815192605212,0.18091815192605212,,,,,,,,,,,,,,,,,,,,,
p12,2020-01-28,939.5,0.3040261970939517,0.3040261970939517,0.0,0.24925106410814535,0.24925106410814535,1642000.0,0.20306188363412997,0.20306188363412997,0.0,-0.31892967480943823,0.31892967480943823,211.0,0.16556496923181707,0.16556496923181707,5.5,-0.2760700958728477,0.2760700958728477,,,,,,,,,,,,,,,,,,,,,
p12,2020-01-31,-572.5,-0.08069198769252749,0.08069198769252749,0.0,0.24925106410814535,0.24925106410814535,1898000.0,0.34711984447386157,0.34711984447386157,0.0,-0.31892967480943823,0.31892967480943823,180.0,0.03110293990680776,0.03110293990680776,-0.5,-0.5207465231646097,0.5207465231646097,,,,,,,,,,,,,,,,,,,,,
p12,2020-02-01,-829.5,-0.14608390137647267,0.14608390137647267,2.0,2.520205203760137,2.520205203760137,5790000.0,2.5372510303654057,2.5372510303654057,0.0,-0.31892967480943823,0.31892967480943823,468.0,1.2802985671843135,1.2802985671843135,-11.5,-0.9693199731995067,0.9693199731995067,,,,,,,,,,,,,,,,,,,,,
p12,2020-02-02,4296.5,1.1581921668877417,1.1581921668877417,1.0,1.3847281339341408,1.3847281339341408,1950000.0,0.376381617769432,0.376381617769432,0.0,-0.31892967480943823,0.31892967480943823,206.0,0.14387754514713813,0.14387754514713813,-4.0,-0.6634744390848042,0.6634744390848042,,,,,,,,,,,,,,,,,,,,,
p12,2020-02-03,-3169.5,-0.7414810921174524,0.7414810921174524,0.0,0.24925106410814535,0.24925106410814535,1488000.0,0.11640201656647894,0.11640201656647894,0.0,-0.31892967480943823,0.31892967480943823,170.0,-0.01227190826255008,0.01227190826255008,0.5,-0.4799671186159827,0.4799671186159827,,,,,,,,,,,,,,,,,,,,,
p12,2020-02-05,6830.5,1.8029513469465632,1.8029513469465632,1.0,1.3847281339341408,1.3847281339341408,3127000.0,1.0387106017864791,1.0387106017864791,0.0,-0.31892967480943823,0.31892967480943823,393.0,0.9549872059141298,0.9549872059141298,10.0,-0.09256277540402617,0.09256277540402617,,,,,,,,,,,,,,,,,,,,,
p12,2020-02-06,-3175.5,-0.7430077515808907,0.7430077515808907,-1.0,-0.8862260057178503,0.8862260057178503,-99000.0,-0.7766447953579508,0.7766447953579508,0.0,-0.31892967480943823,0.31892967480943823,-12.0,-0.8016941449448628,0.8016941449448628,,,,,,,,,,,,,,,,,,,,,,,,
p12,2020-02-07,6250.5,1.6553742654808503,1.6553742654808503,1.0,1.3847281339341408,1.3847281339341408,3844000.0,1.4421854374196335,1.4421854374196335,0.0,-0.31892967480943823,0.31892967480943823,484.0,1.349698324255286,1.349698324255286,4.0,-0.33723920269578816,0.33723920269578816,,,,,,,,,,,,,,,,,,,,,
p12,2020-02-09,-4226.5,-1.0104276009265187,1.0104276009265187,-1.0,-0.8862260057178503,0.8862260057178503,-99000.0,-0.7766447953579508,0.7766447953579508,0.0,-0.31892967480943823,0.31892967480943823,-12.0,-0.8016941449448628,0.8016941449448628,,,,,,,,,,,,,,,,,,,,,,,,
p12,2020-02-10,424.5,0.17298792648215489,0.17298792648215489,0.0,0.24925106410814535,0.24925106410814535,2769000.0,0.8372545471746671,0.8372545471746671,0.0,-0.31892967480943823,0.31892967480943823,352.0,0.7771503284197626,0.7771503284197626,11.5,-0.03139366858108568,0.03139366858108568,,,,,,,,,,,,,,,,,,,,,
p12,2020-02-12,2790.5,0.7750006415647009,0.7750006415647009,1.0,1.3847281339341408,1.3847281339341408,2563000.0,0.7213329068114456,0.7213329068114456,0.0,-0.31892967480943823,0.31892967480943823,351.0,0.7728128436028269,0.7728128436028269,12.5,0.009385735967541319,0.009385735967541319,,,,,,,,,,,,,,,,,,,,,
p12,2020-02-13,-1828.5,-0.40027270203896786,0.40027270203896786,-1.0,-0.8862260057178503,0.8862260057178503,-99000.0,-0.7766447953579508,0.7766447953579508,0.0,-0.31892967480943823,0.31892967480943823,-12.0,-0.8016941449448628,0.8016941449448628,,,,,,,,,,,,,,,,,,,,,,,,
p12,2020-02-14,673.5,0.23634429421484887,0.23634429421484887,-1.0,-0.8862260057178503,0.8862260057178503,-99000.0,-0.7766447953579508,0.7766447953579508,0.0,-0.31892967480943823,0.31892967480943823,-12.0,-0.8016941449448628,0.8016941449448628,,,,,,,,,,,,,,,,,,,,,,,,
p12,2020-02-15,-1699.5,-0.36744952357504207,0.36744952357504207,-1.0,-0.8862260057178503,0.8862260057178503,-99000.0,-0.7766447953579508,0.7766447953579508,0.0,-0.31892967480943823,0.31892967480943823,-12.0,-0.8016941449448628,0.8016941449448628,,,,,,,,,,,,,,,,,,,,,,,,
p12,2020-02-16,-2063.5,-0.4600668643569722,0.4600668643569722,-1.0,-0.8862260057178503,0.8862260057178503,-99000.0,-0.7766447953579508,0.7766447953579508,0.0,-0.31892967480943823,0.31892967480943823,-12.0,-0.8016941449448628,0.8016941449448628,,,,,,,,,,,,,,,,,,,,,,,,
p12,2020-02-19,5805.5,1.5421470219425018,1.5421470219425018,0.0,0.24925106410814535,0.24925106410814535,3741000.0,1.3842246172380228,1.3842246172380228,0.0,-0.31892967480943823,0.31892967480943823,380.0,0.8985999032939646,0.8985999032939646,-7.5,-0.8062023550049987,0.8062023550049987,,,,,,,,,,,,,,,,,,,,,
p12,2020-02-21,-2423.5,-0.5516664321632768,0.5516664321632768,-1.0,-0.8862260057178503,0.8862260057178503,-99000.0,-0.7766447953579508,0.7766447953579508,0.0,-0.31892967480943823,0.31892967480943823,-12.0,-0.8016941449448628,0.8016941449448628,,,,,,,,,,,,,,,,,,,,,,,,
p12,2020-02-23,6057.5,1.606266719406915,1.606266719406915,1.0,1.3847281339341408,1.3847281339341408,7376000.0,3.429735115880305,3.429735115880305,0.0,-0.31892967480943823,0.31892967480943823,826.0,2.833118131647324,2.833118131647324,-4.0,-0.6634744390848042,0.6634744390848042,,,,,,,,,,,,,,,,,,,,,
p12,2020-02-24,-5252.5,-1.2714863691744869,1.2714863691744869,-1.0,-0.8862260057178503,0.8862260057178503,-99000.0,-0.7766447953579508,0.7766447953579508,0.0,-0.31892967480943823,0.31892967480943823,-12.0,-0.8016941449448628,0.8016941449448628,,,,,,,,,,,,,,,,,,,,,,,,
p12,2020-02-27,-1813.5,-0.3964560533803718,0.3964560533803718,-1.0,-0.8862260057178503,0.8862260057178503,-99000.0,-0.7766447953579508,0.7766447953579508,0.0,-0.31892967480943823,0.31892967480943823,-12.0,-0.8016941449448628,0.8016941449448628,,,,,,,,,,,,,,,,,,,,,,,,
p12,2020-02-28,3679.5,1.001200685397492,1.001200685397492,-1.0,-0.8862260057178503,0.8862260057178503,-99000.0,-0.7766447953579508,0.7766447953579508,0.0,-0.31892967480943823,0.31892967480943823,-12.0,-0.8016941449448628,0.8016941449448628,,,,,,,,,,,,,,,,,,,,,,,,
p12,2020-03-02,-262.5,-0.0018145820815429973,0.0018145820815429973,-1.0,-0.8862260057178503,0.8862260057178503,-99000.0,-0.7766447953579508,0.7766447953579508,0.0,-0.31892967480943823,0.31892967480943823,-12.0,-0.8016941449448628,0.8016941449448628,,,,,,,,,,,,,,,,,,,,,,,,
p12,2020-03-04,-6862.5,-1.6811399918637933,1.6811399918637933,-1.0,-0.8862260057178503,0.8862260057178503,-99000.0,-0.7766447953579508,0.7766447953579508,0.0,-0.31892967480943823,0.31892967480943823,-12.0,-0.8016941449448628,0.8016941449448628,,,,,,,,,,,,,,,,,,,,,,,,
p12,2020-03-09,3262.5,0.8950978526885225,0.8950978526885225,-1.0,-0.8862260057178503,0.8862260057178503,-99000.0,-0.7766447953579508,0.7766447953579508,0.0,-0.31892967480943823,0.31892967480943823,-12.0,-0.8016941449448628,0.8016941449448628,,,,,,,,,,,,,,,,,,,,,,,,
p12,2020-03-17,,,,-1.0,-0.8862260057178503,0.8862260057178503,-99000.0,-0.7766447953579508,0.7766447953579508,0.0,-0.31892967480943823,0.31892967480943823,-12.0,-0.8016941449448628,0.8016941449448628,,,,,,,,,,,,,,,,,,,,,,,,
p12,2020-03-19,,,,-1.0,-0.8862260057178503,0.8862260057178503,-99000.0,-0.7766447953579508,0.7766447953579508,0.0,-0.31892967480943823,0.31892967480943823,-12.0,-0.8016941449448628,0.8016941449448628,,,,,,,,,,,,,,,,,,,,,,,,
p12,2020-03-21,,,,-1.0,-0.8862260057178503,0.8862260057178503,-99000.0,-0.7766447953579508,0.7766447953579508,0.0,-0.31892967480943823,0.31892967480943823,-12.0,-0.8016941449448628,0.8016941449448628,,,,,,,,,,,,,,,,,,,,,,,,
p12,2020-03-22,-11087.5,-2.7561626973683397,2.7561626973683397,-1.0,-0.8862260057178503,0.8862260057178503,-99000.0,-0.7766447953579508,0.7766447953579508,0.0,-0.31892967480943823,0.31892967480943823,-12.0,-0.8016941449448628,0.8016941449448628,,,,,,,,,,,,,,,,,,,,,,,,
p12,2020-03-25,,,,-1.0,-0.8862260057178503,0.8862260057178503,-99000.0,-0.7766447953579508,0.7766447953579508,0.0,-0.31892967480943823,0.31892967480943823,-12.0,-0.8016941449448628,0.8016941449448628,,,,,,,,,,,,,,,,,,,,,,,,
p12,2020-03-27,,,,-1.0,-0.8862260057178503,0.8862260057178503,-99000.0,-0.7766447953579508,0.7766447953579508,0.0,-0.31892967480943823,0.31892967480943823,-12.0,-0.8016941449448628,0.8016941449448628,,,,,,,,,,,,,,,,,,,,,,,,
p13,2019-12-25,,,,-1.0,-0.8366600265340756,0.8366600265340756,-973000.0,-0.7930775241532182,0.7930775241532182,0.0,-0.16666666666666663,0.16666666666666663,-85.0,-0.7892319151940171,0.7892319151940171,,,,,,,,,,,,,,,,,,,,,,,,
p13,2019-12-27,-11045.0,-1.8666637612525097,1.8666637612525097,-1.0,-0.8366600265340756,0.8366600265340756,-973000.0,-0.7930775241532182,0.7930775241532182,0.0,-0.16666666666666663,0.16666666666666663,-85.0,-0.7892319151940171,0.7892319151940171,,,,1.2416666666666654,1.0056580357305398,1.0056580357305398,3.5,0.9231114274007586,0.9231114274007586,39.0,1.3346478144543845,1.3346478144543845,0.0038018275485866004,0.02885249113533028,0.02885249113533028,2.0,1.2537369291143774,1.2537369291143774,-1.5,-0.6546536707079771,0.6546536707079771,4.0,0.5724900218184666,0.5724900218184666
p13,2019-12-28,-6496.0,-1.0003863363863057,1.0003863363863057,-1.0,-0.8366600265340756,0.8366600265340756,-973000.0,-0.7930775241532182,0.7930775241532182,0.0,-0.16666666666666663,0.16666666666666663,-85.0,-0.7892319151940171,0.7892319151940171,,,,-0.9916666666666671,-0.4051585468310543,0.4051585468310543,-16.5,-3.9122341446984503,3.9122341446984503,-11.0,0.09311496379914311,0.09311496379914311,0.047530641107908694,1.8223030125966906,1.8223030125966906,-4.0,-1.7552317007601286,1.7552317007601286,0.5,0.0,0.0,-20.0,-2.609349257341015,2.609349257341015
p13,2019-12-30,,,,-1.0,-0.8366600265340756,0.8366600265340756,-973000.0,-0.7930775241532182,0.7930775241532182,0.0,-0.16666666666666663,0.16666666666666663,-85.0,-0.7892319151940171,0.7892319151940171,,,,,,,,,,,,,,,,,,,,,,,,
p13,2020-01-02,866.0,0.40157770007555255,0.40157770007555255,1.0,0.8366600265340756,0.8366600265340756,2850000.0,1.1543893071519207,1.1543893071519207,3.404093,4.742586026750657,4.742586026750657,645.0,2.5009036703546457,2.5009036703546457,27.299999999999997,4.000801240359492,4.000801240359492,0.11666666666666625,0.2949855034700356,0.2949855034700356,-0.5,-0.04395768701908325,0.04395768701908325,33.0,1.1856638723757555,1.1856638723757555,0.024442249201625396,0.8753784305278338,0.8753784305278338,-2.0,-0.7522421574686265,0.7522421574686265,3.5,0.9819805060619656,0.9819805060619656,1.0,0.17476011192353144,0.17476011192353144
p13,2020-01-06,-2707.0,-0.27883760857402906,0.27883760857402906,1.0,0.8366600265340756,0.8366600265340756,2252000.0,0.8497633157523724,0.8497633157523724,0.0,-0.16666666666666663,0.16666666666666663,322.0,1.0451313496255799,1.0451313496255799,2.799999999999997,0.4588214431222489,0.4588214431222489,1.0249999999999986,0.8687877702581462,0.8687877702581462,-2.5,-0.5274922442290042,0.5274922442290042,-20.0,-0.13036094931880035,0.13036094931880035,0.0021940438006870927,-0.037087569121638964,0.037087569121638964,-1.0,-0.2507473858228755,0.2507473858228755,-4.5,-1.6366341767699428,1.6366341767699428,-8.0,-1.0184296177612742,1.0184296177612742
p13,2020-01-07,-2564.0,-0.2516057616283559,0.2516057616283559,0.0,0.0,0.0,558000.0,-0.01317385720888974,0.01317385720888974,4.564914,6.416677663149954,6.416677663149954,315.0,1.0135821042847022,1.0135821042847022,59.8,8.699345869347672,8.699345869347672,0.04999999999999982,0.2528715756323762,0.2528715756323762,-0.5,-0.04395768701908325,0.04395768701908325,23.0,0.9373573022447073,0.9373573022447073,-0.0014195179588993995,-0.18529063466494508,0.18529063466494508,1.0,0.7522421574686265,0.7522421574686265,-1.5,-0.6546536707079771,0.6546536707079771,-1.0,-0.09039316133975868,0.09039316133975868
p13,2020-01-09,-8515.0,-1.3848695460598308,1.3848695460598308,-1.0,-0.8366600265340756,0.8366600265340756,-973000.0,-0.7930775241532182,0.7930775241532182,0.0,-0.16666666666666663,0.16666666666666663,-85.0,-0.7892319151940171,0.7892319151940171,,,,-1.083333333333334,-0.46306519760783627,0.46306519760783627,-2.5,-0.5274922442290042,0.5274922442290042,5.0,0.49040547600882034,0.49040547600882034,-7.672085528150074e-05,-0.13021847583691445,0.13021847583691445,1.0,0.7522421574686265,0.7522421574686265,-1.5,-0.6546536707079771,0.6546536707079771,-3.0,-0.3555464346030488,0.3555464346030488
p13,2020-01-11,-8564.0,-1.3942007383698867,1.3942007383698867,-1.0,-0.8366600265340756,0.8366600265340756,-973000.0,-0.7930775241532182,0.7930775241532182,0.0,-0.16666666666666663,0.16666666666666663,-85.0,-0.7892319151940171,0.7892319151940171,,,,0.08333333333333304,0.27392853955120594,0.27392853955120594,5.5,1.4066459846106796,1.4066459846106796,15.0,0.7387120461398686,0.7387120461398686,-0.0270148134375459,-1.2350308925583675,1.2350308925583675,1.0,0.7522421574686265,0.7522421574686265,0.5,0.0,0.0,7.0,0.9702199317134018,0.9702199317134018
p13,2020-01-15,,,,-1.0,-0.8366600265340756,0.8366600265340756,-973000.0,-0.7930775241532182,0.7930775241532182,0.0,-0.16666666666666663,0.16666666666666663,-85.0,-0.7892319151940171,0.7892319151940171,,,,,,,,,,,,,,,,,,,,,,,,
p13,2020-01-18,,,,-1.0,-0.8366600265340756,0.8366600265340756,-973000.0,-0.7930775241532182,0.7930775241532182,0.0,-0.16666666666666663,0.16666666666666663,-85.0,-0.7892319151940171,0.7892319151940171,,,,,,,,,,,,,,,,,,,,,,,,
p13,2020-01-20,,,,-1.0,-0.8366600265340756,0.8366600265340756,-973000.0,-0.7930775241532182,0.7930775241532182,0.0,-0.16666666666666663,0.16666666666666663,-85.0,-0.7892319151940171,0.7892319151940171,,,,,,,,,,,,,,,,,,,,,,,,
p13,2020-01-26,2857.0,0.7807287998576172,0.7807287998576172,0.0,0.0,0.0,4969000.0,2.233824885372059,2.233824885372059,0.0,-0.16666666666666663,0.16666666666666663,841.0,3.3842825398992185,3.3842825398992185,7.799999999999997,1.1816744629665843,1.1816744629665843,0.5916666666666668,0.5950472393133602,0.5950472393133602,4.5,1.164878706005719,1.164878706005719,58.0,1.8064302977033764,1.8064302977033764,0.012276403819773102,0.3764204216510998,0.3764204216510998,3.0,1.7552317007601286,1.7552317007601286,0.5,0.0,0.0,8.0,1.102796568345047,1.102796568345047
p13,2020-01-27,-5626.0,-0.8347100647587838,0.8347100647587838,-1.0,-0.8366600265340756,0.8366600265340756,-973000.0,-0.7930775241532182,0.7930775241532182,0.0,-0.16666666666666663,0.16666666666666663,-85.0,-0.7892319151940171,0.7892319151940171,,,,-0.9416666666666673,-0.37357310095280977,0.37357310095280977,0.5,0.19780959158587721,0.19780959158587721,10.0,0.6145587610743445,0.6145587610743445,-0.003925907239704596,-0.288085217841716,0.288085217841716,1.0,0.7522421574686265,0.7522421574686265,0.5,0.0,0.0,2.0,0.3073367485551765,0.3073367485551765
p13,2020-01-28,-9908.0,-1.6501420131599895,1.6501420131599895,-1.0,-0.8366600265340756,0.8366600265340756,-973000.0,-0.7930775241532182,0.7930775241532182,0.0,-0.16666666666666663,0.16666666666666663,-85.0,-0.7892319151940171,0.7892319151940171,,,,0.42499999999999893,0.4897624197192106,0.4897624197192106,4.5,1.164878706005719,1.164878706005719,15.0,0.7387120461398686,0.7387120461398686,-0.0127985769990872,-0.651980162879092,0.651980162879092,1.0,0.7522421574686265,0.7522421574686265,2.5,0.6546536707079771,0.6546536707079771,8.0,1.102796568345047,1.102796568345047
p13,2020-01-31,-12090.0,-2.0656657197016597,2.0656657197016597,-1.0,-0.8366600265340756,0.8366600265340756,-973000.0,-0.7930775241532182,0.7930775241532182,0.0,-0.16666666666666663,0.16666666666666663,-85.0,-0.7892319151940171,0.7892319151940171,,,,,,,,,,,,,,,,,,,,,,,,
p13,2020-02-01,-14988.0,-2.617539093467819,2.617539093467819,-1.0,-0.8366600265340756,0.8366600265340756,-973000.0,-0.7930775241532182,0.7930775241532182,0.0,-0.16666666666666663,0.16666666666666663,-85.0,-0.7892319151940171,0.7892319151940171,,,,,,,,,,,,,,,,,,,,,,,,
p13,2020-02-03,-4349.0,-0.5915277672089614,0.5915277672089614,-1.0,-0.8366600265340756,0.8366600265340756,-973000.0,-0.7930775241532182,0.7930775241532182,0.0,-0.16666666666666663,0.16666666666666663,-85.0,-0.7892319151940171,0.7892319151940171,,,,,,,,,,,,,,,,,,,,,,,,
p13,2020-02-06,-9736.0,-1.6173876238267324,1.6173876238267324,-1.0,-0.8366600265340756,0.8366600265340756,-973000.0,-0.7930775241532182,0.7930775241532182,0.0,-0.16666666666666663,0.16666666666666663,-85.0,-0.7892319151940171,0.7892319151940171,,,,,,,,,,,,,,,,,,,,,,,,
p13,2020-02-07,-9390.0,-1.551497980167971,1.551497980167971,-1.0,-0.8366600265340756,0.8366600265340756,-973000.0,-0.7930775241532182,0.7930775241532182,0.0,-0.16666666666666663,0.16666666666666663,-85.0,-0.7892319151940171,0.7892319151940171,,,,,,,,,,,,,,,,,,,,,,,,
p13,2020-02-08,-15856.0,-2.782834500103094,2.782834500103094,-1.0,-0.8366600265340756,0.8366600265340756,-973000.0,-0.7930775241532182,0.7930775241532182,0.0,-0.16666666666666663,0.16666666666666663,-85.0,-0.7892319151940171,0.7892319151940171,,,,,,,,,,,,,,,,,,,,,,,,
p13,2020-02-10,-11172.0,-1.8908486882602054,1.8908486882602054,-1.0,-0.8366600265340756,0.8366600265340756,-973000.0,-0.7930775241532182,0.7930775241532182,0.0,-0.16666666666666663,0.16666666666666663,-85.0,-0.7892319151940171,0.7892319151940171,,,,,,,,,,,,,,,,,,,,,,,,
p13,2020-02-11,-15873.0,-2.786071852537195,2.786071852537195,-1.0,-0.8366600265340756,0.8366600265340756,-973000.0,-0.7930775241532182,0.7930775241532182,0.0,-0.16666666666666663,0.16666666666666663,-85.0,-0.7892319151940171,0.7892319151940171,,,,,,,,,,,,,,,,,,,,,,,,
p13,2020-02-14,-7396.0,-1.1717755828975354,1.1717755828975354,-1.0,-0.8366600265340756,0.8366600265340756,-973000.0,-0.7930775241532182,0.7930775241532182,0.0,-0.16666666666666663,0.16666666666666663,-85.0,-0.7892319151940171,0.7892319151940171,,,,,,,,,,,,,,,,,,,,,,,,
p13,2020-02-15,-15858.0,-2.783215365095341,2.783215365095341,-1.0,-0.8366600265340756,0.8366600265340756,-973000.0,-0.7930775241532182,0.7930775241532182,0.0,-0.16666666666666663,0.16666666666666663,-85.0,-0.7892319151940171,0.7892319151940171,,,,,,,,,,,,,,,,,,,,,,,,
p13,2020-02-18,-7250.0,-1.1439724384634915,1.1439724384634915,0.0,0.0,0.0,1322000.0,0.3760138642447137,0.3760138642447137,6.202859,8.778859278904704,8.778859278904704,409.0,1.4372433988622013,1.4372433988622013,44.8,6.530786809814666,6.530786809814666,,,,,,,,,,,,,,,,,,,,,
p13,2020-02-23,,,,-1.0,-0.8366600265340756,0.8366600265340756,-973000.0,-0.7930775241532182,0.7930775241532182,0.0,-0.16666666666666663,0.16666666666666663,-85.0,-0.7892319151940171,0.7892319151940171,,,,,,,,,,,,,,,,,,,,,,,,
p13,2020-02-24,,,,-1.0,-0.8366600265340756,0.8366600265340756,-973000.0,-0.7930775241532182,0.7930775241532182,0.0,-0.16666666666666663,0.16666666666666663,-85.0,-0.7892319151940171,0.7892319151940171,,,,,,,,,,,,,,,,,,,,,,,,
p13,2020-02-26,,,,-1.0,-0.8366600265340756,0.8366600265340756,-973000.0,-0.7930775241532182,0.7930775241532182,0.0,-0.16666666666666663,0.16666666666666663,-85.0,-0.7892319151940171,0.7892319151940171,,,,,,,,,,,,,,,,,,,,,,,,
p13,2020-02-27,,,,-1.0,-0.8366600265340756,0.8366600265340756,-973000.0,-0.7930775241532182,0.7930775241532182,0.0,-0.16666666666666663,0.16666666666666663,-85.0,-0.7892319151940171,0.7892319151940171,,,,,,,,,,,,,,,,,,,,,,,,
p13,2020-02-28,,,,-1.0,-0.8366600265340756,0.8366600265340756,-973000.0,-0.7930775241532182,0.7930775241532182,0.0,-0.16666666666666663,0.16666666666666663,-85.0,-0.7892319151940171,0.7892319151940171,,,,,,,,,,,,,,,,,,,,,,,,
p13,2020-03-02,,,,-1.0,-0.8366600265340756,0.8366600265340756,-973000.0,-0.7930775241532182,0.7930775241532182,0.0,-0.16666666666666663,0.16666666666666663,-85.0,-0.7892319151940171,0.7892319151940171,,,,,,,,,,,,,,,,,,,,,,,,
p13,2020-03-08,,,,-1.0,-0.8366600265340756,0.8366600265340756,-973000.0,-0.7930775241532182,0.7930775241532182,0.0,-0.16666666666666663,0.16666666666666663,-85.0,-0.7892319151940171,0.7892319151940171,,,,,,,,,,,,,,,,,,,,,,,,
p13,2020-03-12,,,,-1.0,-0.8366600265340756,0.8366600265340756,-973000.0,-0.7930775241532182,0.7930775241532182,0.0,-0.16666666666666663,0.16666666666666663,-85.0,-0.7892319151940171,0.7892319151940171,,,,,,,,,,,,,,,,,,,,,,,,
p13,2020-03-18,,,,-1.0,-0.8366600265340756,0.8366600265340756,-973000.0,-0.7930775241532182,0.7930775241532182,0.0,-0.16666666666666663,0.16666666666666663,-85.0,-0.7892319151940171,0.7892319151940171,,,,,,,,,,,,,,,,,,,,,,,,
p13,2020-03-24,,,,-1.0,-0.8366600265340756,0.8366600265340756,-973000.0,-0.7930775241532182,0.7930775241532182,0.0,-0.16666666666666663,0.16666666666666663,-85.0,-0.7892319151940171,0.7892319151940171,,,,,,,,,,,,,,,,,,,,,,,,
p14,2020-01-23,8950.0,1.4198131899711437,1.4198131899711437,2.0,1.348076082650055,1.348076082650055,2217500.0,0.6261644819336967,0.6261644819336967,4.943351,1.4909111779700044,1.4909111779700044,296.5,0.716324037244911,0.716324037244911,8.5,0.4954990643867602,0.4954990643867602,-3.099999999999998,-1.2279704190104925,1.2279704190104925,-10.0,-1.8414494860682413,1.8414494860682413,-16.0,-0.7501292675661589,0.7501292675661589,0.0048573431320931,0.05591968811429752,0.05591968811429752,-2.0,-0.8893963003856513,0.8893963003856513,0.0,-0.04994948142895989,0.04994948142895989,-13.0,-1.7095430263526268,1.7095430263526268
p14,2020-01-24,2883.0,0.33401016947240797,0.33401016947240797,1.0,0.6515701066141933,0.6515701066141933,1552500.0,0.40178016829402285,0.40178016829402285,0.0,-0.49588881722985173,0.49588881722985173,117.5,0.20646230267949145,0.20646230267949145,-7.0,-0.8573115692576645,0.8573115692576645,0.1750000000000025,0.045714137004419717,0.045714137004419717,7.0,1.2617932130624114,1.2617932130624114,8.0,0.18275876700702812,0.18275876700702812,-0.011965659552379798,-0.4170791472112879,0.4170791472112879,0.0,-0.03736959245317819,0.03736959245317819,0.0,-0.04994948142895989,0.04994948142895989,6.0,0.9240773115419614,0.9240773115419614
p14,2020-01-25,-3658.0,-0.8366240083885169,0.8366240083885169,-1.0,-0.7414418454575302,0.7414418454575302,-1793500.0,-0.7272272203350729,0.7272272203350729,3.194,0.7878232203471565,0.7878232203471565,-229.5,-0.7819288810869923,0.7819288810869923,34.0,2.72109075199533,2.72109075199533,1.9000000000000021,0.7165861550580755,0.7165861550580755,4.0,0.7141621485099434,0.7141621485099434,15.0,0.45485111042420767,0.45485111042420767,0.026134560243036994,0.6541540878350398,0.6541540878350398,-1.0,-0.46338294641941474,0.46338294641941474,2.0,0.5827439500045284,0.5827439500045284,4.0,0.6468541180793732,0.6468541180793732
p14,2020-01-26,3704.0,0.4809434610216847,0.4809434610216847,1.0,0.6515701066141933,0.6515701066141933,2439500.0,0.7010717264870916,0.7010717264870916,4.726445,1.4037337067042943,1.4037337067042943,312.5,0.7618982705021553,0.7618982705021553,5.333333333333314,0.21911839729811267,0.21911839729811267,1.3500000000000014,0.5026849319105328,0.5026849319105328,5.0,0.8967058366940994,0.8967058366940994,56.0,2.048534836153402,2.048534836153402,-0.008460136789362999,-0.3185171832614958,0.3185171832614958,1.0,0.38864376151305835,0.38864376151305835,0.0,-0.04994948142895989,0.04994948142895989,5.0,0.7854657148106673,0.7854657148106673
p14,2020-01-27,-578.0,-0.28540045422070637,0.28540045422070637,0.0,-0.04493586942166846,0.04493586942166846,-1007500.0,-0.4620150842135938,0.4620150842135938,0.0,-0.49588881722985173,0.49588881722985173,-124.5,-0.48284797533632723,0.48284797533632723,-14.5,-1.5118973597307732,1.5118973597307732,-1.5416666666666652,-0.621916953425789,0.621916953425789,-1.0,-0.19855629241083686,0.19855629241083686,-3.0,-0.24481491550568266,0.24481491550568266,0.01692111477314341,0.39510705215824554,0.39510705215824554,3.0,1.2406704694455315,1.2406704694455315,3.0,0.8990906657212725,0.8990906657212725,4.0,0.6468541180793732,0.6468541180793732
p14,2020-01-28,7809.0,1.2156099187680685,1.2156099187680685,1.0,0.6515701066141933,0.6515701066141933,2701500.0,0.789475771860918,0.789475771860918,7.59171,2.555322677070007,2.555322677070007,414.5,1.052434007517087,1.052434007517087,10.333333333333314,0.6555089242801851,0.6555089242801851,-0.125,-0.07095925743969533,0.07095925743969533,2.0,0.3490747721416313,0.3490747721416313,-12.0,-0.5946479284706279,0.5946479284706279,-0.016699308981809505,-0.5501713608282072,0.5501713608282072,0.0,-0.03736959245317819,0.03736959245317819,3.0,0.8990906657212725,0.8990906657212725,4.0,0.6468541180793732,0.6468541180793732
p14,2020-01-30,2158.0,0.20425787181927074,0.20425787181927074,2.0,1.348076082650055,1.348076082650055,6304500.0,2.0052001057612863,2.0052001057612863,0.0,-0.49588881722985173,0.49588881722985173,303.5,0.7362627642949554,0.7362627642949554,-17.25,-1.7519121495709131,1.7519121495709131,-5.016666666666665,-1.9733837724034435,1.9733837724034435,-13.0,-2.3890805506207093,2.3890805506207093,-38.0,-1.6052766325915806,1.6052766325915806,0.024225332402408886,0.6004738642788862,0.6004738642788862,-4.0,-1.7414230083181244,1.7414230083181244,-7.0,-2.2643764914461686,2.2643764914461686,-25.0,-3.3728821871281562,3.3728821871281562
p14,2020-01-31,1262.0,0.04390192878863496,0.04390192878863496,0.0,-0.04493586942166846,0.04493586942166846,-573500.0,-0.3155747953119119,0.3155747953119119,0.0,-0.49588881722985173,0.49588881722985173,-52.5,-0.27776392567872826,0.27776392567872826,-0.5,-0.29000388418097023,0.29000388418097023,-6.891666666666665,-2.7025924876791567,2.7025924876791567,,,,-66.0,-2.6936460062602987,2.6936460062602987,,,,,,,,,,,,
p14,2020-02-01,-370.0,-0.24817496744573736,0.24817496744573736,-1.0,-0.7414418454575302,0.7414418454575302,1655500.0,0.43653443040663403,0.43653443040663403,0.0,-0.49588881722985173,0.49588881722985173,165.5,0.3431850024512241,0.3431850024512241,-16.0,-1.642814517825395,1.642814517825395,,,,,,,,,,,,,,,,,,,,,
p14,2020-02-02,-6425.0,-1.3318303637074558,1.3318303637074558,-1.0,-0.7414418454575302,0.7414418454575302,-1672500.0,-0.6863993978532676,0.6863993978532676,0.0,-0.49588881722985173,0.49588881722985173,-223.5,-0.7648385436155258,0.7648385436155258,-16.0,-1.642814517825395,1.642814517825395,3.6083333333333343,1.3809763178648358,1.3809763178648358,5.0,0.8967058366940994,0.8967058366940994,-17.0,-0.7889996023400417,0.7889996023400417,0.06891246017341869,1.8569058928632964,1.8569058928632964,-1.0,-0.46338294641941474,0.46338294641941474,-3.0,-0.9989896285791923,0.9989896285791923,0.0,0.09240773115419673,0.09240773115419673
p14,2020-02-03,-18.0,-0.185177989826559,0.185177989826559,1.0,0.6515701066141933,0.6515701066141933,325500.0,-0.012234196872713703,0.012234196872713703,0.0,-0.49588881722985173,0.49588881722985173,26.5,-0.05274114897108499,0.05274114897108499,-12.0,-1.293702096239737,1.293702096239737,0.10000000000000142,0.01654578839339078,0.01654578839339078,-1.0,-0.19855629241083686,0.19855629241083686,-19.0,-0.8667402718878073,0.8667402718878073,0.015708933994399196,0.3610251401890304,0.3610251401890304,-1.0,-0.46338294641941474,0.46338294641941474,4.0,1.2154373814380166,1.2154373814380166,1.0,0.23101932788549084,0.23101932788549084
p14,2020-02-04,8195.0,1.284691831725463,1.284691831725463,2.0,1.348076082650055,1.348076082650055,3141500.0,0.9379405808856646,0.9379405808856646,5.864312,1.8610579287023024,1.8610579287023024,464.5,1.1948534864459752,1.1948534864459752,8.25,0.4736795380376566,0.4736795380376566,,,,,,,,,,,,,,,,,,,,,
p14,2020-02-05,5098.0,0.7304258098885444,0.7304258098885444,1.0,0.6515701066141933,0.6515701066141933,119500.0,-0.08174272109793598,0.08174272109793598,0.0,-0.49588881722985173,0.49588881722985173,90.5,0.12955578405789184,0.12955578405789184,19.666666666666657,1.4701045746467214,1.4701045746467214,-6.691666666666665,-2.624810224716414,2.624810224716414,,,,-66.0,-2.6936460062602987,2.6936460062602987,,,,,,,,,,,,
p14,2020-02-06,3654.0,0.4719950267007787,0.4719950267007787,-1.0,-0.7414418454575302,0.7414418454575302,442500.0,0.027243945527048462,0.027243945527048462,7.204742,2.3997949752049164,2.3997949752049164,92.5,0.1352525632150474,0.1352525632150474,31.0,2.4592564358060867,2.4592564358060867,-1.133333333333331,-0.4631114998768557,0.4631114998768557,-2.0,-0.3810999805949929,0.3810999805949929,12.0,0.3382401061025593,0.3382401061025593,-0.024350915123498698,-0.7653054163395633,0.7653054163395633,2.0,0.8146571154792949,0.8146571154792949,2.0,0.5827439500045284,0.5827439500045284,1.0,0.23101932788549084,0.23101932788549084
p14,2020-02-07,-995.0,-0.36003039645706253,0.36003039645706253,-1.0,-0.7414418454575302,0.7414418454575302,-2389500.0,-0.9283295525595024,0.9283295525595024,0.0,-0.49588881722985173,0.49588881722985173,-293.5,-0.9642258141159692,0.9642258141159692,-22.0,-2.166483150203882,2.166483150203882,-2.433333333333332,-0.9686962091346836,0.9686962091346836,-6.0,-1.111274733331617,1.111274733331617,-13.0,-0.6335182632445105,0.6335182632445105,-0.0046440295356832,-0.21122276499845677,0.21122276499845677,-1.0,-0.46338294641941474,0.46338294641941474,1.0,0.2663972342877842,0.2663972342877842,-7.0,-0.877873445964862,0.877873445964862
p14,2020-02-09,6811.0,1.0369991697227845,1.0369991697227845,1.0,0.6515701066141933,0.6515701066141933,3242500.0,0.9720200029572542,0.9720200029572542,0.0,-0.49588881722985173,0.49588881722985173,238.5,0.5511174416874008,0.5511174416874008,-14.666666666666686,-1.5264437106301774,1.5264437106301774,2.0500000000000025,0.7749228522801327,0.7749228522801327,7.0,1.2617932130624114,1.2617932130624114,7.0,0.14388843223314532,0.14388843223314532,-0.004978741563799002,-0.22063359387589385,0.22063359387589385,-2.0,-0.8893963003856513,0.8893963003856513,1.0,0.2663972342877842,0.2663972342877842,5.0,0.7854657148106673,0.7854657148106673
p14,2020-02-10,-1876.0,-0.5177018091914265,0.5177018091914265,0.0,-0.04493586942166846,0.04493586942166846,-495500.0,-0.2892560337120704,0.2892560337120704,0.0,-0.49588881722985173,0.49588881722985173,-77.5,-0.34897366514317235,0.34897366514317235,-6.5,-0.8136725165594573,0.8136725165594573,-6.549999999999998,-2.5697144551178046,2.5697144551178046,,,,-66.0,-2.6936460062602987,2.6936460062602987,,,,,,,,,,,,
p14,2020-02-11,10802.0,1.7512631972175026,1.7512631972175026,3.0,2.0445820586859167,2.0445820586859167,5028500.0,1.574652159589521,1.574652159589521,5.647406,1.773880457436592,1.773880457436592,717.5,1.9154960498261493,1.9154960498261493,8.400000000000006,0.4867712538471193,0.4867712538471193,11.058333333333334,4.278365613227002,4.278365613227002,7.0,1.2617932130624114,1.2617932130624114,88.0,3.2923855489176517,3.2923855489176517,-0.026335714673369898,-0.8211104288603254,0.8211104288603254,3.0,1.2406704694455315,1.2406704694455315,2.0,0.5827439500045284,0.5827439500045284,11.0,1.617135295198432,1.617135295198432
p14,2020-02-12,-10.0,-0.18374624033521406,0.18374624033521406,0.0,-0.04493586942166846,0.04493586942166846,-85500.0,-0.15091382530264746,0.15091382530264746,0.0,-0.49588881722985173,0.49588881722985173,-57.5,-0.2920058735716171,0.2920058735716171,-11.5,-1.2500630435415296,1.2500630435415296,0.375,0.12349639996716147,0.12349639996716147,8.0,1.4443369012465674,1.4443369012465674,8.0,0.18275876700702812,0.18275876700702812,-0.0345029536722016,-1.0507421186798016,1.0507421186798016,3.0,1.2406704694455315,1.2406704694455315,4.0,1.2154373814380166,1.2154373814380166,14.0,2.0329700853923143,2.0329700853923143
p14,2020-02-13,1274.0,0.046049553025652404,0.046049553025652404,1.0,0.6515701066141933,0.6515701066141933,-85500.0,-0.15091382530264746,0.15091382530264746,0.0,-0.49588881722985173,0.49588881722985173,16.5,-0.08122504475686262,0.08122504475686262,-9.666666666666686,-1.0900531836481049,1.0900531836481049,-3.466666666666665,-1.3705712344421876,1.3705712344421876,-2.0,-0.3810999805949929,0.3810999805949929,-11.0,-0.5557775936967451,0.5557775936967451,-0.0347784779336435,-1.0584888127278411,1.0584888127278411,-1.0,-0.46338294641941474,0.46338294641941474,3.0,0.8990906657212725,0.8990906657212725,-1.0,-0.04620386557709738,0.04620386557709738
p14,2020-02-14,5446.0,0.7927069127620503,0.7927069127620503,0.0,-0.04493586942166846,0.04493586942166846,1152500.0,0.26681216008970776,0.26681216008970776,6.941273,2.2939032009944036,2.2939032009944036,205.5,0.4571205855943346,0.4571205855943346,26.0,2.022865908824014,2.022865908824014,-8.249999999999998,-3.2308636903011174,3.2308636903011174,,,,-66.0,-2.6936460062602987,2.6936460062602987,,,,,,,,,,,,
p14,2020-02-16,-2642.0,-0.6547918229877067,0.6547918229877067,-1.0,-0.7414418454575302,0.7414418454575302,-2543500.0,-0.9802922357181638,0.9802922357181638,0.0,-0.49588881722985173,0.49588881722985173,-301.5,-0.9870129307445913,0.9870129307445913,-3.0,-0.5081991476720065,0.5081991476720065,,,,,,,,,,,,,,,,,,,,,
p14,2020-02-17,-1512.0,-0.45255720733523075,0.45255720733523075,0.0,-0.04493586942166846,0.04493586942166846,-956500.0,-0.4448066631675436,0.4448066631675436,0.0,-0.49588881722985173,0.49588881722985173,-122.5,-0.4771511961791717,0.4771511961791717,-7.5,-0.9009506219558717,0.9009506219558717,0.9666666666666686,0.35360226123194277,0.35360226123194277,9.0,1.6268805894307237,1.6268805894307237,19.0,0.6103324495197389,0.6103324495197389,-0.054129527706070504,-1.6025667146551446,1.6025667146551446,1.0,0.38864376151305835,0.38864376151305835,5.0,1.5317840971547607,1.5317840971547607,14.0,2.0329700853923143,2.0329700853923143
p14,2020-02-19,-4986.0,-1.0742944239517807,1.0742944239517807,-1.0,-0.7414418454575302,0.7414418454575302,-1211500.0,-0.5308487683977945,0.5308487683977945,0.0,-0.49588881722985173,0.49588881722985173,-177.5,-0.6338126230009486,0.6338126230009486,-18.0,-1.817370728618224,1.817370728618224,0.04166666666666785,-0.006140704970742606,0.006140704970742606,8.0,1.4443369012465674,1.4443369012465674,-6.0,-0.361425919827331,0.361425919827331,-0.020115922263893596,-0.646233528414691,0.646233528414691,-1.0,-0.46338294641941474,0.46338294641941474,4.0,1.2154373814380166,1.2154373814380166,10.0,1.478523698467138,1.478523698467138
p14,2020-02-20,7499.0,1.1601296259784513,1.1601296259784513,1.0,0.6515701066141933,0.6515701066141933,2178500.0,0.613005101133776,0.613005101133776,4.36057,1.2566835683985687,1.2566835683985687,290.5,0.6992336997734445,0.6992336997734445,10.333333333333314,0.6555089242801851,0.6555089242801851,-3.416666666666665,-1.351125668701502,1.351125668701502,-6.0,-1.111274733331617,1.111274733331617,-12.0,-0.5946479284706279,0.5946479284706279,-0.033066709273258,-1.0103603901213065,1.0103603901213065,3.0,1.2406704694455315,1.2406704694455315,3.0,0.8990906657212725,0.8990906657212725,-1.0,-0.04620386557709738,0.04620386557709738
p14,2020-02-21,3896.0,0.5153054488139638,0.5153054488139638,0.0,-0.04493586942166846,0.04493586942166846,3012500.0,0.894413398239773,0.894413398239773,4.213984,1.197768661466739,1.197768661466739,429.5,1.0951598511957537,1.0951598511957537,11.5,0.7573333805760037,0.7573333805760037,-1.8249999999999984,-0.7321084926230078,0.7321084926230078,0.0,-0.01601260422668081,0.01601260422668081,34.0,1.1933874711279808,1.1933874711279808,-0.027538430235249003,-0.8549262149400503,0.8549262149400503,3.0,1.2406704694455315,1.2406704694455315,0.0,-0.04994948142895989,0.04994948142895989,2.0,0.36963092461678493,0.36963092461678493
p14,2020-02-22,-4960.0,-1.0696412381049094,1.0696412381049094,-1.0,-0.7414418454575302,0.7414418454575302,-1443500.0,-0.6091302131562972,0.6091302131562972,3.017062,0.7167094318359478,0.7167094318359478,-239.5,-0.81041277687277,0.81041277687277,27.0,2.1101440142204284,2.1101440142204284,,,,,,,,,,,,,,,,,,,,,
p14,2020-02-23,-4377.0,-0.9653024939231454,0.9653024939231454,-1.0,-0.7414418454575302,0.7414418454575302,-1522500.0,-0.6357863947766494,0.6357863947766494,2.918656,0.6771587221397039,0.6771587221397039,-222.5,-0.761990154036948,0.761990154036948,40.0,3.244759384373817,3.244759384373817,1.3500000000000014,0.5026849319105328,0.5026849319105328,7.0,1.2617932130624114,1.2617932130624114,21.0,0.6880731190675045,0.6880731190675045,-0.051322396948629195,-1.5236408769922964,1.5236408769922964,0.0,-0.03736959245317819,0.03736959245317819,2.0,0.5827439500045284,0.5827439500045284,8.0,1.2013005050045495,1.2013005050045495
p14,2020-02-24,-1548.0,-0.45900008004628307,0.45900008004628307,0.0,-0.04493586942166846,0.04493586942166846,528500.0,0.05626206729097621,0.05626206729097621,0.0,-0.49588881722985173,0.49588881722985173,56.5,0.0327105383862479,0.0327105383862479,-15.0,-1.5555364124289806,1.5555364124289806,1.408333333333335,0.5253714252746662,0.5253714252746662,4.0,0.7141621485099434,0.7141621485099434,4.0,0.027277427911496923,0.027277427911496923,-0.0037296910970620045,-0.18551504654458015,0.18551504654458015,3.0,1.2406704694455315,1.2406704694455315,1.0,0.2663972342877842,0.2663972342877842,7.0,1.0626889082732556,1.0626889082732556
p14,2020-02-25,392.0,-0.1118008283951297,0.1118008283951297,1.0,0.6515701066141933,0.6515701066141933,1706500.0,0.45374285145268417,0.45374285145268417,0.0,-0.49588881722985173,0.49588881722985173,140.5,0.27197526298678,0.27197526298678,-7.0,-0.8573115692576645,0.8573115692576645,-0.591666666666665,-0.252451204352761,0.252451204352761,1.0,0.16653108395747523,0.16653108395747523,-17.0,-0.7889996023400417,0.7889996023400417,0.004797354305012103,0.05423303051374629,0.05423303051374629,-2.0,-0.8893963003856513,0.8893963003856513,1.0,0.2663972342877842,0.2663972342877842,-1.0,-0.04620386557709738,0.04620386557709738
p14,2020-02-26,3514.0,0.44693941060224185,0.44693941060224185,1.0,0.6515701066141933,0.6515701066141933,1416500.0,0.35589104550455575,0.35589104550455575,3.990992,1.1081451440329972,1.1081451440329972,244.5,0.5682077791588673,0.5682077791588673,10.666666666666686,0.6846016260789933,0.6846016260789933,0.8166666666666682,0.2952655640098856,0.2952655640098856,6.0,1.0792495248782554,1.0792495248782554,55.0,2.0096645013795196,2.0096645013795196,-0.009144867175191501,-0.33776919677438955,0.33776919677438955,1.0,0.38864376151305835,0.38864376151305835,2.0,0.5827439500045284,0.5827439500045284,8.0,1.2013005050045495,1.2013005050045495
p14,2020-02-27,-1236.0,-0.4031618498838295,0.4031618498838295,0.0,-0.04493586942166846,0.04493586942166846,-392500.0,-0.2545017715994593,0.2545017715994593,0.0,-0.49588881722985173,0.49588881722985173,-48.5,-0.2663703673644172,0.2663703673644172,-14.5,-1.5118973597307732,1.5118973597307732,,,,,,,,,,,,,,,,,,,,,
p14,2020-02-28,8740.0,1.3822297658233385,1.3822297658233385,1.0,0.6515701066141933,0.6515701066141933,3885500.0,1.1889810761456907,1.1889810761456907,6.491664,2.113199229327854,2.113199229327854,475.5,1.2261857718103306,1.2261857718103306,4.0,0.102747590102895,0.102747590102895,0.7583333333333346,0.2725790706457522,0.2725790706457522,4.0,0.7141621485099434,0.7141621485099434,2.0,-0.05046324163626867,0.05046324163626867,0.015686113538142213,0.3603835157755056,0.3603835157755056,1.0,0.38864376151305835,0.38864376151305835,2.0,0.5827439500045284,0.5827439500045284,6.0,0.9240773115419614,0.9240773115419614
p14,2020-02-29,1953.0,0.1675692911035561,0.1675692911035561,0.0,-0.04493586942166846,0.04493586942166846,2530500.0,0.7317769483535733,0.7317769483535733,4.33389,1.2459605135574432,1.2459605135574432,198.5,0.43718185854429026,0.43718185854429026,6.0,0.277303800895724,0.277303800895724,1.741666666666669,0.6550085302125709,0.6550085302125709,4.0,0.7141621485099434,0.7141621485099434,35.0,1.2322578059018636,1.2322578059018636,0.0010997766377556922,-0.049728786704080284,0.049728786704080284,0.0,-0.03736959245317819,0.03736959245317819,0.0,-0.04994948142895989,0.04994948142895989,3.0,0.508242521348079,0.508242521348079
p14,2020-03-01,-10816.0,-2.117681865769422,2.117681865769422,-2.0,-1.437947821493392,1.437947821493392,-3669500.0,-1.3602271788133107,1.3602271788133107,0.0,-0.49588881722985173,0.49588881722985173,-445.5,-1.397181030059789,1.397181030059789,,,,-0.016666666666663943,-0.0288271983348753,0.0288271983348753,2.0,0.3490747721416313,0.3490747721416313,12.0,0.3382401061025593,0.3382401061025593,-0.007414677626877295,-0.28912284887833545,0.28912284887833545,1.0,0.38864376151305835,0.38864376151305835,-2.0,-0.6826429128624482,0.6826429128624482,0.0,0.09240773115419673,0.09240773115419673
p14,2020-03-02,,,,-2.0,-1.437947821493392,1.437947821493392,-3669500.0,-1.3602271788133107,1.3602271788133107,0.0,-0.49588881722985173,0.49588881722985173,-445.5,-1.397181030059789,1.397181030059789,,,,,,,,,,,,,,,,,,,,,,,,
p14,2020-03-03,10921.0,1.7725604709012588,1.7725604709012588,1.0,0.6515701066141933,0.6515701066141933,4791500.0,1.4946836147284643,1.4946836147284643,7.740578,2.6151547508364485,2.6151547508364485,612.5,1.6164151440754841,1.6164151440754841,8.0,0.451860011688553,0.451860011688553,,,,,,,,,,,,,,,,,,,,,
p14,2020-03-04,1837.0,0.14680892347905414,0.14680892347905414,1.0,0.6515701066141933,0.6515701066141933,2371500.0,0.678127165092358,0.678127165092358,0.0,-0.49588881722985173,0.49588881722985173,213.5,0.4799077022229567,0.4799077022229567,-13.666666666666686,-1.439165605233763,1.439165605233763,-0.8499999999999979,-0.3529199606796369,0.3529199606796369,-12.0,-2.2065368624365536,2.2065368624365536,-20.0,-0.9056106066616901,0.9056106066616901,0.029601908061184498,0.7516427175649866,0.7516427175649866,1.0,0.38864376151305835,0.38864376151305835,-2.0,-0.6826429128624482,0.6826429128624482,-14.0,-1.8481546230839208,1.8481546230839208
p14,2020-03-05,-10648.0,-2.0876151264511775,2.0876151264511775,-2.0,-1.437947821493392,1.437947821493392,-3669500.0,-1.3602271788133107,1.3602271788133107,0.0,-0.49588881722985173,0.49588881722985173,-445.5,-1.397181030059789,1.397181030059789,,,,0.3500000000000014,0.11377361709681919,0.11377361709681919,7.0,1.2617932130624114,1.2617932130624114,21.0,0.6880731190675045,0.6880731190675045,-0.020563240388410703,-0.6588104123327979,0.6588104123327979,-1.0,-0.46338294641941474,0.46338294641941474,3.0,0.8990906657212725,0.8990906657212725,8.0,1.2013005050045495,1.2013005050045495
p14,2020-03-06,5869.0,0.8684106671169152,0.8684106671169152,1.0,0.6515701066141933,0.6515701066141933,1092500.0,0.2465669588590605,0.2465669588590605,0.0,-0.49588881722985173,0.49588881722985173,154.5,0.3118527170868687,0.3118527170868687,-12.666666666666686,-1.3518874998373482,1.3518874998373482,,,,,,,,,,,,,,,,,,,,,
p14,2020-03-07,-10735.0,-2.1031854021695544,2.1031854021695544,-2.0,-1.437947821493392,1.437947821493392,-3669500.0,-1.3602271788133107,1.3602271788133107,0.0,-0.49588881722985173,0.49588881722985173,-445.5,-1.397181030059789,1.397181030059789,,,,-0.5333333333333314,-0.22976471098862764,0.22976471098862764,-8.0,-1.476362109699929,1.476362109699929,-7.0,-0.4002962546012138,0.4002962546012138,0.04864221246973589,1.2869836420363185,1.2869836420363185,-2.0,-0.8893963003856513,0.8893963003856513,-3.0,-0.9989896285791923,0.9989896285791923,-14.0,-1.8481546230839208,1.8481546230839208
p14,2020-03-08,19936.0,3.3859631789606133,3.3859631789606133,2.0,1.348076082650055,1.348076082650055,7328500.0,2.350718206764333,2.350718206764333,8.20296,2.8009923649125072,2.8009923649125072,928.5,2.5165062509060574,2.5165062509060574,1.75,-0.09362814703903763,0.09362814703903763,,,,,,,,,,,,,,,,,,,,,
p14,2020-03-09,7985.0,1.2471084075776577,1.2471084075776577,0.0,-0.04493586942166846,0.04493586942166846,3028500.0,0.8998121185679456,0.8998121185679456,4.285507,1.22651472786111,1.22651472786111,282.5,0.6764465831448224,0.6764465831448224,9.0,0.5391381170849675,0.5391381170849675,-2.5749999999999984,-1.023791978733293,1.023791978733293,-3.0,-0.563643668779149,0.563643668779149,9.0,0.2216291017809109,0.2216291017809109,0.0012492778085308048,-0.045525382532855464,0.045525382532855464,3.0,1.2406704694455315,1.2406704694455315,0.0,-0.04994948142895989,0.04994948142895989,-1.0,-0.04620386557709738,0.04620386557709738
p14,2020-03-10,625.0,-0.07010112445970766,0.07010112445970766,0.0,-0.04493586942166846,0.04493586942166846,-1673500.0,-0.6867368178737784,0.6867368178737784,0.0,-0.49588881722985173,0.49588881722985173,-204.5,-0.7107191416225482,0.7107191416225482,-2.5,-0.46456009497379924,0.46456009497379924,-2.641666666666665,-1.0497193997208738,1.0497193997208738,-7.0,-1.293818421515773,1.293818421515773,6.0,0.10501809745926251,0.10501809745926251,-0.0083429473912877,-0.3152222632141202,0.3152222632141202,-1.0,-0.46338294641941474,0.46338294641941474,4.0,1.2154373814380166,1.2154373814380166,-5.0,-0.6006502525022738,0.6006502525022738
p14,2020-03-12,-10783.0,-2.111775899117624,2.111775899117624,-2.0,-1.437947821493392,1.437947821493392,-3669500.0,-1.3602271788133107,1.3602271788133107,0.0,-0.49588881722985173,0.49588881722985173,-445.5,-1.397181030059789,1.397181030059789,,,,10.025000000000002,3.8764905879194984,3.8764905879194984,7.0,1.2617932130624114,1.2617932130624114,92.0,3.447866888013183,3.447866888013183,-0.03137801064680461,-0.9628806091030466,0.9628806091030466,3.0,1.2406704694455315,1.2406704694455315,0.0,-0.04994948142895989,0.04994948142895989,9.0,1.3399121017358437,1.3399121017358437
p14,2020-03-13,933.0,-0.014978769042926613,0.014978769042926613,0.0,-0.04493586942166846,0.04493586942166846,1290500.0,0.31337612292019645,0.31337612292019645,3.822296,1.0403439274108648,1.0403439274108648,203.5,0.4514238064371791,0.4514238064371791,12.0,0.800972433274211,0.800972433274211,,,,,,,,,,,,,,,,,,,,,
p14,2020-03-14,7183.0,1.1035755210703253,1.1035755210703253,0.0,-0.04493586942166846,0.04493586942166846,4015500.0,1.2328456788120932,1.2328456788120932,10.648367,3.7838346951176045,3.7838346951176045,586.5,1.5423570150324624,1.5423570150324624,3.5,0.05910853740468775,0.05910853740468775,0.8916666666666693,0.3244339126209145,0.3244339126209145,9.0,1.6268805894307237,1.6268805894307237,35.0,1.2322578059018636,1.2322578059018636,-0.004986124525400204,-0.2208411746689377,0.2208411746689377,1.0,0.38864376151305835,0.38864376151305835,2.0,0.5827439500045284,0.5827439500045284,11.0,1.617135295198432,1.617135295198432
p14,2020-03-15,-2802.0,-0.6834268128146059,0.6834268128146059,-1.0,-0.7414418454575302,0.7414418454575302,-669500.0,-0.34796711728094754,0.34796711728094754,5.591484,1.7514046451118015,1.7514046451118015,-3.5,-0.1381928363284179,0.1381928363284179,37.0,2.9829250681845734,2.9829250681845734,,,,,,,,,,,,,,,,,,,,,
p14,2020-03-16,-10974.0,-2.145958918223485,2.145958918223485,-2.0,-1.437947821493392,1.437947821493392,-3669500.0,-1.3602271788133107,1.3602271788133107,0.0,-0.49588881722985173,0.49588881722985173,-445.5,-1.397181030059789,1.397181030059789,,,,-0.841666666666665,-0.3496790330561894,0.3496790330561894,4.0,0.7141621485099434,0.7141621485099434,29.0,0.9990357972585668,0.9990357972585668,-0.006510480087022902,-0.26370025391851143,0.26370025391851143,0.0,-0.03736959245317819,0.03736959245317819,-2.0,-0.6826429128624482,0.6826429128624482,1.0,0.23101932788549084,0.23101932788549084
p14,2020-03-17,-4715.0,-1.02579390993247,1.02579390993247,-1.0,-0.7414418454575302,0.7414418454575302,-1498500.0,-0.6276883142843905,0.6276883142843905,3.709671,0.9950784082398846,0.9950784082398846,-131.5,-0.5027867023863716,0.5027867023863716,43.0,3.5065937005630605,3.5065937005630605,,,,,,,,,,,,,,,,,,,,,
p14,2020-03-18,-8250.0,-1.6584482164205252,1.6584482164205252,-2.0,-1.437947821493392,1.437947821493392,-3669500.0,-1.3602271788133107,1.3602271788133107,0.0,-0.49588881722985173,0.49588881722985173,-445.5,-1.397181030059789,1.397181030059789,,,,2.3000000000000025,0.8721506809835611,0.8721506809835611,7.0,1.2617932130624114,1.2617932130624114,30.0,1.0379061320324496,1.0379061320324496,-0.037215299328152096,-1.1270029598820148,1.1270029598820148,1.0,0.38864376151305835,0.38864376151305835,-1.0,-0.366296197145704,0.366296197145704,6.0,0.9240773115419614,0.9240773115419614
p14,2020-03-19,3326.0,0.41329329755563526,0.41329329755563526,0.0,-0.04493586942166846,0.04493586942166846,1587500.0,0.4135898690119004,0.4135898690119004,6.689281,2.1926241891681344,2.1926241891681344,352.5,0.8758338536452658,0.8758338536452658,31.5,2.5028954885042936,2.5028954885042936,-2.6583333333333314,-1.056201254967769,1.056201254967769,-2.0,-0.3810999805949929,0.3810999805949929,-24.0,-1.0610919457572214,1.0610919457572214,-0.035719552750030595,-1.084948256410637,1.084948256410637,1.0,0.38864376151305835,0.38864376151305835,0.0,-0.04994948142895989,0.04994948142895989,-2.0,-0.1848154623083915,0.1848154623083915
p14,2020-03-20,-8795.0,-1.755986150518401,1.755986150518401,-2.0,-1.437947821493392,1.437947821493392,-3669500.0,-1.3602271788133107,1.3602271788133107,0.0,-0.49588881722985173,0.49588881722985173,-445.5,-1.397181030059789,1.397181030059789,,,,-5.074999999999998,-1.996070265767577,1.996070265767577,-14.0,-2.5716242388048656,2.5716242388048656,-29.0,-1.2554436196266354,1.2554436196266354,-0.011707184488553096,-0.409811811739507,0.409811811739507,-1.0,-0.46338294641941474,0.46338294641941474,-1.0,-0.366296197145704,0.366296197145704,-17.0,-2.263989413277803,2.263989413277803
p14,2020-03-21,7462.0,1.1535077845809807,1.1535077845809807,-1.0,-0.7414418454575302,0.7414418454575302,3137500.0,0.9365909008036215,0.9365909008036215,16.148781,5.994525885930724,5.994525885930724,576.5,1.5138731192466848,1.5138731192466848,39.0,3.1574812789774023,3.1574812789774023,-0.06666666666666288,-0.04827276407556057,0.04827276407556057,-4.0,-0.746187356963305,0.746187356963305,-14.0,-0.6723885980183933,0.6723885980183933,-0.0763423139909355,-2.22710576033779,2.22710576033779,-1.0,-0.46338294641941474,0.46338294641941474,6.0,1.8481308128715048,1.8481308128715048,0.0,0.09240773115419673,0.09240773115419673
p14,2020-03-22,-4132.0,-0.9214551657507059,0.9214551657507059,-1.0,-0.7414418454575302,0.7414418454575302,-1571500.0,-0.6523199757816781,0.6523199757816781,4.929,1.4851433159001024,1.4851433159001024,-119.5,-0.46860602744343843,0.46860602744343843,49.0,4.030262332941548,4.030262332941548,-0.8249999999999975,-0.3431971778092939,0.3431971778092939,3.0,0.5316184603257873,0.5316184603257873,45.0,1.6209611536406916,1.6209611536406916,-0.0503685664835601,-1.4968227929951898,1.4968227929951898,3.0,1.2406704694455315,1.2406704694455315,-2.0,-0.6826429128624482,0.6826429128624482,3.0,0.508242521348079,0.508242521348079
p14,2020-03-23,-5883.0,-1.2348293356688345,1.2348293356688345,-1.0,-0.7414418454575302,0.7414418454575302,-2133500.0,-0.8419500273087408,0.8419500273087408,0.0,-0.49588881722985173,0.49588881722985173,-206.5,-0.7164159207797038,0.7164159207797038,13.0,0.8882505386706255,0.8882505386706255,-7.524999999999999,-2.9489029870611754,2.9489029870611754,,,,-66.0,-2.6936460062602987,2.6936460062602987,,,,,,,,,,,,
p14,2020-03-24,-3241.0,-0.7619940661521607,0.7619940661521607,-1.0,-0.7414418454575302,0.7414418454575302,-1547500.0,-0.6442218952894192,0.6442218952894192,4.696507,1.3917012173552086,1.3917012173552086,-133.5,-0.5084834815435271,0.5084834815435271,34.0,2.72109075199533,2.72109075199533,-0.7333333333333307,-0.3075469739513701,0.3075469739513701,1.0,0.16653108395747523,0.16653108395747523,-9.0,-0.4780369241489794,0.4780369241489794,-0.0003781720913608039,-0.09128308237023088,0.09128308237023088,3.0,1.2406704694455315,1.2406704694455315,1.0,0.2663972342877842,0.2663972342877842,4.0,0.6468541180793732,0.6468541180793732
p14,2020-03-25,-4620.0,-1.0087918847227486,1.0087918847227486,-1.0,-0.7414418454575302,0.7414418454575302,-1599500.0,-0.6617677363559801,0.6617677363559801,4.62132,1.3614825395313817,1.3614825395313817,-169.5,-0.6110255063723266,0.6110255063723266,37.0,2.9829250681845734,2.9829250681845734,1.616666666666669,0.6063946158608567,0.6063946158608567,5.0,0.8967058366940994,0.8967058366940994,-8.0,-0.4391665893750966,0.4391665893750966,-0.034806905039982794,-1.059288074812164,1.059288074812164,2.0,0.8146571154792949,0.8146571154792949,-3.0,-0.9989896285791923,0.9989896285791923,3.0,0.508242521348079,0.508242521348079
p14,2020-03-26,-4103.0,-0.9162650738445804,0.9162650738445804,-1.0,-0.7414418454575302,0.7414418454575302,-1314500.0,-0.5656030305104056,0.5656030305104056,0.0,-0.49588881722985173,0.49588881722985173,-170.5,-0.6138738959509044,0.6138738959509044,-5.0,-0.6827553584648355,0.6827553584648355,-0.008333333333331083,-0.025586270711427873,0.025586270711427873,7.0,1.2617932130624114,1.2617932130624114,3.0,-0.011592906862385875,0.011592906862385875,-0.032980235393928595,-1.007929073609264,1.007929073609264,3.0,1.2406704694455315,1.2406704694455315,-1.0,-0.366296197145704,0.366296197145704,8.0,1.2013005050045495,1.2013005050045495
p14,2020-03-27,8602.0,1.357532087097638,1.357532087097638,2.0,1.348076082650055,1.348076082650055,4955500.0,1.5500204980922336,1.5500204980922336,4.477367,1.3036258711076738,1.3036258711076738,689.5,1.835741141625972,1.835741141625972,9.0,0.5391381170849675,0.5391381170849675,-0.15833333333333144,-0.08392296793348505,0.08392296793348505,-1.0,-0.19855629241083686,0.19855629241083686,-12.0,-0.5946479284706279,0.5946479284706279,-0.0212363704431653,-0.6777362686673175,0.6777362686673175,-1.0,-0.46338294641941474,0.46338294641941474,-2.0,-0.6826429128624482,0.6826429128624482,-5.0,-0.6006502525022738,0.6006502525022738
p14,2020-03-29,16153.0,2.7089246382408643,2.7089246382408643,0.0,-0.04493586942166846,0.04493586942166846,6760500.0,2.1590636351142054,2.1590636351142054,18.920664,7.108583360525297,7.108583360525297,1059.5,2.8896452856997445,2.8896452856997445,11.5,0.7573333805760037,0.7573333805760037,0.14166666666666927,0.03275042651062931,0.03275042651062931,-3.0,-0.563643668779149,0.563643668779149,-3.0,-0.24481491550568266,0.24481491550568266,-0.0023796132654487073,-0.14755599405382738,0.14755599405382738,3.0,1.2406704694455315,1.2406704694455315,-1.0,-0.366296197145704,0.366296197145704,-2.0,-0.1848154623083915,0.1848154623083915
p14,2020-03-30,-9380.0,-1.8606828320730011,1.8606828320730011,-2.0,-1.437947821493392,1.437947821493392,-3669500.0,-1.3602271788133107,1.3602271788133107,0.0,-0.49588881722985173,0.49588881722985173,-445.5,-1.397181030059789,1.397181030059789,,,,-3.849999999999998,-1.5196539051207776,1.5196539051207776,-5.0,-0.9287310451474611,0.9287310451474611,-12.0,-0.5946479284706279,0.5946479284706279,-0.036446581993642896,-1.105389552885829,1.105389552885829,3.0,1.2406704694455315,1.2406704694455315,-2.0,-0.6826429128624482,0.6826429128624482,-5.0,-0.6006502525022738,0.6006502525022738
p15,2020-01-13,-2369.0,-0.776411862461541,0.776411862461541,0.0,0.099610118116267,0.099610118116267,2320000.0,0.003764133859514142,0.003764133859514142,-4.599812,-0.8989985514726279,0.8989985514726279,290.0,0.3542980903797277,0.3542980903797277,-4.5,-0.3942841840305548,0.3942841840305548,-1.1583333333333323,-0.7558117571928499,0.7558117571928499,-5.0,-1.1903061929431002,1.1903061929431002,-5.0,-0.38838721050396824,0.38838721050396824,0.0013230042532520053,0.0491685778252385,0.0491685778252385,-2.0,-0.5983283167042344,0.5983283167042344,-1.0,-0.517147812975281,0.517147812975281,-8.0,-1.1687041523852932,1.1687041523852932
p15,2020-01-14,6300.0,1.624331699961469,1.624331699961469,2.0,1.972280338702086,1.972280338702086,4651000.0,0.2550665185315404,0.2550665185315404,2.3860390000000002,0.5009006602147666,0.5009006602147666,325.0,0.4260033510434398,0.4260033510434398,-8.75,-0.7600409351825845,0.7600409351825845,-1.666666666666666,-1.0035721399817707,1.0035721399817707,-5.0,-1.1903061929431002,1.1903061929431002,2.0,-0.12761294059416084,0.12761294059416084,0.004901165133397299,0.41573869355370924,0.41573869355370924,-4.0,-1.5357093462075353,1.5357093462075353,0.0,0.0,0.0,-9.0,-1.3302603146267897,1.3302603146267897
p15,2020-01-15,-73.0,-0.1405706790120969,0.1405706790120969,1.0,1.0359452284091764,1.0359452284091764,1350000.0,-0.10081043204862206,0.10081043204862206,-4.599812,-0.8989985514726279,0.8989985514726279,132.0,0.030600056526398807,0.030600056526398807,-5.0,-0.43731439004844064,0.43731439004844064,-1.1083333333333325,-0.731441883475907,0.731441883475907,-3.0,-0.7100968275497465,0.7100968275497465,-17.0,-0.8354288160636381,0.8354288160636381,-0.007965247782040899,-0.9023804825832106,0.9023804825832106,-2.0,-0.5983283167042344,0.5983283167042344,2.0,1.034295625950562,1.034295625950562,-3.0,-0.3609233411778108,0.3609233411778108
p15,2020-01-16,4862.0,1.2261001573655192,1.2261001573655192,-1.0,-0.8367249921766423,0.8367249921766423,4447000.0,0.23307351704158186,0.23307351704158186,12.620944999999999,2.551880110119235,2.551880110119235,956.0,1.7187467647235064,1.7187467647235064,15.0,1.2838938506669937,1.2838938506669937,-0.7499999999999991,-0.5567911218378154,0.5567911218378154,1.0,0.2503219032369608,0.2503219032369608,2.0,-0.12761294059416084,0.12761294059416084,0.008028104770264603,0.7360827649795434,0.7360827649795434,-4.0,-1.5357093462075353,1.5357093462075353,2.0,1.034295625950562,1.034295625950562,-1.0,-0.03781101669481779,0.03781101669481779
p15,2020-01-18,-236.0,-0.18571097208799386,0.18571097208799386,-1.0,-0.8367249921766423,0.8367249921766423,1578000.0,-0.07623001861866839,0.07623001861866839,6.734102,1.3722118241756251,1.3722118241756251,422.0,0.6247293591685847,0.6247293591685847,16.0,1.3699542627027654,1.3699542627027654,-0.125,-0.2521677003760282,0.2521677003760282,-2.0,-0.46999214485306967,0.46999214485306967,-26.0,-1.1707100202333904,1.1707100202333904,0.008565289109146397,0.7911154289282436,0.7911154289282436,-1.0,-0.12963780195258398,0.12963780195258398,0.0,0.0,0.0,-3.0,-0.3609233411778108,0.3609233411778108
p15,2020-01-19,1587.0,0.3191402811473444,0.3191402811473444,-1.0,-0.8367249921766423,0.8367249921766423,1540000.0,-0.08032675419032734,0.08032675419032734,6.88157,1.4017630323174988,1.4017630323174988,413.0,0.6062908635693445,0.6062908635693445,13.0,1.1117730265954502,1.1117730265954502,0.45000000000000107,0.028085847368816898,0.028085847368816898,-1.0,-0.22988746215639286,0.22988746215639286,12.0,0.244921730705564,0.244921730705564,-0.0056512086975312945,-0.6653152405713852,0.6653152405713852,1.0,0.8077432275507168,0.8077432275507168,1.0,0.517147812975281,0.517147812975281,1.0,0.2853013077881752,0.2853013077881752
p15,2020-01-21,1289.0,0.23661385576932417,0.23661385576932417,-1.0,-0.8367249921766423,0.8367249921766423,1381000.0,-0.09746835829279502,0.09746835829279502,2.4433670000000003,0.5123886553076501,0.5123886553076501,213.0,0.1965465169195611,0.1965465169195611,29.0,2.4887396191677977,2.4887396191677977,0.18333333333333357,-0.10188681245487956,0.10188681245487956,0.0,0.010217220540283975,0.010217220540283975,-10.0,-0.5746545461538306,0.5746545461538306,0.007242963819014105,0.6556478099835092,0.6556478099835092,-1.0,-0.12963780195258398,0.12963780195258398,2.0,1.034295625950562,1.034295625950562,1.0,0.2853013077881752,0.2853013077881752
p15,2020-01-22,-3136.0,-0.9888204808002709,0.9888204808002709,1.0,1.0359452284091764,1.0359452284091764,409000.0,-0.20225854186259748,0.20225854186259748,-4.599812,-0.8989985514726279,0.8989985514726279,51.0,-0.13534640386676347,0.13534640386676347,-6.666666666666686,-0.5807484101080618,0.5807484101080618,-1.0083333333333329,-0.6827021360420211,0.6827021360420211,-7.0,-1.670515558336454,1.670515558336454,-42.0,-1.7667654943129503,1.7667654943129503,-0.007555577621224101,-0.8604112019132433,0.8604112019132433,-2.0,-0.5983283167042344,0.5983283167042344,3.0,1.5514434389258431,1.5514434389258431,-6.0,-0.8455918279023003,0.8455918279023003
p15,2020-01-23,1330.0,0.24796816261663568,0.24796816261663568,1.0,1.0359452284091764,1.0359452284091764,762000.0,-0.16420202457850255,0.16420202457850255,-4.599812,-0.8989985514726279,0.8989985514726279,-279.0,-0.8114245758389061,0.8114245758389061,-3.0,-0.26519356597689725,0.26519356597689725,-0.8083333333333327,-0.585222641174249,0.585222641174249,0.0,0.010217220540283975,0.010217220540283975,-18.0,-0.8726822831936105,0.8726822831936105,-0.008682564375607896,-0.9758670684370946,0.9758670684370946,0.0,0.33905271279906646,0.33905271279906646,3.0,1.5514434389258431,1.5514434389258431,3.0,0.6084136322711682,0.6084136322711682
p15,2020-01-25,3517.0,0.8536235059110321,0.8536235059110321,2.0,1.972280338702086,1.972280338702086,1333000.0,-0.10264318217278526,0.10264318217278526,-4.599812,-0.8989985514726279,0.8989985514726279,40.0,-0.15788234293250156,0.15788234293250156,-8.5,-0.7385258321736416,0.7385258321736416,-1.8083333333333327,-1.0726201155131092,1.0726201155131092,-8.0,-1.9106202410331306,1.9106202410331306,-30.0,-1.3197238887532803,1.3197238887532803,-0.0035257361283227984,-0.447567981079573,0.447567981079573,-6.0,-2.4730903757108362,2.4730903757108362,-7.0,-3.620034690826967,3.620034690826967,-21.0,-3.2689342615247474,3.2689342615247474
p15,2020-01-26,5766.0,1.4764487766330703,1.4764487766330703,-1.0,-0.8367249921766423,0.8367249921766423,4414000.0,0.22951582562408857,0.22951582562408857,6.789109,1.3832347125735152,1.3832347125735152,444.0,0.6698012373000609,0.6698012373000609,-20.0,-1.7282205705850164,1.7282205705850164,1.158333333333335,0.3733257250255098,0.3733257250255098,5.0,1.2107406340236682,1.2107406340236682,24.0,0.6919633362652339,0.6919633362652339,-0.0089786145725635,-1.0061963796655617,1.0061963796655617,2.0,1.2764337423023673,1.2764337423023673,1.0,0.517147812975281,0.517147812975281,8.0,1.4161944434786506,1.4161944434786506
p15,2020-01-27,-3359.0,-1.0505768326771114,1.0505768326771114,-1.0,-0.8367249921766423,0.8367249921766423,-701000.0,-0.32192634408737186,0.32192634408737186,-4.599812,-0.8989985514726279,0.8989985514726279,-41.0,-0.3238288033256638,0.3238288033256638,12.0,1.0257126145596784,1.0257126145596784,0.05000000000000071,-0.16687314236672735,0.16687314236672735,0.0,0.010217220540283975,0.010217220540283975,19.0,0.5056960006153715,0.5056960006153715,-0.010662972370842398,-1.1787529677355135,1.1787529677355135,1.0,0.8077432275507168,0.8077432275507168,1.0,0.517147812975281,0.517147812975281,2.0,0.4468574700296717,0.4468574700296717
p15,2020-01-30,-1451.0,-0.522186162807103,0.522186162807103,-1.0,-0.8367249921766423,0.8367249921766423,84000.0,-0.23729641188336476,0.23729641188336476,4.920266,1.008736051999806,1.008736051999806,115.0,-0.004228212938832783,0.004228212938832783,7.0,0.5954105543808199,0.5954105543808199,1.3166666666666682,0.45049699179582925,0.45049699179582925,4.0,0.9706359513269913,0.9706359513269913,-7.0,-0.4628941447639132,0.4628941447639132,-0.0054753679540483005,-0.6473009690370868,0.6473009690370868,0.0,0.33905271279906646,0.33905271279906646,1.0,0.517147812975281,0.517147812975281,5.0,0.9315259567541612,0.9315259567541612
p15,2020-01-31,-1238.0,-0.463199154063753,0.463199154063753,-1.0,-0.8367249921766423,0.8367249921766423,-748000.0,-0.326993359136529,0.326993359136529,3.319641,0.6879857703652371,0.6879857703652371,45.0,-0.14763873426625698,0.14763873426625698,16.0,1.3699542627027654,1.3699542627027654,0.7333333333333361,0.16618179843149475,0.16618179843149475,-3.0,-0.7100968275497465,0.7100968275497465,19.0,0.5056960006153715,0.5056960006153715,0.011362894218853802,1.0777203254599954,1.0777203254599954,0.0,0.33905271279906646,0.33905271279906646,1.0,0.517147812975281,0.517147812975281,-2.0,-0.19936717893631428,0.19936717893631428
p15,2020-02-01,-1120.0,-0.4305209050885638,0.4305209050885638,-1.0,-0.8367249921766423,0.8367249921766423,633000.0,-0.17810936375597633,0.17810936375597633,5.682632999999999,1.161507269467296,1.161507269467296,278.0,0.3297134295807407,0.3297134295807407,14.0,1.197833438631222,1.197833438631222,-0.5333333333333332,-0.4511883357310627,0.4511883357310627,-4.0,-0.9502015102464233,0.9502015102464233,-15.0,-0.7609218818036931,0.7609218818036931,0.015754066170347407,1.527580592888011,1.527580592888011,-3.0,-1.0670188314558848,1.0670188314558848,-1.0,-0.517147812975281,0.517147812975281,-8.0,-1.1687041523852932,1.1687041523852932
p15,2020-02-04,4007.0,0.989321319452072,0.989321319452072,-1.0,-0.8367249921766423,0.8367249921766423,8536000.0,0.6739038263182509,0.6739038263182509,2.863297,0.5965387003005775,0.5965387003005775,275.0,0.323567264380994,0.323567264380994,-22.0,-1.9003413946565597,1.9003413946565597,0.05833333333333357,-0.16281149674723708,0.16281149674723708,1.0,0.2503219032369608,0.2503219032369608,-2.0,-0.2766268091140508,0.2766268091140508,-0.011373290807755801,-1.2515226168220688,1.2515226168220688,1.0,0.8077432275507168,0.8077432275507168,2.0,1.034295625950562,1.034295625950562,4.0,0.7699697945126647,0.7699697945126647
p15,2020-02-05,-274.0,-0.19623447599525817,0.19623447599525817,-1.0,-0.8367249921766423,0.8367249921766423,-3328000.0,-0.6051401426860046,0.6051401426860046,-4.599812,-0.8989985514726279,0.8989985514726279,-508.0,-1.280581852752908,1.280581852752908,-17.0,-1.4700393344777012,1.4700393344777012,0.36666666666666714,-0.012530608826088405,0.012530608826088405,4.0,0.9706359513269913,0.9706359513269913,-6.0,-0.4256406776339407,0.4256406776339407,-0.005040807565702798,-0.6027817712752602,0.6027817712752602,0.0,0.33905271279906646,0.33905271279906646,3.0,1.5514434389258431,1.5514434389258431,7.0,1.2546382812371542,1.2546382812371542
p15,2020-02-06,2296.0,0.5154867093118286,0.5154867093118286,-1.0,-0.8367249921766423,0.8367249921766423,3846000.0,0.16828040971087066,0.16828040971087066,8.56543,1.7391928295736865,1.7391928295736865,682.0,1.1573970098133033,1.1573970098133033,2.0,0.16510849420196133,0.16510849420196133,5.6416666666666675,2.5584910683113993,2.5584910683113993,-4.0,-0.9502015102464233,0.9502015102464233,39.0,1.2507653432148211,1.2507653432148211,-0.0005912351081251987,-0.1469385754684229,0.1469385754684229,-4.0,-1.5357093462075353,1.5357093462075353,2.0,1.034295625950562,1.034295625950562,-6.0,-0.8455918279023003,0.8455918279023003
p15,2020-02-07,3541.0,0.8602699294314096,0.8602699294314096,-1.0,-0.8367249921766423,0.8367249921766423,4686000.0,0.25883982761069996,0.25883982761069996,7.066977,1.438916861269952,1.438916861269952,670.0,1.1328123490143163,1.1328123490143163,1.0,0.07904808216618962,0.07904808216618962,-1.4999999999999991,-0.9223392275919605,0.9223392275919605,-5.0,-1.1903061929431002,1.1903061929431002,-23.0,-1.058949618843473,1.058949618843473,-0.010775808185613897,-1.1903126038347784,1.1903126038347784,0.0,0.33905271279906646,0.33905271279906646,-2.0,-1.034295625950562,1.034295625950562,-7.0,-1.0071479901437967,1.0071479901437967
p15,2020-02-08,-3932.0,-1.2092601942261234,1.2092601942261234,-1.0,-0.8367249921766423,0.8367249921766423,-3514000.0,-0.6251925852209669,0.6251925852209669,-1.675484,-0.31299056734651715,0.31299056734651715,-481.0,-1.2252663659551875,1.2252663659551875,3.0,0.2511689062377331,0.2511689062377331,0.24166666666666714,-0.07345529311844592,0.07345529311844592,-4.0,-0.9502015102464233,0.9502015102464233,6.0,0.0214009279257291,0.0214009279257291,0.010692020031814096,1.008991602347802,1.008991602347802,-3.0,-1.0670188314558848,1.0670188314558848,-7.0,-3.620034690826967,3.620034690826967,-14.0,-2.138041125834272,2.138041125834272
p15,2020-02-09,1571.0,0.3147093321337594,0.3147093321337594,-1.0,-0.8367249921766423,0.8367249921766423,3007000.0,0.07782880064187452,0.07782880064187452,3.0158129999999996,0.6271014804356984,0.6271014804356984,186.0,0.14123103012184032,0.14123103012184032,-19.0,-1.6421601585492447,1.6421601585492447,1.125,0.35707914254754697,0.35707914254754697,3.0,0.7305312686303145,0.7305312686303145,-23.0,-1.058949618843473,1.058949618843473,0.0017711005744786013,0.09507448475105158,0.09507448475105158,-2.0,-0.5983283167042344,0.5983283167042344,0.0,0.0,0.0,1.0,0.2853013077881752,0.2853013077881752
p15,2020-02-10,-9140.0,-2.651534098148033,2.651534098148033,-2.0,-1.7730601024695518,1.7730601024695518,-5478000.0,-0.8369291289772344,0.8369291289772344,-4.599812,-0.8989985514726279,0.8989985514726279,-784.0,-1.8460290511296094,1.8460290511296094,,,,0.25,-0.06939364749895566,0.06939364749895566,-4.0,-0.9502015102464233,0.9502015102464233,-19.0,-0.909935750323583,0.909935750323583,0.02368001409629541,2.3395663436110516,2.3395663436110516,-1.0,-0.12963780195258398,0.12963780195258398,2.0,1.034295625950562,1.034295625950562,-3.0,-0.3609233411778108,0.3609233411778108
p15,2020-02-11,1431.0,0.27593852826489085,0.27593852826489085,0.0,0.099610118116267,0.099610118116267,-1433000.0,-0.4008424082572231,0.4008424082572231,-4.599812,-0.8989985514726279,0.8989985514726279,-254.0,-0.7602065325076832,0.7602065325076832,-20.0,-1.7282205705850164,1.7282205705850164,0.5833333333333339,0.09307217728066469,0.09307217728066469,4.0,0.9706359513269913,0.9706359513269913,17.0,0.4311890663554264,0.4311890663554264,0.0121486238640817,1.1582155901029831,1.1582155901029831,1.0,0.8077432275507168,0.8077432275507168,1.0,0.517147812975281,0.517147812975281,6.0,1.0930821189956577,1.0930821189956577
p15,2020-02-12,364.0,-0.019550384078557255,0.019550384078557255,0.0,0.099610118116267,0.099610118116267,-1177000.0,-0.3732433475639418,0.3732433475639418,-4.599812,-0.8989985514726279,0.8989985514726279,-235.0,-0.7212808195759538,0.7212808195759538,-23.5,-2.0294320127102172,2.0294320127102172,-0.6416666666666657,-0.5039897287844388,0.5039897287844388,-4.0,-0.9502015102464233,0.9502015102464233,-10.0,-0.5746545461538306,0.5746545461538306,0.010308056989012708,0.969655926353981,0.969655926353981,0.0,0.33905271279906646,0.33905271279906646,1.0,0.517147812975281,0.517147812975281,-3.0,-0.3609233411778108,0.3609233411778108
p15,2020-02-13,-42.0,-0.13198571529827602,0.13198571529827602,0.0,0.099610118116267,0.099610118116267,-767000.0,-0.32904172692235845,0.32904172692235845,-4.599812,-0.8989985514726279,0.8989985514726279,-127.0,-0.5000188723850707,0.5000188723850707,-9.5,-0.8245862442094134,0.8245862442094134,0.03333333333333499,-0.17499643360570788,0.17499643360570788,0.0,0.010217220540283975,0.010217220540283975,7.0,0.05865439505570159,0.05865439505570159,0.0103895892093964,0.9780086182710744,0.9780086182710744,1.0,0.8077432275507168,0.8077432275507168,1.0,0.517147812975281,0.517147812975281,2.0,0.4468574700296717,0.4468574700296717
p15,2020-02-15,6465.0,1.670025861664064,1.670025861664064,0.0,0.099610118116267,0.099610118116267,3392000.0,0.11933520051262961,0.11933520051262961,5.332758,1.0913955913497517,1.0913955913497517,535.0,0.8562349150257124,0.8562349150257124,2.0,0.16510849420196133,0.16510849420196133,-0.07499999999999929,-0.22779782665908485,0.22779782665908485,0.0,0.010217220540283975,0.010217220540283975,21.0,0.5802029348753164,0.5802029348753164,0.014016831750186205,1.3496069791302876,1.3496069791302876,0.0,0.33905271279906646,0.33905271279906646,-8.0,-4.137182503802248,4.137182503802248,-8.0,-1.1687041523852932,1.1687041523852932
p15,2020-02-16,-6830.0,-2.0118158343117023,2.0118158343117023,-2.0,-1.7730601024695518,1.7730601024695518,-5478000.0,-0.8369291289772344,0.8369291289772344,-4.599812,-0.8989985514726279,0.8989985514726279,-784.0,-1.8460290511296094,1.8460290511296094,,,,1.8666666666666671,0.7185656026822018,0.7185656026822018,2.0,0.49042658593363764,0.49042658593363764,36.0,1.1390049418249037,1.1390049418249037,0.011127495891255106,1.0536045869338289,1.0536045869338289,2.0,1.2764337423023673,1.2764337423023673,-2.0,-1.034295625950562,1.034295625950562,2.0,0.4468574700296717,0.4468574700296717
p15,2020-02-17,894.0,0.1272248019964451,0.1272248019964451,0.0,0.099610118116267,0.099610118116267,2440000.0,0.016701193559489753,0.016701193559489753,1.9584450000000002,0.41521482129231324,0.41521482129231324,372.0,0.5222932725061389,0.5222932725061389,-4.5,-0.3942841840305548,0.3942841840305548,-0.8416666666666659,-0.601469223652211,0.601469223652211,-3.0,-0.7100968275497465,0.7100968275497465,-5.0,-0.38838721050396824,0.38838721050396824,-0.0005268607066058958,-0.14034364231552238,0.14034364231552238,-1.0,-0.12963780195258398,0.12963780195258398,-1.0,-0.517147812975281,0.517147812975281,-5.0,-0.6840356656608038,0.6840356656608038
p15,2020-02-18,3909.0,0.9621817567438641,0.9621817567438641,0.0,0.099610118116267,0.099610118116267,4648000.0,0.254743092039041,0.254743092039041,9.209797,1.868317950527078,1.868317950527078,784.0,1.3663666266046928,1.3663666266046928,-0.5,-0.050042535887467945,0.050042535887467945,1.833333333333334,0.7023190202042399,0.7023190202042399,4.0,0.9706359513269913,0.9706359513269913,15.0,0.35668213209548144,0.35668213209548144,-0.002575552878696097,-0.35022501762825636,0.35022501762825636,1.0,0.8077432275507168,0.8077432275507168,1.0,0.517147812975281,0.517147812975281,6.0,1.0930821189956577,1.0930821189956577
p15,2020-02-19,2083.0,0.4564997005684786,0.4564997005684786,-1.0,-0.8367249921766423,0.8367249921766423,1922000.0,-0.039143780812071635,0.039143780812071635,6.7438590000000005,1.3741670357323037,1.3741670357323037,437.0,0.6554601851673185,0.6554601851673185,11.0,0.9396522025239068,0.9396522025239068,0.8916666666666675,0.24335306520181335,0.24335306520181335,4.0,0.9706359513269913,0.9706359513269913,11.0,0.2076682635755915,0.2076682635755915,-0.0005326648403099973,-0.14093825559169504,0.14093825559169504,1.0,0.8077432275507168,0.8077432275507168,1.0,0.517147812975281,0.517147812975281,6.0,1.0930821189956577,1.0930821189956577
p15,2020-02-22,1158.0,0.20033546072059719,0.20033546072059719,-1.0,-0.8367249921766423,0.8367249921766423,2008000.0,-0.029872221360422446,0.029872221360422446,4.386977,0.9018699234921184,0.9018699234921184,322.0,0.4198571858436931,0.4198571858436931,-1.0,-0.0930727419053538,0.0930727419053538,1.674999999999999,0.6251477534339196,0.6251477534339196,3.0,0.7305312686303145,0.7305312686303145,16.0,0.39393559922545396,0.39393559922545396,-0.0018299145715280005,-0.2738369708898181,0.2738369708898181,1.0,0.8077432275507168,0.8077432275507168,0.0,0.0,0.0,4.0,0.7699697945126647,0.7699697945126647
p15,2020-02-23,6479.0,1.6739029420509508,1.6739029420509508,-1.0,-0.8367249921766423,0.8367249921766423,5596000.0,0.35694586366884834,0.35694586366884834,6.68857,1.363087637171558,1.363087637171558,395.0,0.569413872370864,0.569413872370864,-22.0,-1.9003413946565597,1.9003413946565597,1.8166666666666682,0.6941957289652594,0.6941957289652594,4.0,0.9706359513269913,0.9706359513269913,14.0,0.319428664965509,0.319428664965509,-0.008433225383664596,-0.950323157418604,0.950323157418604,0.0,0.33905271279906646,0.33905271279906646,0.0,0.0,0.0,4.0,0.7699697945126647,0.7699697945126647
p15,2020-02-24,-358.0,-0.2194969583165793,0.2194969583165793,0.0,0.099610118116267,0.099610118116267,-1149000.0,-0.37022470030061416,0.37022470030061416,-4.599812,-0.8989985514726279,0.8989985514726279,-146.0,-0.5389445853168001,0.5389445853168001,-6.0,-0.5233748020842124,0.5233748020842124,-1.541666666666666,-0.9426474556894132,0.9426474556894132,-7.0,-1.670515558336454,1.670515558336454,-4.0,-0.3511337433739957,0.3511337433739957,-0.0080203285717892,-0.9080233175894528,0.9080233175894528,1.0,0.8077432275507168,0.8077432275507168,1.0,0.517147812975281,0.517147812975281,-5.0,-0.6840356656608038,0.6840356656608038
p15,2020-02-26,4285.0,1.066309058563111,1.066309058563111,0.0,0.099610118116267,0.099610118116267,-1433000.0,-0.4008424082572231,0.4008424082572231,-4.599812,-0.8989985514726279,0.8989985514726279,-175.0,-0.5983575155810187,0.5983575155810187,0.5,0.03601787614830377,0.03601787614830377,0.4583333333333339,0.03214749298830717,0.03214749298830717,3.0,0.7305312686303145,0.7305312686303145,15.0,0.35668213209548144,0.35668213209548144,0.003231371829471301,0.24467418718698486,0.24467418718698486,1.0,0.8077432275507168,0.8077432275507168,-2.0,-1.034295625950562,1.034295625950562,2.0,0.4468574700296717,0.4468574700296717
p15,2020-02-27,-2049.0,-0.6877928821898415,0.6877928821898415,-1.0,-0.8367249921766423,0.8367249921766423,-3020000.0,-0.5719350227894006,0.5719350227894006,-4.599812,-0.8989985514726279,0.8989985514726279,-443.0,-1.1474149400917286,1.1474149400917286,-13.0,-1.1257976863346144,1.1257976863346144,-1.3083333333333327,-0.8289213783436791,0.8289213783436791,-2.0,-0.46999214485306967,0.46999214485306967,-4.0,-0.3511337433739957,0.3511337433739957,-0.016545974604269598,-1.7814460499567615,1.7814460499567615,1.0,0.8077432275507168,0.8077432275507168,0.0,0.0,0.0,-1.0,-0.03781101669481779,0.03781101669481779
p15,2020-02-28,3548.0,0.862208469624853,0.862208469624853,1.0,1.0359452284091764,1.0359452284091764,2446000.0,0.017348046544488533,0.017348046544488533,-4.572979,-0.8936214692034515,0.8936214692034515,362.0,0.5018060551736497,0.5018060551736497,-3.0,-0.26519356597689725,0.26519356597689725,-0.6416666666666657,-0.5039897287844388,0.5039897287844388,-5.0,-1.1903061929431002,1.1903061929431002,19.0,0.5056960006153715,0.5056960006153715,0.005701211289906298,0.4977006348982005,0.4977006348982005,1.0,0.8077432275507168,0.8077432275507168,-2.0,-1.034295625950562,1.034295625950562,-6.0,-0.8455918279023003,0.8455918279023003
p15,2020-03-01,1654.0,0.33769488014173143,0.33769488014173143,-1.0,-0.8367249921766423,0.8367249921766423,4556000.0,0.24482467960239304,0.24482467960239304,6.279234000000001,1.2810605307080403,1.2810605307080403,488.0,0.7599449935630133,0.7599449935630133,-11.0,-0.9536768622630709,0.9536768622630709,-0.6416666666666657,-0.5039897287844388,0.5039897287844388,1.0,0.2503219032369608,0.2503219032369608,-12.0,-0.6491614804137756,0.6491614804137756,-0.0035850070954273963,-0.4536400851572378,0.4536400851572378,0.0,0.33905271279906646,0.33905271279906646,0.0,0.0,0.0,1.0,0.2853013077881752,0.2853013077881752
p15,2020-03-02,-2952.0,-0.9378645671440435,0.9378645671440435,0.0,0.099610118116267,0.099610118116267,-3635000.0,-0.6382374537517755,0.6382374537517755,-4.599812,-0.8989985514726279,0.8989985514726279,-514.0,-1.2928741831524015,1.2928741831524015,-5.0,-0.43731439004844064,0.43731439004844064,-2.458333333333332,-1.389428473833368,1.389428473833368,-9.0,-2.1507249237298076,2.1507249237298076,-21.0,-0.984442684583528,0.984442684583528,-0.0005895909040267988,-0.1467701324870086,0.1467701324870086,-1.0,-0.12963780195258398,0.12963780195258398,2.0,1.034295625950562,1.034295625950562,-8.0,-1.1687041523852932,1.1687041523852932
p15,2020-03-17,-983.0,-0.39258090415974245,0.39258090415974245,0.0,0.099610118116267,0.099610118116267,4788000.0,0.2698363283556792,0.2698363283556792,0.7574690000000004,0.17455046190997314,0.17455046190997314,565.0,0.9176965670231799,0.9176965670231799,-3.5,-0.30822377199478307,0.30822377199478307,-0.33333333333333215,-0.3537088408632902,0.3537088408632902,0.0,0.010217220540283975,0.010217220540283975,17.0,0.4311890663554264,0.4311890663554264,-0.009299634194556199,-1.0390837214946957,1.0390837214946957,1.0,0.8077432275507168,0.8077432275507168,2.0,1.034295625950562,1.034295625950562,3.0,0.6084136322711682,0.6084136322711682
p15,2020-03-18,2957.0,0.698540290435558,0.698540290435558,0.0,0.099610118116267,0.099610118116267,5966000.0,0.39683513107710644,0.39683513107710644,5.103422,1.0454388016026557,1.0454388016026557,1113.0,2.0403960768435865,2.0403960768435865,15.0,1.2838938506669937,1.2838938506669937,0.42499999999999893,0.015900910510344354,0.015900910510344354,4.0,0.9706359513269913,0.9706359513269913,31.0,0.9527376061750412,0.9527376061750412,-0.008679556485913197,-0.9755589206174696,0.9755589206174696,2.0,1.2764337423023673,1.2764337423023673,2.0,1.034295625950562,1.034295625950562,8.0,1.4161944434786506,1.4161944434786506
p15,2020-03-20,2377.0,0.5379183886931026,0.5379183886931026,-1.0,-0.8367249921766423,0.8367249921766423,3592000.0,0.1408969666792556,0.1408969666792556,6.744828,1.374361214270627,1.374361214270627,325.0,0.4260033510434398,0.4260033510434398,-12.0,-1.0397372742988427,1.0397372742988427,-0.14999999999999858,-0.26435263723449903,0.26435263723449903,1.0,0.2503219032369608,0.2503219032369608,8.0,0.09590786218567407,0.09590786218567407,-0.015486652570371295,-1.672922198300306,1.672922198300306,0.0,0.33905271279906646,0.33905271279906646,3.0,1.5514434389258431,1.5514434389258431,4.0,0.7699697945126647,0.7699697945126647
p15,2020-03-22,-4124.0,-1.262431582389143,1.262431582389143,0.0,0.099610118116267,0.099610118116267,4240000.0,0.21075708905912394,0.21075708905912394,37.579063,7.553253559596038,7.553253559596038,596.0,0.9812069407538964,0.9812069407538964,0.5,0.03601787614830377,0.03601787614830377,0.30833333333333357,-0.04096212816252203,0.04096212816252203,4.0,0.9706359513269913,0.9706359513269913,13.0,0.2821751978355365,0.2821751978355365,-0.016278222773285597,-1.7540158077295507,1.7540158077295507,0.0,0.33905271279906646,0.33905271279906646,3.0,1.5514434389258431,1.5514434389258431,7.0,1.2546382812371542,1.2546382812371542
p15,2020-03-23,-4679.0,-1.416130126297872,1.416130126297872,-1.0,-0.8367249921766423,0.8367249921766423,-2099000.0,-0.47264308959208773,0.47264308959208773,-4.599812,-0.8989985514726279,0.8989985514726279,-284.0,-0.8216681845051507,0.8216681845051507,-6.0,-0.5233748020842124,0.5233748020842124,-0.9749999999999988,-0.6664555535640587,0.6664555535640587,-7.0,-1.670515558336454,1.670515558336454,-53.0,-2.1765536327426473,2.1765536327426473,-0.0012418325049405946,-0.2135900120672092,0.2135900120672092,-5.0,-2.0043998609591855,2.0043998609591855,1.0,0.517147812975281,0.517147812975281,-11.0,-1.6533726391097827,1.6533726391097827
p15,2020-03-26,-9412.0,-2.7268602313789776,2.7268602313789776,-1.0,-0.8367249921766423,0.8367249921766423,1364000.0,-0.09930110841695823,0.09930110841695823,27.474625000000003,5.528418676810226,5.528418676810226,-246.0,-0.7438167586416918,0.7438167586416918,17.0,1.456014674738537,1.456014674738537,0.1416666666666675,-0.12219504055233177,0.12219504055233177,-1.0,-0.22988746215639286,0.22988746215639286,13.0,0.2821751978355365,0.2821751978355365,-0.0078545823172943,-0.8910431912824186,0.8910431912824186,1.0,0.8077432275507168,0.8077432275507168,1.0,0.517147812975281,0.517147812975281,1.0,0.2853013077881752,0.2853013077881752
p15,2020-03-27,-4512.0,-1.3698820959685787,1.3698820959685787,-1.0,-0.8367249921766423,0.8367249921766423,-2611000.0,-0.5278412109786503,0.5278412109786503,-4.599812,-0.8989985514726279,0.8989985514726279,-377.0,-1.0121993056973,1.0121993056973,-4.0,-0.35125397801266894,0.35125397801266894,1.1666666666666679,0.37738737064500005,0.37738737064500005,3.0,0.7305312686303145,0.7305312686303145,3.0,-0.09035947346418835,0.09035947346418835,-0.002070584236625296,-0.29849273957718514,0.29849273957718514,1.0,0.8077432275507168,0.8077432275507168,1.0,0.517147812975281,0.517147812975281,5.0,0.9315259567541612,0.9315259567541612
p15,2020-03-28,-6907.0,-2.03313977643958,2.03313977643958,-1.0,-0.8367249921766423,0.8367249921766423,2403000.0,0.01271226681866394,0.01271226681866394,34.118516,6.859792302362355,6.859792302362355,736.0,1.2680279834087447,1.2680279834087447,40.0,3.4354041515612863,3.4354041515612863,-0.216666666666665,-0.29684580219042295,0.29684580219042295,1.0,0.2503219032369608,0.2503219032369608,-46.0,-1.9157793628328401,1.9157793628328401,0.004185842983867004,0.3424564315426698,0.3424564315426698,-1.0,-0.12963780195258398,0.12963780195258398,0.0,0.0,0.0,0.0,0.1237451455466787,0.1237451455466787
p15,2020-03-29,308.0,-0.03505870562610467,0.03505870562610467,1.0,1.0359452284091764,1.0359452284091764,-2100000.0,-0.4727508984229209,0.4727508984229209,-4.599812,-0.8989985514726279,0.8989985514726279,-323.0,-0.9015683321018585,0.9015683321018585,-4.333333333333314,-0.3799407820245912,0.3799407820245912,1.5250000000000004,0.5520381322830913,0.5520381322830913,4.0,0.9706359513269913,0.9706359513269913,10.0,0.17041479644561905,0.17041479644561905,-0.0157216149763863,-1.6969932781789903,1.6969932781789903,1.0,0.8077432275507168,0.8077432275507168,1.0,0.517147812975281,0.517147812975281,6.0,1.0930821189956577,1.0930821189956577
p15,2020-03-30,-8247.0,-2.4042317563273214,2.4042317563273214,-1.0,-0.8367249921766423,0.8367249921766423,2250000.0,-0.0037824842988049647,0.0037824842988049647,26.958414,5.424974819796333,5.424974819796333,251.0,0.27439794278301993,0.27439794278301993,23.0,1.9723771469531672,1.9723771469531672,0.7250000000000014,0.16212015281200362,0.16212015281200362,3.0,0.7305312686303145,0.7305312686303145,1.0,-0.16486640772413333,0.16486640772413333,-0.0039296881253605,-0.4889514557926621,0.4889514557926621,1.0,0.8077432275507168,0.8077432275507168,-1.0,-0.517147812975281,0.517147812975281,3.0,0.6084136322711682,0.6084136322711682
p16,2020-01-09,-1224.0,-0.9899668785253335,0.9899668785253335,0.0,-0.3681050869161551,0.3681050869161551,0.0,-0.3555054524994455,0.3555054524994455,,,,0.0,-0.35310109707543363,0.35310109707543363,,,,-0.6333333333333329,-0.43123984200912824,0.43123984200912824,-4.0,-0.7519748828280145,0.7519748828280145,12.0,0.40584512828808705,0.40584512828808705,-3.713327131070476e-05,-0.2866847663281,0.2866847663281,-1.0,-0.5342772602358195,0.5342772602358195,-3.0,-1.2579863984901274,1.2579863984901274,-7.0,-0.9806616150458064,0.9806616150458064
p16,2020-01-10,251.0,-0.19253165316943352,0.19253165316943352,1.0,2.650356625796317,2.650356625796317,922000.0,1.633073582035038,1.633073582035038,,,,94.0,1.721367848242739,1.721367848242739,4.0,0.9344877349289686,0.9344877349289686,1.25,0.6126129208060691,0.6126129208060691,2.0,0.3970053729216218,0.3970053729216218,16.0,0.5447983663658454,0.5447983663658454,0.004145311125967208,-0.06455787684780956,0.06455787684780956,0.0,-0.05807361524302352,0.05807361524302352,0.0,0.4058020640290725,0.4058020640290725,3.0,0.3595759255167964,0.3595759255167964
p16,2020-01-11,-229.0,-0.4520359976920315,0.4520359976920315,0.0,-0.3681050869161551,0.3681050869161551,0.0,-0.3555054524994455,0.3555054524994455,,,,0.0,-0.35310109707543363,0.35310109707543363,,,,-2.125,-1.2580081806990415,1.2580081806990415,-8.0,-1.5179617199944386,1.5179617199944386,-50.0,-1.7479300619171674,1.7479300619171674,0.0727851961971745,3.580861575727592,3.580861575727592,-2.0,-1.0104809052286154,1.0104809052286154,-5.0,-2.3671787068362606,2.3671787068362606,-14.0,-1.9188278934396283,1.9188278934396283
p16,2020-01-12,-589.0,-0.6466642560839799,0.6466642560839799,0.0,-0.3681050869161551,0.3681050869161551,0.0,-0.3555054524994455,0.3555054524994455,,,,0.0,-0.35310109707543363,0.35310109707543363,,,,10.791666666666666,5.901158997900764,5.901158997900764,0.0,0.014011954338409701,0.014011954338409701,107.0,3.7059845326348477,3.7059845326348477,-0.0025119994947580965,-0.41812329458492276,0.41812329458492276,-1.0,-0.5342772602358195,0.5342772602358195,0.0,0.4058020640290725,0.4058020640290725,0.0,-0.042495336651984406,0.042495336651984406
p16,2020-01-13,-977.0,-0.8564302679064133,0.8564302679064133,0.0,-0.3681050869161551,0.3681050869161551,0.0,-0.3555054524994455,0.3555054524994455,,,,0.0,-0.35310109707543363,0.35310109707543363,,,,-0.4249999999999998,-0.31576940364461537,0.31576940364461537,-2.0,-0.3689814642448024,0.3689814642448024,-9.0,-0.3236593716201443,0.3236593716201443,0.015614870878529002,0.5445829483602951,0.5445829483602951,-1.0,-0.5342772602358195,0.5342772602358195,-2.0,-0.7033902443170607,0.7033902443170607,-4.0,-0.5785903528770255,0.5785903528770255
p16,2020-01-14,-1145.0,-0.9472567884893226,0.9472567884893226,0.0,-0.3681050869161551,0.3681050869161551,0.0,-0.3555054524994455,0.3555054524994455,,,,0.0,-0.35310109707543363,0.35310109707543363,,,,0.15000000000000036,0.0029290062414406106,0.0029290062414406106,4.0,0.7799987915048339,0.7799987915048339,-17.0,-0.601565847775661,0.601565847775661,-0.009336647592991104,-0.7805758964281667,0.7805758964281667,1.0,0.41813002974977237,0.41813002974977237,0.0,0.4058020640290725,0.4058020640290725,6.0,0.7616471876855773,0.7616471876855773
p16,2020-01-15,-1011.0,-0.8748118256434307,0.8748118256434307,0.0,-0.3681050869161551,0.3681050869161551,0.0,-0.3555054524994455,0.3555054524994455,,,,0.0,-0.35310109707543363,0.35310109707543363,,,,-0.7666666666666666,-0.5051409225624167,0.5051409225624167,-2.0,-0.3689814642448024,0.3689814642448024,7.0,0.2321535806908891,0.2321535806908891,0.020366151765746104,0.7969203721910995,0.7969203721910995,0.0,-0.05807361524302352,0.05807361524302352,-1.0,-0.1487940901439941,0.1487940901439941,-2.0,-0.31054284476450494,0.31054284476450494
p16,2020-01-16,-633.0,-0.6704521543318848,0.6704521543318848,0.0,-0.3681050869161551,0.3681050869161551,0.0,-0.3555054524994455,0.3555054524994455,,,,0.0,-0.35310109707543363,0.35310109707543363,,,,-1.2249999999999996,-0.7591758869643452,0.7591758869643452,-3.0,-0.5604781735364085,0.5604781735364085,-5.0,-0.18470613354238596,0.18470613354238596,-0.013926002673285393,-1.0243135464420712,1.0243135464420712,0.0,-0.05807361524302352,0.05807361524302352,1.0,0.9603982182021391,0.9603982182021391,-1.0,-0.17651909070824467,0.17651909070824467
p16,2020-01-17,951.0,0.18591218259268852,0.18591218259268852,1.0,2.650356625796317,2.650356625796317,921000.0,1.630916771802354,1.630916771802354,,,,87.0,1.566886118272237,1.566886118272237,-4.0,-0.8454889030309705,0.8454889030309705,0.3000000000000007,0.08606772186389017,0.08606772186389017,4.0,0.7799987915048339,0.7799987915048339,10.0,0.33636850924920786,0.33636850924920786,0.02331148327877519,0.9533450046149592,0.9533450046149592,0.0,-0.05807361524302352,0.05807361524302352,-3.0,-1.2579863984901274,1.2579863984901274,2.0,0.22555217146053613,0.22555217146053613
p16,2020-01-19,-709.0,-0.7115403422146295,0.7115403422146295,0.0,-0.3681050869161551,0.3681050869161551,0.0,-0.3555054524994455,0.3555054524994455,,,,0.0,-0.35310109707543363,0.35310109707543363,,,,-1.0749999999999993,-0.6760371713418957,0.6760371713418957,-2.0,-0.3689814642448024,0.3689814642448024,-18.0,-0.6363041572951006,0.6363041572951006,-0.015844602474600303,-1.1262091284373639,1.1262091284373639,-1.0,-0.5342772602358195,0.5342772602358195,1.0,0.9603982182021391,0.9603982182021391,-1.0,-0.17651909070824467,0.17651909070824467
p16,2020-01-20,137.0,-0.25416393499355056,0.25416393499355056,1.0,2.650356625796317,2.650356625796317,1075000.0,1.9630655476356627,1.9630655476356627,,,,96.0,1.7655054853771681,1.7655054853771681,-1.0,-0.17799766379599327,0.17799766379599327,-0.833333333333333,-0.5420914628390608,0.5420914628390608,-1.0,-0.17748475495319635,0.17748475495319635,-34.0,-1.192117109606134,1.192117109606134,-0.015687112013511195,-1.1178449129400083,1.1178449129400083,0.0,-0.05807361524302352,0.05807361524302352,-1.0,-0.1487940901439941,0.1487940901439941,-1.0,-0.17651909070824467,0.17651909070824467
p16,2020-01-21,2782.0,1.175813130136182,1.175813130136182,0.0,-0.3681050869161551,0.3681050869161551,0.0,-0.3555054524994455,0.3555054524994455,,,,0.0,-0.35310109707543363,0.35310109707543363,,,,-2.5166666666666666,-1.475092604824326,1.475092604824326,-7.0,-1.3264650107028326,1.3264650107028326,-45.0,-1.5742385143199695,1.5742385143199695,0.005874933477482899,0.027301236250696834,0.027301236250696834,-2.0,-1.0104809052286154,1.0104809052286154,-3.0,-1.2579863984901274,1.2579863984901274,-11.0,-1.5167566312708474,1.5167566312708474
p16,2020-01-22,292.0,-0.17036565707479495,0.17036565707479495,0.0,-0.3681050869161551,0.3681050869161551,0.0,-0.3555054524994455,0.3555054524994455,,,,0.0,-0.35310109707543363,0.35310109707543363,,,,0.8083333333333336,0.3678155914733016,0.3678155914733016,3.0,0.5885020822132279,0.5885020822132279,20.0,0.6837516044436037,0.6837516044436037,-0.007395208702611802,-0.6774673453338136,0.6774673453338136,1.0,0.41813002974977237,0.41813002974977237,-3.0,-1.2579863984901274,1.2579863984901274,2.0,0.22555217146053613,0.22555217146053613
p16,2020-01-24,-1036.0,-0.8883276769206493,0.8883276769206493,0.0,-0.3681050869161551,0.3681050869161551,0.0,-0.3555054524994455,0.3555054524994455,,,,0.0,-0.35310109707543363,0.35310109707543363,,,,1.0999999999999996,0.5294742051836195,0.5294742051836195,3.0,0.5885020822132279,0.5885020822132279,17.0,0.579536675885285,0.579536675885285,0.012535269412804903,0.38102732646955334,0.38102732646955334,0.0,-0.05807361524302352,0.05807361524302352,-1.0,-0.1487940901439941,0.1487940901439941,3.0,0.3595759255167964,0.3595759255167964
p16,2020-01-25,142.0,-0.2514607647381068,0.2514607647381068,0.0,-0.3681050869161551,0.3681050869161551,0.0,-0.3555054524994455,0.3555054524994455,,,,0.0,-0.35310109707543363,0.35310109707543363,,,,-1.2416666666666663,-0.7684135220335062,0.7684135220335062,1.0,0.20550866363001574,0.20550866363001574,-9.0,-0.3236593716201443,0.3236593716201443,-0.005624753324469503,-0.5834396168680502,0.5834396168680502,1.0,0.41813002974977237,0.41813002974977237,0.0,0.4058020640290725,0.4058020640290725,3.0,0.3595759255167964,0.3595759255167964
p16,2020-01-26,-1081.0,-0.9126562092196429,0.9126562092196429,0.0,-0.3681050869161551,0.3681050869161551,0.0,-0.3555054524994455,0.3555054524994455,,,,0.0,-0.35310109707543363,0.35310109707543363,,,,-0.4499999999999993,-0.32962585624835666,0.32962585624835666,-3.0,-0.5604781735364085,0.5604781735364085,-6.0,-0.21944444306182553,0.21944444306182553,-0.005533213542112295,-0.5785779988314917,0.5785779988314917,-3.0,-1.4866845502214112,1.4866845502214112,-1.0,-0.1487940901439941,0.1487940901439941,-6.0,-0.8466378609895461,0.8466378609895461
p16,2020-01-27,280.0,-0.1768532656878599,0.1768532656878599,0.0,-0.3681050869161551,0.3681050869161551,0.0,-0.3555054524994455,0.3555054524994455,,,,0.0,-0.35310109707543363,0.35310109707543363,,,,-0.27499999999999947,-0.23263068802216583,0.23263068802216583,1.0,0.20550866363001574,0.20550866363001574,-5.0,-0.18470613354238596,0.18470613354238596,0.005069454139327106,-0.015477245165968524,0.015477245165968524,-2.0,-1.0104809052286154,1.0104809052286154,0.0,0.4058020640290725,0.4058020640290725,0.0,-0.042495336651984406,0.042495336651984406
p16,2020-01-28,-884.0,-0.80615130115516,0.80615130115516,0.0,-0.3681050869161551,0.3681050869161551,0.0,-0.3555054524994455,0.3555054524994455,,,,0.0,-0.35310109707543363,0.35310109707543363,,,,-2.125,-1.2580081806990415,1.2580081806990415,-6.0,-1.1349683014112266,1.1349683014112266,-24.0,-0.8447340144117381,0.8447340144117381,0.014082077160294207,0.4631772753839808,0.4631772753839808,-3.0,-1.4866845502214112,1.4866845502214112,-1.0,-0.1487940901439941,0.1487940901439941,-9.0,-1.248709123158327,1.248709123158327
p16,2020-01-29,288.0,-0.17252819327914992,0.17252819327914992,0.0,-0.3681050869161551,0.3681050869161551,0.0,-0.3555054524994455,0.3555054524994455,,,,0.0,-0.35310109707543363,0.35310109707543363,,,,-0.8583333333333334,-0.5559479154428025,0.5559479154428025,-2.0,-0.3689814642448024,0.3689814642448024,-33.0,-1.1573788000866945,1.1573788000866945,-0.019111745902196803,-1.2997249813989264,1.2997249813989264,2.0,0.8943336747425683,0.8943336747425683,1.0,0.9603982182021391,0.9603982182021391,2.0,0.22555217146053613,0.22555217146053613
p16,2020-02-01,-621.0,-0.6639645457188198,0.6639645457188198,0.0,-0.3681050869161551,0.3681050869161551,0.0,-0.3555054524994455,0.3555054524994455,,,,0.0,-0.35310109707543363,0.35310109707543363,,,,-0.7583333333333329,-0.500522105027836,0.500522105027836,0.0,0.014011954338409701,0.014011954338409701,-6.0,-0.21944444306182553,0.21944444306182553,0.027390973255035506,1.1700040520568074,1.1700040520568074,3.0,1.3705373197353643,1.3705373197353643,0.0,0.4058020640290725,0.4058020640290725,4.0,0.49359967957305667,0.49359967957305667
p16,2020-02-02,-466.0,-0.5801662678000642,0.5801662678000642,0.0,-0.3681050869161551,0.3681050869161551,0.0,-0.3555054524994455,0.3555054524994455,,,,0.0,-0.35310109707543363,0.35310109707543363,,,,-1.0166666666666666,-0.6437054485998324,0.6437054485998324,0.0,0.014011954338409701,0.014011954338409701,-12.0,-0.42787430017846306,0.42787430017846306,0.013088941480434407,0.41043248825836426,0.41043248825836426,-1.0,-0.5342772602358195,0.5342772602358195,-1.0,-0.1487940901439941,0.1487940901439941,-1.0,-0.17651909070824467,0.17651909070824467
p16,2020-02-04,-1249.0,-1.0034827298025522,1.0034827298025522,0.0,-0.3681050869161551,0.3681050869161551,0.0,-0.3555054524994455,0.3555054524994455,,,,0.0,-0.35310109707543363,0.35310109707543363,,,,-0.4166666666666661,-0.3111505861100346,0.3111505861100346,-1.0,-0.17748475495319635,0.17748475495319635,-18.0,-0.6363041572951006,0.6363041572951006,-0.003192082218270692,-0.4542420437215414,0.4542420437215414,2.0,0.8943336747425683,0.8943336747425683,0.0,0.4058020640290725,0.4058020640290725,2.0,0.22555217146053613,0.22555217146053613
p16,2020-02-07,745.0,0.07454156806840688,0.07454156806840688,0.0,-0.3681050869161551,0.3681050869161551,0.0,-0.3555054524994455,0.3555054524994455,,,,0.0,-0.35310109707543363,0.35310109707543363,,,,0.41666666666666785,0.15073116734801772,0.15073116734801772,2.0,0.3970053729216218,0.3970053729216218,-22.0,-0.775257395372859,0.775257395372859,-0.005074731174256192,-0.5542282998086628,0.5542282998086628,2.0,0.8943336747425683,0.8943336747425683,0.0,0.4058020640290725,0.4058020640290725,5.0,0.6276234336293169,0.6276234336293169
p16,2020-02-10,-1501.0,-1.1397225106769162,1.1397225106769162,0.0,-0.3681050869161551,0.3681050869161551,0.0,-0.3555054524994455,0.3555054524994455,,,,0.0,-0.35310109707543363,0.35310109707543363,,,,,,,,,,,,,,,,,,,,,,,,
p16,2020-02-11,136.0,-0.2547045690446393,0.2547045690446393,0.0,-0.3681050869161551,0.3681050869161551,0.0,-0.3555054524994455,0.3555054524994455,,,,0.0,-0.35310109707543363,0.35310109707543363,,,,20.241666666666667,11.138898082115073,11.138898082115073,4.0,0.7799987915048339,0.7799987915048339,253.0,8.777777722473028,8.777777722473028,0.013504451490609401,0.43249995343929165,0.43249995343929165,6.0,2.799148254713752,2.799148254713752,-1.0,-0.1487940901439941,0.1487940901439941,10.0,1.2977422039106183,1.2977422039106183
p16,2020-02-12,-786.0,-0.7531691641484629,0.7531691641484629,0.0,-0.3681050869161551,0.3681050869161551,0.0,-0.3555054524994455,0.3555054524994455,,,,0.0,-0.35310109707543363,0.35310109707543363,,,,-1.3249999999999993,-0.8146016973793112,0.8146016973793112,-3.0,-0.5604781735364085,0.5604781735364085,-36.0,-1.2615937286450132,1.2615937286450132,0.013342978860220303,0.42392424753202973,0.42392424753202973,-2.0,-1.0104809052286154,1.0104809052286154,-1.0,-0.1487940901439941,0.1487940901439941,-5.0,-0.7126141069332858,0.7126141069332858
p16,2020-02-13,91.0,-0.27903310134363285,0.27903310134363285,0.0,-0.3681050869161551,0.3681050869161551,0.0,-0.3555054524994455,0.3555054524994455,,,,0.0,-0.35310109707543363,0.35310109707543363,,,,-1.3499999999999996,-0.828458149983053,0.828458149983053,-3.0,-0.5604781735364085,0.5604781735364085,-28.0,-0.9836872524894965,0.9836872524894965,-0.0135295197103915,-1.0032565953115626,1.0032565953115626,0.0,-0.05807361524302352,0.05807361524302352,0.0,0.4058020640290725,0.4058020640290725,-2.0,-0.31054284476450494,0.31054284476450494
p16,2020-02-16,-1056.0,-0.8991403579424243,0.8991403579424243,0.0,-0.3681050869161551,0.3681050869161551,0.0,-0.3555054524994455,0.3555054524994455,,,,0.0,-0.35310109707543363,0.35310109707543363,,,,-2.533333333333333,-1.484330239893487,1.484330239893487,-6.0,-1.1349683014112266,1.1349683014112266,-35.0,-1.2268554191255736,1.2268554191255736,-0.029768070376403194,-1.8656754122734467,1.8656754122734467,0.0,-0.05807361524302352,0.05807361524302352,2.0,1.5149943723752057,1.5149943723752057,-3.0,-0.4445665988207652,0.4445665988207652
p16,2020-02-17,119.0,-0.26389534791314795,0.26389534791314795,0.0,-0.3681050869161551,0.3681050869161551,0.0,-0.3555054524994455,0.3555054524994455,,,,0.0,-0.35310109707543363,0.35310109707543363,,,,1.5583333333333318,0.7835091695855475,0.7835091695855475,-3.0,-0.5604781735364085,0.5604781735364085,15.0,0.5100600568464058,0.5100600568464058,0.0423491982594528,1.964425609589049,1.964425609589049,-1.0,-0.5342772602358195,0.5342772602358195,-1.0,-0.1487940901439941,0.1487940901439941,-4.0,-0.5785903528770255,0.5785903528770255
p16,2020-02-18,-910.0,-0.8202077864834674,0.8202077864834674,0.0,-0.3681050869161551,0.3681050869161551,0.0,-0.3555054524994455,0.3555054524994455,,,,0.0,-0.35310109707543363,0.35310109707543363,,,,-2.425,-1.4242856119439402,1.4242856119439402,-6.0,-1.1349683014112266,1.1349683014112266,-46.0,-1.608976823839409,1.608976823839409,-0.012089921572680198,-0.9268004787306584,0.9268004787306584,2.0,0.8943336747425683,0.8943336747425683,2.0,1.5149943723752057,1.5149943723752057,-1.0,-0.17651909070824467,0.17651909070824467
p16,2020-02-20,-694.0,-0.7034308314482983,0.7034308314482983,0.0,-0.3681050869161551,0.3681050869161551,0.0,-0.3555054524994455,0.3555054524994455,,,,0.0,-0.35310109707543363,0.35310109707543363,,,,-0.34999999999999964,-0.2742000458333906,0.2742000458333906,-1.0,-0.17748475495319635,0.17748475495319635,3.0,0.09320034261313075,0.09320034261313075,-0.0029511095650156943,-0.44144414353853306,0.44144414353853306,1.0,0.41813002974977237,0.41813002974977237,0.0,0.4058020640290725,0.4058020640290725,1.0,0.09152841740427586,0.09152841740427586
p16,2020-02-22,5595.0,2.696616715848824,2.696616715848824,2.0,5.668818338508788,5.668818338508788,3278000.0,6.714518490238122,6.714518490238122,,,,372.0,7.856499409928398,7.856499409928398,4.5,1.045736274801465,1.045736274801465,0.2833333333333332,0.07683008679472866,0.07683008679472866,-8.0,-1.5179617199944386,1.5179617199944386,-21.0,-0.7405190858534194,0.7405190858534194,0.02877053376145941,1.2432716092636018,1.2432716092636018,-3.0,-1.4866845502214112,1.4866845502214112,-1.0,-0.1487940901439941,0.1487940901439941,-11.0,-1.5167566312708474,1.5167566312708474
p16,2020-02-27,-990.0,-0.863458510570567,0.863458510570567,0.0,-0.3681050869161551,0.3681050869161551,0.0,-0.3555054524994455,0.3555054524994455,,,,0.0,-0.35310109707543363,0.35310109707543363,,,,-1.625,-0.9808791286242103,0.9808791286242103,-8.0,-1.5179617199944386,1.5179617199944386,-27.0,-0.9489489429700569,0.9489489429700569,0.021881840610091213,0.8774176164900257,0.8774176164900257,-2.0,-1.0104809052286154,1.0104809052286154,-1.0,-0.1487940901439941,0.1487940901439941,-10.0,-1.3827328772145873,1.3827328772145873
p16,2020-02-28,151.0,-0.2465950582783081,0.2465950582783081,0.0,-0.3681050869161551,0.3681050869161551,0.0,-0.3555054524994455,0.3555054524994455,,,,0.0,-0.35310109707543363,0.35310109707543363,,,,-0.6583333333333332,-0.44509629461287,0.44509629461287,-3.0,-0.5604781735364085,0.5604781735364085,-18.0,-0.6363041572951006,0.6363041572951006,0.0335219636914286,1.4956169486575974,1.4956169486575974,3.0,1.3705373197353643,1.3705373197353643,-2.0,-0.7033902443170607,0.7033902443170607,-1.0,-0.17651909070824467,0.17651909070824467
p16,2020-03-05,-1090.0,-0.9175219156794416,0.9175219156794416,0.0,-0.3681050869161551,0.3681050869161551,0.0,-0.3555054524994455,0.3555054524994455,,,,0.0,-0.35310109707543363,0.35310109707543363,,,,-0.16666666666666607,-0.17258606007261904,0.17258606007261904,-3.0,-0.5604781735364085,0.5604781735364085,8.0,0.26689189021032866,0.26689189021032866,0.011788977306218695,0.34139224025356496,0.34139224025356496,-1.0,-0.5342772602358195,0.5342772602358195,-8.0,-4.03096716935546,4.03096716935546,-11.0,-1.5167566312708474,1.5167566312708474
p16,2020-03-06,157.0,-0.24335125397177562,0.24335125397177562,0.0,-0.3681050869161551,0.3681050869161551,0.0,-0.3555054524994455,0.3555054524994455,,,,0.0,-0.35310109707543363,0.35310109707543363,,,,2.0666666666666664,1.0652570391949598,1.0652570391949598,6.0,1.162992210088046,1.162992210088046,4.0,0.12793865213257033,0.12793865213257033,0.015987881754499708,0.5643933122890104,0.5643933122890104,-2.0,-1.0104809052286154,1.0104809052286154,-3.0,-1.2579863984901274,1.2579863984901274,2.0,0.22555217146053613,0.22555217146053613
p16,2020-03-08,-597.0,-0.65098932849269,0.65098932849269,0.0,-0.3681050869161551,0.3681050869161551,0.0,-0.3555054524994455,0.3555054524994455,,,,0.0,-0.35310109707543363,0.35310109707543363,,,,4.6,2.469377569707438,2.469377569707438,-8.5,-1.6137100746402417,1.6137100746402417,18.0,0.6142749854047246,0.6142749854047246,0.036798352394923295,1.6696238121820237,1.6696238121820237,0.0,-0.05807361524302352,0.05807361524302352,-1.0,-0.1487940901439941,0.1487940901439941,-8.5,-1.1816972461301967,1.1816972461301967
p16,2020-03-11,306.0,-0.1627967803595525,0.1627967803595525,0.0,-0.3681050869161551,0.3681050869161551,0.0,-0.3555054524994455,0.3555054524994455,,,,0.0,-0.35310109707543363,0.35310109707543363,,,,-0.8166666666666664,-0.5328538277698998,0.5328538277698998,-3.0,-0.5604781735364085,0.5604781735364085,-18.0,-0.6363041572951006,0.6363041572951006,0.0344837988245697,1.5466993841961416,1.5466993841961416,2.0,0.8943336747425683,0.8943336747425683,-2.0,-0.7033902443170607,0.7033902443170607,-2.0,-0.31054284476450494,0.31054284476450494
p16,2020-03-15,-619.0,-0.6628832776166423,0.6628832776166423,0.0,-0.3681050869161551,0.3681050869161551,0.0,-0.3555054524994455,0.3555054524994455,,,,0.0,-0.35310109707543363,0.35310109707543363,,,,3.133333333333333,1.6564656836212663,1.6564656836212663,5.0,0.97149550079644,0.97149550079644,60.0,2.0732839852211873,2.0732839852211873,0.013843855394154697,0.45052547301847656,0.45052547301847656,1.0,0.41813002974977237,0.41813002974977237,0.0,0.4058020640290725,0.4058020640290725,7.0,0.8956709417418375,0.8956709417418375
p16,2020-03-17,-575.0,-0.6390953793687375,0.6390953793687375,0.0,-0.3681050869161551,0.3681050869161551,0.0,-0.3555054524994455,0.3555054524994455,,,,0.0,-0.35310109707543363,0.35310109707543363,,,,-1.9416666666666664,-1.15639419493827,1.15639419493827,-4.0,-0.7519748828280145,0.7519748828280145,-42.0,-1.4700235857616508,1.4700235857616508,-0.0009327261669297982,-0.3342491199089845,0.3342491199089845,0.0,-0.05807361524302352,0.05807361524302352,-5.0,-2.3671787068362606,2.3671787068362606,-8.0,-1.1146853691020666,1.1146853691020666
p16,2020-03-18,356.0,-0.1357650778051152,0.1357650778051152,0.0,-0.3681050869161551,0.3681050869161551,0.0,-0.3555054524994455,0.3555054524994455,,,,0.0,-0.35310109707543363,0.35310109707543363,,,,2.075000000000001,1.0698758567295412,1.0698758567295412,6.0,1.162992210088046,1.162992210088046,29.0,0.9963963901185601,0.9963963901185601,0.02054842185688119,0.8066006176512605,0.8066006176512605,4.0,1.84674096472816,1.84674096472816,-1.0,-0.1487940901439941,0.1487940901439941,10.0,1.2977422039106183,1.2977422039106183
