participant_id,target_date,predicted_wellbeing,historical_baseline_mean,historical_baseline_sd,predicted_wellbeing_z,wellbeing_status,alert_level,training_samples,prediction_status
p01_daily_merged,2019-11-19,0.2217987637320101,0.17006762256480956,0.3273998715394582,0.15800599103462357,Moderate,Moderate,10,Predicted
p01_daily_merged,2019-11-20,0.1251539078147049,0.1430712790560091,0.3376444700268818,-0.05306579207376833,Moderate,Moderate,11,Predicted
p01_daily_merged,2019-11-21,0.2795499995177676,0.18790466783878357,0.3819173557190008,0.23996115993852063,Moderate,Moderate,12,Predicted
p01_daily_merged,2019-11-22,0.1490689781494003,0.17923312322836116,0.37374843491611737,-0.08070708064832643,Moderate,Moderate,13,Predicted
p01_daily_merged,2019-11-23,0.1343168701660536,0.16882108030707846,0.3673964090268468,-0.09391548010068748,Moderate,Moderate,14,Predicted
p01_daily_merged,2019-11-24,0.2054082873477358,0.1682565287632561,0.3585519604529894,0.10361610779520684,Moderate,Moderate,15,Predicted
p01_daily_merged,2019-11-25,0.0157661451393,0.13720940367485407,0.38063912802400784,-0.3190509056859082,Moderate,Moderate,16,Predicted
p01_daily_merged,2019-11-26,0.0702248260054563,0.14759075077254263,0.37573033542907835,-0.20590811406999016,Moderate,Moderate,17,Predicted
p01_daily_merged,2019-11-27,0.145215113074542,0.14226607176685435,0.3687816019241645,0.00799671483691335,Moderate,Moderate,18,Predicted
p01_daily_merged,2019-11-28,0.0881356243941261,0.14073689179867055,0.3614148216340819,-0.14554264035635245,Moderate,Moderate,19,Predicted
p01_daily_merged,2019-11-29,-0.0207474772296223,0.12056514848918871,0.36957148213410124,-0.38236885839458484,Moderate,Moderate,20,Predicted
p01_daily_merged,2019-11-30,0.1690577720403542,0.0999094742107802,0.3787754485657921,0.1825574970378872,Moderate,Moderate,21,Predicted
p01_daily_merged,2019-12-01,0.1619135287451079,0.10489309797270942,0.37291706922239803,0.15290378338351945,Moderate,Moderate,22,Predicted
p01_daily_merged,2019-12-02,0.2111518111248175,0.10187912056129694,0.36680273127934326,0.29790588031445864,Moderate,Moderate,23,Predicted
p01_daily_merged,2019-12-03,0.1012321577955369,0.0901419551611039,0.36651061124078804,0.030258885539188447,Moderate,Moderate,24,Predicted
p01_daily_merged,2019-12-04,-0.1572686596269937,0.08777732455076737,0.36079873715280547,-0.6791763910026637,Moderate,Moderate,25,Predicted
p01_daily_merged,2019-12-05,-0.0168538757104286,0.07554569166760478,0.3620013273826947,-0.2552464877576316,Moderate,Moderate,26,Predicted
p01_daily_merged,2019-12-06,-0.1562186372408258,0.06820789515147092,0.35903282908947437,-0.6250863826615908,Moderate,Moderate,27,Predicted
p01_daily_merged,2019-12-07,0.5662339367209805,0.04912421523231743,0.37129476266989575,1.3927202144469943,High,Low,28,Predicted
p01_daily_merged,2019-12-08,0.1629873471342488,0.054549502678828826,0.36739701157554994,0.2951516779910478,Moderate,Moderate,29,Predicted
p01_daily_merged,2019-12-09,0.3122368466264088,0.04963050544204112,0.36349191978849205,0.7224544120187666,Moderate,Moderate,30,Predicted
p01_daily_merged,2019-12-10,0.2936135627133631,0.03627723605392821,0.3678738440694873,0.6995233034584185,Moderate,Moderate,31,Predicted
p01_daily_merged,2019-12-11,-0.0182992542328555,0.03433628697258196,0.3632034453983777,-0.1449202695412332,Moderate,Moderate,32,Predicted
p01_daily_merged,2019-12-12,-0.0021844671209234,0.03433628697258196,0.3632034453983777,-0.10055178318434665,Moderate,Moderate,32,Predicted
p01_daily_merged,2019-12-13,-0.0575746981101229,0.03433628697258196,0.3632034453983777,-0.25305647908128404,Moderate,Moderate,32,Predicted
p01_daily_merged,2019-12-14,0.2889204392812146,0.029129395051243755,0.3600260144838954,0.7215896456882056,Moderate,Moderate,33,Predicted
p01_daily_merged,2019-12-15,0.1594780585322412,0.025310302608961804,0.3563372938353767,0.3765189842443581,Moderate,Moderate,34,Predicted
p01_daily_merged,2019-12-16,0.2420373270177424,0.03390676526159079,0.3563468114103237,0.584067417167078,Moderate,Moderate,35,Predicted
p01_daily_merged,2019-12-17,0.407182965443972,0.033454835270166246,0.3520915028805813,1.0614517167162734,High,Low,36,Predicted
p01_daily_merged,2019-12-18,0.0839429314753814,0.024571448496782722,0.35292730186981564,0.1682258149597592,Moderate,Moderate,37,Predicted
p01_daily_merged,2019-12-19,0.0839429314753814,0.024571448496782722,0.35292730186981564,0.1682258149597592,Moderate,Moderate,37,Predicted
p01_daily_merged,2019-12-20,0.0839429314753814,0.024571448496782722,0.35292730186981564,0.1682258149597592,Moderate,Moderate,37,Predicted
p01_daily_merged,2019-12-21,0.1823737661788795,0.024571448496782722,0.35292730186981564,0.44712414382808313,Moderate,Moderate,37,Predicted
p01_daily_merged,2019-12-22,-0.0408900239518727,0.03787025425329154,0.3601186534838003,-0.21870646644719619,Moderate,Moderate,38,Predicted
p01_daily_merged,2019-12-23,-0.0979296800559055,0.03736163515279249,0.35611156357846324,-0.37991272692522043,Moderate,Moderate,39,Predicted
p01_daily_merged,2019-12-24,0.0144711652188985,0.03687465941827213,0.35223533898655335,-0.06360376634505968,Moderate,Moderate,40,Predicted
p01_daily_merged,2019-12-25,-0.0576267895007839,0.03687465941827213,0.35223533898655335,-0.26829065246818873,Moderate,Moderate,40,Predicted
p01_daily_merged,2019-12-26,0.12729345425668,0.039364790395870354,0.34889481017285656,0.2520205554712787,Moderate,Moderate,41,Predicted
p01_daily_merged,2019-12-27,-0.2871541392278769,0.03885681050269617,0.34525967223544396,-0.944248564043864,Moderate,Moderate,42,Predicted
p01_daily_merged,2019-12-28,-0.0663633897005413,0.028923799666517248,0.34886205994333935,-0.27313715163676633,Moderate,Moderate,43,Predicted
p01_daily_merged,2019-12-29,-0.1339756496137392,0.0221632043672993,0.34871425296271163,-0.44775587075798295,Moderate,Moderate,44,Predicted
p01_daily_merged,2019-12-30,0.1729617212687125,0.026437653577672922,0.34665165824422944,0.42268387935362983,Moderate,Moderate,45,Predicted
p01_daily_merged,2019-12-31,0.2449682446780406,0.03055080281784377,0.34460573846635517,0.6222108860242644,Moderate,Moderate,46,Predicted
p01_daily_merged,2020-01-01,0.2449682446780406,0.03055080281784377,0.34460573846635517,0.6222108860242644,Moderate,Moderate,46,Predicted
p01_daily_merged,2020-01-02,0.1002374289422704,0.03025308009214917,0.3413462709174944,0.20502450096206531,Moderate,Moderate,47,Predicted
p01_daily_merged,2020-01-03,-0.0405818086870406,0.029966183647388914,0.3381775810870718,-0.20861226846455344,Moderate,Moderate,48,Predicted
p01_daily_merged,2020-01-04,-0.0812023324495782,0.029689533504227237,0.3350955318772146,-0.33092612525325565,Moderate,Moderate,49,Predicted
p01_daily_merged,2020-01-05,-0.3664308632374232,0.01843550332895293,0.34278723228686253,-1.1227558389464738,Low,High,50,Predicted
p01_daily_merged,2020-01-06,-0.385962331325426,0.01843550332895293,0.34278723228686253,-1.1797342390977894,Low,High,50,Predicted
p01_daily_merged,2020-01-07,0.1170435296633144,0.023163811397690744,0.3416699123365923,0.27476729696098934,Moderate,Moderate,51,Predicted
p01_daily_merged,2020-01-08,-0.0048949003790923,0.019823079172629095,0.3396823048114098,-0.07276793404191223,Moderate,Moderate,52,Predicted
p01_daily_merged,2020-01-09,0.2621131231990328,0.014831143902217165,0.33900379215241144,0.7294372069609212,Moderate,Moderate,53,Predicted
p01_daily_merged,2020-01-10,0.1304546006382595,-0.006238832204501051,0.3742843247099078,0.3652128176853411,Moderate,Moderate,54,Predicted
p01_daily_merged,2020-01-11,0.0088874063501813,-0.011232827823680036,0.37328072313425,0.053901080143978174,Moderate,Moderate,55,Predicted
p01_daily_merged,2020-01-12,0.0309849070469288,-0.01533041096608143,0.3716838508056336,0.12460944405472735,Moderate,Moderate,56,Predicted
p01_daily_merged,2020-01-13,-0.1160434232798325,-0.017082332592897598,0.3689884499368438,-0.2681956324212129,Moderate,Moderate,57,Predicted
p01_daily_merged,2020-01-14,-0.0471336915211339,-0.021679013023677605,0.3679653643486743,-0.06917683283184259,Moderate,Moderate,58,Predicted
p01_daily_merged,2020-01-15,-0.2404743512148124,-0.021131243498616805,0.36515100816780655,-0.6006915024465593,Moderate,Moderate,59,Predicted
p01_daily_merged,2020-01-16,-0.2093830617013566,-0.02695477324501983,0.3654958713664587,-0.499125442304731,Moderate,Moderate,60,Predicted
p01_daily_merged,2020-01-17,-0.2485113315661562,-0.026345529879205784,0.36279282348347586,-0.6123765061109855,Moderate,Moderate,61,Predicted
p01_daily_merged,2020-01-18,0.1703428064431067,-0.027810861258961008,0.3603209974033539,0.5499364986499765,Moderate,Moderate,62,Predicted
p01_daily_merged,2020-01-19,-0.3519945123376295,-0.02720679501768535,0.3577361485654005,-0.9078973948325136,Moderate,Moderate,63,Predicted
p01_daily_merged,2020-01-20,0.0412375605151824,-0.027378808864176755,0.3551746560997854,0.19319049994400947,Moderate,Moderate,64,Predicted
p01_daily_merged,2020-01-21,0.0654405184460234,-0.022287945322807954,0.35530030332091034,0.24691356283361862,Moderate,Moderate,65,Predicted
p01_daily_merged,2020-01-22,0.0255191083955624,-0.021784360104271747,0.3528505468325721,0.13406091877839624,Moderate,Moderate,66,Predicted
p01_daily_merged,2020-01-23,-0.0161469366719566,-0.018186807085204183,0.35178930850633583,0.005798557158853638,Moderate,Moderate,67,Predicted
p01_daily_merged,2020-01-24,-0.2923159123510574,-0.01964369492516568,0.3496319953620516,-0.7798834804678951,Moderate,Moderate,68,Predicted
p01_daily_merged,2020-01-25,0.0378913397298507,-0.024797169156513754,0.3501871818005514,0.17901428762766253,Moderate,Moderate,69,Predicted
p01_daily_merged,2020-01-26,-0.0650504891768507,-0.024797169156513754,0.3501871818005514,-0.11494801098477433,Moderate,Moderate,69,Predicted
p01_daily_merged,2020-01-27,0.0697658224654385,-0.03042050113248435,0.3513579074130223,0.2851403696463661,Moderate,Moderate,70,Predicted
p01_daily_merged,2020-01-28,0.1111511258910439,-0.026896718255058554,0.3504534648435249,0.3939120539377171,Moderate,Moderate,71,Predicted
p01_daily_merged,2020-01-29,-0.21402287918215,-0.02637304111726876,0.3482308297517195,-0.538866240529798,Moderate,Moderate,72,Predicted
p01_daily_merged,2020-01-30,0.0619618663862798,-0.021213856428060653,0.3490832126915462,0.23826904242409228,Moderate,Moderate,73,Predicted
p01_daily_merged,2020-01-31,-0.0145579251772327,-0.019021081085208218,0.34745549373380913,0.012845259287783224,Moderate,Moderate,74,Predicted
p01_daily_merged,2020-02-01,-0.0001335487847342,-0.016465445833464005,0.3460786736294881,0.04719128421711053,Moderate,Moderate,75,Predicted
p01_daily_merged,2020-02-02,0.0322174978892834,-0.020072688179971647,0.3455283570088388,0.15133399331365857,Moderate,Moderate,76,Predicted
p01_daily_merged,2020-02-03,0.1288536166248006,-0.011157878145557463,0.35302580077317447,0.3966041418607758,Moderate,Moderate,77,Predicted
p01_daily_merged,2020-02-04,-0.0203243241035423,-0.013072954754209101,0.3513620607628487,-0.02063788370773332,Moderate,Moderate,78,Predicted
p01_daily_merged,2020-02-05,0.0271411057809334,-0.012752643935784166,0.34930174060788677,0.11420999405067614,Moderate,Moderate,79,Predicted
p01_daily_merged,2020-02-06,-0.1615041704835553,-0.010808349794648868,0.3477381911134943,-0.43335999478907555,Moderate,Moderate,80,Predicted
p01_daily_merged,2020-02-07,-0.0708250580817963,-0.012133861672917816,0.3459574506137804,-0.1696485978398543,Moderate,Moderate,81,Predicted
p01_daily_merged,2020-02-08,-0.2829256447258893,-0.01873596324983898,0.349579450829495,-0.7557357300298153,Moderate,Moderate,82,Predicted
p01_daily_merged,2020-02-09,0.0261573580967295,-0.017388814851573255,0.3478448309855859,0.12518850093278297,Moderate,Moderate,83,Predicted
p01_daily_merged,2020-02-10,-0.0272309211653677,-0.017038676494629208,0.34592308749873096,-0.0294639040846786,Moderate,Moderate,84,Predicted
p01_daily_merged,2020-02-11,-0.2259846144186946,-0.01515346320291599,0.3444920572603353,-0.6120058409835901,Moderate,Moderate,85,Predicted
p01_daily_merged,2020-02-12,-0.1899374580085322,-0.012362194100661757,0.34367050254466996,-0.5167020811883306,Moderate,Moderate,86,Predicted
p01_daily_merged,2020-02-13,-0.0247557486262136,-0.012571236920530195,0.341823826427589,-0.03564558922946975,Moderate,Moderate,87,Predicted
p01_daily_merged,2020-02-14,-0.2244274708720704,-0.016690488927233446,0.3423631034135285,-0.6067738604820353,Moderate,Moderate,88,Predicted
p01_daily_merged,2020-02-15,0.039874740169574,-0.018889889497052444,0.34123755022230257,0.1722103257051976,Moderate,Moderate,89,Predicted
p01_daily_merged,2020-02-16,-0.1018864122731233,-0.019101537833356805,0.3394620187850748,-0.24387080102820125,Moderate,Moderate,90,Predicted
p01_daily_merged,2020-02-17,0.0575579685465115,-0.019101537833356805,0.3394620187850748,0.22582646109933172,Moderate,Moderate,90,Predicted
p01_daily_merged,2020-02-18,0.0508927945575644,-0.02165540546561814,0.3386527093643517,0.2142259548413326,Moderate,Moderate,91,Predicted
p01_daily_merged,2020-02-19,-0.0597683005970359,-0.02272407202740297,0.3370882058479481,-0.10989476323102994,Moderate,Moderate,92,Predicted
p01_daily_merged,2020-02-20,-0.0079848210363107,-0.022352093550825586,0.3354020469722889,0.042835971468301495,Moderate,Moderate,93,Predicted
p01_daily_merged,2020-02-21,0.0411342786928859,-0.02058226147266903,0.33419448027479676,0.1846725299436649,Moderate,Moderate,94,Predicted
p01_daily_merged,2020-02-22,-0.0894501533390831,-0.018847131984280247,0.33299735424988924,-0.21202276971191983,Moderate,Moderate,95,Predicted
p01_daily_merged,2020-02-23,-0.08022287767563,-0.017668932716529216,0.3315766698151763,-0.188656050481383,Moderate,Moderate,96,Predicted
p01_daily_merged,2020-02-24,0.0247614645245308,-0.015148706793228668,0.3309625951221097,0.12058816284974586,Moderate,Moderate,97,Predicted
p01_daily_merged,2020-02-25,0.0707344593025839,-0.01621827525312474,0.3295498806730006,0.2638530300121347,Moderate,Moderate,98,Predicted
p01_daily_merged,2020-02-26,0.098733758212428,-0.015928727603280776,0.3279903888798236,0.34959099322182074,Moderate,Moderate,99,Predicted
p01_daily_merged,2020-02-27,-0.0504620208524207,-0.014318169902848371,0.3268644339232508,-0.11057749696334065,Moderate,Moderate,100,Predicted
p01_daily_merged,2020-02-28,-0.0569879922974269,-0.011922311262018962,0.326284822073356,-0.13811761377388304,Moderate,Moderate,101,Predicted
p01_daily_merged,2020-02-29,0.0096317311419018,-0.017314958883641738,0.32961465155282843,0.08175210021337508,Moderate,Moderate,102,Predicted
p01_daily_merged,2020-03-01,0.107517441047132,-0.019606464401017428,0.32897823274293125,0.38642041568594,Moderate,Moderate,103,Predicted
p01_daily_merged,2020-03-02,0.0722172304745471,-0.02057805837111922,0.3276394087388814,0.2832238319646747,Moderate,Moderate,104,Predicted
p01_daily_merged,2020-03-03,-0.0386444789543792,-0.022013494893084462,0.32651379811726555,-0.05093501149780449,Moderate,Moderate,105,Predicted
p01_daily_merged,2020-03-04,-0.0154893176367769,-0.02294659135493607,0.3252041815622058,0.02293105113942923,Moderate,Moderate,106,Predicted
p01_daily_merged,2020-03-05,-0.0665380028620745,-0.026288289479518553,0.32572209352787923,-0.12357071927978039,Moderate,Moderate,107,Predicted
p01_daily_merged,2020-03-06,-0.2427483329310061,-0.019408001064458988,0.33257801753608196,-0.6715426759747178,Moderate,Moderate,108,Predicted
p01_daily_merged,2020-03-07,-0.0788733990039626,-0.025634208578830486,0.33785077240722927,-0.15758197042379446,Moderate,Moderate,109,Predicted
p01_daily_merged,2020-03-08,-0.0607341074154957,-0.026504458036125236,0.3365230451004523,-0.10171561763074176,Moderate,Moderate,110,Predicted
p01_daily_merged,2020-03-09,0.0496008022196298,-0.02970272684562705,0.3368780836899453,0.23540720784390937,Moderate,Moderate,111,Predicted
p01_daily_merged,2020-03-10,0.1401111929465952,-0.02933149573238367,0.3354720406438221,0.5050873639239576,Moderate,Moderate,112,Predicted
p01_daily_merged,2020-03-11,-0.1490809436802651,-0.027783725381755584,0.3344895131593067,-0.3626338450878115,Moderate,Moderate,113,Predicted
p01_daily_merged,2020-03-12,0.159912592043937,-0.027783725381755584,0.3344895131593067,0.561142606991983,Moderate,Moderate,113,Predicted
p01_daily_merged,2020-03-13,-0.2157681295724944,-0.02743448983620111,0.3331150431130215,-0.5653711641968513,Moderate,Moderate,114,Predicted
p01_daily_merged,2020-03-14,-0.033655481102215,-0.025927641998666786,0.33215293561738113,-0.023265906378892254,Moderate,Moderate,115,Predicted
p01_daily_merged,2020-03-15,-0.1905406240713912,-0.024445295751986677,0.3311971297662195,-0.5014999026007424,Moderate,Moderate,116,Predicted
p01_daily_merged,2020-03-16,-0.0071094124530972,-0.027940041200004925,0.3321357856506391,0.06271720677764805,Moderate,Moderate,117,Predicted
p01_daily_merged,2020-03-17,-0.0259177676578103,-0.02910803598945246,0.3310514704748088,0.009636774387579468,Moderate,Moderate,118,Predicted
p01_daily_merged,2020-03-18,0.0512318670083881,-0.02098094311708598,0.34211192606041924,0.2110794878069256,Moderate,Moderate,119,Predicted
p01_daily_merged,2020-03-19,-0.0162680147482984,-0.019204370696069516,0.34133929623685283,0.008602455035630004,Moderate,Moderate,120,Predicted
p01_daily_merged,2020-03-20,0.0045964685461846,-0.014550182544217022,0.34404616201529853,0.05565140148126471,Moderate,Moderate,121,Predicted
p01_daily_merged,2020-03-21,0.0001566763248489,-0.01550534288371484,0.3428712647544881,0.04567900789171842,Moderate,Moderate,122,Predicted
p01_daily_merged,2020-03-22,0.0173705579893579,-0.007732950508234542,0.35284938958004325,0.07114510961027964,Moderate,Moderate,123,Predicted
p01_daily_merged,2020-03-23,0.0592186122887157,-0.006480019997919875,0.3517820732795607,0.1867594663768582,Moderate,Moderate,124,Predicted
p01_daily_merged,2020-03-24,0.0984417337489154,-0.005246073283216038,0.3507234697575055,0.29563977313472195,Moderate,Moderate,125,Predicted
p01_daily_merged,2020-03-25,-0.1234935659806254,0.0005448361268256724,0.35571784804424217,-0.34869884316859995,Moderate,Moderate,126,Predicted
p01_daily_merged,2020-03-26,0.0086577233105051,-0.0014142522535587542,0.35510292970692314,0.028363538347533634,Moderate,Moderate,127,Predicted
p01_daily_merged,2020-03-27,0.0092658437404291,-0.0014142522535587542,0.35510292970692314,0.030076057110546655,Moderate,Moderate,127,Predicted
p01_daily_merged,2020-03-28,0.3947684571991545,-0.003475576585399702,0.35458522669320214,1.1231264130728351,High,Low,128,Predicted
p01_daily_merged,2020-03-29,0.1259395750798343,-0.002300013916808625,0.3535354147302596,0.36273477466037496,Moderate,Moderate,129,Predicted
p01_daily_merged,2020-03-30,0.1102560234736544,-0.001141612747029097,0.352494120034985,0.3160269346042632,Moderate,Moderate,130,Predicted
p02_daily_merged,2019-11-24,-0.009008103236895,0.1049585040661122,0.6449827132508518,-0.17669715011211845,Moderate,Moderate,10,Predicted
p02_daily_merged,2019-11-25,-0.0018034420479289,0.07356732973730146,0.6356380103839007,-0.11857499166814983,Moderate,Moderate,11,Predicted
p02_daily_merged,2019-11-26,-0.1514930535707317,0.08178505735376827,0.6163858191356587,-0.3784611905115202,Moderate,Moderate,12,Predicted
p02_daily_merged,2019-11-27,0.1293784111637774,0.08908970412396099,0.5987846099550028,0.06728413918795277,Moderate,Moderate,13,Predicted
p02_daily_merged,2019-11-28,-0.0190850173966543,0.08908970412396099,0.5987846099550028,-0.1806571507052333,Moderate,Moderate,13,Predicted
p02_daily_merged,2019-11-29,0.0082303935516763,0.09562544070781763,0.5826109802071858,-0.1500058360126722,Moderate,Moderate,14,Predicted
p02_daily_merged,2019-11-30,0.0792054074477637,0.09387549132813741,0.5671258868568195,-0.025867420656249137,Moderate,Moderate,15,Predicted
p02_daily_merged,2019-12-01,0.1500119444494197,0.09387549132813741,0.5671258868568195,0.098984113443326,Moderate,Moderate,15,Predicted
p02_daily_merged,2019-12-02,0.1124631887327835,0.07048616863656612,0.5630616766406294,0.07455137125769785,Moderate,Moderate,16,Predicted
p02_daily_merged,2019-12-03,-0.0182085779919133,0.049223148007864974,0.5584692790032102,-0.1207438413087547,Moderate,Moderate,17,Predicted
p02_daily_merged,2019-12-04,-0.1646771659404237,0.02980908569470304,0.5535160747456513,-0.3513651373620829,Moderate,Moderate,18,Predicted
p02_daily_merged,2019-12-05,-0.0397556048228272,0.01201286190763795,0.5483248192685772,-0.09441204357577734,Moderate,Moderate,19,Predicted
p02_daily_merged,2019-12-06,-0.0021826732148336,0.0017460258676590245,0.5392288948179922,-0.007285772554563664,Moderate,Moderate,20,Predicted
p02_daily_merged,2019-12-07,0.0315834585111375,0.0017460258676590245,0.5392288948179922,0.05533351964298873,Moderate,Moderate,20,Predicted
p02_daily_merged,2019-12-08,0.0982071875876319,-0.0018601979345128996,0.5286541544991992,0.18928705027758633,Moderate,Moderate,21,Predicted
p02_daily_merged,2019-12-09,0.0018284724811199,-0.005199294047635051,0.5186783266465371,0.013549373798192559,Moderate,Moderate,22,Predicted
p02_daily_merged,2019-12-10,0.0882503443090177,-0.005199294047635051,0.5186783266465371,0.18016877427835098,Moderate,Moderate,22,Predicted
p02_daily_merged,2019-12-11,0.0366578918394798,-0.0028483745061404745,0.50913454700684,0.0775949433757233,Moderate,Moderate,23,Predicted
p02_daily_merged,2019-12-12,0.2177146918943659,-0.0028483745061404745,0.50913454700684,0.43321174667320933,Moderate,Moderate,23,Predicted
p02_daily_merged,2019-12-13,-0.052271178059821,-0.0006595873468179374,0.5000991247693525,-0.1032027215340689,Moderate,Moderate,24,Predicted
p02_daily_merged,2019-12-14,-0.052271178059821,-0.0006595873468179374,0.5000991247693525,-0.1032027215340689,Moderate,Moderate,24,Predicted
p02_daily_merged,2019-12-15,-0.0440839069074399,-0.0037047942015510397,0.49168407036351147,-0.08212410191779411,Moderate,Moderate,25,Predicted
p02_daily_merged,2019-12-16,-0.2022208753837351,-0.006553536097914264,0.48368001763191654,-0.4045388111003686,Moderate,Moderate,26,Predicted
p02_daily_merged,2019-12-17,-0.2022208753837351,-0.006553536097914264,0.48368001763191654,-0.4045388111003686,Moderate,Moderate,26,Predicted
p02_daily_merged,2019-12-18,0.1721460080598935,-0.006553536097914264,0.48368001763191654,0.369458190629242,Moderate,Moderate,26,Predicted
p02_daily_merged,2019-12-19,0.1721460080598935,-0.006553536097914264,0.48368001763191654,0.369458190629242,Moderate,Moderate,26,Predicted
p02_daily_merged,2019-12-20,-0.0589261036327952,-0.004454161435035277,0.4759629593434315,-0.11444575912567104,Moderate,Moderate,27,Predicted
p02_daily_merged,2019-12-21,0.1628497061429081,-0.007107544209392118,0.4687149188029692,0.362602604556191,Moderate,Moderate,28,Predicted
p02_daily_merged,2019-12-22,0.0109435621318331,-0.005115367817521375,0.46170469900648936,0.034781820466437935,Moderate,Moderate,29,Predicted
p02_daily_merged,2019-12-23,-0.0264643340780688,-0.005115367817521375,0.46170469900648936,-0.04623943898878829,Moderate,Moderate,29,Predicted
p02_daily_merged,2019-12-24,0.1159848804840263,-0.011959444139644627,0.4566628246062707,0.28017241108685165,Moderate,Moderate,30,Predicted
p02_daily_merged,2019-12-25,-0.2159592784853481,-0.0184232939994277,0.4517596171841584,-0.43725905763151796,Moderate,Moderate,31,Predicted
p02_daily_merged,2019-12-26,-0.2159592784853481,-0.0184232939994277,0.4517596171841584,-0.43725905763151796,Moderate,Moderate,31,Predicted
p02_daily_merged,2019-12-27,-0.1537861173828467,-0.024537746569492768,0.4469910255254842,-0.28915204877191686,Moderate,Moderate,32,Predicted
p02_daily_merged,2019-12-28,-0.0693187236505677,-0.026313484633159037,0.4410450927434758,-0.09750757853329457,Moderate,Moderate,33,Predicted
p02_daily_merged,2019-12-29,-0.1608906717311991,-0.027998159206380883,0.435330326429184,-0.30526821693052,Moderate,Moderate,34,Predicted
p02_daily_merged,2019-12-30,-0.1191233993059174,-0.03341465620351724,0.43107625311844583,-0.19882501641501962,Moderate,Moderate,35,Predicted
p02_daily_merged,2019-12-31,-0.0117246869437924,-0.03341465620351724,0.43107625311844583,0.050315852712408946,Moderate,Moderate,35,Predicted
p02_daily_merged,2020-01-01,-0.0043619256355072,-0.031120970610401866,0.4259069949415894,0.06282837636551264,Moderate,Moderate,36,Predicted
p02_daily_merged,2020-01-02,-0.2571570099823314,-0.03983952571955561,0.42445849202399133,-0.511987599132526,Moderate,Moderate,37,Predicted
p02_daily_merged,2020-01-03,-0.06471288757505,-0.033953287930327876,0.4211475080299961,-0.073037591480967,Moderate,Moderate,38,Predicted
p02_daily_merged,2020-01-04,-0.0125387110850921,-0.033953287930327876,0.4211475080299961,0.05084816231112669,Moderate,Moderate,38,Predicted
p02_daily_merged,2020-01-05,-0.0404904129544237,-0.033953287930327876,0.4211475080299961,-0.01552217429630433,Moderate,Moderate,38,Predicted
p02_daily_merged,2020-01-06,-0.1162227944029676,-0.03180374836113376,0.41646578944217966,-0.2027034349085574,Moderate,Moderate,39,Predicted
p02_daily_merged,2020-01-07,-0.1162227944029676,-0.03180374836113376,0.41646578944217966,-0.2027034349085574,Moderate,Moderate,39,Predicted
p02_daily_merged,2020-01-08,0.0552474263173555,-0.0480513311616733,0.4258886332006445,0.24254875436030415,Moderate,Moderate,40,Predicted
p02_daily_merged,2020-01-09,0.0418691696273647,-0.0480513311616733,0.4258886332006445,0.21113618392035058,Moderate,Moderate,40,Predicted
p02_daily_merged,2020-01-10,0.003131207082074,-0.04900708033182847,0.4211798370726484,0.12379103372156262,Moderate,Moderate,41,Predicted
p02_daily_merged,2020-01-11,-0.0892109714732097,-0.06419724829041537,0.4293960106456767,-0.05825327334825851,Moderate,Moderate,42,Predicted
p02_daily_merged,2020-01-12,-0.1888890112757341,-0.0647768013049653,0.42482238369111663,-0.29215082522819547,Moderate,Moderate,43,Predicted
p02_daily_merged,2020-01-13,-0.1083177195977397,-0.0647768013049653,0.42482238369111663,-0.1024920530657172,Moderate,Moderate,43,Predicted
p02_daily_merged,2020-01-14,-0.0034333181642077,-0.06221755121477799,0.4207554156198272,0.13971117392267787,Moderate,Moderate,44,Predicted
p02_daily_merged,2020-01-15,-0.0901657183617867,-0.056707826206137686,0.4182583073041425,-0.0799933714916501,Moderate,Moderate,45,Predicted
p02_daily_merged,2020-01-16,-0.0901657183617867,-0.056707826206137686,0.4182583073041425,-0.0799933714916501,Moderate,Moderate,45,Predicted
p02_daily_merged,2020-01-17,-0.0546692843654053,-0.056707826206137686,0.4182583073041425,0.004873882491113392,Moderate,Moderate,45,Predicted
p02_daily_merged,2020-01-18,-0.0274115943250539,-0.048421183627188676,0.41826224082881513,0.05023066213316995,Moderate,Moderate,46,Predicted
p02_daily_merged,2020-01-19,-0.1362823808272594,-0.04925954149952757,0.4141854526194031,-0.21010597735236616,Moderate,Moderate,47,Predicted
p02_daily_merged,2020-01-20,-0.1362823808272594,-0.04925954149952757,0.4141854526194031,-0.21010597735236616,Moderate,Moderate,47,Predicted
p02_daily_merged,2020-01-21,0.0296897998498166,-0.03123212402836713,0.430667982298144,0.1414591434289827,Moderate,Moderate,48,Predicted
p02_daily_merged,2020-01-22,0.0370271619420737,-0.03123212402836713,0.430667982298144,0.15849630986309565,Moderate,Moderate,48,Predicted
p02_daily_merged,2020-01-23,0.0370271619420737,-0.03123212402836713,0.430667982298144,0.15849630986309565,Moderate,Moderate,48,Predicted
p02_daily_merged,2020-01-24,0.0535675281023265,-0.029531039266467496,0.42676884092020895,0.19471563854009333,Moderate,Moderate,49,Predicted
p02_daily_merged,2020-01-25,-0.133699689850666,-0.03066712569778283,0.42288275378264745,-0.2436433343078343,Moderate,Moderate,50,Predicted
p02_daily_merged,2020-01-26,-0.0047551133822603,-0.034488392008390906,0.41999534328314625,0.07079430546468099,Moderate,Moderate,51,Predicted
p02_daily_merged,2020-01-27,-0.0055809903076284,-0.03817557879932852,0.4171583547964436,0.07813480928029108,Moderate,Moderate,52,Predicted
p02_daily_merged,2020-01-28,0.1143972142850913,-0.03817557879932852,0.4171583547964436,0.3657431076955637,Moderate,Moderate,52,Predicted
p02_daily_merged,2020-01-29,0.1143972142850913,-0.03817557879932852,0.4171583547964436,0.3657431076955637,Moderate,Moderate,52,Predicted
p02_daily_merged,2020-01-30,0.1179937445498849,-0.03647209549047436,0.413686353361523,0.3733887733670795,Moderate,Moderate,53,Predicted
p02_daily_merged,2020-01-31,-0.1028647742910858,-0.03647209549047436,0.413686353361523,-0.16049037697550175,Moderate,Moderate,53,Predicted
p02_daily_merged,2020-02-01,-0.260374439826137,-0.03482635737853051,0.41029936652568,-0.549715892465288,Moderate,Moderate,54,Predicted
p02_daily_merged,2020-02-02,-0.2680791035445167,-0.03482635737853051,0.41029936652568,-0.5684940440954526,Moderate,Moderate,54,Predicted
p02_daily_merged,2020-02-03,0.051974200403948,-0.03069143976860105,0.40806630348653056,0.2025789423587573,Moderate,Moderate,55,Predicted
p02_daily_merged,2020-02-04,0.051974200403948,-0.03069143976860105,0.40806630348653056,0.2025789423587573,Moderate,Moderate,55,Predicted
p02_daily_merged,2020-02-05,0.051974200403948,-0.03069143976860105,0.40806630348653056,0.2025789423587573,Moderate,Moderate,55,Predicted
p02_daily_merged,2020-02-06,-0.1101016313144588,-0.029194425131177863,0.40482034343987633,-0.1998595364447074,Moderate,Moderate,56,Predicted
p02_daily_merged,2020-02-07,-0.1101016313144588,-0.029194425131177863,0.40482034343987633,-0.1998595364447074,Moderate,Moderate,56,Predicted
p02_daily_merged,2020-02-08,-0.1166220099774336,-0.02774570128851027,0.40165045345276784,-0.22127775015539666,Moderate,Moderate,57,Predicted
p02_daily_merged,2020-02-09,-0.1124890196834148,-0.03941553102020714,0.4090241457718832,-0.17865323946904954,Moderate,Moderate,58,Predicted
p02_daily_merged,2020-02-10,-0.0396101600595816,-0.0378523750181068,0.4059575908430633,-0.0043299720983769755,Moderate,Moderate,59,Predicted
p02_daily_merged,2020-02-11,-0.0077950262107973,-0.036337316123763425,0.4029587352641048,0.07083179346952016,Moderate,Moderate,60,Predicted
p02_daily_merged,2020-02-12,-0.2134772605448177,-0.0348681681050062,0.40002513434988385,-0.44649467521605835,Moderate,Moderate,61,Predicted
p02_daily_merged,2020-02-13,-0.0616998019044414,-0.03344287525098801,0.39715446468630167,-0.07114845523837317,Moderate,Moderate,62,Predicted
p02_daily_merged,2020-02-14,-0.0616998019044414,-0.03344287525098801,0.39715446468630167,-0.07114845523837317,Moderate,Moderate,62,Predicted
p02_daily_merged,2020-02-15,-0.0425254517960408,-0.03430424168830894,0.3942434749662897,-0.02085312916956921,Moderate,Moderate,63,Predicted
p02_daily_merged,2020-02-16,-0.1075080093740733,-0.03430424168830894,0.3942434749662897,-0.18568162147014292,Moderate,Moderate,63,Predicted
p02_daily_merged,2020-02-17,-0.0549779774204898,-0.030716228051996673,0.3924672062370844,-0.06181853918728923,Moderate,Moderate,64,Predicted
p02_daily_merged,2020-02-18,-0.0219513475113932,-0.02941133260676511,0.38976579431456665,0.01913966080192047,Moderate,Moderate,65,Predicted
p02_daily_merged,2020-02-19,0.0079268743511984,-0.028143194779709075,0.3871192407174249,0.09317560414734483,Moderate,Moderate,66,Predicted
p02_daily_merged,2020-02-20,-0.1139782754067558,-0.022670220611653923,0.38717855317150973,-0.23582931969543997,Moderate,Moderate,67,Predicted
p02_daily_merged,2020-02-21,-0.1139782754067558,-0.022670220611653923,0.38717855317150973,-0.23582931969543997,Moderate,Moderate,67,Predicted
p02_daily_merged,2020-02-22,0.0662525075935849,-0.01943818061399788,0.38547081753679574,0.22230136318789695,Moderate,Moderate,68,Predicted
p02_daily_merged,2020-02-23,-0.0362428201921279,-0.02198568488709374,0.3834482313166588,-0.037181382363087094,Moderate,Moderate,69,Predicted
p02_daily_merged,2020-02-24,-0.035263427243188,-0.01884895976570266,0.38181611822677736,-0.042990504313220386,Moderate,Moderate,70,Predicted
p02_daily_merged,2020-02-25,0.1157875473045745,-0.017803230648861662,0.3793716874639554,0.352136921040342,Moderate,Moderate,71,Predicted
p02_daily_merged,2020-02-26,-0.0183760272082388,-0.01678466332726329,0.3769735283718266,-0.0042214207661973365,Moderate,Moderate,72,Predicted
p02_daily_merged,2020-02-27,0.0279034206308742,-0.0023205658713017626,0.3957042558751035,0.0763802411862752,Moderate,Moderate,73,Predicted
p02_daily_merged,2020-02-28,0.0072801345697379,-0.0010591537035263402,0.3933193360236895,0.021202334870111667,Moderate,Moderate,74,Predicted
p02_daily_merged,2020-02-29,-0.0723431225911011,-0.0002880836183045965,0.3908828915431796,-0.1843391985981479,Moderate,Moderate,75,Predicted
p02_daily_merged,2020-03-01,-0.0163222555453672,0.002348419873492217,0.38915627987806584,-0.0479773201262729,Moderate,Moderate,76,Predicted
p02_daily_merged,2020-03-02,0.071735156820243,0.004920618402074474,0.3874473862949382,0.1724480298011535,Moderate,Moderate,77,Predicted
p02_daily_merged,2020-03-03,-0.2108690992377346,0.007430836243221014,0.3857561401531276,-0.5659013888782185,Moderate,Moderate,78,Predicted
p02_daily_merged,2020-03-04,0.0422928347341769,0.009881286992911683,0.3840824522876096,0.08438695271866968,Moderate,Moderate,79,Predicted
p02_daily_merged,2020-03-05,0.0358089674888909,0.010478288947279936,0.3818290751327938,0.06634036062550075,Moderate,Moderate,80,Predicted
p02_daily_merged,2020-03-06,0.1092372528774739,0.010478288947279936,0.3818290751327938,0.2586470501122714,Moderate,Moderate,80,Predicted
p02_daily_merged,2020-03-07,0.02904563527921,0.01106140713526753,0.37961489426973577,0.04737492763169549,Moderate,Moderate,81,Predicted
p02_daily_merged,2020-03-08,0.062881629336267,0.011631120307439319,0.3774387865323368,0.1357849560181246,Moderate,Moderate,82,Predicted
p02_daily_merged,2020-03-09,0.0993530034272804,0.010453314474527386,0.3754259471876394,0.23679686931260668,Moderate,Moderate,83,Predicted
p02_daily_merged,2020-03-10,0.0333864720040572,0.010453314474527386,0.3754259471876394,0.06108570199083157,Moderate,Moderate,83,Predicted
p02_daily_merged,2020-03-11,-0.0109880255132769,0.010453314474527386,0.3754259471876394,-0.05711203540518157,Moderate,Moderate,83,Predicted
p02_daily_merged,2020-03-12,0.0279003092030519,0.011017057605310372,0.37332463477103806,0.045224049058793334,Moderate,Moderate,84,Predicted
p02_daily_merged,2020-03-13,0.0279003092030519,0.011017057605310372,0.37332463477103806,0.045224049058793334,Moderate,Moderate,84,Predicted
p02_daily_merged,2020-03-14,-0.0317172166712738,0.009872248154264579,0.3713802181551518,-0.11198621464583101,Moderate,Moderate,85,Predicted
p02_daily_merged,2020-03-15,-0.0964826560106925,0.009872248154264579,0.3713802181551518,-0.28637740775014864,Moderate,Moderate,85,Predicted
p02_daily_merged,2020-03-16,-0.1929305303302567,0.009872248154264579,0.3713802181551518,-0.5460785700755774,Moderate,Moderate,85,Predicted
p02_daily_merged,2020-03-17,-0.1929305303302567,0.009872248154264579,0.3713802181551518,-0.5460785700755774,Moderate,Moderate,85,Predicted
p02_daily_merged,2020-03-18,-0.1567773368953533,0.01042998667030797,0.36934955431641847,-0.4527075276295481,Moderate,Moderate,86,Predicted
p02_daily_merged,2020-03-19,-0.0632213187572139,0.01042998667030797,0.36934955431641847,-0.19940813402045005,Moderate,Moderate,86,Predicted
p02_daily_merged,2020-03-20,0.1050879372477088,0.012634755284948505,0.3679228109072588,0.25128418032788047,Moderate,Moderate,87,Predicted
p02_daily_merged,2020-03-21,0.0005260840483879,0.0026538738250196257,0.3783652808366183,-0.005623639071552459,Moderate,Moderate,88,Predicted
p02_daily_merged,2020-03-22,-0.0036818485537966,0.0016467497099788742,0.37645221733411754,-0.014154779858943197,Moderate,Moderate,89,Predicted
p02_daily_merged,2020-03-23,-0.0036818485537966,0.0016467497099788742,0.37645221733411754,-0.014154779858943197,Moderate,Moderate,89,Predicted
p02_daily_merged,2020-03-24,-0.0184039997772568,0.003874349178476331,0.3750734074335423,-0.059397303339028484,Moderate,Moderate,90,Predicted
p02_daily_merged,2020-03-25,0.000365055637702,0.003874349178476331,0.3750734074335423,-0.009356284586494254,Moderate,Moderate,90,Predicted
p02_daily_merged,2020-03-26,0.0277779229879122,0.004465516927806917,0.3731390735776328,0.062476453716271176,Moderate,Moderate,91,Predicted
p02_daily_merged,2020-03-27,0.0156523745254911,0.005044495651378115,0.3712343503526967,0.028574615641130223,Moderate,Moderate,92,Predicted
p02_daily_merged,2020-03-28,-0.1133901689742751,0.005044495651378115,0.3712343503526967,-0.31902937999442293,Moderate,Moderate,92,Predicted
p02_daily_merged,2020-03-29,0.042240212683841,0.005044495651378115,0.3712343503526967,0.10019470719001229,Moderate,Moderate,92,Predicted
p02_daily_merged,2020-03-30,0.0391482500250366,0.002496510602977979,0.37017618588968326,0.09901160803731782,Moderate,Moderate,93,Predicted
p03_daily_merged,2019-11-23,-0.0274456123172152,0.0685187110534684,0.2660819240623649,-0.36065705593812253,Moderate,Moderate,10,Predicted
p03_daily_merged,2019-11-24,-0.0208230379959912,0.06337213058557749,0.25850512539773096,-0.32570019047795523,Moderate,Moderate,11,Predicted
p03_daily_merged,2019-11-25,-0.0208230379959912,0.06337213058557749,0.25850512539773096,-0.32570019047795523,Moderate,Moderate,11,Predicted
p03_daily_merged,2019-11-26,-0.2262730333481157,0.017036683082833712,0.31865271050119387,-0.763557655129495,Moderate,Moderate,12,Predicted
p03_daily_merged,2019-11-27,-0.5076938583550953,-0.06332695253677847,0.46755366373678886,-0.9504083494220568,Moderate,Moderate,13,Predicted
p03_daily_merged,2019-11-28,-0.5660731996612953,-0.09560692203173046,0.47743141453718707,-0.9854112303976182,Moderate,Moderate,14,Predicted
p03_daily_merged,2019-11-29,-0.5660731996612953,-0.09560692203173046,0.47743141453718707,-0.9854112303976182,Moderate,Moderate,14,Predicted
p03_daily_merged,2019-11-30,-0.5660731996612953,-0.09560692203173046,0.47743141453718707,-0.9854112303976182,Moderate,Moderate,14,Predicted
p03_daily_merged,2019-12-01,-0.5660731996612953,-0.09560692203173046,0.47743141453718707,-0.9854112303976182,Moderate,Moderate,14,Predicted
p03_daily_merged,2019-12-02,-0.4286207408357363,-0.08864021611072562,0.45468733654270893,-0.7477237596061271,Moderate,Moderate,16,Predicted
p03_daily_merged,2019-12-03,-0.4286207408357363,-0.08864021611072562,0.45468733654270893,-0.7477237596061271,Moderate,Moderate,16,Predicted
p03_daily_merged,2019-12-04,-0.4286207408357363,-0.08864021611072562,0.45468733654270893,-0.7477237596061271,Moderate,Moderate,16,Predicted
p03_daily_merged,2019-12-05,-0.352715626276151,-0.08561121353637569,0.44447080544762024,-0.6009492850059708,Moderate,Moderate,17,Predicted
p03_daily_merged,2019-12-06,-0.352715626276151,-0.08561121353637569,0.44447080544762024,-0.6009492850059708,Moderate,Moderate,17,Predicted
p03_daily_merged,2019-12-07,-0.352715626276151,-0.08561121353637569,0.44447080544762024,-0.6009492850059708,Moderate,Moderate,17,Predicted
p03_daily_merged,2019-12-08,-0.352715626276151,-0.08561121353637569,0.44447080544762024,-0.6009492850059708,Moderate,Moderate,17,Predicted
p03_daily_merged,2019-12-10,-0.352715626276151,-0.0828346278432216,0.4349137913582588,-0.6205390672714166,Moderate,Moderate,17,Predicted
p03_daily_merged,2019-12-11,-0.352715626276151,-0.0828346278432216,0.4349137913582588,-0.6205390672714166,Moderate,Moderate,17,Predicted
p03_daily_merged,2019-12-12,-0.2816623463159586,-0.07792220700148741,0.417515474305485,-0.48798224701343623,Moderate,Moderate,19,Predicted
p03_daily_merged,2019-12-13,-0.2816623463159586,-0.07792220700148741,0.417515474305485,-0.48798224701343623,Moderate,Moderate,19,Predicted
p03_daily_merged,2019-12-14,-0.2247228026928532,-0.07573890884960556,0.4095647581588664,-0.3637615074914677,Moderate,Moderate,20,Predicted
p03_daily_merged,2019-12-15,-0.1553929019645186,-0.07371156056571526,0.40205181331439116,-0.20316123119915205,Moderate,Moderate,21,Predicted
p03_daily_merged,2019-12-16,-0.1553929019645186,-0.07371156056571526,0.40205181331439116,-0.20316123119915205,Moderate,Moderate,21,Predicted
p03_daily_merged,2019-12-17,-0.1553929019645186,-0.07371156056571526,0.40205181331439116,-0.20316123119915205,Moderate,Moderate,21,Predicted
p03_daily_merged,2019-12-18,-0.1553929019645186,-0.07371156056571526,0.40205181331439116,-0.20316123119915205,Moderate,Moderate,21,Predicted
p03_daily_merged,2019-12-19,-0.1918769888042174,-0.07371156056571526,0.40205181331439116,-0.2939059701394773,Moderate,Moderate,21,Predicted
p03_daily_merged,2019-12-20,-0.1918769888042174,-0.07371156056571526,0.40205181331439116,-0.2939059701394773,Moderate,Moderate,21,Predicted
p03_daily_merged,2019-12-21,-0.2127232608546677,-0.07182402940485189,0.3949378707154327,-0.356763030080088,Moderate,Moderate,22,Predicted
p03_daily_merged,2019-12-22,-0.0782831475951336,-0.07006233365471273,0.38818880563873887,-0.021177359627602015,Moderate,Moderate,23,Predicted
p03_daily_merged,2019-12-23,-0.0599464906665551,-0.06841429569490513,0.3817744457552767,0.022180125261128728,Moderate,Moderate,24,Predicted
p03_daily_merged,2019-12-24,-0.0599464906665551,-0.06841429569490513,0.3817744457552767,0.022180125261128728,Moderate,Moderate,24,Predicted
p03_daily_merged,2019-12-25,0.0146863455747517,-0.04530822305961236,0.39766136066884317,0.1508684890416728,Moderate,Moderate,25,Predicted
p03_daily_merged,2019-12-26,0.0146863455747517,-0.04530822305961236,0.39766136066884317,0.1508684890416728,Moderate,Moderate,25,Predicted
p03_daily_merged,2019-12-27,0.0353089525182951,-0.044510190751765835,0.3914254323269488,0.20391915465367563,Moderate,Moderate,26,Predicted
p03_daily_merged,2019-12-28,0.0980132174685376,-0.044510190751765835,0.3914254323269488,0.3641138169613283,Moderate,Moderate,26,Predicted
p03_daily_merged,2019-12-29,-0.0315682634744118,-0.04375910152085146,0.38547400060978204,0.03162557793043098,Moderate,Moderate,27,Predicted
p03_daily_merged,2019-12-30,-0.0096837754864576,-0.04305093167456077,0.3797860682717915,0.08785776776894347,Moderate,Moderate,28,Predicted
p03_daily_merged,2019-12-31,-0.2128839891859471,-0.04238210459750845,0.3743427457590207,-0.45546998444627923,Moderate,Moderate,29,Predicted
p03_daily_merged,2020-01-01,0.0032158582431478,-0.04238210459750845,0.3743427457590207,0.12180805787541418,Moderate,Moderate,29,Predicted
p03_daily_merged,2020-01-02,-0.0489950892488998,-0.04174943033543193,0.36912698673799016,-0.019629176878933834,Moderate,Moderate,30,Predicted
p03_daily_merged,2020-01-03,-0.0353959919021035,-0.04174943033543193,0.36912698673799016,0.017212067016487642,Moderate,Moderate,30,Predicted
p03_daily_merged,2020-01-04,-0.0353959919021035,-0.04174943033543193,0.36912698673799016,0.017212067016487642,Moderate,Moderate,30,Predicted
p03_daily_merged,2020-01-05,0.0088627031156353,-0.04174943033543193,0.36912698673799016,0.1371130675064736,Moderate,Moderate,30,Predicted
p03_daily_merged,2020-01-06,0.0241459745239542,-0.04115005471872786,0.3641233630896784,0.179323921125601,Moderate,Moderate,31,Predicted
p03_daily_merged,2020-01-07,-0.0554227247036472,-0.021307242785876996,0.380069037358685,-0.08976127641140676,Moderate,Moderate,32,Predicted
p03_daily_merged,2020-01-08,0.1439578795071287,-0.0024565714496686875,0.39365273526753775,0.3719381013757974,Moderate,Moderate,33,Predicted
p03_daily_merged,2020-01-09,0.2069199322443871,0.015474554943309963,0.405303529625124,0.47235062936202415,Moderate,Moderate,34,Predicted
p03_daily_merged,2020-01-10,0.2069199322443871,0.015474554943309963,0.405303529625124,0.47235062936202415,Moderate,Moderate,34,Predicted
p03_daily_merged,2020-01-11,0.2069199322443871,0.015474554943309963,0.405303529625124,0.47235062936202415,Moderate,Moderate,34,Predicted
p03_daily_merged,2020-01-12,0.2069199322443871,0.015474554943309963,0.405303529625124,0.47235062936202415,Moderate,Moderate,34,Predicted
p03_daily_merged,2020-01-13,-0.0080574211350139,0.013872335787775674,0.395603846736027,-0.05543362913106999,Moderate,Moderate,36,Predicted
p03_daily_merged,2020-01-14,-0.0332918448876718,0.013125847317583561,0.39100809653208546,-0.11871286711692529,Moderate,Moderate,37,Predicted
p03_daily_merged,2020-01-15,-0.0133483741737551,0.012412536112733321,0.3865689020760121,-0.066639893038843,Moderate,Moderate,38,Predicted
p03_daily_merged,2020-01-16,0.3194897765311101,0.011730238438528743,0.3822775708722579,0.805068258099355,Moderate,Moderate,39,Predicted
p03_daily_merged,2020-01-17,0.2088091098507554,0.01107697470790734,0.3781260715316621,0.5229264788378686,Moderate,Moderate,40,Predicted
p03_daily_merged,2020-01-18,0.0933321251290916,0.010450930299395172,0.37410697049144076,0.22154410734667848,Moderate,Moderate,41,Predicted
p03_daily_merged,2020-01-19,0.1267565063365414,0.009850438723883491,0.370213375985008,0.31578023700956737,Moderate,Moderate,42,Predicted
p03_daily_merged,2020-01-20,0.044999241876322,0.009273966811392278,0.3664388882999273,0.0974931324310996,Moderate,Moderate,43,Predicted
p03_daily_merged,2020-01-21,0.1706968344359121,0.008720101640567387,0.36277755550656243,0.44649050178743666,Moderate,Moderate,44,Predicted
p03_daily_merged,2020-01-22,-0.0145463594079859,0.008720101640567387,0.36277755550656243,-0.06413423514049896,Moderate,Moderate,44,Predicted
p03_daily_merged,2020-01-23,-0.0460138226389288,0.008187538976312683,0.3592238339602164,-0.15088464765187107,Moderate,Moderate,45,Predicted
p03_daily_merged,2020-01-24,0.1061305030828004,0.007675073016369478,0.3557725529801137,0.27673700301421006,Moderate,Moderate,46,Predicted
p03_daily_merged,2020-01-25,0.1784787442710969,0.00718158727716491,0.3524188831930152,0.48606123327425327,Moderate,Moderate,47,Predicted
p03_daily_merged,2020-01-26,0.1628805836863624,0.00718158727716491,0.3524188831930152,0.44180094720952623,Moderate,Moderate,47,Predicted
p03_daily_merged,2020-01-27,0.0291768514644931,0.006706046473931417,0.3491583081003938,0.06435706803831985,Moderate,Moderate,48,Predicted
p03_daily_merged,2020-01-28,-0.0030662945317742,0.006247489270813407,0.3459865984882512,-0.026919492960950274,Moderate,Moderate,49,Predicted
p03_daily_merged,2020-01-29,0.0626531981969116,0.005805021794120589,0.3428997893496652,0.16578655971357634,Moderate,Moderate,50,Predicted
p03_daily_merged,2020-01-30,0.1206613876151622,0.005377811816624075,0.339894159033568,0.33917492470693705,Moderate,Moderate,51,Predicted
p03_daily_merged,2020-01-31,0.171182334908052,0.01682838766265566,0.34824129873256565,0.44323848953921324,Moderate,Moderate,52,Predicted
p03_daily_merged,2020-02-01,0.3190164821483283,0.016398057888233845,0.3452935787158365,0.8764090701760137,Moderate,Moderate,53,Predicted
p03_daily_merged,2020-02-02,0.3190164821483283,0.016398057888233845,0.3452935787158365,0.8764090701760137,Moderate,Moderate,53,Predicted
p03_daily_merged,2020-02-03,0.0119554805109375,0.015257050959559293,0.3396442980895655,-0.009720670911281296,Moderate,Moderate,55,Predicted
p03_daily_merged,2020-02-04,-0.1682883945526443,-0.007189561404417188,0.3811039332239263,-0.42271627003537077,Moderate,Moderate,56,Predicted
p03_daily_merged,2020-02-05,-0.0149485792232528,-0.007189561404417188,0.3811039332239263,-0.02035932233288347,Moderate,Moderate,56,Predicted
p03_daily_merged,2020-02-06,-0.0487399548621991,-0.007373680084046253,0.37807006939600035,-0.10941430736434399,Moderate,Moderate,57,Predicted
p03_daily_merged,2020-02-07,-0.0679768644874727,-0.007373680084046253,0.37807006939600035,-0.16029617076074093,Moderate,Moderate,57,Predicted
p03_daily_merged,2020-02-08,0.2543638659198423,-0.007552133573532883,0.375107527342169,0.6982424515689823,Moderate,Moderate,58,Predicted
p03_daily_merged,2020-02-09,0.2543638659198423,-0.007552133573532883,0.375107527342169,0.6982424515689823,Moderate,Moderate,58,Predicted
p03_daily_merged,2020-02-10,0.211211393288418,-0.007552133573532883,0.375107527342169,0.5832021778181944,Moderate,Moderate,58,Predicted
p03_daily_merged,2020-02-11,-0.0484011312052734,-0.007725179381519918,0.372213555653906,-0.10928122097083175,Moderate,Moderate,59,Predicted
p03_daily_merged,2020-02-12,-0.0484011312052734,-0.007725179381519918,0.372213555653906,-0.10928122097083175,Moderate,Moderate,59,Predicted
p03_daily_merged,2020-02-13,-0.0935589810358407,-0.007725179381519918,0.372213555653906,-0.23060364231906516,Moderate,Moderate,59,Predicted
p03_daily_merged,2020-02-14,-0.0935589810358407,-0.007725179381519918,0.372213555653906,-0.23060364231906516,Moderate,Moderate,59,Predicted
p03_daily_merged,2020-02-15,-0.1074129621462156,-0.007893059642999878,0.36938554926737305,-0.26942012945714894,Moderate,Moderate,60,Predicted
p03_daily_merged,2020-02-16,0.0346630570032722,-0.008056002249730427,0.36662103960507686,0.11652102481357718,Moderate,Moderate,61,Predicted
p03_daily_merged,2020-02-17,0.0346630570032722,-0.008056002249730427,0.36662103960507686,0.11652102481357718,Moderate,Moderate,61,Predicted
p03_daily_merged,2020-02-18,-0.183180883286028,-0.008056002249730427,0.36662103960507686,-0.47767275229196227,Moderate,Moderate,61,Predicted
p03_daily_merged,2020-02-19,-0.0315118890583784,-0.008214221882352846,0.3639176855172476,-0.06401905733960649,Moderate,Moderate,62,Predicted
p03_daily_merged,2020-02-20,-0.0315118890583784,-0.008214221882352846,0.3639176855172476,-0.06401905733960649,Moderate,Moderate,62,Predicted
p03_daily_merged,2020-02-21,-0.0288283182870021,-0.008367920954043194,0.36127326494738043,-0.056634130776156304,Moderate,Moderate,63,Predicted
p03_daily_merged,2020-02-22,0.2113975392451601,0.002069931603935667,0.3693090659357965,0.5668087435406082,Moderate,Moderate,64,Predicted
p03_daily_merged,2020-02-23,-0.0394646427284469,0.002069931603935667,0.3693090659357965,-0.1124656234125681,Moderate,Moderate,64,Predicted
p03_daily_merged,2020-02-24,-0.0280845169898204,0.0017776664858160467,0.3667074609137986,-0.0814332585468069,Moderate,Moderate,65,Predicted
p03_daily_merged,2020-02-25,0.0135387823459516,0.00149340863120655,0.3641600760705243,0.0330771397148223,Moderate,Moderate,66,Predicted
p03_daily_merged,2020-02-26,-0.0453357805158883,0.00149340863120655,0.3641600760705243,-0.128595066357647,Moderate,Moderate,66,Predicted
p03_daily_merged,2020-02-27,-0.0805563543554863,0.001216833421316229,0.361665053777165,-0.2261019883529747,Moderate,Moderate,67,Predicted
p03_daily_merged,2020-02-28,-0.0847643725232796,0.001216833421316229,0.361665053777165,-0.23773711351601026,Moderate,Moderate,67,Predicted
p03_daily_merged,2020-02-29,-0.0258744056586029,0.001216833421316229,0.361665053777165,-0.07490698588924499,Moderate,Moderate,67,Predicted
p03_daily_merged,2020-03-01,-0.0258744056586029,0.001216833421316229,0.361665053777165,-0.07490698588924499,Moderate,Moderate,67,Predicted
p03_daily_merged,2020-03-02,-0.0458922631962445,0.001216833421316229,0.361665053777165,-0.13025614757511617,Moderate,Moderate,67,Predicted
p03_daily_merged,2020-03-07,-0.0553143020376188,0.0006855178865269281,0.3568251005545637,-0.15693912742436836,Moderate,Moderate,67,Predicted
p03_daily_merged,2020-03-08,-0.0553143020376188,0.0006855178865269281,0.3568251005545637,-0.15693912742436836,Moderate,Moderate,67,Predicted
p03_daily_merged,2020-03-09,0.0185318546951739,0.0004302104217580433,0.3544768731492161,0.051065797643154054,Moderate,Moderate,68,Predicted
p03_daily_merged,2020-03-10,0.0185318546951739,0.0004302104217580433,0.3544768731492161,0.051065797643154054,Moderate,Moderate,68,Predicted
p03_daily_merged,2020-03-11,-0.0036349014766747,0.00018144930223964274,0.35217440590207877,-0.010836536428985898,Moderate,Moderate,69,Predicted
p03_daily_merged,2020-03-12,-0.018418192572083,0.00018144930223964274,0.35217440590207877,-0.052813724003254875,Moderate,Moderate,69,Predicted
p03_daily_merged,2020-03-13,-0.018418192572083,0.00018144930223964274,0.35217440590207877,-0.052813724003254875,Moderate,Moderate,69,Predicted
p03_daily_merged,2020-03-14,0.0069094287783868,0.00018144930223964274,0.35217440590207877,0.01910411251752876,Moderate,Moderate,69,Predicted
p03_daily_merged,2020-03-15,0.0069094287783868,0.00018144930223964274,0.35217440590207877,0.01910411251752876,Moderate,Moderate,69,Predicted
p03_daily_merged,2020-03-20,-0.0710207295482198,-0.00029741585283328266,0.34770094800444096,-0.20340270597848126,Moderate,Moderate,69,Predicted
p03_daily_merged,2020-03-21,-0.0710207295482198,-0.00029741585283328266,0.34770094800444096,-0.20340270597848126,Moderate,Moderate,69,Predicted
p03_daily_merged,2020-03-22,-0.0710207295482198,-0.00029741585283328266,0.34770094800444096,-0.20340270597848126,Moderate,Moderate,69,Predicted
p03_daily_merged,2020-03-23,-0.0710207295482198,-0.00029741585283328266,0.34770094800444096,-0.20340270597848126,Moderate,Moderate,69,Predicted
p03_daily_merged,2020-03-24,-0.0710207295482198,-0.00029741585283328266,0.34770094800444096,-0.20340270597848126,Moderate,Moderate,69,Predicted
p03_daily_merged,2020-03-25,-0.0370194983076202,0.00023423650494632583,0.3455541127960124,-0.10780868591356678,Moderate,Moderate,70,Predicted
p03_daily_merged,2020-03-26,-0.0370194983076202,0.00023423650494632583,0.3455541127960124,-0.10780868591356678,Moderate,Moderate,70,Predicted
p04_daily_merged,2019-11-18,-0.3141559226745748,-0.1106312756568542,0.39310079826926353,-0.5177416273734241,Moderate,Moderate,10,Predicted
p04_daily_merged,2019-11-19,-0.1842707990995969,-0.10869527250861945,0.38145223451691035,-0.19812579335572636,Moderate,Moderate,11,Predicted
p04_daily_merged,2019-11-20,-0.3354238137805193,-0.13010607881172512,0.38227239132040997,-0.537097995122286,Moderate,Moderate,12,Predicted
p04_daily_merged,2019-11-21,-0.2514594022159002,-0.1391756522180335,0.37428085306557257,-0.2999986482829647,Moderate,Moderate,13,Predicted
p04_daily_merged,2019-11-22,-0.1190035241662181,-0.10137982755764885,0.40383271378114904,-0.04364108207964582,Moderate,Moderate,14,Predicted
p04_daily_merged,2019-11-23,-0.0178706631064476,-0.10628954483627884,0.39477262135323854,0.22397419919025977,Moderate,Moderate,15,Predicted
p04_daily_merged,2019-11-24,-0.1050358115124768,-0.11076542124122798,0.3862930358246656,0.014832288437505746,Moderate,Moderate,16,Predicted
p04_daily_merged,2019-11-25,-0.3064244579034147,-0.11846146325082747,0.37967865429623876,-0.4950581038088379,Moderate,Moderate,17,Predicted
p04_daily_merged,2019-11-26,-0.1125095074339884,-0.09524116905280494,0.3893956048445621,-0.04434651589885454,Moderate,Moderate,18,Predicted
p04_daily_merged,2019-11-27,0.0167774643504715,-0.10068272469911274,0.38253581964767736,0.3070567068928794,Moderate,Moderate,19,Predicted
p04_daily_merged,2019-11-28,-0.1580081866658133,-0.0850755645142784,0.38377361686589667,-0.1900407400257011,Moderate,Moderate,20,Predicted
p04_daily_merged,2019-11-29,0.0383773824339463,-0.09512333236195002,0.38033420434867077,0.35100896335242504,Moderate,Moderate,21,Predicted
p04_daily_merged,2019-11-30,-0.3274827372560604,-0.0799770219993273,0.3822836639210568,-0.6474399473890261,Moderate,Moderate,22,Predicted
p04_daily_merged,2019-12-01,-0.0092624795420102,-0.0672689079203845,0.3820292484659902,0.15183766324514356,Moderate,Moderate,23,Predicted
p04_daily_merged,2019-12-02,-0.4533714383880754,-0.09084046341678008,0.3978764048606246,-0.9111648002808543,Moderate,Moderate,24,Predicted
p04_daily_merged,2019-12-03,-0.3209854289605516,-0.07478874457432452,0.4018010028536167,-0.6127328768164397,Moderate,Moderate,25,Predicted
p04_daily_merged,2019-12-04,-0.0853353982616282,-0.07993775290658264,0.39657764047480804,-0.01361056399595083,Moderate,Moderate,26,Predicted
p04_daily_merged,2019-12-05,-0.468672587373791,-0.062032600788777675,0.4042377561563275,-1.0059426176602781,Low,High,27,Predicted
p04_daily_merged,2019-12-06,-0.0051640608297994,-0.049193291561867906,0.4054278187251089,0.1085994317571028,Moderate,Moderate,28,Predicted
p04_daily_merged,2019-12-07,-0.3021183780004863,-0.05451330617675561,0.40086690240755873,-0.6176740218178258,Moderate,Moderate,29,Predicted
p04_daily_merged,2019-12-08,-0.1497214561769001,-0.0461780346857194,0.3984986617400049,-0.25983379979011373,Moderate,Moderate,30,Predicted
p04_daily_merged,2019-12-09,-0.0739113988632846,-0.05470003886453964,0.3965715479345095,-0.04844361653982689,Moderate,Moderate,31,Predicted
p04_daily_merged,2019-12-10,-0.1226480912516153,-0.051320931965589164,0.3918872938796299,-0.18200936953045133,Moderate,Moderate,32,Predicted
p04_daily_merged,2019-12-11,-0.0898925661033231,-0.05841125738398363,0.38942100929205925,-0.08084132075095364,Moderate,Moderate,33,Predicted
p04_daily_merged,2019-12-12,0.0554832205444929,-0.044953273015836404,0.3940600404627194,0.2548761184777659,Moderate,Moderate,34,Predicted
p04_daily_merged,2019-12-13,0.0430497165402936,-0.044953273015836404,0.3940600404627194,0.22332380987626593,Moderate,Moderate,34,Predicted
p04_daily_merged,2019-12-14,-0.0637432363305211,-0.037644027272339856,0.39209663430198277,-0.0665632060439476,Moderate,Moderate,35,Predicted
p04_daily_merged,2019-12-15,0.1027135236943986,-0.0277606028670979,0.39278445648284294,0.33217741794015126,Moderate,Moderate,36,Predicted
p04_daily_merged,2019-12-16,-0.0473806899817733,-0.01957089347513492,0.39197304735971,-0.07094823660443568,Moderate,Moderate,37,Predicted
p04_daily_merged,2019-12-17,0.0922071660486373,-0.017679272010805408,0.3877009245282025,0.2834309414999841,Moderate,Moderate,38,Predicted
p04_daily_merged,2019-12-18,-0.2014893160063425,-0.02184352049209462,0.3844078881468319,-0.46733118922270594,Moderate,Moderate,39,Predicted
p04_daily_merged,2019-12-19,-0.0251892669595115,-0.015976812843505713,0.38232800555608054,-0.02409568219468162,Moderate,Moderate,40,Predicted
p04_daily_merged,2019-12-20,0.1386027881687466,-0.008798245731385665,0.3814946020437801,0.38637777077437285,Moderate,Moderate,41,Predicted
p04_daily_merged,2019-12-21,-0.1005842765853072,1.0178457862977834e-05,0.38250217709550816,-0.2629905424513504,Moderate,Moderate,42,Predicted
p04_daily_merged,2019-12-22,0.0572346273915031,-0.018074868610043246,0.39959415164519485,0.18846496048924832,Moderate,Moderate,43,Predicted
p04_daily_merged,2019-12-23,-0.0910862445454904,-0.027062187767632372,0.4007509744169325,-0.1597602023825619,Moderate,Moderate,44,Predicted
p04_daily_merged,2019-12-24,-0.0049476068163666,-0.031247646070924874,0.39794878656438176,0.06608900477273688,Moderate,Moderate,45,Predicted
p04_daily_merged,2019-12-25,0.0017636987118476,-0.031247646070924874,0.39794878656438176,0.08295375158137784,Moderate,Moderate,45,Predicted
p04_daily_merged,2019-12-26,0.0446910283731835,-0.03756852366792032,0.39678120548799595,0.20731715843227477,Moderate,Moderate,46,Predicted
p04_daily_merged,2019-12-27,-0.060899133943255,-0.035002006751691676,0.3934724204924282,-0.06581688027626749,Moderate,Moderate,47,Predicted
p04_daily_merged,2019-12-28,-0.1280769700331717,-0.031320204699248615,0.39076727114131793,-0.2476071372388087,Moderate,Moderate,48,Predicted
p04_daily_merged,2019-12-29,0.0154620738908069,-0.0241213088557404,0.390928207376631,0.10125486470310284,Moderate,Moderate,49,Predicted
p04_daily_merged,2019-12-30,-0.1957828128836891,-0.021998614271779876,0.38775337567472634,-0.4481822970838328,Moderate,Moderate,50,Predicted
p04_daily_merged,2019-12-31,-0.1210027252825247,-0.027394051072290003,0.3865272782674297,-0.2421787011509933,Moderate,Moderate,51,Predicted
p04_daily_merged,2020-01-01,-0.3003870669480187,-0.032141700123554155,0.3849120514654983,-0.6969004108942762,Moderate,Moderate,52,Predicted
p04_daily_merged,2020-01-02,-0.2659797372621867,-0.037121700902500755,0.38358072340133414,-0.5966359162429432,Moderate,Moderate,53,Predicted
p04_daily_merged,2020-01-03,0.1833487610049093,-0.040524722519489964,0.3812982416683036,0.5871348436984133,Moderate,Moderate,54,Predicted
p04_daily_merged,2020-01-04,-0.0222398130751667,-0.05097116593018294,0.3870024298323833,0.07424075571685747,Moderate,Moderate,55,Predicted
p04_daily_merged,2020-01-05,-0.0226870288983258,-0.055978180189213106,0.3859205143716512,0.08626426958694164,Moderate,Moderate,56,Predicted
p04_daily_merged,2020-01-06,-0.2887209828376477,-0.05720806703220723,0.38297181259111707,-0.6045168552721061,Moderate,Moderate,57,Predicted
p04_daily_merged,2020-01-07,0.0612501635540099,-0.061903648499528126,0.3818492929357305,0.3225194188699629,Moderate,Moderate,58,Predicted
p04_daily_merged,2020-01-08,-0.2389147594520748,-0.06110195218271071,0.3789565783296628,-0.46921683759420263,Moderate,Moderate,59,Predicted
p04_daily_merged,2020-01-09,-0.0082298724903967,-0.05985672127818163,0.3762128364829666,0.1372277705099581,Moderate,Moderate,60,Predicted
p04_daily_merged,2020-01-10,0.2320361108354401,-0.04484936287364716,0.39336831860500077,0.7038835122538698,Moderate,Moderate,61,Predicted
p04_daily_merged,2020-01-11,-0.1334489159650752,-0.0510439668648794,0.3938410988175612,-0.2092340016001433,Moderate,Moderate,62,Predicted
p04_daily_merged,2020-01-12,0.0628865555895754,-0.0508906516468082,0.39097886610010885,0.2910060289735745,Moderate,Moderate,63,Predicted
p04_daily_merged,2020-01-13,-0.0469089794706325,-0.045270897820865456,0.39105369386855704,-0.004188891897585925,Moderate,Moderate,64,Predicted
p04_daily_merged,2020-01-14,0.2487345719385217,-0.04329668698404776,0.38865121528760915,0.7513967470974221,Moderate,Moderate,65,Predicted
p04_daily_merged,2020-01-15,-0.1121017881496761,-0.0353476812949756,0.3918730434559774,-0.19586472745814926,Moderate,Moderate,66,Predicted
p04_daily_merged,2020-01-16,0.1251518202923177,-0.03621296298409084,0.38925090091289316,0.414552112526822,Moderate,Moderate,67,Predicted
p04_daily_merged,2020-01-17,0.2581462037687253,-0.03443849304523616,0.38691717789416114,0.7561946419809675,Moderate,Moderate,68,Predicted
p04_daily_merged,2020-01-18,0.0119112439041992,-0.027955277913976066,0.38846270753259876,0.1026263809759133,Moderate,Moderate,69,Predicted
p04_daily_merged,2020-01-19,-0.2043797015794551,-0.021079113123801223,0.3905872401715653,-0.4692948709106297,Moderate,Moderate,70,Predicted
p04_daily_merged,2020-01-20,0.1061025008359964,-0.013273674003611534,0.3941183261322147,0.3028942500876269,Moderate,Moderate,71,Predicted
p04_daily_merged,2020-01-21,0.0724094741711269,-0.005218848382017362,0.39807460523872384,0.19500948197032275,Moderate,Moderate,72,Predicted
p04_daily_merged,2020-01-22,0.1633070661160154,0.0015566600075181166,0.4001626253634709,0.4042116775937735,Moderate,Moderate,73,Predicted
p04_daily_merged,2020-01-23,0.0064889193272223,-7.612266294284411e-05,0.3979251744646584,0.016498182099178086,Moderate,Moderate,74,Predicted
p04_daily_merged,2020-01-24,0.019527440349029,-7.612266294284411e-05,0.3979251744646584,0.04926444535293639,Moderate,Moderate,74,Predicted
p04_daily_merged,2020-01-25,-0.0290050708492594,-0.0036784922581705715,0.39680435261893393,-0.06382636285094102,Moderate,Moderate,75,Predicted
p04_daily_merged,2020-01-26,-0.3624684761566001,-0.006768607021569513,0.3953809282477142,-0.8996384087402854,Moderate,Moderate,76,Predicted
p04_daily_merged,2020-01-27,-0.2741807262887052,-0.000767096181419044,0.3968225734666076,-0.6890072500633428,Moderate,Moderate,77,Predicted
p04_daily_merged,2020-01-28,-0.1780403929866384,0.003847744121085668,0.3967414243037045,-0.45845511954529145,Moderate,Moderate,78,Predicted
p04_daily_merged,2020-01-29,0.1319874486061355,-0.0009119448904341881,0.39686300890805476,0.3348747313644438,Moderate,Moderate,79,Predicted
p04_daily_merged,2020-01-30,-0.0950131208884964,0.00030561300082877725,0.39471232881286905,-0.24148912240974177,Moderate,Moderate,80,Predicted
p04_daily_merged,2020-01-31,-0.0950131208884964,0.00030561300082877725,0.39471232881286905,-0.24148912240974177,Moderate,Moderate,80,Predicted
p04_daily_merged,2020-02-01,0.098269316405287,0.004081533425583827,0.39403262498488395,0.23903549352878187,Moderate,Moderate,81,Predicted
p04_daily_merged,2020-02-02,0.0566591191345479,0.00967061070090858,0.39531953504753264,0.11886209576764145,Moderate,Moderate,82,Predicted
p04_daily_merged,2020-02-03,0.1720925043235581,0.003357462075452048,0.39762876346416826,0.42435321021063754,Moderate,Moderate,83,Predicted
p04_daily_merged,2020-02-04,-0.0873520449609236,0.006675057021985257,0.3966780264094341,-0.23703632599466978,Moderate,Moderate,84,Predicted
p04_daily_merged,2020-02-05,0.1441699750449151,0.004369878077762684,0.39511159432332593,0.353824334632792,Moderate,Moderate,85,Predicted
p04_daily_merged,2020-02-06,0.2309840234468807,-0.0003739455669437784,0.3956123720291313,0.5848097414829793,Moderate,Moderate,86,Predicted
p04_daily_merged,2020-02-07,-0.1035383327506236,-0.0018028497432617924,0.39372348284034886,-0.25839323139538156,Moderate,Moderate,87,Predicted
p04_daily_merged,2020-02-08,-0.2870842662564209,-0.007704977297871633,0.3958262077909965,-0.7058130145492203,Moderate,Moderate,88,Predicted
p04_daily_merged,2020-02-09,-0.2313898610471919,-0.007704977297871633,0.3958262077909965,-0.5651088264156323,Moderate,Moderate,88,Predicted
p04_daily_merged,2020-02-10,-0.1671920763888452,-0.003589891886924381,0.39579640938216215,-0.41334933977118105,Moderate,Moderate,89,Predicted
p04_daily_merged,2020-02-11,-0.416543854929509,-0.010892164202776087,0.400244082311292,-1.013510776684601,Low,High,90,Predicted
p04_daily_merged,2020-02-12,-0.0787134302890799,-0.010553177645393295,0.3981897645467357,-0.17117530060390743,Moderate,Moderate,91,Predicted
p04_daily_merged,2020-02-13,0.0230109863952526,-0.009468071988065993,0.3963000725422731,0.08195572151921336,Moderate,Moderate,92,Predicted
p04_daily_merged,2020-02-14,-0.1405881454115108,-0.0055375593943467385,0.39624769896124407,-0.3408236473579446,Moderate,Moderate,93,Predicted
p04_daily_merged,2020-02-15,-0.1229197001411356,-0.0055375593943467385,0.39624769896124407,-0.2962342520966152,Moderate,Moderate,93,Predicted
p04_daily_merged,2020-02-16,0.2518090969924219,0.0017358860418281421,0.40098044890315315,0.6236543742585133,Moderate,Moderate,94,Predicted
p04_daily_merged,2020-02-17,-0.0089172248660424,0.001282955698493432,0.39901668062699513,-0.025563293615965557,Moderate,Moderate,95,Predicted
p04_daily_merged,2020-02-18,-0.2247465621566141,0.0024400880677399425,0.39722952961076574,-0.5719278988321134,Moderate,Moderate,96,Predicted
p04_daily_merged,2020-02-19,-0.0748003406429336,6.36831869074193e-05,0.39603871534241547,-0.18903208431305385,Moderate,Moderate,97,Predicted
p04_daily_merged,2020-02-20,0.2063968023463081,-0.0019311481547536866,0.39465979655668637,0.5278671714693871,Moderate,Moderate,98,Predicted
p04_daily_merged,2020-02-21,0.060085106450298,-0.0022947298432682275,0.3927938052911945,0.15881064174961068,Moderate,Moderate,99,Predicted
p04_daily_merged,2020-02-22,0.0173712757659379,-0.0026515156123712814,0.3909540339613099,0.051215205980687496,Moderate,Moderate,100,Predicted
p04_daily_merged,2020-02-23,0.0376616860974859,-0.0011475922879675188,0.38943660718601925,0.099654931429997,Moderate,Moderate,101,Predicted
p04_daily_merged,2020-02-24,0.0541146975497775,-0.0023361348935808414,0.3878280298619409,0.14555634997154207,Moderate,Moderate,102,Predicted
p04_daily_merged,2020-02-25,-0.067763766197659,0.0015288712376498744,0.3881673313471305,-0.17851228539720107,Moderate,Moderate,103,Predicted
p04_daily_merged,2020-02-26,-0.1500407625574092,0.005643799036684842,0.388823400303614,-0.4003991567187758,Moderate,Moderate,104,Predicted
p04_daily_merged,2020-02-27,0.1123467109757888,0.006984300845127102,0.3873278710993208,0.2720238278531835,Moderate,Moderate,105,Predicted
p04_daily_merged,2020-02-28,0.0754045657690986,0.010004535134396118,0.38692913413964386,0.16902327807422074,Moderate,Moderate,106,Predicted
p04_daily_merged,2020-02-29,-0.0022166133148666,0.00877029591128896,0.38543859733723057,-0.02850495332345457,Moderate,Moderate,107,Predicted
p04_daily_merged,2020-03-01,0.2701955540309667,0.007592236516766427,0.3839522478494814,0.6839478580605866,Moderate,Moderate,108,Predicted
p04_daily_merged,2020-03-02,0.0921415809032266,0.006400072958002754,0.3824948194178593,0.22416384116187182,Moderate,Moderate,109,Predicted
p04_daily_merged,2020-03-03,0.0531189442655064,0.002476578389382295,0.3831998642969002,0.13215653395139726,Moderate,Moderate,110,Predicted
p04_daily_merged,2020-03-04,-0.1405585404544109,0.0004494750483128867,0.3821936086127922,-0.3689439392106155,Moderate,Moderate,111,Predicted
p04_daily_merged,2020-03-05,0.1109460265462116,0.00010560713078676998,0.38058918497179817,0.2912337601596277,Moderate,Moderate,112,Predicted
p04_daily_merged,2020-03-06,0.2401608355749372,0.0019927581615492517,0.3795500984610024,0.6275010291898501,Moderate,Moderate,113,Predicted
p04_daily_merged,2020-03-07,0.0741907955354713,0.0019927581615492517,0.3795500984610024,0.1902200464883825,Moderate,Moderate,113,Predicted
p04_daily_merged,2020-03-08,0.0818205080789912,-0.00034470201187877054,0.37705884467718703,0.21791084137335226,Moderate,Moderate,115,Predicted
p04_daily_merged,2020-03-09,0.150411266293623,0.0030956170251429907,0.3774437966540767,0.3902982392991698,Moderate,Moderate,116,Predicted
p04_daily_merged,2020-03-10,0.0085358425818267,0.00457952504584776,0.3762693491241764,0.010514588937918715,Moderate,Moderate,117,Predicted
p04_daily_merged,2020-03-11,-0.020564628964005,0.0076416346227054935,0.37630961239845934,-0.07495493778895022,Moderate,Moderate,118,Predicted
p04_daily_merged,2020-03-12,-0.0954792271959527,0.01090497353602355,0.37658714127963927,-0.282495574252705,Moderate,Moderate,119,Predicted
p04_daily_merged,2020-03-13,-0.1857731415796926,0.008955157871513065,0.37573283392568113,-0.5182626639696928,Moderate,Moderate,120,Predicted
p04_daily_merged,2020-03-14,-0.1103289808263538,0.01218843429081216,0.376034132515664,-0.32581461235320813,Moderate,Moderate,121,Predicted
p04_daily_merged,2020-03-15,0.1382434494906395,0.01257115860312118,0.37458759179686874,0.33549507148562424,Moderate,Moderate,122,Predicted
p04_daily_merged,2020-03-16,-0.1480323949945878,0.015725654567746387,0.3748623132239011,-0.43684852754062614,Moderate,Moderate,123,Predicted
p04_daily_merged,2020-03-17,-0.0583781711247791,0.013768101344345076,0.3740893091533642,-0.192858418307663,Moderate,Moderate,124,Predicted
p04_daily_merged,2020-03-18,0.0327920032636848,0.012523752936165946,0.3729328822712736,0.05434825216826982,Moderate,Moderate,125,Predicted
p04_daily_merged,2020-03-19,0.121016304366769,0.012125297597267744,0.3715459895511315,0.29307544646371664,Moderate,Moderate,126,Predicted
p04_daily_merged,2020-03-20,0.0232652119050096,0.013695791861327447,0.37059274672558223,0.025821930213783026,Moderate,Moderate,127,Predicted
p04_daily_merged,2020-03-21,-0.0547078758384383,0.010065244176079922,0.3716093169740602,-0.17430434883052096,Moderate,Moderate,128,Predicted
p04_daily_merged,2020-03-22,-0.0822400714342242,0.008221280485830625,0.370854415163929,-0.2439268570661836,Moderate,Moderate,129,Predicted
p04_daily_merged,2020-03-23,-0.0281043677673747,0.007207265764767482,0.3696790393707398,-0.09551970702003805,Moderate,Moderate,130,Predicted
p04_daily_merged,2020-03-24,-0.0181082328958884,0.00686177248286848,0.36834973521773556,-0.0677888511688405,Moderate,Moderate,131,Predicted
p04_daily_merged,2020-03-25,-0.0440118244943116,0.003668776807327425,0.3689382925818202,-0.1292373338857603,Moderate,Moderate,132,Predicted
p04_daily_merged,2020-03-26,0.0051914419259686,0.003353494064865838,0.36762770875131184,0.0049994813158821885,Moderate,Moderate,133,Predicted
p04_daily_merged,2020-03-27,0.008255147045197,0.0016225202225772473,0.36688860473816476,0.01807803986540607,Moderate,Moderate,134,Predicted
p04_daily_merged,2020-03-28,0.1656255012727171,0.0012979742422892934,0.36560572181600504,0.4494665078385381,Moderate,Moderate,135,Predicted
p04_daily_merged,2020-03-29,0.1509136837203506,0.0010058848620124817,0.3643328468734476,0.4114583687547919,Moderate,Moderate,136,Predicted
p04_daily_merged,2020-03-30,0.039307598219053,0.0003087708956825049,0.36315308337321417,0.10738949800762454,Moderate,Moderate,137,Predicted
p05_daily_merged,2019-11-19,-0.3700029760396986,-0.2715916811389317,0.20137313989120692,-0.4887011989480536,Moderate,Moderate,10,Predicted
p05_daily_merged,2019-11-20,-0.4415106361340704,-0.2840633115261505,0.20164548525705372,-0.7808125453798735,Moderate,Moderate,11,Predicted
p05_daily_merged,2019-11-21,-0.3650073716433755,-0.2559496154102984,0.22911988639869332,-0.4759855547558399,Moderate,Moderate,12,Predicted
p05_daily_merged,2019-11-22,-0.1470346666787614,-0.24024567611055794,0.23294879843912641,0.4001351801612929,Moderate,Moderate,13,Predicted
p05_daily_merged,2019-11-23,-0.2580726191407024,-0.24024567611055794,0.23294879843912641,-0.07652730192039581,Moderate,Moderate,13,Predicted
p05_daily_merged,2019-11-24,-0.0807583254332634,-0.23123414832866204,0.23028945961921193,0.6534203655877837,Moderate,Moderate,14,Predicted
p05_daily_merged,2019-11-25,-0.3261497263970676,-0.24813012933582396,0.2374374256708599,-0.32859014050041047,Moderate,Moderate,15,Predicted
p05_daily_merged,2019-11-26,-0.2001228990659189,-0.21609419838078123,0.2761712395908687,0.0578311461342711,Moderate,Moderate,16,Predicted
p05_daily_merged,2019-11-27,-0.0734819453620751,-0.2072507077797361,0.2731345432767312,0.48975409998628683,Moderate,Moderate,17,Predicted
p05_daily_merged,2019-11-28,-0.2691548134256862,-0.2230340011838746,0.2780963665989785,-0.165844713492136,Moderate,Moderate,18,Predicted
p05_daily_merged,2019-11-29,-0.2791748632988876,-0.21424603144444265,0.27576421064489376,-0.2354505383516024,Moderate,Moderate,19,Predicted
p05_daily_merged,2019-11-30,-0.2791748632988876,-0.21424603144444265,0.27576421064489376,-0.2354505383516024,Moderate,Moderate,19,Predicted
p05_daily_merged,2019-12-01,-0.2984598541705642,-0.20831407333014254,0.2718804060271949,-0.331564095249309,Moderate,Moderate,20,Predicted
p05_daily_merged,2019-12-02,-0.1709288497111694,-0.19033568674751875,0.2824941111153419,0.0686982003261143,Moderate,Moderate,21,Predicted
p05_daily_merged,2019-12-03,-0.1991450659849091,-0.17763431022851367,0.28524438301263844,-0.07541167166626504,Moderate,Moderate,22,Predicted
p05_daily_merged,2019-12-04,-0.3182727398401559,-0.15576208050769885,0.30386169002704866,-0.5348178617646435,Moderate,Moderate,23,Predicted
p05_daily_merged,2019-12-05,-0.1128100502797988,-0.15288248706848578,0.2989930247967983,0.13402465430730706,Moderate,Moderate,24,Predicted
p05_daily_merged,2019-12-06,-0.0799618953017599,-0.14836027505197794,0.29504389000354486,0.2318244236455676,Moderate,Moderate,25,Predicted
p05_daily_merged,2019-12-07,-0.0779254675172072,-0.13477209391724843,0.30025196236744417,0.18932974143387316,Moderate,Moderate,26,Predicted
p05_daily_merged,2019-12-08,-0.2110743478790551,-0.15527499185115984,0.3181291967250429,-0.1753984123504461,Moderate,Moderate,27,Predicted
p05_daily_merged,2019-12-09,0.0621366932593668,-0.14918501008661286,0.3152781621708752,0.6702706647707717,Moderate,Moderate,28,Predicted
p05_daily_merged,2019-12-10,-0.0775558206733304,-0.15176752716262554,0.3109826515056215,0.23863616227464587,Moderate,Moderate,29,Predicted
p05_daily_merged,2019-12-11,-0.2819444603272149,-0.16357094564756358,0.31458322501214203,-0.3762867987480337,Moderate,Moderate,30,Predicted
p05_daily_merged,2019-12-12,-0.1473167187402856,-0.16562505813673906,0.3104347937758617,0.05897644131241403,Moderate,Moderate,31,Predicted
p05_daily_merged,2019-12-13,-0.1106326871232708,-0.1827811949402223,0.3120312774005513,0.23122203779698405,Moderate,Moderate,33,Predicted
p05_daily_merged,2019-12-14,-0.2902614271732395,-0.1987298371315915,0.3241008872599085,-0.2824169684183722,Moderate,Moderate,34,Predicted
p05_daily_merged,2019-12-15,-0.1862547246075165,-0.2122897767859859,0.33159327646268244,0.07851501832667405,Moderate,Moderate,35,Predicted
p05_daily_merged,2019-12-16,-0.1494463633953081,-0.2122897767859859,0.33159327646268244,0.18951956463372446,Moderate,Moderate,35,Predicted
p05_daily_merged,2019-12-17,-0.1908196130407558,-0.2129393799041066,0.32755154860078783,0.06753064352112062,Moderate,Moderate,36,Predicted
p05_daily_merged,2019-12-18,-0.1601951488793663,-0.21377642373437675,0.3236751772978294,0.16554026571431418,Moderate,Moderate,37,Predicted
p05_daily_merged,2019-12-19,0.0280114707986243,-0.21478812822824064,0.31995975785294195,0.7588441767056815,Moderate,Moderate,38,Predicted
p05_daily_merged,2019-12-20,-0.1069325604753314,-0.21033183941183067,0.3177124362882933,0.32544926520494916,Moderate,Moderate,39,Predicted
p05_daily_merged,2019-12-21,-0.0713203406922662,-0.2104995235564348,0.3132627468599602,0.4442889691137987,Moderate,Moderate,41,Predicted
p05_daily_merged,2019-12-22,-0.0921746128769256,-0.2111052232270727,0.3099406565597612,0.38372058596712527,Moderate,Moderate,42,Predicted
p05_daily_merged,2019-12-23,-0.1120217450232304,-0.2116862004621744,0.3067220776114249,0.3249340778305672,Moderate,Moderate,43,Predicted
p05_daily_merged,2019-12-24,-0.2113876193936704,-0.20418337168773582,0.3081770381727778,-0.023376977560202142,Moderate,Moderate,44,Predicted
p05_daily_merged,2019-12-25,-0.1946235414334618,-0.20487728808105582,0.3051199479513158,0.03360562531699854,Moderate,Moderate,45,Predicted
p05_daily_merged,2019-12-26,-0.3372643443137965,-0.20554451538232504,0.3021520777264472,-0.4359388488161373,Moderate,Moderate,46,Predicted
p05_daily_merged,2019-12-27,-0.2334382156089652,-0.20618656429486715,0.29926917003286974,-0.0910606706033398,Moderate,Moderate,47,Predicted
p05_daily_merged,2019-12-28,-0.3135131655134318,-0.20680483361805582,0.29646724653735995,-0.3599329542864995,Moderate,Moderate,48,Predicted
p05_daily_merged,2019-12-29,-0.2644144680676451,-0.20740062042040128,0.2937425849391824,-0.19409459360156517,Moderate,Moderate,49,Predicted
p05_daily_merged,2019-12-30,-0.0646659605880638,-0.20797512912266297,0.2910916981649813,0.4923162338122615,Moderate,Moderate,50,Predicted
p05_daily_merged,2019-12-31,-0.1951082965647641,-0.2085294796248453,0.28851131559355453,0.04651874063403643,Moderate,Moderate,51,Predicted
p05_daily_merged,2020-01-01,-0.1804911561002198,-0.21311087205998566,0.2880899527071759,0.11322753762579711,Moderate,Moderate,52,Predicted
p05_daily_merged,2020-01-02,-0.1301347903765861,-0.2042810300532049,0.29216321188865624,0.2537836272996479,Moderate,Moderate,54,Predicted
p05_daily_merged,2020-01-03,-0.1194967356174209,-0.2042810300532049,0.29216321188865624,0.2901949697489477,Moderate,Moderate,54,Predicted
p05_daily_merged,2020-01-04,-0.0442934646291839,-0.19825256663823837,0.29351928610335853,0.5245280610107508,Moderate,Moderate,55,Predicted
p05_daily_merged,2020-01-05,-0.2927671567573434,-0.1942197125288565,0.2928302925708084,-0.3365343228780111,Moderate,Moderate,56,Predicted
p05_daily_merged,2020-01-06,-0.2457841523800856,-0.20029067887951585,0.2944290922180195,-0.15451419273093656,Moderate,Moderate,57,Predicted
p05_daily_merged,2020-01-07,-0.1117376741797718,-0.19446091209829808,0.2957830254213055,0.27967540666235824,Moderate,Moderate,58,Predicted
p05_daily_merged,2020-01-08,-0.0509335367190152,-0.1888105227565024,0.29697786599011455,0.4642668758421096,Moderate,Moderate,59,Predicted
p05_daily_merged,2020-01-09,-0.281533511147066,-0.1836149681480541,0.29769209529367774,-0.32892557292263264,Moderate,Moderate,60,Predicted
p05_daily_merged,2020-01-10,-0.2658176888554595,-0.17843481581360918,0.2984555645738962,-0.2927835276470937,Moderate,Moderate,61,Predicted
p05_daily_merged,2020-01-11,-0.3853598752162954,-0.1734070209007656,0.2991073196721531,-0.7086180791157102,Moderate,Moderate,62,Predicted
p05_daily_merged,2020-01-12,-0.1940003419039352,-0.16852495917380156,0.2996566476565013,-0.08501524304355251,Moderate,Moderate,63,Predicted
p05_daily_merged,2020-01-13,-0.3068887050252,-0.16378238492475075,0.30011195137511304,-0.4768431228571073,Moderate,Moderate,64,Predicted
p05_daily_merged,2020-01-14,-0.0902902576425855,-0.1566444185802589,0.30397039217857413,0.2182915265599032,Moderate,Moderate,65,Predicted
p05_daily_merged,2020-01-15,-0.0094942881567299,-0.1523285783027402,0.3040357304902542,0.46979442158226475,Moderate,Moderate,66,Predicted
p05_daily_merged,2020-01-16,0.0669535902875631,-0.14504443260464303,0.30826475463722136,0.6877141149065003,Moderate,Moderate,67,Predicted
p05_daily_merged,2020-01-17,0.0708420854826339,-0.14504443260464303,0.30826475463722136,0.7003282562787337,Moderate,Moderate,67,Predicted
p05_daily_merged,2020-01-18,-0.0778205330456879,-0.13844905884601041,0.311358860030173,0.19472233998559463,Moderate,Moderate,68,Predicted
p05_daily_merged,2020-01-19,-0.2339504090890131,-0.13442366821793356,0.31120662557628703,-0.3198091965001634,Moderate,Moderate,69,Predicted
p05_daily_merged,2020-01-20,-0.2085272982176355,-0.1305042089221745,0.31100765349781356,-0.2508719268415351,Moderate,Moderate,70,Predicted
p05_daily_merged,2020-01-21,-0.1856878072889274,-0.12668655376396765,0.3107656495795563,-0.18985770661842521,Moderate,Moderate,71,Predicted
p05_daily_merged,2020-01-22,-0.1971001573829934,-0.12296678719956097,0.31048401595505776,-0.23876710675554766,Moderate,Moderate,72,Predicted
p05_daily_merged,2020-01-23,-0.108964444881548,-0.11934119194058229,0.31016587966652964,0.03345547572863497,Moderate,Moderate,73,Predicted
p05_daily_merged,2020-01-24,-0.1254176068204824,-0.11580623656307809,0.3098141181193327,-0.031023022177776416,Moderate,Moderate,74,Predicted
p05_daily_merged,2020-01-25,0.0634355513160028,-0.11235856403440116,0.30943138181800267,0.5681198665680272,Moderate,Moderate,75,Predicted
p05_daily_merged,2020-01-26,0.0548157233188908,-0.10888084502034236,0.309123697114037,0.5295503705070039,Moderate,Moderate,76,Predicted
p05_daily_merged,2020-01-27,-0.0548958602697981,-0.10425270535894267,0.31011281561099613,0.159157708435557,Moderate,Moderate,77,Predicted
p05_daily_merged,2020-01-28,-0.044541437902871,-0.10106570603014867,0.3096198786336893,0.18256020374632154,Moderate,Moderate,78,Predicted
p05_daily_merged,2020-01-29,0.0077002941816158,-0.09926898325751542,0.3082168451674812,0.347058504803673,Moderate,Moderate,79,Predicted
p05_daily_merged,2020-01-30,0.0012268126109674,-0.09621405044917508,0.30770539382199347,0.3166693370234247,Moderate,Moderate,80,Predicted
p05_daily_merged,2020-01-31,0.0168143952908883,-0.09322934598125635,0.30717533250420637,0.35824406984450075,Moderate,Moderate,81,Predicted
p05_daily_merged,2020-02-01,0.0509680042718978,-0.0903124757057903,0.3066281802712719,0.46075504166870185,Moderate,Moderate,82,Predicted
p05_daily_merged,2020-02-02,0.0799430092458243,-0.08746115307696396,0.30606534582464867,0.5469556243675416,Moderate,Moderate,83,Predicted
p05_daily_merged,2020-02-03,-0.2851429405879259,-0.08206566947193454,0.30861540553691313,-0.6580270053683418,Moderate,Moderate,84,Predicted
p05_daily_merged,2020-02-04,-0.1247125540281666,-0.08307222526469994,0.30704625846692213,-0.13561581558223917,Moderate,Moderate,85,Predicted
p05_daily_merged,2020-02-05,-0.2246408610042855,-0.08039257892204284,0.30643432545448895,-0.4707314752298079,Moderate,Moderate,86,Predicted
p05_daily_merged,2020-02-06,-0.1872809481826211,-0.07777055938245363,0.3058115362286242,-0.3580976380115944,Moderate,Moderate,87,Predicted
p05_daily_merged,2020-02-07,-0.0087966950946608,-0.07356526936589218,0.30688342483705006,0.2110526963312613,Moderate,Moderate,88,Predicted
p05_daily_merged,2020-02-08,-0.037549186091503,-0.07356526936589218,0.30688342483705006,0.11736079683519277,Moderate,Moderate,88,Predicted
p05_daily_merged,2020-02-09,0.0214961782779123,-0.07097179921342572,0.3062915720747683,0.3018952720931081,Moderate,Moderate,89,Predicted
p05_daily_merged,2020-02-10,-0.0506587202295592,-0.06707667054863807,0.30705621701595515,0.053468874457688526,Moderate,Moderate,90,Predicted
p05_daily_merged,2020-02-11,-0.029170358013621,-0.06707667054863807,0.30705621701595515,0.12345072476759979,Moderate,Moderate,90,Predicted
p05_daily_merged,2020-02-12,0.0266036803035063,-0.062280701044263614,0.3090833686598587,0.28757413164338114,Moderate,Moderate,91,Predicted
p05_daily_merged,2020-02-13,0.0691403956488962,-0.05988177149158317,0.3084017411190434,0.4183574537300575,Moderate,Moderate,92,Predicted
p05_daily_merged,2020-02-14,0.0219375554916825,-0.05988177149158317,0.3084017411190434,0.2653011188794921,Moderate,Moderate,92,Predicted
p05_daily_merged,2020-02-15,-0.0805935574344765,-0.061031069220088247,0.30703725293533196,-0.06371372863509986,Moderate,Moderate,93,Predicted
p05_daily_merged,2020-02-16,-0.1155315028350908,-0.062157380994023216,0.30569018851248714,-0.17460201160132197,Moderate,Moderate,94,Predicted
p05_daily_merged,2020-02-17,0.0508076914625641,-0.05992359268457988,0.30498524107016045,0.3630709596261111,Moderate,Moderate,95,Predicted
p05_daily_merged,2020-02-18,-0.1028682590299464,-0.05764184770611909,0.3043453557023081,-0.14860227197968154,Moderate,Moderate,96,Predicted
p05_daily_merged,2020-02-19,-0.1028682590299464,-0.05764184770611909,0.3043453557023081,-0.14860227197968154,Moderate,Moderate,96,Predicted
p05_daily_merged,2020-02-20,0.0390274864591486,-0.055404408455395404,0.30369989859230434,0.31093818388563954,Moderate,Moderate,97,Predicted
p05_daily_merged,2020-02-21,0.0390274864591486,-0.055404408455395404,0.30369989859230434,0.31093818388563954,Moderate,Moderate,97,Predicted
p05_daily_merged,2020-02-22,-0.0373144729546126,-0.053649996776636094,0.30275115880826986,0.05395693244024432,Moderate,Moderate,98,Predicted
p05_daily_merged,2020-02-23,0.081700329150711,-0.05149319304430222,0.30210159539856074,0.4408898338298805,Moderate,Moderate,99,Predicted
p05_daily_merged,2020-02-24,-0.0213478946119029,-0.048945385712740236,0.3018016899519917,0.09144246708899256,Moderate,Moderate,100,Predicted
p05_daily_merged,2020-02-25,0.0888143334620476,-0.048945385712740236,0.3018016899519917,0.45645774613356743,Moderate,Moderate,100,Predicted
p05_daily_merged,2020-02-26,0.1281284649534416,-0.04687286439656116,0.3011387993242946,0.5811317895358441,Moderate,Moderate,101,Predicted
p05_daily_merged,2020-02-27,0.0613200293537651,-0.04687286439656116,0.3011387993242946,0.35927915629966356,Moderate,Moderate,101,Predicted
p05_daily_merged,2020-02-28,0.338181905150664,-0.04014134981504198,0.307783840084131,1.229184920372341,High,Low,102,Predicted
p05_daily_merged,2020-02-29,0.3374551919793399,-0.038273491208851186,0.3069756406708243,1.2239690496846034,High,Low,103,Predicted
p05_daily_merged,2020-03-01,-0.102262244130892,-0.040322160131258125,0.3063187658807736,-0.20220793140614307,Moderate,Moderate,104,Predicted
p05_daily_merged,2020-03-02,-0.1090190852948658,-0.040600536119770894,0.30493733338194967,-0.22436921191737833,Moderate,Moderate,105,Predicted
p05_daily_merged,2020-03-03,-0.1090190852948658,-0.040600536119770894,0.30493733338194967,-0.22436921191737833,Moderate,Moderate,105,Predicted
p05_daily_merged,2020-03-04,0.0413649699591973,-0.0366832780171329,0.30637834227071203,0.2547446643841677,Moderate,Moderate,106,Predicted
p05_daily_merged,2020-03-05,0.0195238512509379,-0.03491214070494806,0.30558805121228294,0.1781352109152687,Moderate,Moderate,107,Predicted
p05_daily_merged,2020-03-06,0.1086020939954032,-0.033172075977187514,0.3047996416312492,0.4651388998157388,Moderate,Moderate,108,Predicted
p05_daily_merged,2020-03-07,0.2063664243352758,-0.03146227324469237,0.30401328659560856,0.7822970510375173,Moderate,Moderate,109,Predicted
p05_daily_merged,2020-03-08,-0.0094682785718499,-0.02978194986965404,0.3032291464205843,0.06699115681191382,Moderate,Moderate,110,Predicted
p05_daily_merged,2020-03-09,0.0977259813721222,-0.02813034997111209,0.30244736950013307,0.41612638771248733,Moderate,Moderate,111,Predicted
p05_daily_merged,2020-03-10,-0.1543007626403638,-0.026506743291189495,0.30166809308081444,-0.4236245803925287,Moderate,Moderate,112,Predicted
p05_daily_merged,2020-03-11,0.0092271080984085,-0.02491042411849249,0.30089144398240364,0.11345464585193515,Moderate,Moderate,113,Predicted
p05_daily_merged,2020-03-12,0.1021892581493369,-0.023340710265340427,0.30011753926926715,0.4182693511359598,Moderate,Moderate,114,Predicted
p05_daily_merged,2020-03-13,-0.0511958306501126,-0.02179694209571155,0.29934648687618415,-0.09821023410427072,Moderate,Moderate,115,Predicted
p05_daily_merged,2020-03-14,-0.0719372468873312,-0.020278481600994616,0.29857838619199073,-0.1730157562480734,Moderate,Moderate,116,Predicted
p05_daily_merged,2020-03-15,-0.2000055463275172,-0.020278481600994616,0.29857838619199073,-0.6019426490266953,Moderate,Moderate,116,Predicted
p05_daily_merged,2020-03-16,-0.1186647425984039,-0.020692655692500152,0.29738766316500836,-0.3294423375308041,Moderate,Moderate,117,Predicted
p05_daily_merged,2020-03-17,-0.0544183890374318,-0.019207592031594875,0.29663761368980157,-0.11869970422111535,Moderate,Moderate,118,Predicted
p05_daily_merged,2020-03-18,0.0075816404202248,-0.017746289389264085,0.29589047216356257,0.08559900433525312,Moderate,Moderate,119,Predicted
p05_daily_merged,2020-03-19,0.0920986098315042,-0.016382461049658115,0.2951018902688824,0.3676054761368003,Moderate,Moderate,120,Predicted
p05_daily_merged,2020-03-20,0.1422187880787198,-0.015040110321699484,0.29431754253702214,0.5343171088099097,Moderate,Moderate,121,Predicted
p05_daily_merged,2020-03-21,0.1016239716591525,-0.013645615410906874,0.29358075087465496,0.39263332737804063,Moderate,Moderate,122,Predicted
p05_daily_merged,2020-03-22,0.2107220283193713,-0.010526089597512098,0.2945702912962376,0.7510876841764842,Moderate,Moderate,123,Predicted
p05_daily_merged,2020-03-23,0.175009878491166,-0.008074600098180043,0.2947546133883787,0.6211420289056093,Moderate,Moderate,124,Predicted
p05_daily_merged,2020-03-24,0.1512845958855337,-0.006836655964597847,0.29396042334831457,0.5378997963367783,Moderate,Moderate,125,Predicted
p05_daily_merged,2020-03-25,0.0626435846516321,-0.003910514194727019,0.29475975925795905,0.22579099336322325,Moderate,Moderate,126,Predicted
p05_daily_merged,2020-03-26,-0.0617115839304901,-0.002652125078527913,0.29399952377881505,-0.2008828384919237,Moderate,Moderate,127,Predicted
p05_daily_merged,2020-03-27,-0.0829039321162954,-0.002652125078527913,0.29399952377881505,-0.2729657722103775,Moderate,Moderate,127,Predicted
p05_daily_merged,2020-03-28,0.0518898666411308,-0.0003325752994668468,0.2941203648993313,0.17755466187617389,Moderate,Moderate,128,Predicted
p05_daily_merged,2020-03-29,0.1024059301013179,0.0008113406760928162,0.2933221256628946,0.34635842487376617,Moderate,Moderate,129,Predicted
p05_daily_merged,2020-03-30,-0.1168029119268847,0.001938434357894249,0.2925291748100527,-0.4059128336921642,Moderate,Moderate,130,Predicted
p06_daily_merged,2019-11-19,-0.0961231413631716,-0.14613653607985388,0.40603667627605294,0.12317457421673796,Moderate,Moderate,10,Predicted
p06_daily_merged,2019-11-20,-0.1883974944201674,-0.17378767390008856,0.4110113537191967,-0.035546026619158254,Moderate,Moderate,11,Predicted
p06_daily_merged,2019-11-21,-0.1967999898138218,-0.16726819266061285,0.40044086138832136,-0.0737482110362632,Moderate,Moderate,12,Predicted
p06_daily_merged,2019-11-22,-0.1968054601210871,-0.17298102841054697,0.39059696346717326,-0.06099492299955475,Moderate,Moderate,13,Predicted
p06_daily_merged,2019-11-23,0.0191955607599094,-0.12685890265819616,0.43544224489421834,0.33541638444746324,Moderate,Moderate,14,Predicted
p06_daily_merged,2019-11-24,-0.0365873430961081,-0.1313809232017948,0.425477113603989,0.2227936052840563,Moderate,Moderate,15,Predicted
p06_daily_merged,2019-11-25,-0.186863216776357,-0.13183659034648726,0.4157004669167164,-0.13237085548160826,Moderate,Moderate,16,Predicted
p06_daily_merged,2019-11-26,-0.0863879504100729,-0.09750189751496445,0.43998459385370414,0.025259855140716506,Moderate,Moderate,17,Predicted
p06_daily_merged,2019-11-27,0.2015634382905631,-0.06128183256377857,0.46724476312826313,0.5625430001495557,Moderate,Moderate,18,Predicted
p06_daily_merged,2019-11-28,0.3012800479015192,-0.05189642984195329,0.4602990248897745,0.7672761805829285,Moderate,Moderate,19,Predicted
p06_daily_merged,2019-11-29,0.0034073820687727,-0.03039396247586608,0.46498361393991994,0.07269362517580288,Moderate,Moderate,20,Predicted
p06_daily_merged,2019-11-30,-0.1687884751919005,-0.009841651409282948,0.4690726191359494,-0.3388533401830275,Moderate,Moderate,21,Predicted
p06_daily_merged,2019-12-01,-0.1675290527791244,-0.011223578269309408,0.46068028070149897,-0.33929273958026046,Moderate,Moderate,22,Predicted
p06_daily_merged,2019-12-02,-0.2428649152593262,0.006772880641080951,0.4632756717394888,-0.5388536699176911,Moderate,Moderate,23,Predicted
p06_daily_merged,2019-12-03,-0.0881997813557644,0.011069665105485228,0.456116800995343,-0.2176404075548692,Moderate,Moderate,24,Predicted
p06_daily_merged,2019-12-04,-0.1593336179249422,0.01458538309254984,0.4491403069552526,-0.38722643753908154,Moderate,Moderate,25,Predicted
p06_daily_merged,2019-12-05,0.0014583545230004,0.0010780949010802331,0.44882490086248844,0.0008472337902586008,Moderate,Moderate,26,Predicted
p06_daily_merged,2019-12-06,0.0484995806831785,0.008086866502406564,0.4438576485881463,0.09104881781201596,Moderate,Moderate,27,Predicted
p06_daily_merged,2019-12-07,0.0577049375762483,0.010960144530070295,0.43761188544522395,0.10681792382905711,Moderate,Moderate,28,Predicted
p06_daily_merged,2019-12-08,-0.0959230782761317,0.028557748229152333,0.4440506034263708,-0.2803302721463918,Moderate,Moderate,29,Predicted
p06_daily_merged,2019-12-09,0.1893824197977941,0.04520413010666237,0.4493956666568815,0.32082705817725077,Moderate,Moderate,30,Predicted
p06_daily_merged,2019-12-10,-0.2743160850593713,0.04382633480954007,0.443362513663412,-0.7175672504203544,Moderate,Moderate,31,Predicted
p06_daily_merged,2019-12-11,-0.0733780546012251,0.05031957780758152,0.4393651572252559,-0.28153719150148426,Moderate,Moderate,32,Predicted
p06_daily_merged,2019-12-12,0.2015720504790258,0.05942023875021506,0.4374983820846431,0.3249196283914681,Moderate,Moderate,33,Predicted
p06_daily_merged,2019-12-13,0.2661705902301298,0.07408985331833381,0.4420891479364507,0.4344841709152452,Moderate,Moderate,34,Predicted
p06_daily_merged,2019-12-14,0.3299914259005468,0.08180070102901309,0.4395146391698752,0.5646927377442971,Moderate,Moderate,35,Predicted
p06_daily_merged,2019-12-15,-0.1602753011393108,0.09488612374222263,0.44264723477874285,-0.5764441858742794,Moderate,Moderate,36,Predicted
p06_daily_merged,2019-12-16,-0.2436379581047822,0.0867040675364168,0.44082370156358874,-0.7493744652782631,Moderate,Moderate,37,Predicted
p06_daily_merged,2019-12-17,-0.0627000907483334,0.09851306596620794,0.44292708924271235,-0.36397222168139004,Moderate,Moderate,38,Predicted
p06_daily_merged,2019-12-18,-0.0281747931898302,0.090856683842722,0.44104566829519753,-0.26988469809181503,Moderate,Moderate,39,Predicted
p06_daily_merged,2019-12-19,0.1196413195386524,0.090347710772644,0.43623930763877244,0.06715031922401853,Moderate,Moderate,40,Predicted
p06_daily_merged,2019-12-20,-0.1368839842854066,0.07955710415995539,0.4380007783291108,-0.49415685805637916,Moderate,Moderate,41,Predicted
p06_daily_merged,2019-12-21,0.2580000528759706,0.07929950916789623,0.4334180072588179,0.4123053050755281,Moderate,Moderate,42,Predicted
p06_daily_merged,2019-12-22,0.1680081197082996,0.0854435513758938,0.4311669449552298,0.19149095100733868,Moderate,Moderate,43,Predicted
p06_daily_merged,2019-12-23,-0.0107974241859174,0.08733073364223301,0.42704621533952425,-0.22978346207829836,Moderate,Moderate,44,Predicted
p06_daily_merged,2019-12-24,0.0282252802688785,0.08805614560712656,0.42287111659836274,-0.14148723568432933,Moderate,Moderate,45,Predicted
p06_daily_merged,2019-12-25,-0.0394075449423606,0.08545286870227417,0.41921393004516594,-0.29784414280122407,Moderate,Moderate,46,Predicted
p06_daily_merged,2019-12-26,-0.0375172854056752,0.08545286870227417,0.41921393004516594,-0.2933350857274724,Moderate,Moderate,46,Predicted
p06_daily_merged,2019-12-27,-0.0287179217385018,0.08294600946056446,0.4156486720797319,-0.26864979657061505,Moderate,Moderate,47,Predicted
p06_daily_merged,2019-12-28,0.4026429361704673,0.08713723419908542,0.41295355512699417,0.7640222442796395,Moderate,Moderate,48,Predicted
p06_daily_merged,2019-12-29,0.034873876210568,0.08055398166590007,0.4121372072552713,-0.11083713057491199,Moderate,Moderate,49,Predicted
p06_daily_merged,2019-12-30,-0.3140080685041128,0.06545574149079729,0.42404888434949317,-0.8948586448400206,Moderate,Moderate,50,Predicted
p06_daily_merged,2019-12-31,0.1139166594815093,0.06448665055409518,0.4203774899564348,0.1175848139074638,Moderate,Moderate,51,Predicted
p06_daily_merged,2020-01-01,0.2378267372313067,0.0638033091952629,0.41677084299202355,0.41755182964988363,Moderate,Moderate,52,Predicted
p06_daily_merged,2020-01-02,0.3988000131164888,0.05651544329469243,0.4170619643711493,0.8207043534595558,Moderate,Moderate,53,Predicted
p06_daily_merged,2020-01-03,0.358870730567226,0.055471713221271486,0.41365217571868973,0.7334640917065682,Moderate,Moderate,54,Predicted
p06_daily_merged,2020-01-04,0.192511988944836,0.04979562186479596,0.4126749181862872,0.3458324235145686,Moderate,Moderate,55,Predicted
p06_daily_merged,2020-01-05,0.101362487815732,0.04153907475896628,0.4145461980744789,0.14431060599431098,Moderate,Moderate,56,Predicted
p06_daily_merged,2020-01-06,-0.2222232347183954,0.04463028186189141,0.41198586322510916,-0.6477249352472999,Moderate,Moderate,57,Predicted
p06_daily_merged,2020-01-07,-0.2422966097476582,0.042946145624462834,0.4089800043663464,-0.6974491474566397,Moderate,Moderate,58,Predicted
p06_daily_merged,2020-01-08,-0.3298144320782781,0.03454313175373771,0.4115235644965135,-0.8853868776088099,Moderate,Moderate,59,Predicted
p06_daily_merged,2020-01-09,0.2143883210677435,0.02898035965589399,0.410924551678891,0.4511970887461914,Moderate,Moderate,60,Predicted
p06_daily_merged,2020-01-10,0.0359315042882676,0.027206616451077442,0.4081086166683011,0.02137883759578028,Moderate,Moderate,61,Predicted
p06_daily_merged,2020-01-11,0.1227374239175291,0.02884091474943304,0.4053241093981869,0.23165784366370604,Moderate,Moderate,62,Predicted
p06_daily_merged,2020-01-12,-0.1021931566810009,0.01751968525345688,0.4133746122737944,-0.2895989216076173,Moderate,Moderate,63,Predicted
p06_daily_merged,2020-01-13,0.0874527633678688,0.01472867190868159,0.41108456585323566,0.17690786154484567,Moderate,Moderate,64,Predicted
p06_daily_merged,2020-01-14,-0.0219805597292265,0.011208003291988384,0.40927108357464465,-0.08109188348060219,Moderate,Moderate,65,Predicted
p06_daily_merged,2020-01-15,0.0386933005042849,0.011746720934604929,0.40644504870384945,0.06629821092817449,Moderate,Moderate,66,Predicted
p06_daily_merged,2020-01-16,-0.0861302584813169,0.009926416870102059,0.40395519133963953,-0.2377904218358118,Moderate,Moderate,67,Predicted
p06_daily_merged,2020-01-17,0.1015204520233341,0.005066555883196006,0.4034179382284874,0.2390917383686311,Moderate,Moderate,68,Predicted
p06_daily_merged,2020-01-18,-0.067448666523712,0.0018583187203483006,0.40169433340796656,-0.17253662668343178,Moderate,Moderate,69,Predicted
p06_daily_merged,2020-01-19,-0.1369004359073519,0.0021480744562267797,0.3990509569819331,-0.34844800627773975,Moderate,Moderate,70,Predicted
p06_daily_merged,2020-01-20,-0.0486818712465388,0.0037047996643719914,0.3966895730460338,-0.13205961152105095,Moderate,Moderate,71,Predicted
p06_daily_merged,2020-01-21,0.015473926777797,0.005222114107754033,0.39436914828185365,0.02599547331404344,Moderate,Moderate,72,Predicted
p06_daily_merged,2020-01-22,-0.1803177603121686,0.0007247982170589557,0.3939243539231204,-0.4595871179992096,Moderate,Moderate,73,Predicted
p06_daily_merged,2020-01-23,-0.2074216939389567,0.0010142391079963908,0.3914632518059046,-0.5324533837732995,Moderate,Moderate,74,Predicted
p06_daily_merged,2020-01-24,0.207303981534705,0.0053333339725427495,0.39100033034146914,0.5165485343344259,Moderate,Moderate,75,Predicted
p06_daily_merged,2020-01-25,0.2136878866492849,0.006757903933012756,0.38882553015752624,0.5321923759287047,Moderate,Moderate,76,Predicted
p06_daily_merged,2020-01-26,0.0251909167760724,0.003325965699770999,0.38775398405732964,0.056388720620001824,Moderate,Moderate,77,Predicted
p06_daily_merged,2020-01-27,-0.0439220911487743,-0.0008844945690245644,0.38738883774150223,-0.11109663569725252,Moderate,Moderate,78,Predicted
p06_daily_merged,2020-01-28,-0.0258714051964064,0.0019092359416172967,0.38597383962674325,-0.07197545088778302,Moderate,Moderate,79,Predicted
p06_daily_merged,2020-01-29,-0.1107708838134,-0.0036907310120034807,0.3872619473625415,-0.2765057438012408,Moderate,Moderate,80,Predicted
p06_daily_merged,2020-01-30,0.0633800246642367,-0.004859645676555111,0.3851859832741024,0.17716031554614423,Moderate,Moderate,81,Predicted
p06_daily_merged,2020-01-31,-0.087975136181705,-0.007487733573371678,0.38379284550071424,-0.20971574523054398,Moderate,Moderate,82,Predicted
p06_daily_merged,2020-02-01,-0.0651587980705571,-0.008588483439140294,0.38177346017112046,-0.14817770362052032,Moderate,Moderate,83,Predicted
p06_daily_merged,2020-02-02,-0.0202045250329614,-0.012390402930444818,0.38137499586356466,-0.020489340379598587,Moderate,Moderate,84,Predicted
p06_daily_merged,2020-02-03,0.0709979550557188,-0.012798306489353572,0.3792939196375807,0.22092698355180748,Moderate,Moderate,85,Predicted
p06_daily_merged,2020-02-04,-0.002548631736041,-0.01663363868160534,0.37903581435891576,0.037160095199413,Moderate,Moderate,86,Predicted
p06_daily_merged,2020-02-05,0.0531468073879804,-0.015142082518061099,0.3772697381252575,0.181008130271421,Moderate,Moderate,87,Predicted
p06_daily_merged,2020-02-06,0.1586081173306812,-0.011683077753879223,0.3767690646466788,0.45197764642448474,Moderate,Moderate,88,Predicted
p06_daily_merged,2020-02-07,0.0904038655561945,-0.011635879977109494,0.3747811088174525,0.27226491179149925,Moderate,Moderate,89,Predicted
p06_daily_merged,2020-02-08,-0.0059012403890111,-0.00843816650457949,0.3741518493814888,0.006780471938765471,Moderate,Moderate,90,Predicted
p06_daily_merged,2020-02-09,-0.0012298747723215,-0.016463968392653926,0.38060338566524304,0.0400261642279017,Moderate,Moderate,91,Predicted
p06_daily_merged,2020-02-10,-0.0635547872174255,-0.013879722960948577,0.3795285745241338,-0.1308862298939184,Moderate,Moderate,92,Predicted
p06_daily_merged,2020-02-11,-0.0578047921543432,-0.013879722960948577,0.3795285745241338,-0.11573586850072992,Moderate,Moderate,92,Predicted
p06_daily_merged,2020-02-12,-0.3174723727664447,-0.012505199324423557,0.37785698527810535,-0.8070968258468563,Moderate,Moderate,93,Predicted
p06_daily_merged,2020-02-13,-0.1288300650308718,-0.013451036327327198,0.3760830994361033,-0.30679131520811015,Moderate,Moderate,94,Predicted
p06_daily_merged,2020-02-14,0.1086420097495344,-0.014524612244104455,0.3743737145843836,0.32899377599299157,Moderate,Moderate,95,Predicted
p06_daily_merged,2020-02-15,0.0378569037364581,-0.013743925151398858,0.3726182745735885,0.13848174501614868,Moderate,Moderate,96,Predicted
p06_daily_merged,2020-02-16,-0.0933057972297593,-0.016051007714502193,0.3715507076915637,-0.2079252923382636,Moderate,Moderate,97,Predicted
p06_daily_merged,2020-02-17,-0.0393855560500829,-0.013618366409162407,0.37059936362491214,-0.069528423872308,Moderate,Moderate,98,Predicted
p06_daily_merged,2020-02-18,-0.0036345213312873,-0.01588310362902074,0.36956667728994425,0.033143091762366315,Moderate,Moderate,99,Predicted
p06_daily_merged,2020-02-19,-0.3071665927080436,-0.019048337774056547,0.3692736715641618,-0.7802296159203056,Moderate,Moderate,100,Predicted
p06_daily_merged,2020-02-20,-0.0144799844876921,-0.020930843073807593,0.36806433780486103,0.017526442862105227,Moderate,Moderate,101,Predicted
p06_daily_merged,2020-02-21,-0.0046406676869752,-0.016130511410539665,0.3697684402618556,0.031073078371501375,Moderate,Moderate,102,Predicted
p06_daily_merged,2020-02-22,0.0818277536460722,-0.013807721949114983,0.36887368606743537,0.25926348017598533,Moderate,Moderate,103,Predicted
p06_daily_merged,2020-02-23,0.1555401897778048,-0.01465661397315621,0.36730206216145894,0.4633701285242056,Moderate,Moderate,104,Predicted
p06_daily_merged,2020-02-24,0.0791842310721411,-0.012388462693519323,0.3664308629974431,0.24990442403400778,Moderate,Moderate,105,Predicted
p06_daily_merged,2020-02-25,-0.0545143354483515,-0.009135644280295277,0.36642646944498264,-0.12384119312338498,Moderate,Moderate,106,Predicted
p06_daily_merged,2020-02-26,-0.0613127397157453,-0.008987358347688029,0.3648049460609874,-0.14343385947215093,Moderate,Moderate,107,Predicted
p06_daily_merged,2020-02-27,-0.0808534685171443,-0.011115124898700705,0.36391744520227387,-0.1916323180925866,Moderate,Moderate,108,Predicted
p06_daily_merged,2020-02-28,-0.2066773637931416,-0.011209590497892089,0.3623331691903858,-0.5394697199045063,Moderate,Moderate,109,Predicted
p06_daily_merged,2020-02-29,-0.0316969395148706,-0.014993835771041847,0.36308271149394317,-0.04600357773880784,Moderate,Moderate,110,Predicted
p06_daily_merged,2020-03-01,0.008662537964833,-0.017732554101810915,0.36274974781233393,0.07276391569071257,Moderate,Moderate,111,Predicted
p06_daily_merged,2020-03-02,-0.0505735431473607,-0.02509925433494222,0.3700407499997067,-0.06884184731665004,Moderate,Moderate,112,Predicted
p06_daily_merged,2020-03-03,-0.1584804232372802,-0.026743084800044115,0.3689224098733012,-0.3570868424134998,Moderate,Moderate,113,Predicted
p06_daily_merged,2020-03-04,0.0747861399937508,-0.028495286318169614,0.367887268147743,0.2807420513135093,Moderate,Moderate,114,Predicted
p06_daily_merged,2020-03-05,-0.0158660470644422,-0.028320342095758268,0.3663690146902198,0.03399385464364854,Moderate,Moderate,115,Predicted
p06_daily_merged,2020-03-06,0.0423174878816857,-0.029909920007762783,0.36529006412328474,0.19772617703905535,Moderate,Moderate,116,Predicted
p06_daily_merged,2020-03-07,0.0156934086346511,-0.02773825670652134,0.36460496119542973,0.11911978706700291,Moderate,Moderate,117,Predicted
p06_daily_merged,2020-03-08,0.0567564947614315,-0.026527769527336743,0.36338391109343365,0.229190841273526,Moderate,Moderate,118,Predicted
p06_daily_merged,2020-03-09,-0.097832022010887,-0.03142720799810453,0.3660820271063055,-0.18139326461252187,Moderate,Moderate,119,Predicted
p06_daily_merged,2020-03-10,-0.2524995469342481,-0.029283246955038197,0.36542604638760096,-0.6108385053167456,Moderate,Moderate,120,Predicted
p06_daily_merged,2020-03-11,-0.0692124947216405,-0.030803209285641914,0.3643905127955404,-0.10540693044209426,Moderate,Moderate,121,Predicted
p06_daily_merged,2020-03-12,-0.2153618403110465,-0.030619867284853875,0.3629702946878405,-0.5089727058382926,Moderate,Moderate,122,Predicted
p06_daily_merged,2020-03-13,-0.0426002320519259,-0.029880826502478752,0.36165887303857713,-0.035169621147634354,Moderate,Moderate,123,Predicted
p06_daily_merged,2020-03-14,-0.0199217815699052,-0.025491883190334172,0.3637505167872245,0.01531297239004941,Moderate,Moderate,124,Predicted
p06_daily_merged,2020-03-15,0.1716765574996527,-0.027423581926883236,0.3630385066390834,0.5484270560435959,Moderate,Moderate,125,Predicted
p06_daily_merged,2020-03-16,0.1616304077428153,-0.027423581926883236,0.3630385066390834,0.5207546478193498,Moderate,Moderate,125,Predicted
p06_daily_merged,2020-03-17,0.0559683621161626,-0.02324242575418185,0.36486108371279724,0.2170984832482045,Moderate,Moderate,126,Predicted
p06_daily_merged,2020-03-18,0.0236597383838548,-0.02258050142449458,0.3635675896970953,0.12718471370584553,Moderate,Moderate,127,Predicted
p06_daily_merged,2020-03-19,-0.0727303967110407,-0.02192838338117305,0.36228769479489586,-0.1402256109157351,Moderate,Moderate,128,Predicted
p06_daily_merged,2020-03-20,0.0387857050369617,-0.01969257344078029,0.36188392760946875,0.16159401956322722,Moderate,Moderate,129,Predicted
p06_daily_merged,2020-03-21,0.0134293204523312,-0.016535207938382042,0.3624400407677132,0.08267444272228583,Moderate,Moderate,130,Predicted
p06_daily_merged,2020-03-22,-0.0399410531014919,-0.015210039186237116,0.3614502298886067,-0.06842163006197699,Moderate,Moderate,131,Predicted
p06_daily_merged,2020-03-23,0.0774014207298112,-0.013796591975699189,0.36052358505922344,0.25295990743720476,Moderate,Moderate,132,Predicted
p06_daily_merged,2020-03-24,0.1292351928784491,-0.010748998458817199,0.3610297257704759,0.38773591575742167,Moderate,Moderate,133,Predicted
p06_daily_merged,2020-03-25,0.2103103173639998,-0.010198048472945757,0.35979750592227794,0.6128679665850127,Moderate,Moderate,134,Predicted
p06_daily_merged,2020-03-26,-0.0270581521792289,-0.008839339411842766,0.3588847654577057,-0.050765077041235424,Moderate,Moderate,135,Predicted
p06_daily_merged,2020-03-27,-0.2255383757224408,-0.008309449279249068,0.35767498769257694,-0.6073360842047497,Moderate,Moderate,136,Predicted
p06_daily_merged,2020-03-28,0.0990483276473545,-0.006188808577774027,0.3573294789323935,0.2945100878314026,Moderate,Moderate,137,Predicted
p06_daily_merged,2020-03-29,0.029374929521229,-0.0048960642215236235,0.3564266850975086,0.09615159351319899,Moderate,Moderate,138,Predicted
p06_daily_merged,2020-03-30,-0.0710177806055522,-0.0028278527423819763,0.35607353012715987,-0.1915051866922499,Moderate,Moderate,139,Predicted
p07_daily_merged,2019-11-23,-0.0436579656851282,-0.15891234792357842,0.417798001420733,0.27586149729420606,Moderate,Moderate,10,Predicted
p07_daily_merged,2019-11-24,0.0674363866242899,-0.14552133319287416,0.40928592178882867,0.5203152820072803,Moderate,Moderate,11,Predicted
p07_daily_merged,2019-11-25,-0.3000721967162975,-0.15619457939959186,0.4004660089124322,-0.3592754793532716,Moderate,Moderate,12,Predicted
p07_daily_merged,2019-11-26,-0.1484447413695543,-0.14427855456815736,0.39341094514610087,-0.010589910760743431,Moderate,Moderate,13,Predicted
p07_daily_merged,2019-11-27,-0.2216660614204042,-0.15399448107065036,0.38602583716190514,-0.17530324096252486,Moderate,Moderate,14,Predicted
p07_daily_merged,2019-11-28,-0.0367839492330399,-0.14795102159111376,0.3777875915603978,0.2942581356336086,Moderate,Moderate,15,Predicted
p07_daily_merged,2019-11-29,-0.0780889059886951,-0.1449015122701252,0.3693912868533062,0.18087217717174509,Moderate,Moderate,16,Predicted
p07_daily_merged,2019-11-30,-0.049564575118792,-0.1421061287258857,0.3615312676985219,0.2559710926144938,Moderate,Moderate,17,Predicted
p07_daily_merged,2019-12-01,-0.2680052380103241,-0.15833555609578925,0.36310284990952696,-0.30203475941282437,Moderate,Moderate,18,Predicted
p07_daily_merged,2019-12-02,-0.1772070480668675,-0.15564954991498003,0.3560302133066948,-0.06054963131265828,Moderate,Moderate,19,Predicted
p07_daily_merged,2019-12-03,-0.2826057928575419,-0.15672459220778365,0.34916103471607757,-0.360524766894792,Moderate,Moderate,20,Predicted
p07_daily_merged,2019-12-04,-0.1168842483399852,-0.14475934914125474,0.3484347760711191,0.08000091470657321,Moderate,Moderate,21,Predicted
p07_daily_merged,2019-12-05,-0.0716337733388314,-0.14281935073620283,0.34231561532763033,0.20795305329334654,Moderate,Moderate,22,Predicted
p07_daily_merged,2019-12-06,0.1712475470981672,-0.12618118184487645,0.34848838063293225,0.8534824845604523,Moderate,Moderate,23,Predicted
p07_daily_merged,2019-12-07,-0.1063366355738605,-0.12484631470576403,0.34271161496746727,0.054009488804925995,Moderate,Moderate,24,Predicted
p07_daily_merged,2019-12-08,-0.2961460955807379,-0.14618409951806,0.35809514789024216,-0.4187769561978035,Moderate,Moderate,25,Predicted
p07_daily_merged,2019-12-09,-0.1906298310536356,-0.13840862501483953,0.3552745344790953,-0.1469883174018171,Moderate,Moderate,26,Predicted
p07_daily_merged,2019-12-10,-0.1010571688105923,-0.1415480396135374,0.35032877120975325,0.11557963299195284,Moderate,Moderate,27,Predicted
p07_daily_merged,2019-12-11,-0.1119000578155118,-0.13505166670768046,0.34727170183492706,0.06666713345728816,Moderate,Moderate,28,Predicted
p07_daily_merged,2019-12-12,-0.1398954411026186,-0.11913034737188971,0.35535555563709914,-0.05843469562056004,Moderate,Moderate,29,Predicted
p07_daily_merged,2019-12-13,-0.1042348013383126,-0.11070281374822359,0.35411540995690266,0.01826526671261828,Moderate,Moderate,30,Predicted
p07_daily_merged,2019-12-14,-0.2029251708611622,-0.10553102885770571,0.3507491917954533,-0.2776746013437828,Moderate,Moderate,31,Predicted
p07_daily_merged,2019-12-15,-0.1520935316377649,-0.09797922550644664,0.34930166802175977,-0.15492140772699434,Moderate,Moderate,32,Predicted
p07_daily_merged,2019-12-16,-0.0737889957764678,-0.08253066898619991,0.358370572513347,0.024392832113486498,Moderate,Moderate,33,Predicted
p07_daily_merged,2019-12-17,-0.0010778799906223,-0.076078669534893,0.35626603926863665,0.21051905395820672,Moderate,Moderate,34,Predicted
p07_daily_merged,2019-12-18,0.044647163535126,-0.07324475987419768,0.3523734537478657,0.3345652805437468,Moderate,Moderate,35,Predicted
p07_daily_merged,2019-12-19,-0.1570746461967773,-0.0733509819052251,0.3481539569291787,-0.24047885317754186,Moderate,Moderate,36,Predicted
p07_daily_merged,2019-12-20,0.0165699845268552,-0.0694904573101557,0.3450334385733363,0.24942638079618734,Moderate,Moderate,37,Predicted
p07_daily_merged,2019-12-21,-0.0662371368595032,-0.08050233981983042,0.34899742940693224,0.04087480811697881,Moderate,Moderate,38,Predicted
p07_daily_merged,2019-12-22,-0.1152325233820166,-0.0725530368179357,0.3492840705705007,-0.12219133410341518,Moderate,Moderate,39,Predicted
p07_daily_merged,2019-12-23,0.0852286898395725,-0.06350666111667684,0.35098936855444085,0.42376027390464815,Moderate,Moderate,40,Predicted
p07_daily_merged,2019-12-24,0.021487946085488,-0.051428106917557226,0.35717669071560604,0.2041456088776605,Moderate,Moderate,41,Predicted
p07_daily_merged,2019-12-25,-0.0652974200592967,-0.051428106917557226,0.35717669071560604,-0.03883039823778032,Moderate,Moderate,41,Predicted
p07_daily_merged,2019-12-26,-0.0788004054658201,-0.051428106917557226,0.35717669071560604,-0.07663517597809161,Moderate,Moderate,41,Predicted
p07_daily_merged,2019-12-27,-0.0603801703660555,-0.051428106917557226,0.35717669071560604,-0.025063403299254366,Moderate,Moderate,41,Predicted
p07_daily_merged,2019-12-28,-0.1645393950411732,-0.051428106917557226,0.35717669071560604,-0.31668160622966945,Moderate,Moderate,41,Predicted
p07_daily_merged,2019-12-29,-0.1026523125431994,-0.050003778425003996,0.353577118655646,-0.14890254866710023,Moderate,Moderate,42,Predicted
p07_daily_merged,2019-12-30,0.1033349719006384,-0.05596996307891413,0.35248430315356133,0.4519490188763119,Moderate,Moderate,43,Predicted
p07_daily_merged,2019-12-31,0.0444577083191072,-0.06491075459541273,0.35473526141374057,0.3083100971655579,Moderate,Moderate,44,Predicted
p07_daily_merged,2020-01-01,0.0738399888838086,-0.06988807593249616,0.3530693208154289,0.4070817155236217,Moderate,Moderate,45,Predicted
p07_daily_merged,2020-01-02,-0.0017941905120215,-0.061502600593272984,0.3549470883743544,0.16821777678108016,Moderate,Moderate,46,Predicted
p07_daily_merged,2020-01-03,0.03120480611276,-0.055014317376181184,0.35480078403482534,0.24300713912875227,Moderate,Moderate,47,Predicted
p07_daily_merged,2020-01-04,0.03120480611276,-0.055014317376181184,0.35480078403482534,0.24300713912875227,Moderate,Moderate,47,Predicted
p07_daily_merged,2020-01-05,-0.0586500334201742,-0.055014317376181184,0.35480078403482534,-0.01024720408632511,Moderate,Moderate,47,Predicted
p07_daily_merged,2020-01-06,-0.1056612592859241,-0.0716739252056882,0.3725818808776442,-0.09122111359837524,Moderate,Moderate,48,Predicted
p07_daily_merged,2020-01-07,-0.2610633971644401,-0.07756167387961674,0.3717991131547757,-0.49355072885403495,Moderate,Moderate,49,Predicted
p07_daily_merged,2020-01-08,-0.0213245446940361,-0.0711331411250676,0.37164726528333236,0.1340211568435973,Moderate,Moderate,50,Predicted
p07_daily_merged,2020-01-09,0.0016659575043797,-0.07413340974999003,0.36908074419836256,0.20537339984778868,Moderate,Moderate,51,Predicted
p07_daily_merged,2020-01-10,-0.0292431306422677,-0.08149133900097301,0.3702244900407085,0.14112574873952904,Moderate,Moderate,52,Predicted
p07_daily_merged,2020-01-11,-0.0296745343118073,-0.08189452922873669,0.36708687158828385,0.1422551416534943,Moderate,Moderate,53,Predicted
p07_daily_merged,2020-01-12,-0.0277615767100808,-0.07745381068660333,0.36566352104404565,0.1358960659642527,Moderate,Moderate,54,Predicted
p07_daily_merged,2020-01-13,0.0109716414175297,-0.08009890449017762,0.3632514705132084,0.2507093661012333,Moderate,Moderate,55,Predicted
p07_daily_merged,2020-01-14,-0.0062359417139655,-0.07632876693445062,0.3615506282151372,0.19386724776696299,Moderate,Moderate,56,Predicted
p07_daily_merged,2020-01-15,0.0292097185077105,-0.07385291249439517,0.35921618143925044,0.2869097672303365,Moderate,Moderate,57,Predicted
p07_daily_merged,2020-01-16,0.0279967874070957,-0.07139632903922824,0.35694864548663396,0.2784521462767275,Moderate,Moderate,58,Predicted
p07_daily_merged,2020-01-17,-0.0358953949628953,-0.06497173888497884,0.3580172054643435,0.0812149345849787,Moderate,Moderate,59,Predicted
p07_daily_merged,2020-01-18,0.1316744484902844,-0.05676776666101961,0.36158498268009526,0.521156088271576,Moderate,Moderate,60,Predicted
p07_daily_merged,2020-01-19,0.0449522281447263,-0.05958644097236087,0.35962835829252326,0.2906852774720701,Moderate,Moderate,61,Predicted
p07_daily_merged,2020-01-20,0.0424468191062914,-0.062222139313460136,0.3576449960929992,0.29266160456089324,Moderate,Moderate,62,Predicted
p07_daily_merged,2020-01-21,-0.2952006986573861,-0.05629572844982168,0.35848952584126276,-0.6664210611089102,Moderate,Moderate,63,Predicted
p07_daily_merged,2020-01-22,-0.3390492988969436,-0.05810389694800275,0.3562456285827877,-0.788628349115734,Moderate,Moderate,64,Predicted
p07_daily_merged,2020-01-23,-0.1153629947339578,-0.052837772256774135,0.3565391685805449,-0.17536705076782816,Moderate,Moderate,65,Predicted
p07_daily_merged,2020-01-24,0.0089464115486854,-0.04401043585965955,0.36199850420756086,0.14629023819938447,Moderate,Moderate,66,Predicted
p07_daily_merged,2020-01-25,0.0629724863555838,-0.03321036099625303,0.37132100433166426,0.25902883550839,Moderate,Moderate,67,Predicted
p07_daily_merged,2020-01-26,0.0936858628285376,-0.03066862602936134,0.3694598569275333,0.33658457482240106,Moderate,Moderate,68,Predicted
p07_daily_merged,2020-01-27,0.1539037768952117,-0.0191115085079751,0.3805675596261536,0.45462436570564896,Moderate,Moderate,69,Predicted
p07_daily_merged,2020-01-28,0.0907222845325689,-0.013305898456796757,0.3814725166066097,0.27270164549401565,Moderate,Moderate,70,Predicted
p07_daily_merged,2020-01-29,0.0339654287995019,-0.009889650704098765,0.3801864181689221,0.11535151548763439,Moderate,Moderate,71,Predicted
p07_daily_merged,2020-01-30,-0.0841507062291106,-0.015845234747079398,0.3814323835272592,-0.17907622538595944,Moderate,Moderate,72,Predicted
p07_daily_merged,2020-01-31,-0.1535476674520584,-0.019954843265967824,0.3807888126152989,-0.35083179904514666,Moderate,Moderate,73,Predicted
p07_daily_merged,2020-02-01,0.0136819173178759,-0.012405304648701678,0.3844531915790635,0.06785539186039685,Moderate,Moderate,74,Predicted
p07_daily_merged,2020-02-02,0.0463506568313169,-0.005085012032617117,0.3877803768816956,0.13264123697426305,Moderate,Moderate,75,Predicted
p07_daily_merged,2020-02-03,-0.0181745576715272,-0.003127123194626264,0.3858211533005338,-0.0390010613678815,Moderate,Moderate,76,Predicted
p07_daily_merged,2020-02-04,-0.0454389256682746,-0.002915313461890323,0.38349479974430334,-0.1108844558902417,Moderate,Moderate,77,Predicted
p07_daily_merged,2020-02-05,-0.1188465491255524,-0.008903960720225066,0.38518291752561606,-0.28542955412350485,Moderate,Moderate,78,Predicted
p07_daily_merged,2020-02-06,-0.087496625689957,-0.005067204423240393,0.3845599811691362,-0.21434737180950378,Moderate,Moderate,79,Predicted
p07_daily_merged,2020-02-07,0.190293524411265,-0.007907083851646625,0.38323415515441034,0.5171788724912942,Moderate,Moderate,80,Predicted
p07_daily_merged,2020-02-08,0.1538677057263858,-0.004168854707645452,0.38263562088847053,0.4130210356972888,Moderate,Moderate,81,Predicted
p07_daily_merged,2020-02-09,0.0689929714898187,-0.0035124016011474006,0.38050574370768225,0.19055000953327852,Moderate,Moderate,82,Predicted
p07_daily_merged,2020-02-10,0.1144389082893406,0.007804499747289616,0.39329928877629405,0.27112789568939166,Moderate,Moderate,83,Predicted
p07_daily_merged,2020-02-11,0.3090240766656353,0.007997329228545394,0.39111251506444134,0.7696678982197527,Moderate,Moderate,84,Predicted
p07_daily_merged,2020-02-12,-0.0169760946076872,0.009621486101285374,0.38926945281457304,-0.06832691472876046,Moderate,Moderate,85,Predicted
p07_daily_merged,2020-02-13,-0.2182466219363848,0.008681337786127714,0.38725422493111317,-0.5859922116095174,Moderate,Moderate,86,Predicted
p07_daily_merged,2020-02-14,-0.2311605414842411,0.006020370080868802,0.3860296481978945,-0.6144111279336797,Moderate,Moderate,87,Predicted
p07_daily_merged,2020-02-15,-0.0828200440885843,0.00933654598339078,0.385328819456196,-0.23916350249128301,Moderate,Moderate,88,Predicted
p07_daily_merged,2020-02-16,-0.0747606215797548,0.008428745429309862,0.3833985960022197,-0.21697879928747324,Moderate,Moderate,89,Predicted
p07_daily_merged,2020-02-17,0.1502769294439123,0.008811863481216691,0.3813907440102052,0.37091898055845407,Moderate,Moderate,91,Predicted
p07_daily_merged,2020-02-18,0.1338120301113735,0.008811863481216691,0.3813907440102052,0.32774829644741477,Moderate,Moderate,91,Predicted
p07_daily_merged,2020-02-19,0.0406949792946957,0.009189869250860638,0.3794585235287252,0.08302649193608141,Moderate,Moderate,92,Predicted
p07_daily_merged,2020-02-20,0.0590523381145107,0.009189869250860638,0.3794585235287252,0.13140426626857796,Moderate,Moderate,92,Predicted
p07_daily_merged,2020-02-21,0.0886165236609394,0.006683474293269932,0.378368260581998,0.21654313509711887,Moderate,Moderate,93,Predicted
p07_daily_merged,2020-02-22,-0.1781556639966616,0.0032052823076122823,0.37809098769752064,-0.4796754014389938,Moderate,Moderate,94,Predicted
p07_daily_merged,2020-02-23,-0.0999776615365957,0.0032052823076122823,0.37809098769752064,-0.27290506042623824,Moderate,Moderate,94,Predicted
p07_daily_merged,2020-02-24,0.0517207671012119,0.0024109922143182687,0.37630010927332724,0.13103842829627577,Moderate,Moderate,95,Predicted
p07_daily_merged,2020-02-25,-0.0058597609459978,0.004222432113610309,0.37490198047557444,-0.026892877564473106,Moderate,Moderate,96,Predicted
p07_daily_merged,2020-02-26,-0.0521594284506039,0.004461169087555621,0.3730855731050681,-0.1517630313789005,Moderate,Moderate,97,Predicted
p07_daily_merged,2020-02-27,-0.1053779444472989,0.0005607108504546816,0.3734325607634405,-0.28368885423695783,Moderate,Moderate,98,Predicted
p07_daily_merged,2020-02-28,-0.3558704567891996,-0.0026956535562302937,0.37315918679524357,-0.9464454198919671,Moderate,Moderate,99,Predicted
p07_daily_merged,2020-02-29,-0.0902410106067771,-0.00589115133849125,0.37286286949807784,-0.22622220169530902,Moderate,Moderate,100,Predicted
p07_daily_merged,2020-03-01,-0.0325058679459109,-0.005007676724673611,0.37122998434092425,-0.07407319554226509,Moderate,Moderate,101,Predicted
p07_daily_merged,2020-03-02,0.03680274452437,-0.007176868924522569,0.3702006956177919,0.11879938090202469,Moderate,Moderate,102,Predicted
p07_daily_merged,2020-03-03,0.0827365329287429,-0.010827861394939645,0.3704827943440853,0.25254720530094243,Moderate,Moderate,103,Predicted
p07_daily_merged,2020-03-04,0.0964778048943354,-0.0107530019491911,0.3687957801808388,0.29075931072461275,Moderate,Moderate,104,Predicted
p07_daily_merged,2020-03-05,0.0518368467168407,-0.009251459418210607,0.3674745266960932,0.16623820618067556,Moderate,Moderate,105,Predicted
p07_daily_merged,2020-03-06,0.0155586792854051,-0.008945234268124094,0.36584481956491965,0.06697898191553028,Moderate,Moderate,106,Predicted
p07_daily_merged,2020-03-07,0.0386398713841432,-0.0074858921998017455,0.3645555775716954,0.12652601255256785,Moderate,Moderate,107,Predicted
p07_daily_merged,2020-03-08,0.2278007128319276,-0.011872539488676021,0.3659889075892488,0.6548647987703227,Moderate,Moderate,108,Predicted
p07_daily_merged,2020-03-09,0.1326819508654466,-0.011872539488676021,0.3659889075892488,0.3949695943144727,Moderate,Moderate,108,Predicted
p07_daily_merged,2020-03-10,0.1117038715079046,-0.013851652307809935,0.3650170889920069,0.3439716320198475,Moderate,Moderate,109,Predicted
p07_daily_merged,2020-03-11,0.0415344283002329,-0.013516578505678521,0.3634584053816374,0.15146439314866567,Moderate,Moderate,110,Predicted
p07_daily_merged,2020-03-12,-0.2214584798254182,-0.009508048130600468,0.364511997983268,-0.5814635262144286,Moderate,Moderate,111,Predicted
p07_daily_merged,2020-03-13,-0.0419636758769629,-0.006973076368231212,0.3640160600383606,-0.09612377955259534,Moderate,Moderate,112,Predicted
p07_daily_merged,2020-03-14,-0.1009844225139351,-0.004208665934472496,0.3637460896764177,-0.2660530499875687,Moderate,Moderate,113,Predicted
p07_daily_merged,2020-03-15,-0.1470362793254735,-0.0006373507992061349,0.3643513326184427,-0.4018070346392277,Moderate,Moderate,114,Predicted
p07_daily_merged,2020-03-16,-0.0970450895268054,-0.0025809014618835627,0.3634771134103965,-0.2598903330627691,Moderate,Moderate,115,Predicted
p07_daily_merged,2020-03-17,0.0302347479109603,-0.0025809014618835627,0.3634771134103965,0.09028257395615501,Moderate,Moderate,115,Predicted
p07_daily_merged,2020-03-18,0.0807690443729389,-0.0045529975587021345,0.3626445424541378,0.23527733618776675,Moderate,Moderate,116,Predicted
p07_daily_merged,2020-03-19,0.0533691079265956,-0.0029921725635400336,0.36158533458455266,0.15587269476759208,Moderate,Moderate,117,Predicted
p07_daily_merged,2020-03-20,-0.0330889669281694,0.000622188157505561,0.3623844890265601,-0.09302593269438797,Moderate,Moderate,118,Predicted
p07_daily_merged,2020-03-21,-0.0275935067498923,0.004464031109591149,0.36349919829316596,-0.0881914953595818,Moderate,Moderate,119,Predicted
p07_daily_merged,2020-03-22,0.0478993997828481,0.00462850316811063,0.36205861213216173,0.11951351290862917,Moderate,Moderate,120,Predicted
p07_daily_merged,2020-03-23,-0.1740821217025808,0.0014276012229844318,0.362444093502161,-0.48423943463854185,Moderate,Moderate,121,Predicted
p07_daily_merged,2020-03-24,-0.1740821217025808,0.0014276012229844318,0.362444093502161,-0.48423943463854185,Moderate,Moderate,121,Predicted
p07_daily_merged,2020-03-25,0.0808832516602115,0.0007846632129555987,0.36109936424437156,0.2218186914143934,Moderate,Moderate,122,Predicted
p07_daily_merged,2020-03-26,0.0040966070280713,0.003054417237884396,0.36062679624896304,0.002889939962940013,Moderate,Moderate,123,Predicted
p07_daily_merged,2020-03-27,0.0739419572147822,-0.0008486793483436226,0.36200409380943915,0.20660163197628367,Moderate,Moderate,124,Predicted
p07_daily_merged,2020-03-28,0.0164493957521259,-0.0008486793483436226,0.36200409380943915,0.047784197461521856,Moderate,Moderate,124,Predicted
p07_daily_merged,2020-03-29,0.0262354606858005,0.0005894871758210897,0.36099809426233304,0.07104185290059394,Moderate,Moderate,125,Predicted
p08_daily_merged,2019-11-30,-0.1892130825708438,-0.18137900105002416,0.3650065668967759,-0.021462850894502162,Moderate,Moderate,10,Predicted
p08_daily_merged,2019-12-01,-0.3482903861610227,-0.21938318040298652,0.3890892761929278,-0.33130495658821046,Moderate,Moderate,11,Predicted
p08_daily_merged,2019-12-02,-0.0648803698938263,-0.19096513883446367,0.39789948493694843,0.3168759290065854,Moderate,Moderate,12,Predicted
p08_daily_merged,2019-12-03,-0.2396672823711448,-0.14871727684732927,0.43091622718523,-0.2110619182709973,Moderate,Moderate,13,Predicted
p08_daily_merged,2019-12-04,-0.2204061733785991,-0.15419172425494437,0.42075374766217916,-0.15737102638196332,Moderate,Moderate,14,Predicted
p08_daily_merged,2019-12-05,-0.0497534185632143,-0.13836000119771885,0.41727412479129766,0.2123462188766718,Moderate,Moderate,15,Predicted
p08_daily_merged,2019-12-06,-0.0497534185632143,-0.13836000119771885,0.41727412479129766,0.2123462188766718,Moderate,Moderate,15,Predicted
p08_daily_merged,2019-12-07,-0.2498618599841871,-0.13836000119771885,0.41727412479129766,-0.26721488863522663,Moderate,Moderate,15,Predicted
p08_daily_merged,2019-12-08,-0.2576394469117657,-0.13836000119771885,0.41727412479129766,-0.2858539234219357,Moderate,Moderate,15,Predicted
p08_daily_merged,2019-12-09,0.0853244926469111,-0.13883522463576456,0.40768670420652575,0.5498332787647666,Moderate,Moderate,16,Predicted
p08_daily_merged,2019-12-10,0.0133935234501759,-0.12434112009363026,0.4049986322040872,0.34008668818021787,Moderate,Moderate,17,Predicted
p08_daily_merged,2019-12-11,-0.06137997429603,-0.11559785164772834,0.39887426819505817,0.13592723741503582,Moderate,Moderate,18,Predicted
p08_daily_merged,2019-12-12,-0.2138879186217376,-0.10405429918344763,0.3952230360769765,-0.2779028786593754,Moderate,Moderate,19,Predicted
p08_daily_merged,2019-12-13,-0.0927485960257543,-0.08009495709992,0.4070538783770417,-0.03108590680006646,Moderate,Moderate,20,Predicted
p08_daily_merged,2019-12-14,-0.0623557277225494,-0.06747149420747202,0.4049912815653598,0.01263179410961469,Moderate,Moderate,21,Predicted
p08_daily_merged,2019-12-15,-0.3292121566479041,-0.08518105498445487,0.40896868142109266,-0.5966987516390864,Moderate,Moderate,22,Predicted
p08_daily_merged,2019-12-16,-0.157429010120368,-0.10748535533720373,0.4200147733489162,-0.11890928117824776,Moderate,Moderate,23,Predicted
p08_daily_merged,2019-12-17,-0.0583839490868285,-0.10368908791087174,0.4134957765296229,0.10956614648952182,Moderate,Moderate,24,Predicted
p08_daily_merged,2019-12-18,-0.4382093646713498,-0.11418492006815391,0.4110821246326587,-0.7882231437154871,Moderate,Moderate,25,Predicted
p08_daily_merged,2019-12-19,-0.0582963740971241,-0.10453575736653607,0.40838723217435524,0.11322436067166447,Moderate,Moderate,26,Predicted
p08_daily_merged,2019-12-20,0.066213165464147,-0.07927028434261835,0.42828715641417503,0.33968669764655657,Moderate,Moderate,27,Predicted
p08_daily_merged,2019-12-21,-0.0550164307177726,-0.077521158463904,0.4220686817095869,0.05332006074219041,Moderate,Moderate,28,Predicted
p08_daily_merged,2019-12-22,0.0627361180639936,-0.07310605539058947,0.416838043266851,0.32588717764328373,Moderate,Moderate,29,Predicted
p08_daily_merged,2019-12-23,0.3445973350423149,-0.06548093809961521,0.41361664000680515,0.9914452985624155,Moderate,Moderate,30,Predicted
p08_daily_merged,2019-12-24,0.23286693676384,-0.044335814542176555,0.4283052568892995,0.6472083796479362,Moderate,Moderate,31,Predicted
p08_daily_merged,2019-12-25,-0.0681180004047929,-0.050243069884487256,0.42423909967884316,-0.04213409498048931,Moderate,Moderate,32,Predicted
p08_daily_merged,2019-12-26,-0.0534951874663,-0.07957138045898783,0.45800651126993963,0.05693410978019712,Moderate,Moderate,33,Predicted
p08_daily_merged,2019-12-27,-0.0810461641093292,-0.08574781574561337,0.4539711419499753,0.01035671918723472,Moderate,Moderate,34,Predicted
p08_daily_merged,2019-12-28,-0.0866310794755363,-0.08184486337363761,0.4491135767868076,-0.010657028309279306,Moderate,Moderate,35,Predicted
p08_daily_merged,2019-12-29,-0.2820544850261228,-0.08272343333805524,0.4437721751310602,-0.44917429000409653,Moderate,Moderate,36,Predicted
p08_daily_merged,2019-12-30,-0.5882864608931482,-0.08272343333805524,0.4437721751310602,-1.1392400332575694,Low,High,36,Predicted
p08_daily_merged,2019-12-31,0.1968824089212503,-0.08178409041524479,0.4386259374318531,0.635316964993184,Moderate,Moderate,37,Predicted
p08_daily_merged,2020-01-01,0.244111715937938,-0.07561526431024165,0.43558305755306176,0.7340206987027527,Moderate,Moderate,38,Predicted
p08_daily_merged,2020-01-02,-0.0720833632230314,-0.07650138907622649,0.43075798311036423,0.01025639924603127,Moderate,Moderate,39,Predicted
p08_daily_merged,2020-01-03,0.2089698358108023,-0.06788238477700419,0.430128110413093,0.6436506098657885,Moderate,Moderate,40,Predicted
p08_daily_merged,2020-01-04,0.0963647644184343,-0.06913582960704438,0.4256162805466664,0.38884930297522413,Moderate,Moderate,41,Predicted
p08_daily_merged,2020-01-05,-0.1287358650697118,-0.06856963603821481,0.4211780910753481,-0.14285222879917878,Moderate,Moderate,42,Predicted
p08_daily_merged,2020-01-06,-0.0358339741888981,-0.06533637761247432,0.41748468023723756,0.0706670323970004,Moderate,Moderate,43,Predicted
p08_daily_merged,2020-01-07,-0.06596555017498,-0.059862936489373235,0.4151330816885875,-0.014700379118869279,Moderate,Moderate,44,Predicted
p08_daily_merged,2020-01-08,0.0500510217671739,-0.054846513080208686,0.41263167927350847,0.25421590274423017,Moderate,Moderate,45,Predicted
p08_daily_merged,2020-01-09,-0.0108805257658482,-0.04977753887745605,0.4103076725570641,0.09479962407039365,Moderate,Moderate,46,Predicted
p08_daily_merged,2020-01-10,0.1804364980466021,-0.04080110035132863,0.41173663216685513,0.5373279448894769,Moderate,Moderate,47,Predicted
p08_daily_merged,2020-01-11,-0.0364658549704148,-0.04080110035132863,0.41173663216685513,0.010529170936524742,Moderate,Moderate,47,Predicted
p08_daily_merged,2020-01-12,0.0597653401891391,-0.034018710481807435,0.4109959963954279,0.22818726093067565,Moderate,Moderate,48,Predicted
p08_daily_merged,2020-01-13,-0.0619759004775448,-0.0465801859377795,0.41795066126842506,-0.03683620093587444,Moderate,Moderate,49,Predicted
p08_daily_merged,2020-01-14,-0.115974103852443,-0.05317890175278731,0.41718745692154185,-0.15052035016351234,Moderate,Moderate,50,Predicted
p08_daily_merged,2020-01-15,-0.1191604416615584,-0.05565478500248509,0.41394140463492307,-0.1534170197713909,Moderate,Moderate,51,Predicted
p08_daily_merged,2020-01-16,-0.327513696407151,-0.05565478500248509,0.41394140463492307,-0.6567569911119008,Moderate,Moderate,51,Predicted
p08_daily_merged,2020-01-17,-0.165663866210242,-0.05565478500248509,0.41394140463492307,-0.26576003264225234,Moderate,Moderate,51,Predicted
p08_daily_merged,2020-01-18,-0.165663866210242,-0.05565478500248509,0.41394140463492307,-0.26576003264225234,Moderate,Moderate,51,Predicted
p08_daily_merged,2020-01-19,0.0137504249761593,-0.04908046080799657,0.4134529018416126,0.15196624695169125,Moderate,Moderate,52,Predicted
p08_daily_merged,2020-01-20,0.0249133742174456,-0.0427859229114096,0.41282348574027405,0.16399090523509577,Moderate,Moderate,53,Predicted
p08_daily_merged,2020-01-21,0.0752090879604668,-0.0427859229114096,0.41282348574027405,0.2858243654919197,Moderate,Moderate,53,Predicted
p08_daily_merged,2020-01-22,0.0155476088849901,-0.0427859229114096,0.41282348574027405,0.14130381097818637,Moderate,Moderate,53,Predicted
p08_daily_merged,2020-01-23,-0.0031224927130073,-0.03859825509547546,0.41067331721418704,0.08638438606900226,Moderate,Moderate,54,Predicted
p08_daily_merged,2020-01-24,0.0205656120824946,-0.03275302553430652,0.4098854878132357,0.13008178918765662,Moderate,Moderate,55,Predicted
p08_daily_merged,2020-01-25,0.0205656120824946,-0.03275302553430652,0.4098854878132357,0.13008178918765662,Moderate,Moderate,55,Predicted
p08_daily_merged,2020-01-26,-0.0021957196460253,-0.03275302553430652,0.4098854878132357,0.07455083626235788,Moderate,Moderate,55,Predicted
p08_daily_merged,2020-01-27,0.0782284482796621,-0.03275302553430652,0.4098854878132357,0.27076214482747757,Moderate,Moderate,55,Predicted
p08_daily_merged,2020-01-28,0.0782284482796621,-0.03275302553430652,0.4098854878132357,0.27076214482747757,Moderate,Moderate,55,Predicted
p08_daily_merged,2020-01-29,0.0782284482796621,-0.03275302553430652,0.4098854878132357,0.27076214482747757,Moderate,Moderate,55,Predicted
p08_daily_merged,2020-02-02,0.0999572041379615,-0.023661170147158753,0.4066548582763757,0.30398843581774015,Moderate,Moderate,55,Predicted
p08_daily_merged,2020-02-03,0.1312657256718704,-0.020204981671245795,0.40442642911356547,0.3745321681253978,Moderate,Moderate,56,Predicted
p08_daily_merged,2020-02-04,0.1824243382196374,-0.01698116806998684,0.4021571258033583,0.49583979369080494,Moderate,Moderate,57,Predicted
p08_daily_merged,2020-02-05,0.1324817864709687,-0.01883019206144124,0.39938572776094705,0.37886175698040453,Moderate,Moderate,58,Predicted
p08_daily_merged,2020-02-06,-0.0497904861793881,-0.015549785573990123,0.3973159716609806,-0.08618002559085312,Moderate,Moderate,59,Predicted
p08_daily_merged,2020-02-07,0.1378612487339299,-0.010631586106294633,0.3964940483253309,0.37451466287429197,Moderate,Moderate,60,Predicted
p08_daily_merged,2020-02-08,0.1044738206188284,-0.010631586106294633,0.3964940483253309,0.2903080316370269,Moderate,Moderate,60,Predicted
p08_daily_merged,2020-02-09,0.0408492787166896,-0.010631586106294633,0.3964940483253309,0.12984019568622426,Moderate,Moderate,60,Predicted
p08_daily_merged,2020-02-10,0.1658243676532282,-0.009483251746175711,0.3937276563545086,0.4452509661692614,Moderate,Moderate,61,Predicted
p08_daily_merged,2020-02-11,0.0736583328319964,-0.003156220357868339,0.3945238891964419,0.19470190600198894,Moderate,Moderate,62,Predicted
p08_daily_merged,2020-02-12,0.0232651411094934,-0.0004378462416223204,0.39241420269635696,0.060402980290335376,Moderate,Moderate,63,Predicted
p08_daily_merged,2020-02-13,-0.1194273572446898,-0.005085137731378201,0.39169730136107767,-0.2919147492617206,Moderate,Moderate,64,Predicted
p08_daily_merged,2020-02-14,-0.3777535551541488,0.0009259584112572842,0.392426938070438,-0.9649681936397437,Moderate,Moderate,65,Predicted
p08_daily_merged,2020-02-15,-0.1903517944064105,0.0022824783768305977,0.3899433887952324,-0.4940057411369461,Moderate,Moderate,66,Predicted
p08_daily_merged,2020-02-16,-0.0171332904257289,0.006359488459025051,0.38896234783188494,-0.060398593888855955,Moderate,Moderate,67,Predicted
p08_daily_merged,2020-02-17,0.0829637229213839,0.006359488459025051,0.38896234783188494,0.19694511535463144,Moderate,Moderate,67,Predicted
p08_daily_merged,2020-02-18,0.142757548147798,0.006359488459025051,0.38896234783188494,0.35067162785567646,Moderate,Moderate,67,Predicted
p08_daily_merged,2020-02-19,0.224895863828195,0.011987754541682487,0.3895384266700122,0.5465651004101639,Moderate,Moderate,68,Predicted
p08_daily_merged,2020-02-20,0.1102361075825415,0.011987754541682487,0.3895384266700122,0.2522173585818984,Moderate,Moderate,68,Predicted
p08_daily_merged,2020-02-21,0.0499010115785497,0.018835274424094887,0.3916973823174624,0.0793105559466739,Moderate,Moderate,69,Predicted
p08_daily_merged,2020-02-22,0.0877978284637473,0.01866537347681349,0.3891813317646813,0.17763558872020815,Moderate,Moderate,70,Predicted
p08_daily_merged,2020-02-23,-0.1240064581914145,0.012897030242828927,0.3901368603468964,-0.350911442493574,Moderate,Moderate,71,Predicted
p08_daily_merged,2020-02-24,-0.014163004095993,0.011333322859141714,0.3879461880495061,-0.06572129779989257,Moderate,Moderate,72,Predicted
p08_daily_merged,2020-02-25,-0.014163004095993,0.011333322859141714,0.3879461880495061,-0.06572129779989257,Moderate,Moderate,72,Predicted
p08_daily_merged,2020-02-26,0.083371654880203,0.011333322859141714,0.3879461880495061,0.18569155785046257,Moderate,Moderate,72,Predicted
p08_daily_merged,2020-02-27,-0.0122841832228772,0.008822446291193477,0.38621388052524436,-0.054650106012155794,Moderate,Moderate,73,Predicted
p08_daily_merged,2020-02-28,-0.0780712485220952,0.005732823260809246,0.384882348132989,-0.21773945256109145,Moderate,Moderate,74,Predicted
p08_daily_merged,2020-02-29,0.1031296623078953,0.0017162667766861949,0.38432384627602684,0.26387484543015466,Moderate,Moderate,75,Predicted
p08_daily_merged,2020-03-01,0.023110741457172,0.0026157952131648093,0.3821193609147366,0.05363493279938853,Moderate,Moderate,76,Predicted
p08_daily_merged,2020-03-02,0.0617706048536558,0.0026157952131648093,0.3821193609147366,0.15480715109248383,Moderate,Moderate,76,Predicted
p08_daily_merged,2020-03-03,-0.0770681280574554,2.1265529650084737e-05,0.3806261896941336,-0.2025330775295666,Moderate,Moderate,77,Predicted
p08_daily_merged,2020-03-04,-0.014289336638106,0.0009746075254884941,0.3785112403725846,-0.04032626388735391,Moderate,Moderate,78,Predicted
p08_daily_merged,2020-03-05,0.0905903901757571,0.00417966655022837,0.3756488829614514,0.23003056190212626,Moderate,Moderate,80,Predicted
p08_daily_merged,2020-03-06,0.1089568571430842,0.00769064190202454,0.3750146391243431,0.27003269919679845,Moderate,Moderate,81,Predicted
p08_daily_merged,2020-03-07,-0.0109415859918345,0.008979553839371837,0.37312804144805406,-0.05338955430392038,Moderate,Moderate,82,Predicted
p08_daily_merged,2020-03-08,0.0850270275938867,0.0061904688494797775,0.37203529794064333,0.21190612606061093,Moderate,Moderate,83,Predicted
p08_daily_merged,2020-03-09,0.0850270275938867,0.0061904688494797775,0.37203529794064333,0.21190612606061093,Moderate,Moderate,83,Predicted
p08_daily_merged,2020-03-10,-0.0104134627008328,0.0022943703311260753,0.37191061401243225,-0.03416905179139113,Moderate,Moderate,84,Predicted
p08_daily_merged,2020-03-11,-0.0739639095995417,0.0022943703311260753,0.37191061401243225,-0.20504464529242666,Moderate,Moderate,84,Predicted
p08_daily_merged,2020-03-12,-0.116656719149395,0.0022943703311260753,0.37191061401243225,-0.31983784543601324,Moderate,Moderate,84,Predicted
p08_daily_merged,2020-03-13,0.0409777413356621,-0.0005738591606131573,0.3709495025152575,0.11201416962290225,Moderate,Moderate,85,Predicted
p08_daily_merged,2020-03-14,0.0807318639931639,-0.0005738591606131573,0.3709495025152575,0.21918272595724234,Moderate,Moderate,85,Predicted
p08_daily_merged,2020-03-15,0.0516880887457605,-0.0018881764421774915,0.3691934071481051,0.1451170691313169,Moderate,Moderate,86,Predicted
p08_daily_merged,2020-03-16,0.0353358900284664,-0.003457429901850864,0.36756686568825947,0.10554085134327267,Moderate,Moderate,87,Predicted
p08_daily_merged,2020-03-17,0.1013216929329068,-0.003457429901850864,0.36756686568825947,0.28506139322041846,Moderate,Moderate,87,Predicted
p08_daily_merged,2020-03-18,0.2230360679587004,-0.00258237854022952,0.3657489947645561,0.6168668943141388,Moderate,Moderate,88,Predicted
p08_daily_merged,2020-03-19,0.2230360679587004,-0.00258237854022952,0.3657489947645561,0.6168668943141388,Moderate,Moderate,88,Predicted
p08_daily_merged,2020-03-20,0.0950158501246195,0.00301636313232231,0.3680558789502529,0.24996065068894607,Moderate,Moderate,89,Predicted
p08_daily_merged,2020-03-21,0.2283543554510726,0.0036904586471678408,0.36623464999395,0.6134424932420132,Moderate,Moderate,90,Predicted
p08_daily_merged,2020-03-22,0.1271536434166979,0.006658199176198358,0.3655868443856579,0.3295945849555483,Moderate,Moderate,91,Predicted
p08_daily_merged,2020-03-23,0.010859319678644,0.002924641143359634,0.3656844109256322,0.02169815911813099,Moderate,Moderate,92,Predicted
p08_daily_merged,2020-03-24,0.010859319678644,0.002924641143359634,0.3656844109256322,0.02169815911813099,Moderate,Moderate,92,Predicted
p08_daily_merged,2020-03-25,-0.0537596916127403,0.0038086474581189426,0.3639791027911227,-0.15816385784075104,Moderate,Moderate,93,Predicted
p08_daily_merged,2020-03-26,0.0667338502408722,0.0024040414100068015,0.3624709182684723,0.1774757796795661,Moderate,Moderate,94,Predicted
p08_daily_merged,2020-03-27,0.0625851677214761,0.0024040414100068015,0.3624709182684723,0.1660302200213888,Moderate,Moderate,94,Predicted
p09_daily_merged,2019-12-04,0.2243355596566584,0.22657080504955932,0.4213203393678218,-0.005305334644548184,Moderate,Moderate,10,Predicted
p09_daily_merged,2019-12-05,0.3830285173664335,0.2276843923664019,0.4087680715425318,0.38002998720967435,Moderate,Moderate,11,Predicted
p09_daily_merged,2019-12-06,0.3099802447564728,0.22833801718542704,0.39726137690179575,0.2055126229681975,Moderate,Moderate,12,Predicted
p09_daily_merged,2019-12-07,0.1470556842862735,0.2203078769162587,0.38832992121082793,-0.18863391314679534,Moderate,Moderate,13,Predicted
p09_daily_merged,2019-12-08,0.0606382134131532,0.23424599057619264,0.38384868448722004,-0.4522818083770705,Moderate,Moderate,14,Predicted
p09_daily_merged,2019-12-09,0.115162517460089,0.21890490868463947,0.3814463323854248,-0.271971133070762,Moderate,Moderate,15,Predicted
p09_daily_merged,2019-12-10,0.0980085530127611,0.1972059171216776,0.38693290404562475,-0.25636838602183015,Moderate,Moderate,16,Predicted
p09_daily_merged,2019-12-11,-0.0759672587430866,0.16541338820714035,0.40922608883691575,-0.5898466728655261,Moderate,Moderate,17,Predicted
p09_daily_merged,2019-12-12,0.1742872002422461,0.15373834114925983,0.4048405985349717,0.05075790117727329,Moderate,Moderate,18,Predicted
p09_daily_merged,2019-12-13,0.0497276917284493,0.1506696280245659,0.39696966612016005,-0.2542812333312192,Moderate,Moderate,19,Predicted
p09_daily_merged,2019-12-14,0.2488869012426259,0.1484574265793581,0.3894304701357127,0.25788807595941105,Moderate,Moderate,20,Predicted
p09_daily_merged,2019-12-15,0.3062216117600074,0.14937688997636095,0.38218172427595465,0.4103930455617406,Moderate,Moderate,21,Predicted
p09_daily_merged,2019-12-16,0.1019335490196241,0.14745079530057204,0.37543831006728995,-0.12123761763361297,Moderate,Moderate,22,Predicted
p09_daily_merged,2019-12-17,0.1559632316638936,0.14745079530057204,0.37543831006728995,0.022673329106440588,Moderate,Moderate,22,Predicted
p09_daily_merged,2019-12-18,0.2051437956643,0.14556710842401813,0.36905269649840894,0.1614313831210246,Moderate,Moderate,23,Predicted
p09_daily_merged,2019-12-19,0.1109217173923928,0.12467394658430793,0.38104087304092704,-0.036091217937236936,Moderate,Moderate,24,Predicted
p09_daily_merged,2019-12-20,0.2630587370121699,0.1608803536388927,0.4271503885783472,0.23920938879009318,Moderate,Moderate,25,Predicted
p09_daily_merged,2019-12-21,0.1907107689675547,0.1608803536388927,0.4271503885783472,0.06983586138817376,Moderate,Moderate,25,Predicted
p09_daily_merged,2019-12-22,0.2333375301496494,0.16011669411657095,0.4204460771778645,0.17415036078955562,Moderate,Moderate,26,Predicted
p09_daily_merged,2019-12-23,0.0770036557526022,0.15363711591769744,0.4157470099600921,-0.18432714686860008,Moderate,Moderate,27,Predicted
p09_daily_merged,2019-12-24,0.2112995375028085,0.15246104438291694,0.4096465463291041,0.14363234267968555,Moderate,Moderate,28,Predicted
p09_daily_merged,2019-12-25,0.1430454031635676,0.15246104438291694,0.4096465463291041,-0.02298479336326433,Moderate,Moderate,28,Predicted
p09_daily_merged,2019-12-26,0.2728808872358606,0.14038884937259583,0.4101978513435763,0.32299544580571493,Moderate,Moderate,29,Predicted
p09_daily_merged,2019-12-27,0.1389575524959,0.13484496158563877,0.4058639041569619,0.010132930936057676,Moderate,Moderate,30,Predicted
p09_daily_merged,2019-12-28,-0.1854297611904511,0.12387172638631556,0.40601615703076394,-0.7617960079192879,Moderate,Moderate,31,Predicted
p09_daily_merged,2019-12-29,-0.0904946764311323,0.13030109211596203,0.40264515152051217,-0.5483631622367772,Moderate,Moderate,32,Predicted
p09_daily_merged,2019-12-30,-0.0709207660162127,0.11887163040338891,0.4039695765992784,-0.4698185393497294,Moderate,Moderate,33,Predicted
p09_daily_merged,2019-12-31,-0.1351864028784138,0.11288786409501668,0.40072391640120114,-0.6190652886439171,Moderate,Moderate,34,Predicted
p09_daily_merged,2020-01-01,-0.1247626448881527,0.10718903903942407,0.39752622261459014,-0.5834877568629194,Moderate,Moderate,35,Predicted
p09_daily_merged,2020-01-02,0.3257184754954807,0.09802920068761585,0.3973315507015958,0.5730460478303778,Moderate,Moderate,36,Predicted
p09_daily_merged,2020-01-03,0.0178229177146028,0.09802920068761585,0.3973315507015958,-0.2018623560887306,Moderate,Moderate,36,Predicted
p09_daily_merged,2020-01-04,0.0813539255481698,0.08837223302682996,0.3978746284905975,-0.017639494896382977,Moderate,Moderate,37,Predicted
p09_daily_merged,2020-01-05,0.0127547460716028,0.08837223302682996,0.3978746284905975,-0.19005355340724908,Moderate,Moderate,37,Predicted
p09_daily_merged,2020-01-06,0.0578623511651291,0.08837223302682996,0.3978746284905975,-0.0766821497953893,Moderate,Moderate,37,Predicted
p09_daily_merged,2020-01-07,0.0222145588613029,0.08837223302682996,0.3978746284905975,-0.16627769007666315,Moderate,Moderate,37,Predicted
p09_daily_merged,2020-01-08,0.1019350473204958,0.08008134048482997,0.39724003735301694,0.05501385756905718,Moderate,Moderate,38,Predicted
p09_daily_merged,2020-01-09,0.110606735424787,0.08031740240915877,0.39280472477879275,0.0771104090784183,Moderate,Moderate,39,Predicted
p09_daily_merged,2020-01-10,0.110606735424787,0.08031740240915877,0.39280472477879275,0.0771104090784183,Moderate,Moderate,39,Predicted
p09_daily_merged,2020-01-11,0.0114410041285506,0.0772311811080104,0.3890873481526925,-0.16908845093991917,Moderate,Moderate,40,Predicted
p09_daily_merged,2020-01-12,-0.1502023447046201,0.07475698938611601,0.38530735871413496,-0.5838438560879826,Moderate,Moderate,41,Predicted
p09_daily_merged,2020-01-13,-0.0518799368012907,0.06877329352581923,0.38356646558719976,-0.3145562533533858,Moderate,Moderate,42,Predicted
p09_daily_merged,2020-01-14,0.0726587191853416,0.0604295916636351,0.384189519106715,0.03183097641533957,Moderate,Moderate,43,Predicted
p09_daily_merged,2020-01-15,0.2199772848652851,0.05283533738813319,0.38417556202557945,0.4350665789252444,Moderate,Moderate,44,Predicted
p09_daily_merged,2020-01-16,0.1610385057072157,0.05398224651913793,0.3804803868886758,0.28137129501868696,Moderate,Moderate,45,Predicted
p09_daily_merged,2020-01-17,0.0821866100012763,0.05089815886513279,0.3774725034698933,0.08288935180318117,Moderate,Moderate,46,Predicted
p09_daily_merged,2020-01-18,0.0526551674773335,0.04879321295985893,0.3742143081709576,0.01032016797099661,Moderate,Moderate,47,Predicted
p09_daily_merged,2020-01-19,-0.1189298208326801,0.0502903100933631,0.37089938557311203,-0.4562426833481135,Moderate,Moderate,48,Predicted
p09_daily_merged,2020-01-20,0.2972194898256282,0.04512317724177101,0.3695406695411367,0.6821882768597252,Moderate,Moderate,49,Predicted
p09_daily_merged,2020-01-21,-0.1008080840735031,0.04903074036436208,0.3674126635934865,-0.40782161118880256,Moderate,Moderate,50,Predicted
p09_daily_merged,2020-01-22,0.0097026073513529,0.04903074036436208,0.3674126635934865,-0.10704076617381565,Moderate,Moderate,50,Predicted
p09_daily_merged,2020-01-23,-0.0585179585272035,0.04592660997291516,0.36494198141421885,-0.28619499487391475,Moderate,Moderate,51,Predicted
p09_daily_merged,2020-01-24,-0.09128800685372,0.04705454221405863,0.36188597493284913,-0.38228215142476635,Moderate,Moderate,52,Predicted
p09_daily_merged,2020-01-25,0.2104954935612081,0.04526715043307218,0.3590730556203711,0.46015244124255067,Moderate,Moderate,53,Predicted
p09_daily_merged,2020-01-26,0.0133962090099683,0.043185338330209475,0.3564392496964994,-0.08357421172221072,Moderate,Moderate,54,Predicted
p09_daily_merged,2020-01-27,-0.0151877764859156,0.037938188099260244,0.35591177213009234,-0.14926723066006742,Moderate,Moderate,55,Predicted
p09_daily_merged,2020-01-28,-0.1591131518024372,0.035302132062044314,0.35364932834747775,-0.5497402887005034,Moderate,Moderate,56,Predicted
p09_daily_merged,2020-01-29,-0.1591131518024372,0.035302132062044314,0.35364932834747775,-0.5497402887005034,Moderate,Moderate,56,Predicted
p09_daily_merged,2020-01-30,-0.1619698277160235,0.035302132062044314,0.35364932834747775,-0.557817996431308,Moderate,Moderate,56,Predicted
p09_daily_merged,2020-01-31,-0.1501455313413985,0.035302132062044314,0.35364932834747775,-0.5243829085438879,Moderate,Moderate,56,Predicted
p09_daily_merged,2020-02-01,0.136934987130539,0.035302132062044314,0.35364932834747775,0.2873831417788964,Moderate,Moderate,56,Predicted
p09_daily_merged,2020-02-02,0.0518287676702916,0.04007303955559131,0.35290137892187406,0.03331165253764224,Moderate,Moderate,57,Predicted
p09_daily_merged,2020-02-03,-0.0502884469376816,0.03758088888334858,0.35070950707817006,-0.250547344875498,Moderate,Moderate,58,Predicted
p09_daily_merged,2020-02-04,0.0094266372410646,0.0384582424321409,0.3480742705670626,-0.08340635216667891,Moderate,Moderate,59,Predicted
p09_daily_merged,2020-02-05,0.0094266372410646,0.0384582424321409,0.3480742705670626,-0.08340635216667891,Moderate,Moderate,59,Predicted
p09_daily_merged,2020-02-06,0.1365056325020178,0.04280778492485832,0.34725717598409106,0.26982263883137747,Moderate,Moderate,60,Predicted
p09_daily_merged,2020-02-07,0.1980015304949734,0.03182228734126395,0.3563622466477045,0.4663211232866435,Moderate,Moderate,61,Predicted
p09_daily_merged,2020-02-08,-0.0816131530284951,0.03883767076920343,0.3585001645535385,-0.335985407280644,Moderate,Moderate,62,Predicted
p09_daily_merged,2020-02-09,0.2221357603951583,0.03883767076920343,0.3585001645535385,0.5112915076461035,Moderate,Moderate,62,Predicted
p09_daily_merged,2020-02-10,-0.0650474234218093,0.04301924895035307,0.3576083286174901,-0.3021928286456497,Moderate,Moderate,63,Predicted
p09_daily_merged,2020-02-11,-0.0070118209274199,0.0437582204173008,0.35509939179746325,-0.14297417150654604,Moderate,Moderate,64,Predicted
p09_daily_merged,2020-02-12,-0.0710428556933358,0.04169312895256817,0.35302497843123215,-0.31934279876420835,Moderate,Moderate,65,Predicted
p09_daily_merged,2020-02-13,-0.0212904541115822,0.04783162426243678,0.35446640462195145,-0.19500318640278377,Moderate,Moderate,66,Predicted
p09_daily_merged,2020-02-14,0.0303425836570521,0.04870517815349006,0.3521103763582928,-0.0521501089696742,Moderate,Moderate,67,Predicted
p09_daily_merged,2020-02-15,0.084698470378699,0.05015196261275952,0.34994753524572575,0.09871910582733968,Moderate,Moderate,68,Predicted
p09_daily_merged,2020-02-16,0.084698470378699,0.05015196261275952,0.34994753524572575,0.09871910582733968,Moderate,Moderate,68,Predicted
p09_daily_merged,2020-02-17,-0.1282631356063257,0.05015196261275952,0.34994753524572575,-0.5098338472188579,Moderate,Moderate,68,Predicted
p09_daily_merged,2020-02-18,0.2050704287199192,0.05015196261275952,0.34994753524572575,0.442690547879925,Moderate,Moderate,68,Predicted
p09_daily_merged,2020-02-19,0.0692640174735442,0.04143647979902577,0.3558136681143341,0.07820817514400984,Moderate,Moderate,69,Predicted
p09_daily_merged,2020-02-20,0.0522359366922507,0.04143647979902577,0.3558136681143341,0.030351439140766018,Moderate,Moderate,69,Predicted
p09_daily_merged,2020-02-21,-0.0426165063624004,0.03895460648421026,0.35413532607598486,-0.23033881920356172,Moderate,Moderate,70,Predicted
p09_daily_merged,2020-02-22,-0.0520641501943129,0.034264452857656766,0.35425825653313514,-0.2436883303632897,Moderate,Moderate,71,Predicted
p09_daily_merged,2020-02-23,-0.0520641501943129,0.034264452857656766,0.35425825653313514,-0.2436883303632897,Moderate,Moderate,71,Predicted
p09_daily_merged,2020-02-24,0.0562480400224756,0.03306883997787467,0.3521404288490872,0.0658237400356395,Moderate,Moderate,72,Predicted
p09_daily_merged,2020-02-25,0.0667218135522948,0.03685665669751831,0.3515409355120028,0.08495499055118375,Moderate,Moderate,73,Predicted
p09_daily_merged,2020-02-26,0.2482894275628918,0.03786695970502471,0.34945521051977607,0.6021443135584869,Moderate,Moderate,74,Predicted
p09_daily_merged,2020-02-27,0.3277859614729727,0.03885262117576267,0.34740605667340313,0.8316876886485506,Moderate,Moderate,75,Predicted
p09_daily_merged,2020-02-28,0.3186207523591864,0.03885262117576267,0.34740605667340313,0.8053058540842716,Moderate,Moderate,75,Predicted
p09_daily_merged,2020-02-29,-0.0168927380767235,0.037324999523684683,0.34556159835010397,-0.15689746157927467,Moderate,Moderate,76,Predicted
p09_daily_merged,2020-03-01,-0.1563430620106198,0.0380173950424937,0.3435322112570927,-0.5657706924829182,Moderate,Moderate,77,Predicted
p09_daily_merged,2020-03-02,0.0544284219990612,0.03399751511040475,0.34348653397291523,0.05948095447103461,Moderate,Moderate,78,Predicted
p09_daily_merged,2020-03-03,-0.0162419225237379,0.034659639225446036,0.3415152512783137,-0.14904623309985746,Moderate,Moderate,79,Predicted
p09_daily_merged,2020-03-04,0.056312619211088,0.037857680157883086,0.3408317217926237,0.05414677646828212,Moderate,Moderate,80,Predicted
p09_daily_merged,2020-03-05,0.0438420837148242,0.03599040210790859,0.33931968729570117,0.02313948144150338,Moderate,Moderate,81,Predicted
p09_daily_merged,2020-03-06,0.0800684330637204,0.03411400632759996,0.33785029549389295,0.13602008744417723,Moderate,Moderate,82,Predicted
p09_daily_merged,2020-03-07,0.1131909646159971,0.03207198664127365,0.3365049844228415,0.24106322856957124,Moderate,Moderate,83,Predicted
p09_daily_merged,2020-03-08,-0.1244202151765182,0.02789084613331034,0.3369989426227187,-0.45196302434795993,Moderate,Moderate,84,Predicted
p09_daily_merged,2020-03-09,-0.033932306610094,0.01972724434293244,0.34416793638719745,-0.15591095299667343,Moderate,Moderate,85,Predicted
p09_daily_merged,2020-03-10,-0.1041734475666717,0.01972724434293244,0.34416793638719745,-0.3600006822547606,Moderate,Moderate,85,Predicted
p09_daily_merged,2020-03-11,-0.0495166763973309,0.01833797935921129,0.3425544434216668,-0.1980842959699011,Moderate,Moderate,86,Predicted
p09_daily_merged,2020-03-12,-0.0371720477701432,0.01833797935921129,0.3425544434216668,-0.16204731304864295,Moderate,Moderate,86,Predicted
p09_daily_merged,2020-03-13,0.0700455518485536,0.01833797935921129,0.3425544434216668,0.15094702019583195,Moderate,Moderate,86,Predicted
p09_daily_merged,2020-03-14,0.3229451898907849,0.01833797935921129,0.3425544434216668,0.8892227684713402,Moderate,Moderate,86,Predicted
p09_daily_merged,2020-03-15,0.04929031157642,0.010422251132453896,0.3492444859364355,0.11129183712020099,Moderate,Moderate,87,Predicted
p09_daily_merged,2020-03-16,0.0574773357302491,0.010422251132453896,0.3492444859364355,0.1347339370917355,Moderate,Moderate,87,Predicted
p09_daily_merged,2020-03-17,0.0574773357302491,0.010422251132453896,0.3492444859364355,0.1347339370917355,Moderate,Moderate,87,Predicted
p09_daily_merged,2020-03-18,0.1028863867355619,0.011496486512116275,0.3475395917311907,0.2629625585050822,Moderate,Moderate,88,Predicted
p09_daily_merged,2020-03-19,0.1028863867355619,0.011496486512116275,0.3475395917311907,0.2629625585050822,Moderate,Moderate,88,Predicted
p09_daily_merged,2020-03-20,0.0502140790795366,0.0079717587735842,0.34742630222669435,0.12158642001257995,Moderate,Moderate,89,Predicted
p09_daily_merged,2020-03-21,-0.0407330846159136,0.006807839971346755,0.34580210805636785,-0.13748014682290743,Moderate,Moderate,90,Predicted
p09_daily_merged,2020-03-22,0.1950264427442866,0.0034028887840170663,0.3456624156664033,0.5543661829442408,Moderate,Moderate,91,Predicted
p09_daily_merged,2020-03-23,0.1950264427442866,0.0034028887840170663,0.3456624156664033,0.5543661829442408,Moderate,Moderate,91,Predicted
p09_daily_merged,2020-03-24,0.1950264427442866,0.0034028887840170663,0.3456624156664033,0.5543661829442408,Moderate,Moderate,91,Predicted
p09_daily_merged,2020-03-25,0.4098476070855711,0.004115504047887775,0.3439673975748119,1.1795655806287217,High,Low,92,Predicted
p09_daily_merged,2020-03-26,-0.0562364227951532,0.0025943768930459248,0.3425636682499298,-0.17173683358994443,Moderate,Moderate,93,Predicted
p09_daily_merged,2020-03-27,0.0144746650023781,0.004990960270615433,0.34169646316175023,0.02775476410849862,Moderate,Moderate,94,Predicted
p09_daily_merged,2020-03-28,-0.1423466342354213,0.004990960270615433,0.34169646316175023,-0.43119437977995967,Moderate,Moderate,94,Predicted
p09_daily_merged,2020-03-29,-0.0238626557453951,0.004990960270615433,0.34169646316175023,-0.08444224370666657,Moderate,Moderate,94,Predicted
p09_daily_merged,2020-03-30,-0.0238626557453951,0.004990960270615433,0.34169646316175023,-0.08444224370666657,Moderate,Moderate,94,Predicted
p10_daily_merged,2019-12-04,0.2648544152126229,0.12016850634153942,0.37918827713206354,0.3815674629115507,Moderate,Moderate,10,Predicted
p10_daily_merged,2019-12-05,0.2370196814848748,0.1281577301626479,0.36942493208585336,0.2946794920082104,Moderate,Moderate,11,Predicted
p10_daily_merged,2019-12-06,0.1571174696166682,0.161378917253201,0.3871203254312631,-0.011008069989054245,Moderate,Moderate,12,Predicted
p10_daily_merged,2019-12-07,0.0312762611351578,0.12902985765734062,0.40361355045298414,-0.24219602243896882,Moderate,Moderate,13,Predicted
p10_daily_merged,2019-12-08,-0.2558751316686443,0.11812578189545218,0.39655463613030856,-0.9431258129111851,Moderate,Moderate,14,Predicted
p10_daily_merged,2019-12-09,0.000768854731979,0.1347917241329365,0.39481362487316235,-0.33945857224155734,Moderate,Moderate,15,Predicted
p10_daily_merged,2019-12-10,0.1921938267006609,0.13755597141808634,0.3859639728830246,0.14156206050644485,Moderate,Moderate,16,Predicted
p10_daily_merged,2019-12-11,0.2066015534424392,0.13122524937305552,0.3787521400697051,0.1990122195890735,Moderate,Moderate,17,Predicted
p10_daily_merged,2019-12-12,0.2047737764872552,0.10770133234849764,0.38898629079724356,0.24955235296288603,Moderate,Moderate,18,Predicted
p10_daily_merged,2019-12-13,-0.0822521195664261,0.11149822796340006,0.3816185895303607,-0.5077067858991493,Moderate,Moderate,19,Predicted
p10_daily_merged,2019-12-14,0.0486828022610439,0.09118705566878013,0.3888060812037145,-0.1093199295549757,Moderate,Moderate,20,Predicted
p10_daily_merged,2019-12-15,0.1226260431567842,0.0583031147206715,0.41934374165445265,0.15338950375731622,Moderate,Moderate,21,Predicted
p10_daily_merged,2019-12-16,-0.2030347908976926,0.03982538428135769,0.4236392512236355,-0.5732711840972604,Moderate,Moderate,22,Predicted
p10_daily_merged,2019-12-17,-0.1269740539165481,0.022579502537998144,0.4268538393653476,-0.350362448834722,Moderate,Moderate,23,Predicted
p10_daily_merged,2019-12-18,0.3226597740203808,0.014781311246938973,0.4219192958983315,0.7297093680390249,Moderate,Moderate,24,Predicted
p10_daily_merged,2019-12-19,0.1746264257558051,0.019248200509950016,0.415826818885242,0.37366090446594225,Moderate,Moderate,25,Predicted
p10_daily_merged,2019-12-20,0.062421787791604,0.01822912298956808,0.4093198214144009,0.10796610007628893,Moderate,Moderate,26,Predicted
p10_daily_merged,2019-12-21,-0.1524062653128159,0.008349009670792006,0.4071665874419182,-0.39481450576182026,Moderate,Moderate,27,Predicted
p10_daily_merged,2019-12-22,-0.0410087452188645,-0.0023579214775588204,0.4061046103078789,-0.09517455049821633,Moderate,Moderate,28,Predicted
p10_daily_merged,2019-12-23,-0.102805278495101,-0.007251223199202893,0.4013364245917766,-0.23808966602792628,Moderate,Moderate,29,Predicted
p10_daily_merged,2019-12-24,-0.0113411831759451,-0.0156415882437871,0.3990005860521412,0.010777941732847542,Moderate,Moderate,30,Predicted
p10_daily_merged,2019-12-25,0.0374792546609458,-0.0156415882437871,0.3990005860521412,0.13313474907475722,Moderate,Moderate,30,Predicted
p10_daily_merged,2019-12-26,-0.1298163516272015,-0.020453284229642675,0.39468787312810283,-0.27708747808946016,Moderate,Moderate,31,Predicted
p10_daily_merged,2019-12-27,-0.0073403237765321,-0.01851869015225308,0.3896473354803055,0.02868841990653362,Moderate,Moderate,32,Predicted
p10_daily_merged,2019-12-28,0.0570342753551309,-0.025998091144667213,0.38751742375856635,0.21426744040167206,Moderate,Moderate,33,Predicted
p10_daily_merged,2019-12-29,0.0583813278897798,-0.02971805924983985,0.38338345627375203,0.22979444130399032,Moderate,Moderate,34,Predicted
p10_daily_merged,2019-12-30,-0.144327504246807,-0.03210138957208359,0.3789940599120719,-0.29611576155246416,Moderate,Moderate,35,Predicted
p10_daily_merged,2019-12-31,0.001504893815856,-0.029495465065975366,0.3748447506256041,0.08270186211783077,Moderate,Moderate,36,Predicted
p10_daily_merged,2020-01-01,-0.1273612062988411,-0.022172746915734856,0.3736312652342055,-0.2815301318993483,Moderate,Moderate,37,Predicted
p10_daily_merged,2020-01-02,-0.0960304554034414,-0.022172746915734856,0.3736312652342055,-0.1976753964671824,Moderate,Moderate,37,Predicted
p10_daily_merged,2020-01-03,0.0388520788780889,-0.01371759127372483,0.3736905435293865,0.14067701487789916,Moderate,Moderate,38,Predicted
p10_daily_merged,2020-01-04,0.1420799078641711,-0.012848376542438707,0.3695621234235724,0.41922122043075083,Moderate,Moderate,39,Predicted
p10_daily_merged,2020-01-05,0.1408412999627643,-0.003279893911979477,0.37136268183410015,0.3880874436896904,Moderate,Moderate,40,Predicted
p10_daily_merged,2020-01-06,0.1071847430410139,-0.0006116338569503466,0.3678555726981188,0.2930399452896898,Moderate,Moderate,41,Predicted
p10_daily_merged,2020-01-07,0.0826632776652793,-0.0008926486284953152,0.3640088908871756,0.22954364133834507,Moderate,Moderate,42,Predicted
p10_daily_merged,2020-01-08,-0.0400931025614173,0.0012075682830922333,0.3605813169091037,-0.11453913141850529,Moderate,Moderate,43,Predicted
p10_daily_merged,2020-01-09,-0.0400931025614173,0.0012075682830922333,0.3605813169091037,-0.11453913141850529,Moderate,Moderate,43,Predicted
p10_daily_merged,2020-01-10,-0.2476219466097884,0.009294054328283936,0.3669915774628977,-0.7000596654402679,Moderate,Moderate,45,Predicted
p10_daily_merged,2020-01-11,-0.008008924064494,0.007928502202555518,0.36358162022577223,-0.04383452127517585,Moderate,Moderate,46,Predicted
p10_daily_merged,2020-01-12,-0.1183030820321046,0.007928502202555518,0.36358162022577223,-0.3471891240164299,Moderate,Moderate,46,Predicted
p10_daily_merged,2020-01-13,-0.0368724649811985,0.007132423468412065,0.360182780778596,-0.12217377064635504,Moderate,Moderate,47,Predicted
p10_daily_merged,2020-01-14,0.1220700803068986,0.009271771927703105,0.3571847176522777,0.31579824893013925,Moderate,Moderate,48,Predicted
p10_daily_merged,2020-01-15,0.0203441906205183,0.013450778560118323,0.355301644786261,0.01940157655207831,Moderate,Moderate,49,Predicted
p10_daily_merged,2020-01-16,0.0203441906205183,0.013450778560118323,0.355301644786261,0.01940157655207831,Moderate,Moderate,49,Predicted
p10_daily_merged,2020-01-17,0.2250100785126363,0.016694965106280865,0.3529658579115091,0.5901848825802903,Moderate,Moderate,50,Predicted
p10_daily_merged,2020-01-18,-0.0255099277163541,0.012972721307288392,0.35100255361264765,-0.10963637907349928,Moderate,Moderate,51,Predicted
p10_daily_merged,2020-01-19,-0.0255099277163541,0.012972721307288392,0.35100255361264765,-0.10963637907349928,Moderate,Moderate,51,Predicted
p10_daily_merged,2020-01-20,-0.0470453710448462,0.020072879928125537,0.3522114839930359,-0.1905623581947113,Moderate,Moderate,52,Predicted
p10_daily_merged,2020-01-21,0.0891067237164972,0.021818275074813764,0.34947549511371157,0.19254124990877905,Moderate,Moderate,53,Predicted
p10_daily_merged,2020-01-22,0.043039352395519,0.021818275074813764,0.34947549511371157,0.06072264756016833,Moderate,Moderate,53,Predicted
p10_daily_merged,2020-01-23,-0.0651399268655783,0.018943232794001622,0.3472776808434352,-0.24212082808018845,Moderate,Moderate,54,Predicted
p10_daily_merged,2020-01-24,0.0078871289297079,0.016884211627713246,0.3448007574711404,-0.026093569990948747,Moderate,Moderate,55,Predicted
p10_daily_merged,2020-01-25,0.1995365154939908,0.0185971065023435,0.3422789265818887,0.5286314608923444,Moderate,Moderate,56,Predicted
p10_daily_merged,2020-01-26,-0.0540531413059004,0.01475628242997229,0.34093897703889037,-0.2018232832558294,Moderate,Moderate,57,Predicted
p10_daily_merged,2020-01-27,0.1173246683045872,0.018272280290172027,0.33945057271863655,0.2918020942522245,Moderate,Moderate,58,Predicted
p10_daily_merged,2020-01-28,0.0497889873434155,0.018272280290172027,0.33945057271863655,0.09284623325519326,Moderate,Moderate,58,Predicted
p10_daily_merged,2020-01-29,0.1329461027066605,0.015233474490656667,0.33773279301302483,0.3485377512969674,Moderate,Moderate,59,Predicted
p10_daily_merged,2020-01-30,0.0444465002389817,0.015089510611496115,0.33516651706281475,0.08758926722380114,Moderate,Moderate,60,Predicted
p10_daily_merged,2020-01-31,0.0223469051731057,0.013995428259647261,0.332778192910291,0.025096226529812898,Moderate,Moderate,61,Predicted
p10_daily_merged,2020-02-01,-0.0782292441577605,0.013995428259647261,0.332778192910291,-0.2771355647161331,Moderate,Moderate,61,Predicted
p10_daily_merged,2020-02-02,-0.0348786869725826,0.012933058439736056,0.33044008869141966,-0.14469111663072906,Moderate,Moderate,62,Predicted
p10_daily_merged,2020-02-03,0.0109226111110854,0.015001468571501147,0.3284930157964063,-0.0124168772676243,Moderate,Moderate,63,Predicted
p10_daily_merged,2020-02-04,0.1097474129971718,0.01821688652602867,0.3272616479253492,0.279686077031617,Moderate,Moderate,64,Predicted
p10_daily_merged,2020-02-05,0.0839057862409013,0.021464658789785443,0.32611530269641653,0.19146948007295084,Moderate,Moderate,65,Predicted
p10_daily_merged,2020-02-06,-0.0056539169681793,0.024786711890219783,0.32508417597470296,-0.09363922057149862,Moderate,Moderate,66,Predicted
p10_daily_merged,2020-02-07,-0.1539018822330589,0.020495847534314108,0.32495308323495536,-0.5366858748691292,Moderate,Moderate,67,Predicted
p10_daily_merged,2020-02-08,-0.2049579557830928,0.015720383139211622,0.32538889506278507,-0.6781987408627564,Moderate,Moderate,68,Predicted
p10_daily_merged,2020-02-09,-0.0738119865860829,0.01262979352573731,0.32433340841258085,-0.2665213569422321,Moderate,Moderate,69,Predicted
p10_daily_merged,2020-02-10,0.0415402025558625,0.009888029509736837,0.32308958855147935,0.09796717123579604,Moderate,Moderate,70,Predicted
p10_daily_merged,2020-02-11,0.0953013285828188,0.00983289957482867,0.32098511725829765,0.2662691334041305,Moderate,Moderate,71,Predicted
p10_daily_merged,2020-02-12,0.110176708906769,0.009526389989544082,0.3189325186231426,0.31558500008635204,Moderate,Moderate,72,Predicted
p10_daily_merged,2020-02-13,-0.0168190365788488,0.004827390358156195,0.31968238961921847,-0.06771229082336562,Moderate,Moderate,73,Predicted
p10_daily_merged,2020-02-14,0.2085570250704429,0.006970264050547223,0.318262964190511,0.6333968563782578,Moderate,Moderate,74,Predicted
p10_daily_merged,2020-02-15,-0.0491307140713132,0.008154994939575697,0.3164741671578051,-0.1810122751103544,Moderate,Moderate,75,Predicted
p10_daily_merged,2020-02-16,-0.1735105360179654,0.007883472619066908,0.31454825417557913,-0.5766810218434058,Moderate,Moderate,76,Predicted
p10_daily_merged,2020-02-17,0.0851579399834614,0.007676804639995731,0.3126533807772701,0.2478179994434864,Moderate,Moderate,77,Predicted
p10_daily_merged,2020-02-18,0.0733731189256777,0.014061567344821854,0.31631228581632076,0.1875094779445192,Moderate,Moderate,78,Predicted
p10_daily_merged,2020-02-19,0.0872804324702771,0.014252268502163403,0.31445109343050964,0.23224013366088722,Moderate,Moderate,79,Predicted
p10_daily_merged,2020-02-20,0.1364618710954187,0.011009561069293657,0.31407729435003784,0.3994313256096411,Moderate,Moderate,80,Predicted
p10_daily_merged,2020-02-21,0.0502234624297962,0.0064939656847444035,0.3151270766024305,0.13876781778489206,Moderate,Moderate,81,Predicted
p10_daily_merged,2020-02-22,0.0567079028545731,0.007590867159644826,0.3135022995396041,0.1566720109136661,Moderate,Moderate,82,Predicted
p10_daily_merged,2020-02-23,0.0657860760009426,0.007590867159644826,0.3135022995396041,0.18562928861051653,Moderate,Moderate,82,Predicted
p10_daily_merged,2020-02-24,-0.0678597365940779,0.007069426001596858,0.31177532255124085,-0.240330639328775,Moderate,Moderate,83,Predicted
p10_daily_merged,2020-02-25,-0.0932974820057375,0.006332210014291295,0.31011814895161016,-0.3212636614685027,Moderate,Moderate,84,Predicted
p10_daily_merged,2020-02-26,-0.0706519342602101,0.008419570902085772,0.3090586807915849,-0.2558462521090553,Moderate,Moderate,85,Predicted
p10_daily_merged,2020-02-27,-0.1364156597205534,0.003416428459688165,0.311138169286002,-0.4494211960593822,Moderate,Moderate,86,Predicted
p10_daily_merged,2020-02-28,-0.0163362066520719,0.004009779915428823,0.30951432846966337,-0.06573520091330734,Moderate,Moderate,87,Predicted
p10_daily_merged,2020-02-29,-0.1250786877905097,-0.0006239470780215274,0.31115874632462687,-0.399971854182259,Moderate,Moderate,88,Predicted
p11_daily_merged,2019-12-03,0.2964987878692926,0.08478845247703752,0.3202004865932142,0.6611805548603489,Moderate,Moderate,10,Predicted
p11_daily_merged,2019-12-04,0.3362477217879795,0.10418655067217125,0.3213571594851731,0.7221285235641846,Moderate,Moderate,11,Predicted
p11_daily_merged,2019-12-05,0.3625199427093241,0.12154274379413303,0.32133578937195373,0.7499233103980655,Moderate,Moderate,12,Predicted
p11_daily_merged,2019-12-06,0.0809176686232709,0.10624230916786051,0.32016276004470456,-0.07909926982467763,Moderate,Moderate,13,Predicted
p11_daily_merged,2019-12-07,-0.0747986365369386,0.056394199696453186,0.3867305232960187,-0.33923579425607336,Moderate,Moderate,14,Predicted
p11_daily_merged,2019-12-08,0.3011521770633756,0.06742889921041627,0.3809427650492148,0.6135390911618025,Moderate,Moderate,15,Predicted
p11_daily_merged,2019-12-09,0.3760509093497489,0.07164333654986935,0.37273269151002625,0.8166913708766841,Moderate,Moderate,16,Predicted
p11_daily_merged,2019-12-10,0.4212991706447498,0.09533103396575482,0.3825647756428411,0.8520599841719767,Moderate,Moderate,17,Predicted
p11_daily_merged,2019-12-11,0.5307116150211204,0.12170924193760513,0.39705527991624534,1.0300892439203682,High,Low,18,Predicted
p11_daily_merged,2019-12-12,0.2147617698844257,0.1429239517348409,0.403792572001142,0.17790772572552824,Moderate,Moderate,19,Predicted
p11_daily_merged,2019-12-13,-0.3109882517445963,0.11251244242959937,0.426319791427607,-0.9933873648136975,Moderate,Moderate,20,Predicted
p11_daily_merged,2019-12-14,-0.0759657262042978,0.10855019211266534,0.41887554263505034,-0.4405029645708499,Moderate,Moderate,21,Predicted
p11_daily_merged,2019-12-15,0.0184952036688386,0.08519682792140731,0.43012372375154345,-0.15507543659948927,Moderate,Moderate,22,Predicted
p11_daily_merged,2019-12-16,0.2780969369685573,0.0935090037559266,0.4250878192809301,0.43423482123029516,Moderate,Moderate,23,Predicted
p11_daily_merged,2019-12-17,0.2433623631040447,0.08889034822362209,0.41873335625951535,0.36890305625589237,Moderate,Moderate,24,Predicted
p11_daily_merged,2019-12-18,0.3000209159949831,0.08456035866208658,0.41265183045278003,0.5221364390810616,Moderate,Moderate,25,Predicted
p11_daily_merged,2019-12-19,0.1721952048990531,0.08049279271034113,0.40682456086837765,0.22541021612109843,Moderate,Moderate,26,Predicted
p11_daily_merged,2019-12-20,0.0189938189444536,0.07269988855029234,0.4031819456565362,-0.13320554202491502,Moderate,Moderate,27,Predicted
p11_daily_merged,2019-12-21,0.3625182651156462,0.0653522931993892,0.39958000746247535,0.7436957965024413,Moderate,Moderate,28,Predicted
p11_daily_merged,2019-12-22,0.1351386005449515,0.05841289759020291,0.39602517116092517,0.1937394603727626,Moderate,Moderate,29,Predicted
p11_daily_merged,2019-12-23,0.344275669936984,0.0568765877514257,0.39059788988545097,0.7357927158025422,Moderate,Moderate,30,Predicted
p11_daily_merged,2019-12-24,0.3485438211102072,0.04041411519391931,0.3984241220714957,0.7733711109514478,Moderate,Moderate,31,Predicted
p11_daily_merged,2019-12-25,0.1949061059187698,0.04041411519391931,0.3984241220714957,0.3877576235133863,Moderate,Moderate,31,Predicted
p11_daily_merged,2019-12-26,0.3881959843132094,0.058731348990537086,0.40945046936367274,0.8046507696881959,Moderate,Moderate,32,Predicted
p11_daily_merged,2019-12-27,-0.0186897967468858,0.052651416547490726,0.40599211825239956,-0.1757206854198699,Moderate,Moderate,33,Predicted
p11_daily_merged,2019-12-28,0.0234103733893307,0.052651416547490726,0.40599211825239956,-0.07202367199646295,Moderate,Moderate,33,Predicted
p11_daily_merged,2019-12-29,-0.2227884048169409,0.04686806617483687,0.40259184403542203,-0.6698011273374233,Moderate,Moderate,34,Predicted
p11_daily_merged,2019-12-30,-0.1310010070035219,0.04686806617483687,0.40259184403542203,-0.4418099268864199,Moderate,Moderate,34,Predicted
p11_daily_merged,2019-12-31,0.0336946680392531,0.04686806617483687,0.40259184403542203,-0.03272147295270271,Moderate,Moderate,34,Predicted
p11_daily_merged,2020-01-01,0.0336946680392531,0.04686806617483687,0.40259184403542203,-0.03272147295270271,Moderate,Moderate,34,Predicted
p11_daily_merged,2020-01-02,0.1063814763628721,0.04686806617483687,0.40259184403542203,0.14782567274959238,Moderate,Moderate,34,Predicted
p11_daily_merged,2020-01-03,0.0478884270757762,0.041360113438976054,0.3992507911926416,0.016351410644168732,Moderate,Moderate,35,Predicted
p11_daily_merged,2020-01-04,0.0478884270757762,0.041360113438976054,0.3992507911926416,0.016351410644168732,Moderate,Moderate,35,Predicted
p11_daily_merged,2020-01-06,0.2971998904038038,0.03924314992305769,0.3947133564024068,0.6535292923246344,Moderate,Moderate,35,Predicted
p11_daily_merged,2020-01-07,-0.066735498192815,0.04028597181663116,0.3901579919628353,-0.27430290347516595,Moderate,Moderate,36,Predicted
p11_daily_merged,2020-01-08,-0.0156543842608256,0.03828696538191684,0.38593193749598537,-0.13976907428995447,Moderate,Moderate,37,Predicted
p11_daily_merged,2020-01-09,-0.171592843712807,0.03637487227045096,0.38184000092628506,-0.5446462274218529,Moderate,Moderate,38,Predicted
p11_daily_merged,2020-01-10,-0.1100755645334887,0.037412158248532654,0.37773370577781396,-0.39045422880206204,Moderate,Moderate,39,Predicted
p11_daily_merged,2020-01-11,-0.1371388184936755,0.043602782096625416,0.3761469031781901,-0.48050801179846253,Moderate,Moderate,40,Predicted
p11_daily_merged,2020-01-12,-0.1236554145551401,0.038948318202177604,0.3736313626792871,-0.4351982970361388,Moderate,Moderate,41,Predicted
p11_daily_merged,2020-01-13,0.3192390234613995,0.04216466127755769,0.37049784163989796,0.7478433908209963,Moderate,Moderate,42,Predicted
p11_daily_merged,2020-01-14,0.1829186259423972,0.04036399502220335,0.3669995095279396,0.38843275595533505,Moderate,Moderate,43,Predicted
p11_daily_merged,2020-01-15,0.1520891314425478,0.03604034225771257,0.3647187586020643,0.31818705906337325,Moderate,Moderate,44,Predicted
p11_daily_merged,2020-01-16,-0.0371737187486441,0.03187984620131577,0.36246257168842866,-0.19051226345466102,Moderate,Moderate,45,Predicted
p11_daily_merged,2020-01-17,0.0773785512467842,0.03286591040574123,0.3590999443794003,0.12395613404499436,Moderate,Moderate,46,Predicted
p11_daily_merged,2020-01-18,-0.0812243281344641,0.03381611773000576,0.35582919351957615,-0.3233024382473577,Moderate,Moderate,47,Predicted
p11_daily_merged,2020-01-19,-0.0763803261039788,0.029918223686053562,0.35378407970899256,-0.3004616541181529,Moderate,Moderate,48,Predicted
p11_daily_merged,2020-01-20,-0.0501917422203281,0.03526285314694711,0.35292538447999283,-0.2421321874967585,Moderate,Moderate,49,Predicted
p11_daily_merged,2020-01-21,0.1628941267211513,0.03502949198597144,0.34982036364667957,0.36551512725635327,Moderate,Moderate,50,Predicted
p11_daily_merged,2020-01-22,0.0981720237824959,0.04239100456151074,0.35137117909919063,0.15875240355225154,Moderate,Moderate,51,Predicted
p11_daily_merged,2020-01-23,0.319978523058066,0.0386100553399636,0.3496095948952534,0.8048076249234615,Moderate,Moderate,52,Predicted
p11_daily_merged,2020-01-24,0.1967913206463633,0.03274329083083106,0.34969888309265745,0.46911224984400507,Moderate,Moderate,53,Predicted
p11_daily_merged,2020-01-25,0.0633418278590988,0.027065776789735055,0.3496899831865776,0.10373774718622294,Moderate,Moderate,54,Predicted
p11_daily_merged,2020-01-26,0.0540944402637287,0.026981048678951295,0.3468590906936137,0.07816831766051968,Moderate,Moderate,55,Predicted
p11_daily_merged,2020-01-27,-0.1440445757860457,0.025783386703569028,0.34422859843666764,-0.49335808605356263,Moderate,Moderate,56,Predicted
p11_daily_merged,2020-01-28,0.1408142158043328,0.0354697056193534,0.35034337449272146,0.30068931755170947,Moderate,Moderate,57,Predicted
p11_daily_merged,2020-01-29,0.1146628189216693,0.03009497402334621,0.350369456139319,0.24136762898845834,Moderate,Moderate,58,Predicted
p11_daily_merged,2020-01-30,0.1043328613342841,0.02689257219118705,0.3486916760392868,0.22208814968778298,Moderate,Moderate,59,Predicted
p11_daily_merged,2020-01-31,0.2822009451812948,0.025766662045059098,0.34620423458876115,0.7407023297702908,Moderate,Moderate,60,Predicted
p11_daily_merged,2020-02-01,0.2096899976934694,0.021800980621779265,0.3452244212771551,0.5442518127095302,Moderate,Moderate,61,Predicted
p11_daily_merged,2020-02-02,0.0409222380186242,0.01885431020244931,0.343599267698084,0.06422577080567493,Moderate,Moderate,62,Predicted
p11_daily_merged,2020-02-03,-0.1154437424013722,0.01885431020244931,0.343599267698084,-0.39085663221444167,Moderate,Moderate,62,Predicted
p11_daily_merged,2020-02-04,0.0151248668741673,0.010578934432924434,0.3481897323901338,0.013055906071777314,Moderate,Moderate,63,Predicted
p11_daily_merged,2020-02-05,-0.1294471010042278,0.015078700662425289,0.34783097576670624,-0.41550583972023236,Moderate,Moderate,64,Predicted
p11_daily_merged,2020-02-06,-0.1083446512753682,0.017608656433778118,0.3460827510436075,-0.3639398592658431,Moderate,Moderate,65,Predicted
p11_daily_merged,2020-02-07,0.0055399838802115,0.014877918526141693,0.34450595585645855,-0.02710529233875111,Moderate,Moderate,66,Predicted
p11_daily_merged,2020-02-08,0.1003824940020904,0.012220000296042236,0.342943655288912,0.25707573925453114,Moderate,Moderate,67,Predicted
p11_daily_merged,2020-02-09,0.1046049340469068,0.014952946926700815,0.34148185381845103,0.2625380708161128,Moderate,Moderate,68,Predicted
p11_daily_merged,2020-02-10,-0.0859282215128245,0.0038718614938160647,0.35288862443681374,-0.25447145866477106,Moderate,Moderate,69,Predicted
p11_daily_merged,2020-02-11,-0.0215535656982484,0.0049135980546682985,0.35071035107777804,-0.07546730135446444,Moderate,Moderate,70,Predicted
p11_daily_merged,2020-02-12,0.1180395764842627,0.002516388601681137,0.34910576987148173,0.33091171172882583,Moderate,Moderate,71,Predicted
p11_daily_merged,2020-02-13,0.1176963297226275,0.00755942532557084,0.3498095147848724,0.31484822379628297,Moderate,Moderate,72,Predicted
p11_daily_merged,2020-02-14,0.1461617958282641,0.008517053571431574,0.3477231573055516,0.39584577375696967,Moderate,Moderate,73,Predicted
p11_daily_merged,2020-02-15,0.0617679868858082,0.006163602323837073,0.3462265688147774,0.16060114841076245,Moderate,Moderate,74,Predicted
p11_daily_merged,2020-02-16,-0.1289804805758391,0.0038668607448593077,0.3447445429648749,-0.38535009192077013,Moderate,Moderate,75,Predicted
p11_daily_merged,2020-02-17,-0.0656486563306382,0.0038668607448593077,0.3447445429648749,-0.20164356041041168,Moderate,Moderate,75,Predicted
p11_daily_merged,2020-02-18,-0.1108238548417893,0.0018647853017490158,0.3431524214731937,-0.3283923792807661,Moderate,Moderate,76,Predicted
p11_daily_merged,2020-02-19,-0.0656901019292991,0.0012585017364871037,0.3411495277109022,-0.1962441634171628,Moderate,Moderate,77,Predicted
p11_daily_merged,2020-02-20,-0.0489598181564291,-0.0009010848968594614,0.33972765052370074,-0.1414625308993413,Moderate,Moderate,78,Predicted
p11_daily_merged,2020-02-21,0.006032652643742,0.00687424468223623,0.3454453550677098,-0.002436252293301995,Moderate,Moderate,79,Predicted
p11_daily_merged,2020-02-22,0.0439344554752419,0.0062317042001027115,0.3435071862585438,0.10975826062271044,Moderate,Moderate,80,Predicted
p11_daily_merged,2020-02-23,-0.0544549254087282,0.004891249937456103,0.34178388881751864,-0.1736365501355441,Moderate,Moderate,81,Predicted
p11_daily_merged,2020-02-24,-0.0901803277451417,0.005782761751932038,0.3399635512537731,-0.28227464133482955,Moderate,Moderate,82,Predicted
p11_daily_merged,2020-02-25,0.086874564480193,0.006654679900155756,0.33817189278058507,0.2372162982571885,Moderate,Moderate,83,Predicted
p11_daily_merged,2020-02-26,0.1849014849773594,0.001646920219687483,0.3397214560466802,0.5394259370314585,Moderate,Moderate,84,Predicted
p11_daily_merged,2020-02-27,0.1850573315833761,0.003777227227768069,0.3384941022505003,0.5355487825352209,Moderate,Moderate,85,Predicted
p11_daily_merged,2020-02-28,0.296537938028146,0.014718064347209845,0.35298472087747274,0.7983911399348099,Moderate,Moderate,86,Predicted
p11_daily_merged,2020-02-29,0.1615152388632503,0.01599856961241027,0.3513238835769662,0.41419520861854814,Moderate,Moderate,87,Predicted
p11_daily_merged,2020-03-01,0.1253074745528063,0.01599856961241027,0.3513238835769662,0.3111342839190983,Moderate,Moderate,87,Predicted
p11_daily_merged,2020-03-02,0.1010188014756537,0.01599856961241027,0.3513238835769662,0.2419995788433713,Moderate,Moderate,87,Predicted
p11_daily_merged,2020-03-03,0.036097147951635,0.015314529119098565,0.34953418087606325,0.05945804436192029,Moderate,Moderate,88,Predicted
p11_daily_merged,2020-03-04,0.085480521195715,0.021385053199608824,0.3528116618606815,0.1816704914403205,Moderate,Moderate,89,Predicted
p11_daily_merged,2020-03-05,0.1449072147623036,0.023933804651929694,0.35189406279854485,0.34377792324285317,Moderate,Moderate,90,Predicted
p11_daily_merged,2020-03-06,-0.0267681379375485,0.021188358583109704,0.35115819190724196,-0.13656664610383307,Moderate,Moderate,91,Predicted
p11_daily_merged,2020-03-07,0.1289805436584919,0.020992169332833068,0.34938567263569,0.309080717337428,Moderate,Moderate,92,Predicted
p11_daily_merged,2020-03-08,-9.175092758634298e-05,0.014326353308560847,0.35403020802027113,-0.04072563275538802,Moderate,Moderate,93,Predicted
p11_daily_merged,2020-03-09,-0.0947936317328481,0.007339376592186788,0.3592712679886167,-0.28427825274430496,Moderate,Moderate,94,Predicted
p11_daily_merged,2020-03-10,-0.168209343604054,0.0028597786572827875,0.36038489800484397,-0.4746844920761287,Moderate,Moderate,95,Predicted
p11_daily_merged,2020-03-11,-0.1936056396376272,0.006811086052256345,0.36088788373784114,-0.5553434590657295,Moderate,Moderate,96,Predicted
p11_daily_merged,2020-03-12,-0.0534579545103063,0.004989400006698499,0.3596334286744493,-0.16251924837029835,Moderate,Moderate,97,Predicted
p11_daily_merged,2020-03-13,-0.0230453395478785,0.0006587527358529911,0.36068325061083545,-0.06571996965089841,Moderate,Moderate,98,Predicted
p12_daily_merged,2019-12-05,0.6518074833984049,0.31293923338756024,0.47053413150367224,0.7201778305176996,Moderate,Moderate,10,Predicted
p12_daily_merged,2019-12-06,0.4223068327164587,0.31337977181935067,0.4555963346131238,0.2390867806028444,Moderate,Moderate,11,Predicted
p12_daily_merged,2019-12-07,0.3149929988684787,0.3392060383424005,0.45537244684127803,-0.053171946704015975,Moderate,Moderate,12,Predicted
p12_daily_merged,2019-12-08,0.3647649937690387,0.34879252513698406,0.4445109147614479,0.035932680394645575,Moderate,Moderate,13,Predicted
p12_daily_merged,2019-12-09,0.402644636345129,0.34879252513698406,0.4445109147614479,0.12114913137070056,Moderate,Moderate,13,Predicted
p12_daily_merged,2019-12-10,0.3664461552172515,0.34879252513698406,0.4445109147614479,0.039714728016839514,Moderate,Moderate,13,Predicted
p12_daily_merged,2019-12-11,0.261939386524438,0.3372990836986698,0.4356976773353847,-0.17296327498258054,Moderate,Moderate,14,Predicted
p12_daily_merged,2019-12-12,0.1651309354678295,0.32557748708395434,0.42804924378491416,-0.37483199408885276,Moderate,Moderate,15,Predicted
p12_daily_merged,2019-12-13,-0.0100385530210234,0.304563167110096,0.4292043059744929,-0.7329882663148674,Moderate,Moderate,16,Predicted
p12_daily_merged,2019-12-14,-0.027339999767719,0.304563167110096,0.4292043059744929,-0.7732987816239189,Moderate,Moderate,16,Predicted
p12_daily_merged,2019-12-15,0.3156469080206309,0.28205444606142505,0.43300767253179717,0.07757936888921764,Moderate,Moderate,17,Predicted
p12_daily_merged,2019-12-16,0.2089076857025381,0.28481078282174277,0.4237050829825384,-0.17914134186191194,Moderate,Moderate,18,Predicted
p12_daily_merged,2019-12-17,-0.1773076877264306,0.25158075103848004,0.44682392814594324,-0.9598600516864566,Moderate,Moderate,19,Predicted
p12_daily_merged,2019-12-18,0.138692672367255,0.24354010029478051,0.4397118505648401,-0.2384457634990774,Moderate,Moderate,20,Predicted
p12_daily_merged,2019-12-19,-0.2115925889890894,0.23328980807909264,0.43445017721407253,-1.0240124654131952,Low,High,21,Predicted
p12_daily_merged,2019-12-20,-0.2043577224457285,0.22024870920086512,0.4318776397802501,-0.9831637309647329,Moderate,Moderate,22,Predicted
p12_daily_merged,2019-12-21,-0.2043577224457285,0.22024870920086512,0.4318776397802501,-0.9831637309647329,Moderate,Moderate,22,Predicted
p12_daily_merged,2019-12-22,0.3177709044652499,0.20436919111969507,0.4326309533277737,0.262121127656898,Moderate,Moderate,23,Predicted
p12_daily_merged,2019-12-23,0.2961053138393372,0.20436919111969507,0.4326309533277737,0.21204243943715279,Moderate,Moderate,23,Predicted
p12_daily_merged,2019-12-24,0.2979736769058485,0.16594995437890628,0.4743380147103855,0.2783325781037207,Moderate,Moderate,24,Predicted
p12_daily_merged,2019-12-25,0.2346092217964122,0.13579200336472386,0.4956725021792772,0.1993598958934132,Moderate,Moderate,25,Predicted
p12_daily_merged,2019-12-26,-0.047145819299109,0.13579200336472386,0.4956725021792772,-0.3690699440851109,Moderate,Moderate,25,Predicted
p12_daily_merged,2019-12-27,-0.1721554798987556,0.12404046216104293,0.4921228149032248,-0.6018740304044734,Moderate,Moderate,26,Predicted
p12_daily_merged,2019-12-28,-0.1721554798987556,0.12404046216104293,0.4921228149032248,-0.6018740304044734,Moderate,Moderate,26,Predicted
p12_daily_merged,2019-12-29,0.0636314178382213,0.1167745003043452,0.4861674573383523,-0.10931024210684373,Moderate,Moderate,27,Predicted
p12_daily_merged,2019-12-30,0.0636314178382213,0.1167745003043452,0.4861674573383523,-0.10931024210684373,Moderate,Moderate,27,Predicted
p12_daily_merged,2019-12-31,0.0636314178382213,0.1167745003043452,0.4861674573383523,-0.10931024210684373,Moderate,Moderate,27,Predicted
p12_daily_merged,2020-01-01,0.0636314178382213,0.1167745003043452,0.4861674573383523,-0.10931024210684373,Moderate,Moderate,27,Predicted
p12_daily_merged,2020-01-02,0.0636314178382213,0.1167745003043452,0.4861674573383523,-0.10931024210684373,Moderate,Moderate,27,Predicted
p12_daily_merged,2020-01-07,-0.0050567015593267,0.09434796715245221,0.4806994196224225,-0.20679173856681338,Moderate,Moderate,27,Predicted
p12_daily_merged,2020-01-08,0.0596803063500553,0.08020935397136644,0.4813172452772157,-0.04265180153577791,Moderate,Moderate,28,Predicted
p12_daily_merged,2020-01-09,-0.188663226760853,0.06950102179959573,0.4790342846234078,-0.5389264544257082,Moderate,Moderate,29,Predicted
p12_daily_merged,2020-01-10,-0.0755814845595577,0.07138696866499525,0.4726595056095104,-0.3109393791520857,Moderate,Moderate,30,Predicted
p12_daily_merged,2020-01-11,0.0281762981009138,0.06870479537797507,0.466699522750217,-0.08684066578476574,Moderate,Moderate,31,Predicted
p12_daily_merged,2020-01-12,0.0781239772206024,0.06615673075530586,0.4609591282933566,0.025961621607546354,Moderate,Moderate,32,Predicted
p12_daily_merged,2020-01-13,0.0755210003552085,0.06613889296746166,0.4551606837740938,0.02061273682505362,Moderate,Moderate,33,Predicted
p12_daily_merged,2020-01-14,-0.0513578545738325,0.06196988573585836,0.4503868080645557,-0.2516231343380003,Moderate,Moderate,34,Predicted
p12_daily_merged,2020-01-15,-0.0066712078379233,0.05088588589626549,0.4508894800897595,-0.12765233228047543,Moderate,Moderate,35,Predicted
p12_daily_merged,2020-01-16,-0.2854803768596383,0.04908527036000623,0.4457757766221685,-0.7505245120198991,Moderate,Moderate,36,Predicted
p12_daily_merged,2020-01-17,-0.1781497305709809,0.042547066419056846,0.44285825531746853,-0.4983463542569133,Moderate,Moderate,37,Predicted
p12_daily_merged,2020-01-18,-0.2210151726875752,0.04315043395958484,0.4379290834971588,-0.6032154899090503,Moderate,Moderate,38,Predicted
p12_daily_merged,2020-01-19,-0.0753997645464321,0.04152557814068319,0.4332860465943903,-0.2698571615821545,Moderate,Moderate,39,Predicted
p12_daily_merged,2020-01-20,0.0804896775337988,0.039968424647569126,0.4287875757392157,0.094501928644673,Moderate,Moderate,40,Predicted
p12_daily_merged,2020-01-21,-0.0921899118444456,0.039968424647569126,0.4287875757392157,-0.30821400611754685,Moderate,Moderate,40,Predicted
p12_daily_merged,2020-01-22,-0.1142844041009396,0.03270378462651364,0.42733402449258706,-0.3439655639449393,Moderate,Moderate,41,Predicted
p12_daily_merged,2020-01-23,-0.1164897893301083,0.03138535314340752,0.42305372911853445,-0.34954222666143436,Moderate,Moderate,42,Predicted
p12_daily_merged,2020-01-24,-0.1083473063507039,0.02818444503253133,0.4194252078930454,-0.32552109127892764,Moderate,Moderate,43,Predicted
p12_daily_merged,2020-01-25,-0.2153393377158989,0.019134354763680958,0.4203892923638001,-0.557753721939875,Moderate,Moderate,44,Predicted
p12_daily_merged,2020-01-26,-0.2177816388712317,0.019134354763680958,0.4203892923638001,-0.563563339833804,Moderate,Moderate,44,Predicted
p12_daily_merged,2020-01-27,-0.0284941317658364,0.019134354763680958,0.4203892923638001,-0.11329614572651914,Moderate,Moderate,44,Predicted
p12_daily_merged,2020-01-28,-0.1689094049528888,0.018146578456275802,0.41638956539069766,-0.4492331195515197,Moderate,Moderate,45,Predicted
p12_daily_merged,2020-01-29,-0.0291073551101258,0.019112419101221516,0.41250371890958487,-0.1168953684558573,Moderate,Moderate,46,Predicted
p12_daily_merged,2020-01-30,-0.2117728926527534,0.019112419101221516,0.41250371890958487,-0.55971692173903,Moderate,Moderate,46,Predicted
p12_daily_merged,2020-01-31,-0.1724702850145567,0.019112419101221516,0.41250371890958487,-0.4644387319033371,Moderate,Moderate,46,Predicted
p12_daily_merged,2020-02-01,-0.0915032155288276,0.011225973165442297,0.41283047519899624,-0.24884109789799666,Moderate,Moderate,47,Predicted
p12_daily_merged,2020-02-02,0.0300258943228163,0.010432334545902398,0.40910336643177286,0.047893909912818,Moderate,Moderate,48,Predicted
p12_daily_merged,2020-02-03,-0.1197994564030356,0.01358170442223353,0.4061308285241519,-0.32841919760183186,Moderate,Moderate,49,Predicted
p12_daily_merged,2020-02-04,0.02816004188495,0.020273482677471838,0.40576564686559063,0.019436241752842556,Moderate,Moderate,50,Predicted
p12_daily_merged,2020-02-05,-0.1532211384828436,0.020273482677471838,0.40576564686559063,-0.4275734589670311,Moderate,Moderate,50,Predicted
p12_daily_merged,2020-02-06,-0.324490399115524,0.0276688962414272,0.4062436172278237,-0.8668672698418257,Moderate,Moderate,51,Predicted
p12_daily_merged,2020-02-07,-0.0788833465921057,0.026654118145256873,0.4028628534195068,-0.2619687167520132,Moderate,Moderate,52,Predicted
p12_daily_merged,2020-02-08,-0.1966782773754102,0.02736965675407798,0.3995306443145866,-0.5607778459994046,Moderate,Moderate,53,Predicted
p12_daily_merged,2020-02-09,-0.152062449844867,0.02736965675407798,0.3995306443145866,-0.44910724409330127,Moderate,Moderate,53,Predicted
p12_daily_merged,2020-02-10,-0.0924239685658891,0.02806211347229195,0.3962797819354088,-0.30404297047337014,Moderate,Moderate,54,Predicted
p12_daily_merged,2020-02-11,-0.0155049223321027,0.030298352056316365,0.3934715339975025,-0.1164081018087316,Moderate,Moderate,55,Predicted
p12_daily_merged,2020-02-12,-0.0155049223321027,0.030298352056316365,0.3934715339975025,-0.1164081018087316,Moderate,Moderate,55,Predicted
p12_daily_merged,2020-02-13,-0.0310655344049561,0.030923408637988682,0.3903682808416578,-0.15879605512336412,Moderate,Moderate,56,Predicted
p12_daily_merged,2020-02-14,0.0168441981743045,0.03269448842070313,0.38756964365010693,-0.040896624661110145,Moderate,Moderate,57,Predicted
p12_daily_merged,2020-02-15,-0.1876542553866457,0.03333818655240453,0.3846123360018529,-0.5745849034285411,Moderate,Moderate,58,Predicted
p12_daily_merged,2020-02-16,-0.0053250468575846,0.038259843120685276,0.3838075784391077,-0.11355922192970654,Moderate,Moderate,59,Predicted
p12_daily_merged,2020-02-17,0.116689701186632,0.0420128774911004,0.3821876825812483,0.19539306759227187,Moderate,Moderate,60,Predicted
p12_daily_merged,2020-02-18,-0.0809216032156411,0.0420128774911004,0.3821876825812483,-0.32165997573877114,Moderate,Moderate,60,Predicted
p12_daily_merged,2020-02-19,-0.0809216032156411,0.0420128774911004,0.3821876825812483,-0.32165997573877114,Moderate,Moderate,60,Predicted
p12_daily_merged,2020-02-20,-0.2078576428630841,0.04235218914273218,0.37937754083331116,-0.659527265257255,Moderate,Moderate,61,Predicted
p12_daily_merged,2020-02-21,-0.2023869307137401,0.04235218914273218,0.37937754083331116,-0.6451070332705974,Moderate,Moderate,61,Predicted
p12_daily_merged,2020-02-22,-0.0916261733748194,0.039724098666827724,0.3772597188816944,-0.3481693524848262,Moderate,Moderate,62,Predicted
p12_daily_merged,2020-02-23,-0.1425797171025711,0.039724098666827724,0.3772597188816944,-0.4832315952251659,Moderate,Moderate,62,Predicted
p12_daily_merged,2020-02-24,-0.0443894909102449,0.0343913580358083,0.37724102296177886,-0.20883425754583185,Moderate,Moderate,63,Predicted
p12_daily_merged,2020-02-25,0.0630226999196808,0.03306653457545201,0.37474362357238644,0.07993775866994142,Moderate,Moderate,64,Predicted
p12_daily_merged,2020-02-26,0.0630226999196808,0.03306653457545201,0.37474362357238644,0.07993775866994142,Moderate,Moderate,64,Predicted
p12_daily_merged,2020-02-27,-0.0154070251933601,0.03306653457545201,0.37474362357238644,-0.12935125968714137,Moderate,Moderate,64,Predicted
p12_daily_merged,2020-02-28,-0.0542248845320594,0.033196086590888164,0.37213378413542686,-0.23491812581878707,Moderate,Moderate,65,Predicted
p12_daily_merged,2020-02-29,0.0487813562972328,0.03192322148682421,0.3697383021147821,0.04559477531536651,Moderate,Moderate,66,Predicted
p12_daily_merged,2020-03-01,0.0487813562972328,0.03192322148682421,0.3697383021147821,0.04559477531536651,Moderate,Moderate,66,Predicted
p12_daily_merged,2020-03-02,-0.2197030451600531,0.03192322148682421,0.3697383021147821,-0.680552339878388,Moderate,Moderate,66,Predicted
p12_daily_merged,2020-03-03,-0.0686029123491214,0.03206456295636377,0.36723361285415634,-0.27412380507081846,Moderate,Moderate,67,Predicted
p12_daily_merged,2020-03-04,-0.0686029123491214,0.03206456295636377,0.36723361285415634,-0.27412380507081846,Moderate,Moderate,67,Predicted
p12_daily_merged,2020-03-05,-0.0294179312772107,0.023526805007447697,0.3722932683760874,-0.14221244589137746,Moderate,Moderate,68,Predicted
p12_daily_merged,2020-03-06,-0.2514246394017332,0.023526805007447697,0.3722932683760874,-0.7385345580071766,Moderate,Moderate,68,Predicted
p12_daily_merged,2020-03-07,-0.2514246394017332,0.023526805007447697,0.3722932683760874,-0.7385345580071766,Moderate,Moderate,68,Predicted
p12_daily_merged,2020-03-08,-0.2514246394017332,0.023526805007447697,0.3722932683760874,-0.7385345580071766,Moderate,Moderate,68,Predicted
p12_daily_merged,2020-03-09,-0.2514246394017332,0.023526805007447697,0.3722932683760874,-0.7385345580071766,Moderate,Moderate,68,Predicted
p12_daily_merged,2020-03-10,-0.1325704521589144,0.020525124660047567,0.3707726257911813,-0.4129096005733314,Moderate,Moderate,69,Predicted
p12_daily_merged,2020-03-11,-0.1325704521589144,0.020525124660047567,0.3707726257911813,-0.4129096005733314,Moderate,Moderate,69,Predicted
p12_daily_merged,2020-03-20,-0.1342161379003708,0.015427195918594884,0.3686372212350955,-0.4059365826315509,Moderate,Moderate,69,Predicted
p12_daily_merged,2020-03-21,-0.1342161379003708,0.015427195918594884,0.3686372212350955,-0.4059365826315509,Moderate,Moderate,69,Predicted
p12_daily_merged,2020-03-22,-0.2682970920697153,0.010589915725284272,0.3688430202972923,-0.7561130140681881,Moderate,Moderate,70,Predicted
p12_daily_merged,2020-03-23,-0.3304781114505827,0.005872074549092428,0.3689817190677865,-0.9115632797458009,Moderate,Moderate,71,Predicted
p12_daily_merged,2020-03-24,-0.3304781114505827,0.005872074549092428,0.3689817190677865,-0.9115632797458009,Moderate,Moderate,71,Predicted
p12_daily_merged,2020-03-25,-0.3304781114505827,0.005872074549092428,0.3689817190677865,-0.9115632797458009,Moderate,Moderate,71,Predicted
p12_daily_merged,2020-03-26,-0.3560745220347419,0.0016675311261089673,0.36866826112936474,-0.9703630360393841,Moderate,Moderate,72,Predicted
p12_daily_merged,2020-03-27,-0.3560745220347419,0.0016675311261089673,0.36866826112936474,-0.9703630360393841,Moderate,Moderate,72,Predicted
p13_daily_merged,2019-11-29,-0.0172144896654657,0.06845276893553441,0.31862256380715065,-0.26886752016988674,Moderate,Moderate,10,Predicted
p13_daily_merged,2019-11-30,0.1631926852994582,0.07592064624419134,0.3119175312546293,0.27979202933618896,Moderate,Moderate,11,Predicted
p13_daily_merged,2019-12-01,-0.1328779271186818,0.07592064624419134,0.3119175312546293,-0.6694031352550797,Moderate,Moderate,11,Predicted
p13_daily_merged,2019-12-02,-0.0104723342969639,0.047370749676617814,0.3309757505666927,-0.17476532306231946,Moderate,Moderate,12,Predicted
p13_daily_merged,2019-12-03,-0.0185232243475246,0.029165629963845106,0.3340956477360197,-0.14274012437614958,Moderate,Moderate,13,Predicted
p13_daily_merged,2019-12-04,-0.3032967309987875,0.00991354904468522,0.33922124076776,-0.9233215447670181,Moderate,Moderate,14,Predicted
p13_daily_merged,2019-12-05,-0.3532088403744157,0.00991354904468522,0.33922124076776,-1.0704588798662649,Low,High,14,Predicted
p13_daily_merged,2019-12-06,0.0693913171626292,0.00991354904468522,0.33922124076776,0.17533621415724984,Moderate,Moderate,14,Predicted
p13_daily_merged,2019-12-07,0.0693913171626292,0.00991354904468522,0.33922124076776,0.17533621415724984,Moderate,Moderate,14,Predicted
p13_daily_merged,2019-12-08,0.1104689132514249,0.014227286380017282,0.33243730381015724,0.2895030905628078,Moderate,Moderate,15,Predicted
p13_daily_merged,2019-12-09,0.1104689132514249,0.014227286380017282,0.33243730381015724,0.2895030905628078,Moderate,Moderate,15,Predicted
p13_daily_merged,2019-12-10,0.1018126505034322,0.018719346718627166,0.326211975168273,0.25472180701503133,Moderate,Moderate,16,Predicted
p13_daily_merged,2019-12-11,0.2855601096811881,0.04408911554190964,0.3448071012280275,0.7003074857776468,Moderate,Moderate,17,Predicted
p13_daily_merged,2019-12-12,0.1599464554607704,0.04040799082023727,0.3386517954864933,0.352983407245218,Moderate,Moderate,18,Predicted
p13_daily_merged,2019-12-13,0.1599464554607704,0.04040799082023727,0.3386517954864933,0.352983407245218,Moderate,Moderate,18,Predicted
p13_daily_merged,2019-12-14,0.1999501918363795,0.045050759636972804,0.3332281396108556,0.4648449929237624,Moderate,Moderate,19,Predicted
p13_daily_merged,2019-12-15,0.3775839626233043,0.05839977949855,0.3350267703992806,0.9527124735266818,Moderate,Moderate,20,Predicted
p13_daily_merged,2019-12-16,0.2494620026689589,0.0525934002114085,0.3307323872823804,0.5952504502967328,Moderate,Moderate,21,Predicted
p13_daily_merged,2019-12-17,0.1997725919290271,0.0525934002114085,0.3307323872823804,0.4450099154999191,Moderate,Moderate,21,Predicted
p13_daily_merged,2019-12-18,0.233221588947166,0.055776124716023855,0.32565595862969615,0.5448862811471403,Moderate,Moderate,22,Predicted
p13_daily_merged,2019-12-19,-0.2618408831421099,0.055776124716023855,0.32565595862969615,-0.9753145902645574,Moderate,Moderate,22,Predicted
p13_daily_merged,2019-12-20,-0.2618408831421099,0.055776124716023855,0.32565595862969615,-0.9753145902645574,Moderate,Moderate,22,Predicted
p13_daily_merged,2019-12-21,-0.2916898510965653,0.055776124716023855,0.32565595862969615,-1.0669725721422871,Low,High,22,Predicted
p13_daily_merged,2019-12-22,0.0512229362270321,0.037618574328547004,0.3269783619770452,0.041606306350755275,Moderate,Moderate,24,Predicted
p13_daily_merged,2019-12-23,0.1969673354092331,0.03544880466862219,0.32223450140980625,0.5012453043791157,Moderate,Moderate,25,Predicted
p13_daily_merged,2019-12-24,0.1969673354092331,0.03544880466862219,0.32223450140980625,0.5012453043791157,Moderate,Moderate,25,Predicted
p13_daily_merged,2019-12-25,-0.2977207717692696,0.017077695368899064,0.33554957775070926,-0.9381578401867122,Moderate,Moderate,26,Predicted
p13_daily_merged,2019-12-26,-0.1442715280623631,0.011314398427240507,0.34239529443192185,-0.45440439462738763,Moderate,Moderate,28,Predicted
p13_daily_merged,2019-12-27,-0.1442715280623631,0.011314398427240507,0.34239529443192185,-0.45440439462738763,Moderate,Moderate,28,Predicted
p13_daily_merged,2019-12-28,-0.1528643672150955,0.011758160563467186,0.3377477161658587,-0.4874127045102536,Moderate,Moderate,29,Predicted
p13_daily_merged,2019-12-29,0.0643682048292092,0.012859071794013563,0.3333449463548081,0.15452201570312685,Moderate,Moderate,30,Predicted
p13_daily_merged,2019-12-30,0.1458156951598637,0.012859071794013563,0.3333449463548081,0.39885597432856473,Moderate,Moderate,30,Predicted
p13_daily_merged,2019-12-31,0.0084923429357374,0.012719817527536582,0.3290447197033721,-0.012847720503189271,Moderate,Moderate,31,Predicted
p13_daily_merged,2020-01-01,0.0084923429357374,0.012719817527536582,0.3290447197033721,-0.012847720503189271,Moderate,Moderate,31,Predicted
p13_daily_merged,2020-01-02,0.0084923429357374,0.012719817527536582,0.3290447197033721,-0.012847720503189271,Moderate,Moderate,31,Predicted
p13_daily_merged,2020-01-03,0.1551888123382729,0.012587356152107276,0.32490673471353154,0.43889966242742406,Moderate,Moderate,32,Predicted
p13_daily_merged,2020-01-04,-0.1384858984181937,0.012587356152107276,0.32490673471353154,-0.46497421699646024,Moderate,Moderate,32,Predicted
p13_daily_merged,2020-01-05,0.2677776815328582,0.012587356152107276,0.32490673471353154,0.7854263950722684,Moderate,Moderate,32,Predicted
p13_daily_merged,2020-01-06,0.2677776815328582,0.012587356152107276,0.32490673471353154,0.7854263950722684,Moderate,Moderate,32,Predicted
p13_daily_merged,2020-01-07,0.1210308548381077,0.0008472472343178582,0.3298158755195511,0.36439606618228265,Moderate,Moderate,33,Predicted
p13_daily_merged,2020-01-08,0.0508725735734916,0.0058928999755819295,0.32754124546009566,0.1373252200184039,Moderate,Moderate,34,Predicted
p13_daily_merged,2020-01-09,0.0508725735734916,0.0058928999755819295,0.32754124546009566,0.1373252200184039,Moderate,Moderate,34,Predicted
p13_daily_merged,2020-01-10,-0.2006617286439932,0.005924627274658137,0.32371029032163423,-0.6381828508243896,Moderate,Moderate,35,Predicted
p13_daily_merged,2020-01-11,-0.2006617286439932,0.005924627274658137,0.32371029032163423,-0.6381828508243896,Moderate,Moderate,35,Predicted
p13_daily_merged,2020-01-12,-0.3990218950491469,-0.005757843889990975,0.32946684896554246,-1.1936376979775765,Low,High,36,Predicted
p13_daily_merged,2020-01-13,-0.3990218950491469,-0.005757843889990975,0.32946684896554246,-1.1936376979775765,Low,High,36,Predicted
p13_daily_merged,2020-01-14,-0.3091885699311175,-0.005757843889990975,0.32946684896554246,-0.9209749842627143,Moderate,Moderate,36,Predicted
p13_daily_merged,2020-01-15,-0.1005455819148165,-0.005757843889990975,0.32946684896554246,-0.28770038115348884,Moderate,Moderate,36,Predicted
p13_daily_merged,2020-01-16,0.1085362608850131,-0.0009838035242810846,0.3273906306297409,0.3345241255030135,Moderate,Moderate,37,Predicted
p13_daily_merged,2020-01-17,0.230541345451028,-0.0009838035242810846,0.3273906306297409,0.707183185205902,Moderate,Moderate,37,Predicted
p13_daily_merged,2020-01-18,0.230541345451028,-0.0009838035242810846,0.3273906306297409,0.707183185205902,Moderate,Moderate,37,Predicted
p13_daily_merged,2020-01-19,0.2050033439050131,0.000968352139683066,0.32408893429388286,0.629564820563456,Moderate,Moderate,38,Predicted
p13_daily_merged,2020-01-20,0.2050033439050131,0.000968352139683066,0.32408893429388286,0.629564820563456,Moderate,Moderate,38,Predicted
p13_daily_merged,2020-01-21,0.1774957317582671,0.0010200176074945573,0.320622842632946,0.5504152876368971,Moderate,Moderate,39,Predicted
p13_daily_merged,2020-01-22,0.1774957317582671,0.0010200176074945573,0.320622842632946,0.5504152876368971,Moderate,Moderate,39,Predicted
p13_daily_merged,2020-01-23,0.1774957317582671,0.0010200176074945573,0.320622842632946,0.5504152876368971,Moderate,Moderate,39,Predicted
p13_daily_merged,2020-01-24,0.1774957317582671,0.0010200176074945573,0.320622842632946,0.5504152876368971,Moderate,Moderate,39,Predicted
p13_daily_merged,2020-01-25,0.1774957317582671,0.0010200176074945573,0.320622842632946,0.5504152876368971,Moderate,Moderate,39,Predicted
p13_daily_merged,2020-01-27,0.0903023335683047,-0.006129396577639639,0.3211883454776358,0.30023421305197645,Moderate,Moderate,39,Predicted
p13_daily_merged,2020-01-28,-0.2438187408285292,-0.0036611316134277385,0.318372775033016,-0.754328347297273,Moderate,Moderate,40,Predicted
p13_daily_merged,2020-01-29,-0.4119033282542,-0.013781238349136058,0.32335312582690073,-1.2312300643049572,Low,High,41,Predicted
p13_daily_merged,2020-01-30,-0.4119033282542,-0.013781238349136058,0.32335312582690073,-1.2312300643049572,Low,High,41,Predicted
p13_daily_merged,2020-01-31,-0.4119033282542,-0.013781238349136058,0.32335312582690073,-1.2312300643049572,Low,High,41,Predicted
p13_daily_merged,2020-02-01,-0.195382817687988,-0.014061420023048578,0.3201736779237557,-0.5663220001118213,Moderate,Moderate,42,Predicted
p13_daily_merged,2020-02-02,-0.0595559638118125,-0.013158275492691876,0.3171483022557969,-0.1462965054175142,Moderate,Moderate,43,Predicted
p13_daily_merged,2020-02-03,-0.0647615341358454,-0.013158275492691876,0.3171483022557969,-0.1627101840877356,Moderate,Moderate,43,Predicted
p13_daily_merged,2020-02-04,0.1314982380177188,-0.004911412323888111,0.3199341071608769,0.4263679529266761,Moderate,Moderate,44,Predicted
p13_daily_merged,2020-02-05,0.1187195743900462,-0.004911412323888111,0.3199341071608769,0.3864264045213761,Moderate,Moderate,44,Predicted
p13_daily_merged,2020-02-06,0.1187195743900462,-0.004911412323888111,0.3199341071608769,0.3864264045213761,Moderate,Moderate,44,Predicted
p13_daily_merged,2020-02-07,0.1827485541901696,-7.206282068096764e-05,0.3189833525422199,0.5731352923399126,Moderate,Moderate,45,Predicted
p13_daily_merged,2020-02-08,0.1944611643222204,0.003476771466729855,0.3171839354275649,0.6021250496121218,Moderate,Moderate,46,Predicted
p13_daily_merged,2020-02-09,0.073936948958174,-0.0002170862674075706,0.3155738594869936,0.23498155185010763,Moderate,Moderate,47,Predicted
p13_daily_merged,2020-02-10,0.073936948958174,-0.0002170862674075706,0.3155738594869936,0.23498155185010763,Moderate,Moderate,47,Predicted
p13_daily_merged,2020-02-11,0.1520117489021813,0.00141244258648406,0.31303950870690794,0.481087217833261,Moderate,Moderate,48,Predicted
p13_daily_merged,2020-02-12,0.1203831503945176,0.004047583226314612,0.3109885542566529,0.3740831152010613,Moderate,Moderate,49,Predicted
p13_daily_merged,2020-02-13,0.1203831503945176,0.004047583226314612,0.3109885542566529,0.3740831152010613,Moderate,Moderate,49,Predicted
p13_daily_merged,2020-02-14,0.1192284990668779,0.004047583226314612,0.3109885542566529,0.37037027332364997,Moderate,Moderate,49,Predicted
p13_daily_merged,2020-02-15,0.0761675805535453,0.0035003749560039866,0.30837092724855225,0.23564869180735157,Moderate,Moderate,50,Predicted
p13_daily_merged,2020-02-16,0.1026077318958271,-0.0011922348336008755,0.3079789074122073,0.3370359600324813,Moderate,Moderate,51,Predicted
p13_daily_merged,2020-02-17,0.1026077318958271,-0.0011922348336008755,0.3079789074122073,0.3370359600324813,Moderate,Moderate,51,Predicted
p13_daily_merged,2020-02-18,0.1440560963460988,-0.0011922348336008755,0.3079789074122073,0.47161778837436874,Moderate,Moderate,51,Predicted
p13_daily_merged,2020-02-19,0.1617650345486304,0.005061749795079332,0.30938816547294806,0.5064941140007914,Moderate,Moderate,52,Predicted
p13_daily_merged,2020-02-20,0.1617650345486304,0.005061749795079332,0.30938816547294806,0.5064941140007914,Moderate,Moderate,52,Predicted
p13_daily_merged,2020-02-21,0.1617650345486304,0.005061749795079332,0.30938816547294806,0.5064941140007914,Moderate,Moderate,52,Predicted
p13_daily_merged,2020-02-22,-0.0817813526905147,0.005061749795079332,0.30938816547294806,-0.28069303282121605,Moderate,Moderate,52,Predicted
p13_daily_merged,2020-02-24,0.0413044014833173,0.002446986751359619,0.30758393869972045,0.1263310915915292,Moderate,Moderate,52,Predicted
p13_daily_merged,2020-02-25,0.0656048793335965,0.0034126771729182555,0.30523081542799707,0.20375466374019888,Moderate,Moderate,53,Predicted
p13_daily_merged,2020-02-26,0.1803554336777037,0.0034126771729182555,0.30523081542799707,0.5797014834713687,Moderate,Moderate,53,Predicted
p13_daily_merged,2020-02-27,0.2272470871976304,0.010237792282827552,0.3077953492614637,0.7050440997094449,Moderate,Moderate,54,Predicted
p13_daily_merged,2020-02-28,0.1825481356499411,0.009363002350861455,0.3055011893236494,0.566888573109961,Moderate,Moderate,55,Predicted
p13_daily_merged,2020-02-29,0.1728815810486451,0.010234886618869276,0.303261938226288,0.5363241275217733,Moderate,Moderate,56,Predicted
p13_daily_merged,2020-03-01,0.1728815810486451,0.010234886618869276,0.303261938226288,0.5363241275217733,Moderate,Moderate,56,Predicted
p13_daily_merged,2020-03-02,0.1728815810486451,0.010234886618869276,0.303261938226288,0.5363241275217733,Moderate,Moderate,56,Predicted
p13_daily_merged,2020-03-03,0.1475305719945411,0.00868873915908038,0.30126020031160977,0.46087014710821095,Moderate,Moderate,57,Predicted
p13_daily_merged,2020-03-04,0.1475305719945411,0.00868873915908038,0.30126020031160977,0.46087014710821095,Moderate,Moderate,57,Predicted
p13_daily_merged,2020-03-05,0.1475305719945411,0.00868873915908038,0.30126020031160977,0.46087014710821095,Moderate,Moderate,57,Predicted
p13_daily_merged,2020-03-06,0.1475305719945411,0.00868873915908038,0.30126020031160977,0.46087014710821095,Moderate,Moderate,57,Predicted
p13_daily_merged,2020-03-09,0.1475305719945411,0.003891065969623798,0.30168071732428464,0.4761308820096558,Moderate,Moderate,57,Predicted
p13_daily_merged,2020-03-13,0.1475305719945411,0.001554503284925421,0.3001240048200646,0.4863858484000094,Moderate,Moderate,57,Predicted
p13_daily_merged,2020-03-14,0.1475305719945411,0.001554503284925421,0.3001240048200646,0.4863858484000094,Moderate,Moderate,57,Predicted
p13_daily_merged,2020-03-15,0.1475305719945411,0.001554503284925421,0.3001240048200646,0.4863858484000094,Moderate,Moderate,57,Predicted
p13_daily_merged,2020-03-19,0.1475305719945411,0.0006996249501582305,0.2980596062368449,0.4926227639437585,Moderate,Moderate,57,Predicted
p14_daily_merged,2019-12-04,0.0991949738978422,-0.04567061894662977,0.41878018541203216,0.34592274871348244,Moderate,Moderate,10,Predicted
p14_daily_merged,2019-12-05,0.1658029646330446,-0.03537623131898704,0.40861730050241635,0.492341356336776,Moderate,Moderate,11,Predicted
p14_daily_merged,2019-12-06,0.0816485325061537,-0.04158040293110723,0.3980244163024478,0.3096014475243214,Moderate,Moderate,12,Predicted
p14_daily_merged,2019-12-07,0.143430399355466,-0.006639561956734713,0.4177350927984274,0.35924671855283896,Moderate,Moderate,13,Predicted
p14_daily_merged,2019-12-08,0.1842429983049615,0.03538408941868095,0.45040338602292634,0.3305013095054826,Moderate,Moderate,14,Predicted
p14_daily_merged,2019-12-09,0.1524879402396409,0.05387191900024336,0.448020818506323,0.22011481870011754,Moderate,Moderate,15,Predicted
p14_daily_merged,2019-12-10,0.2321562637057557,0.0707521112268873,0.44514327725404956,0.36258921728419763,Moderate,Moderate,16,Predicted
p14_daily_merged,2019-12-11,0.4519130498580987,0.07983709345581935,0.4376278044490035,0.8502109615058454,Moderate,Moderate,17,Predicted
p14_daily_merged,2019-12-12,0.4194502029878561,0.09850859470228367,0.43846755702368784,0.7319620417622685,Moderate,Moderate,18,Predicted
p14_daily_merged,2019-12-13,0.0012005365446806,0.12840661478784945,0.45585614874737335,-0.27904872752668297,Moderate,Moderate,19,Predicted
p14_daily_merged,2019-12-14,0.4929961982809308,0.14002549350730148,0.4510624016757639,0.7825318702296858,Moderate,Moderate,20,Predicted
p14_daily_merged,2019-12-15,0.2568274200240829,0.1508144523182212,0.44629707674930585,0.2375390143220932,Moderate,Moderate,21,Predicted
p14_daily_merged,2019-12-16,0.4040675778419903,0.18077180364714068,0.467004619623967,0.4781446795422448,Moderate,Moderate,22,Predicted
p14_daily_merged,2019-12-17,0.413516292636035,0.19417851907979547,0.4647204064613227,0.4719779258811059,Moderate,Moderate,23,Predicted
p14_daily_merged,2019-12-18,0.105174543847221,0.2055477482906868,0.4612735213881973,-0.2176001868509465,Moderate,Moderate,24,Predicted
p14_daily_merged,2019-12-19,0.5849835949535322,0.2114150051917788,0.45498483320808636,0.8210572364088071,Moderate,Moderate,25,Predicted
p14_daily_merged,2019-12-20,0.0920910078104182,0.20330702180158075,0.45023493702897577,-0.2470177341746472,Moderate,Moderate,26,Predicted
p14_daily_merged,2019-12-21,0.1307989164859835,0.18505705235506414,0.4559526432889444,-0.11899949845163287,Moderate,Moderate,27,Predicted
p14_daily_merged,2019-12-22,-0.1621041088483432,0.1603907140222185,0.4723063699133526,-0.6828085399943373,Moderate,Moderate,28,Predicted
p14_daily_merged,2019-12-23,0.0370676837737487,0.1567414321441575,0.46602489772325506,-0.25679689852424165,Moderate,Moderate,29,Predicted
p14_daily_merged,2019-12-24,0.0144681078007921,0.1463209509109601,0.46385789577532416,-0.28425266511800995,Moderate,Moderate,30,Predicted
p14_daily_merged,2019-12-25,0.2426311902532238,0.1364489160584573,0.46157585398828177,0.23004295670427813,Moderate,Moderate,31,Predicted
p14_daily_merged,2019-12-26,0.2396411527272023,0.12132098022646247,0.46515691286538186,0.2543661487730746,Moderate,Moderate,32,Predicted
p14_daily_merged,2019-12-27,0.1787185366135232,0.10694944118606738,0.46806476666499164,0.15333154840689636,Moderate,Moderate,33,Predicted
p14_daily_merged,2019-12-28,0.2453054274606839,0.09787347882802905,0.465816280254383,0.3165023527132672,Moderate,Moderate,34,Predicted
p14_daily_merged,2019-12-29,0.1016699305008237,0.09096059286843812,0.4622765300786835,0.023166518167302915,Moderate,Moderate,35,Predicted
p14_daily_merged,2019-12-30,0.1981747009495179,0.07852112675923174,0.46396695832106327,0.25789244696060093,Moderate,Moderate,36,Predicted
p14_daily_merged,2019-12-31,0.127971101164597,0.07330354207090316,0.4598445260216005,0.11888270056546443,Moderate,Moderate,37,Predicted
p14_daily_merged,2020-01-01,0.1097237328688654,0.06831785003538918,0.45581763689155874,0.09083870276684113,Moderate,Moderate,38,Predicted
p14_daily_merged,2020-01-02,0.0389927405253631,0.06831785003538918,0.45581763689155874,-0.06433517954682097,Moderate,Moderate,38,Predicted
p14_daily_merged,2020-01-03,0.2810432603513496,0.0684342360863148,0.45072523377052914,0.47170428530583924,Moderate,Moderate,39,Predicted
p14_daily_merged,2020-01-04,0.4462737055725144,0.0684342360863148,0.45072523377052914,0.8382922480851455,Moderate,Moderate,39,Predicted
p14_daily_merged,2020-01-05,0.2585762003416016,0.0684342360863148,0.45072523377052914,0.42185781937403327,Moderate,Moderate,39,Predicted
p14_daily_merged,2020-01-06,0.1472775889774231,0.0684342360863148,0.45072523377052914,0.17492553552315337,Moderate,Moderate,39,Predicted
p14_daily_merged,2020-01-07,0.0200794614304719,0.06611774579536532,0.4460819091105055,-0.10320589879265558,Moderate,Moderate,40,Predicted
p14_daily_merged,2020-01-08,-0.0720643339773187,0.06607503185829652,0.4413109416482726,-0.3130204869148998,Moderate,Moderate,41,Predicted
p14_daily_merged,2020-01-09,-0.0340606477267903,0.06603406134723054,0.4366898514987375,-0.22921235455894315,Moderate,Moderate,42,Predicted
p14_daily_merged,2020-01-10,0.1652741541131834,0.06672170249679432,0.4322382126355034,0.22800494897357934,Moderate,Moderate,43,Predicted
p14_daily_merged,2020-01-11,-0.100077051608934,0.06666965885599567,0.4278941611527971,-0.38969148355680866,Moderate,Moderate,44,Predicted
p14_daily_merged,2020-01-12,-0.1668968464394749,0.060987235157146776,0.4256552866546131,-0.5353723746453366,Moderate,Moderate,45,Predicted
p14_daily_merged,2020-01-13,0.0470972992511312,0.055519242541273314,0.42341798459990304,-0.019890376876882526,Moderate,Moderate,46,Predicted
p14_daily_merged,2020-01-14,0.5701715760558453,0.06110131818155109,0.42140563858851304,1.208029060976525,High,Low,47,Predicted
p14_daily_merged,2020-01-15,-0.0703716041683904,0.055830087423992945,0.41931177725242025,-0.30097340079339474,Moderate,Moderate,48,Predicted
p14_daily_merged,2020-01-16,-0.0781353289773493,0.05074711490777615,0.41721990170585527,-0.3089077087602332,Moderate,Moderate,49,Predicted
p14_daily_merged,2020-01-17,0.3220897733095336,0.05098080546757065,0.41348170779344573,0.6556734257695266,Moderate,Moderate,50,Predicted
p14_daily_merged,2020-01-18,0.2383672868595106,0.05952638855636128,0.41497381232297853,0.43096911899576823,Moderate,Moderate,51,Predicted
p14_daily_merged,2020-01-19,0.1093298473955693,0.06778229086248104,0.41623992907385793,0.09981636462780587,Moderate,Moderate,52,Predicted
p14_daily_merged,2020-01-20,0.0142583298120247,0.06946218203511363,0.4129024869044211,-0.13369706885748922,Moderate,Moderate,53,Predicted
p14_daily_merged,2020-01-21,0.2904821049004937,0.07108699480864353,0.40964378465501217,0.5355753420660762,Moderate,Moderate,54,Predicted
p14_daily_merged,2020-01-22,0.1343371524910153,0.07097377677650513,0.40627315161845967,0.1559624982898603,Moderate,Moderate,55,Predicted
p14_daily_merged,2020-01-23,0.0666575069338695,0.07097377677650513,0.40627315161845967,-0.010624058777797683,Moderate,Moderate,55,Predicted
p14_daily_merged,2020-01-24,-0.0415956537930331,0.061566252958078736,0.4098429513033744,-0.25171082343380163,Moderate,Moderate,56,Predicted
p14_daily_merged,2020-01-25,-0.0153273283718173,0.05702902441991895,0.4081942758526649,-0.1772595968931539,Moderate,Moderate,57,Predicted
p14_daily_merged,2020-01-26,-0.1752447128552952,0.05769651818000358,0.40502845560134154,-0.5751231248418172,Moderate,Moderate,58,Predicted
p14_daily_merged,2020-01-27,-0.0410065632143813,0.05335541376084978,0.4034451834827952,-0.23389045361909772,Moderate,Moderate,59,Predicted
p14_daily_merged,2020-01-28,-0.0265961123460229,0.04914389454823789,0.4018584401464727,-0.18847434650533765,Moderate,Moderate,60,Predicted
p14_daily_merged,2020-01-29,-0.0054289660524063,0.04505624354776165,0.40027004497441626,-0.12612787350448565,Moderate,Moderate,61,Predicted
p14_daily_merged,2020-01-30,-0.0054289660524063,0.04505624354776165,0.40027004497441626,-0.12612787350448565,Moderate,Moderate,61,Predicted
p14_daily_merged,2020-01-31,0.2351476269382926,0.039344815424098914,0.4001384735673983,0.4893376279679669,Moderate,Moderate,62,Predicted
p14_daily_merged,2020-02-01,0.3829371477796217,0.04119097179261802,0.397528530063183,0.8596771052701215,Moderate,Moderate,63,Predicted
p14_daily_merged,2020-02-02,-0.052111740150861,0.028404615074547748,0.4091200694494833,-0.1968037288753702,Moderate,Moderate,64,Predicted
p14_daily_merged,2020-02-03,-0.0789408729139198,0.031400893236780594,0.4070235502140504,-0.2710943042304863,Moderate,Moderate,65,Predicted
p14_daily_merged,2020-02-04,-0.0905986615542386,0.02672663363820212,0.40615536303410515,-0.28886801916386073,Moderate,Moderate,66,Predicted
p14_daily_merged,2020-02-05,-0.0985071395092437,0.029664606734379293,0.40415488095946134,-0.3171352179128556,Moderate,Moderate,67,Predicted
p14_daily_merged,2020-02-06,-0.0883496365603763,0.030123311668801746,0.40143447222578854,-0.29512400261067373,Moderate,Moderate,68,Predicted
p14_daily_merged,2020-02-07,0.3332642568043835,0.030569945420739396,0.398768271423999,0.759073208865702,Moderate,Moderate,69,Predicted
p14_daily_merged,2020-02-08,0.1349009333605575,0.027201291928468145,0.3972374596724283,0.2711215642172848,Moderate,Moderate,70,Predicted
p14_daily_merged,2020-02-09,0.1772072847967395,0.027201291928468145,0.3972374596724283,0.3776229789405308,Moderate,Moderate,70,Predicted
p14_daily_merged,2020-02-10,-0.1001297782515953,0.02391901416676795,0.395712775867158,-0.31348189895189743,Moderate,Moderate,71,Predicted
p14_daily_merged,2020-02-11,-0.0531401904756597,0.025383689409605566,0.39338344071632614,-0.1996115539136022,Moderate,Moderate,72,Predicted
p14_daily_merged,2020-02-12,0.1025378837625716,0.030927153925241813,0.39401784712148685,0.18174488886857496,Moderate,Moderate,73,Predicted
p14_daily_merged,2020-02-13,0.2912974006749131,0.037175219840430464,0.3955648399368265,0.6424286366681808,Moderate,Moderate,74,Predicted
p14_daily_merged,2020-02-14,0.3647172590256876,0.04243967875287041,0.395995437374416,0.8138416503221017,Moderate,Moderate,75,Predicted
p14_daily_merged,2020-02-15,-0.0513131347687106,0.03473244039055591,0.39978790210421333,-0.21522806144553336,Moderate,Moderate,76,Predicted
p14_daily_merged,2020-02-16,-0.0513131347687106,0.03473244039055591,0.39978790210421333,-0.21522806144553336,Moderate,Moderate,76,Predicted
p14_daily_merged,2020-02-17,-0.0772278019894982,0.03330591312930817,0.39758727082599504,-0.27801120214228814,Moderate,Moderate,77,Predicted
p14_daily_merged,2020-02-18,0.2345088646759504,0.04064627199315564,0.400965907393264,0.48348896778562267,Moderate,Moderate,78,Predicted
p14_daily_merged,2020-02-19,-0.0753141998610445,0.04064627199315564,0.400965907393264,-0.2892028217762342,Moderate,Moderate,78,Predicted
p14_daily_merged,2020-02-20,-0.027596273165758,0.04213382419347285,0.39883894728875013,-0.17483271840236775,Moderate,Moderate,79,Predicted
p14_daily_merged,2020-02-21,0.1957844474699868,0.04325445102286902,0.39665108163753904,0.3845445115576419,Moderate,Moderate,80,Predicted
p14_daily_merged,2020-02-22,-0.0039160015515621,0.04349096267960987,0.39437113024194953,-0.1202090127694881,Moderate,Moderate,81,Predicted
p14_daily_merged,2020-02-23,-0.1969171204535538,0.0390805889755135,0.3943252367128135,-0.5984849242630242,Moderate,Moderate,82,Predicted
p14_daily_merged,2020-02-24,-0.2252347273840198,0.0347682235759526,0.39423212877389713,-0.6595174060739508,Moderate,Moderate,83,Predicted
p14_daily_merged,2020-02-25,-0.1532297737356527,0.03262069660161103,0.3925707251689464,-0.47341907692500823,Moderate,Moderate,84,Predicted
p14_daily_merged,2020-02-26,-0.0191640033064034,0.027336334884318077,0.3936842520658434,-0.11811581983966261,Moderate,Moderate,85,Predicted
p14_daily_merged,2020-02-27,-0.0329951139868716,0.021041870360898378,0.3962162695331867,-0.13638254787324902,Moderate,Moderate,86,Predicted
p14_daily_merged,2020-02-28,0.1107391186109952,0.018383803937014914,0.3949220634769881,0.23385706501394743,Moderate,Moderate,87,Predicted
p14_daily_merged,2020-02-29,0.2405676693791104,0.01578169680626584,0.3936337029188435,0.5710536747896032,Moderate,Moderate,88,Predicted
p14_daily_merged,2020-03-01,0.0359788034141958,0.013233800240740702,0.3923514705267123,0.05797098999761888,Moderate,Moderate,89,Predicted
p14_daily_merged,2020-03-02,-0.1864945335221137,0.01073843762502021,0.3910756206707689,-0.5043346113185014,Moderate,Moderate,90,Predicted
p14_daily_merged,2020-03-03,-0.1473977501215556,0.006771926018086695,0.3910310647528825,-0.3942645227868838,Moderate,Moderate,91,Predicted
p14_daily_merged,2020-03-04,-0.1175802137178341,0.006211126689167665,0.38907090690083734,-0.31817167053961326,Moderate,Moderate,92,Predicted
p14_daily_merged,2020-03-05,-0.0861756231596344,0.00927197827377928,0.38830915468308635,-0.24580311919586864,Moderate,Moderate,93,Predicted
p14_daily_merged,2020-03-06,0.2822090590827958,0.011597370991418225,0.3870688726764298,0.699130586813152,Moderate,Moderate,94,Predicted
p14_daily_merged,2020-03-07,0.2001057762812806,0.016112696656736564,0.38460930347053524,0.47838957083012856,Moderate,Moderate,96,Predicted
p14_daily_merged,2020-03-08,0.0160843000032938,0.015489043731720852,0.3827905536637837,0.0015550443078482504,Moderate,Moderate,97,Predicted
p14_daily_merged,2020-03-09,0.00752808810923,0.010026777926716711,0.38503570686687133,-0.006489501552516141,Moderate,Moderate,98,Predicted
p14_daily_merged,2020-03-10,-0.0073821908148844,0.009129394648594344,0.3833091813256987,-0.04307641524884011,Moderate,Moderate,99,Predicted
p14_daily_merged,2020-03-11,-0.0819656661203809,0.010349011131793831,0.38170537527098386,-0.24184798861330636,Moderate,Moderate,100,Predicted
p14_daily_merged,2020-03-12,-0.1179885079228093,0.010349011131793831,0.38170537527098386,-0.3362214088902797,Moderate,Moderate,100,Predicted
p14_daily_merged,2020-03-13,0.0760298665310945,0.016338709330169284,0.38498309183785806,0.1550487760799249,Moderate,Moderate,101,Predicted
p14_daily_merged,2020-03-14,0.1638870375828427,0.01471489795017571,0.38357144713075225,0.38890313851181163,Moderate,Moderate,102,Predicted
p14_daily_merged,2020-03-15,0.0757259359471433,0.015850474862909924,0.38199360518180436,0.15674466868558312,Moderate,Moderate,103,Predicted
p14_daily_merged,2020-03-16,-0.0777436727547133,0.014941048516809347,0.3803740004825839,-0.24366734096950032,Moderate,Moderate,104,Predicted
p14_daily_merged,2020-03-17,-0.1661141488191145,0.014980971609071045,0.37865696331854337,-0.478256411399571,Moderate,Moderate,105,Predicted
p14_daily_merged,2020-03-18,-0.0251808241418225,0.010834763175456784,0.37953062528340714,-0.0948950754379448,Moderate,Moderate,106,Predicted
p14_daily_merged,2020-03-19,-0.1572855160262024,0.008022001590940077,0.3790391798878092,-0.43612250761536414,Moderate,Moderate,107,Predicted
p14_daily_merged,2020-03-20,-0.0840534034293763,0.007212281146199257,0.37747295270069975,-0.2417807260695062,Moderate,Moderate,108,Predicted
p14_daily_merged,2020-03-21,-0.0936932877488314,0.004479243744426437,0.3769791559781457,-0.2604189911734778,Moderate,Moderate,109,Predicted
p14_daily_merged,2020-03-22,0.4491595781985329,0.0005645443843087696,0.37773162356462037,1.1876025353156083,High,Low,110,Predicted
p14_daily_merged,2020-03-23,0.3358155634713216,0.0026287147094867687,0.37678170931997934,0.8842967705708827,Moderate,Moderate,111,Predicted
p14_daily_merged,2020-03-24,0.0483587218608989,-0.002458114050758145,0.3792632215986079,0.1339883042111552,Moderate,Moderate,112,Predicted
p14_daily_merged,2020-03-25,-0.018429892455719,-0.0007060630941188621,0.37815368396931764,-0.046869381716874145,Moderate,Moderate,113,Predicted
p14_daily_merged,2020-03-26,-0.0950189923505471,0.0010170283425759699,0.3770514482530752,-0.25470269677538576,Moderate,Moderate,114,Predicted
p14_daily_merged,2020-03-27,-0.0631382159186768,0.002711872378669247,0.3759565117505893,-0.17515347184897598,Moderate,Moderate,115,Predicted
p14_daily_merged,2020-03-28,-0.039929331098895,0.006206184055681281,0.37641280986780495,-0.12256627283959581,Moderate,Moderate,116,Predicted
p14_daily_merged,2020-03-29,-0.0538604590329859,0.006206184055681281,0.37641280986780495,-0.15957651151607302,Moderate,Moderate,116,Predicted
p14_daily_merged,2020-03-30,0.0207243377431272,0.0024985488504794917,0.3771461959512187,0.04832552757606255,Moderate,Moderate,117,Predicted
p15_daily_merged,2019-12-04,0.052222583289739,0.0807411826744505,0.30180151613084866,-0.09449455307688719,Moderate,Moderate,10,Predicted
p15_daily_merged,2019-12-05,0.1612997827452586,0.07552464091148342,0.29417844609889576,0.2915752087593108,Moderate,Moderate,11,Predicted
p15_daily_merged,2019-12-06,0.0086980746524162,0.06410745707803117,0.29084912345044,-0.19050902326359118,Moderate,Moderate,12,Predicted
p15_daily_merged,2019-12-07,-0.1243759139188736,0.056095642731708945,0.279546947091814,-0.645585861437824,Moderate,Moderate,14,Predicted
p15_daily_merged,2019-12-08,-0.0783930955153012,0.05379539775537161,0.2733424191569575,-0.48360036352340946,Moderate,Moderate,15,Predicted
p15_daily_merged,2019-12-09,0.1497818970593997,0.07453550426042325,0.2859916107222668,0.2631069932748831,Moderate,Moderate,16,Predicted
p15_daily_merged,2019-12-10,0.0782204746771664,0.07453550426042325,0.2859916107222668,0.012884889900919896,Moderate,Moderate,16,Predicted
p15_daily_merged,2019-12-11,-0.0855183482385382,0.09549117915021597,0.29893434468213465,-0.6055159957656479,Moderate,Moderate,17,Predicted
p15_daily_merged,2019-12-12,0.0139339627997282,0.09760494296238739,0.29309288743862516,-0.2854759830368802,Moderate,Moderate,18,Predicted
p15_daily_merged,2019-12-13,0.0849718431684274,0.10436466130559328,0.2895396252088128,-0.0669781143882465,Moderate,Moderate,19,Predicted
p15_daily_merged,2019-12-14,0.0449972038909484,0.10436466130559328,0.2895396252088128,-0.2050408726329936,Moderate,Moderate,19,Predicted
p15_daily_merged,2019-12-15,-0.0131847266348966,0.09929095631142702,0.285392801136053,-0.39410833944863244,Moderate,Moderate,20,Predicted
p15_daily_merged,2019-12-16,0.0990071358396078,0.09929095631142702,0.285392801136053,-0.0009944906482904706,Moderate,Moderate,20,Predicted
p15_daily_merged,2019-12-17,-0.02494573146276,0.08435153105264691,0.29156913871097817,-0.37485881735840804,Moderate,Moderate,21,Predicted
p15_daily_merged,2019-12-18,0.0070339548128796,0.07465577243023672,0.2913783228537134,-0.23207566353968848,Moderate,Moderate,22,Predicted
p15_daily_merged,2019-12-19,0.0299071536612356,0.07500391095137092,0.28648741684071966,-0.15741269821706713,Moderate,Moderate,23,Predicted
p15_daily_merged,2019-12-20,0.0021518001084544,0.07500391095137092,0.28648741684071966,-0.254294278074421,Moderate,Moderate,23,Predicted
p15_daily_merged,2019-12-21,0.0021518001084544,0.07500391095137092,0.28648741684071966,-0.254294278074421,Moderate,Moderate,23,Predicted
p15_daily_merged,2019-12-22,0.111712981292904,0.06447383069781419,0.288055031126011,0.16399349252964382,Moderate,Moderate,24,Predicted
p15_daily_merged,2019-12-23,0.1327813985006926,0.07115325895552621,0.2861031237913143,0.21540533611970764,Moderate,Moderate,25,Predicted
p15_daily_merged,2019-12-24,0.042903222604207,0.06135584965793884,0.2874685665586505,-0.06419006875997713,Moderate,Moderate,26,Predicted
p15_daily_merged,2019-12-25,-0.0173028578532746,0.03647956277527638,0.31916559944034756,-0.16850945315803992,Moderate,Moderate,27,Predicted
p15_daily_merged,2019-12-26,-0.1154579465915594,0.02393296317110802,0.32345512999038445,-0.4309435740493935,Moderate,Moderate,28,Predicted
p15_daily_merged,2019-12-27,-0.2237569124520018,0.010030360546625221,0.3299522205421244,-0.7085488699379122,Moderate,Moderate,29,Predicted
p15_daily_merged,2019-12-28,-0.2237569124520018,0.010030360546625221,0.3299522205421244,-0.7085488699379122,Moderate,Moderate,29,Predicted
p15_daily_merged,2019-12-29,-0.0491532527407178,0.009282900773768662,0.32549547964636183,-0.1795298465526313,Moderate,Moderate,30,Predicted
p15_daily_merged,2019-12-30,-0.0779853415927697,-0.007088282895493907,0.33706354114820086,-0.21033736979017736,Moderate,Moderate,31,Predicted
p15_daily_merged,2019-12-31,-0.1373622134615292,-0.006348176423479374,0.33274707693536415,-0.3937345993981464,Moderate,Moderate,32,Predicted
p15_daily_merged,2020-01-01,-0.0943357148694972,-0.0164246117895375,0.3348365546291857,-0.2326839826859473,Moderate,Moderate,33,Predicted
p15_daily_merged,2020-01-02,-0.2186967108472479,-0.02878679779928293,0.3402933829542243,-0.558077008137156,Moderate,Moderate,34,Predicted
p15_daily_merged,2020-01-03,-0.0927431356692834,-0.02878679779928293,0.3402933829542243,-0.18794470028999583,Moderate,Moderate,34,Predicted
p15_daily_merged,2020-01-04,-0.0927431356692834,-0.02878679779928293,0.3402933829542243,-0.18794470028999583,Moderate,Moderate,34,Predicted
p15_daily_merged,2020-01-05,-0.1748110782794176,-0.02878679779928293,0.3402933829542243,-0.4291129002052257,Moderate,Moderate,34,Predicted
p15_daily_merged,2020-01-06,0.1157948001707766,-0.02878679779928293,0.3402933829542243,0.4248733746007292,Moderate,Moderate,34,Predicted
p15_daily_merged,2020-01-07,-0.2103893194830941,-0.02401742666856414,0.33766932080541884,-0.5519361142137231,Moderate,Moderate,35,Predicted
p15_daily_merged,2020-01-08,-0.0158965945622058,-0.02243536196430431,0.3338847973620492,0.01958390275256581,Moderate,Moderate,36,Predicted
p15_daily_merged,2020-01-09,-0.1156339017710399,-0.01603526513191593,0.332849363425688,-0.29923036539428555,Moderate,Moderate,37,Predicted
p15_daily_merged,2020-01-10,-0.1156339017710399,-0.01603526513191593,0.332849363425688,-0.29923036539428555,Moderate,Moderate,37,Predicted
p15_daily_merged,2020-01-11,-0.1774005000895684,-0.01177277360177632,0.3303974788281234,-0.5012983969346616,Moderate,Moderate,38,Predicted
p15_daily_merged,2020-01-12,-0.1774005000895684,-0.01177277360177632,0.3303974788281234,-0.5012983969346616,Moderate,Moderate,38,Predicted
p15_daily_merged,2020-01-13,-0.0438879211546677,-0.0076916646899405205,0.3279820154637189,-0.11036049160668437,Moderate,Moderate,39,Predicted
p15_daily_merged,2020-01-14,-0.1003740742945975,-0.0015961099421852836,0.327210803628414,-0.3018786765506255,Moderate,Moderate,40,Predicted
p15_daily_merged,2020-01-15,0.0390940880793227,0.002243820875008714,0.32489822675921315,0.1134209551461303,Moderate,Moderate,41,Predicted
p15_daily_merged,2020-01-16,-0.0618474123095134,0.003110812863885908,0.32162428251553493,-0.20196928125369926,Moderate,Moderate,42,Predicted
p15_daily_merged,2020-01-17,-0.2260772654086291,-0.005175321239952296,0.3238440928275306,-0.6821243587923723,Moderate,Moderate,43,Predicted
p15_daily_merged,2020-01-18,-0.151250078688942,-0.005175321239952296,0.3238440928275306,-0.45106506706233057,Moderate,Moderate,43,Predicted
p15_daily_merged,2020-01-19,-0.271562632909265,-0.005014449518492634,0.3206555312553523,-0.8312602073235662,Moderate,Moderate,44,Predicted
p15_daily_merged,2020-01-20,-0.052428530701732,-0.001522868485039826,0.318573057452385,-0.15979274149478478,Moderate,Moderate,45,Predicted
p15_daily_merged,2020-01-21,0.0113515776628359,-0.001522868485039826,0.318573057452385,0.04041285302288937,Moderate,Moderate,45,Predicted
p15_daily_merged,2020-01-22,-0.0203987247296979,-0.0006503446183007848,0.3156184724243758,-0.0625704191510177,Moderate,Moderate,46,Predicted
p15_daily_merged,2020-01-23,-0.1663674386495282,-0.010171931886689264,0.3205567529571312,-0.4872631923113075,Moderate,Moderate,47,Predicted
p15_daily_merged,2020-01-24,-0.1209951701520376,-0.008262667988630958,0.3179504137947677,-0.3545600108455082,Moderate,Moderate,48,Predicted
p15_daily_merged,2020-01-25,-0.1209951701520376,-0.008262667988630958,0.3179504137947677,-0.3545600108455082,Moderate,Moderate,48,Predicted
p15_daily_merged,2020-01-26,-0.0518518644197303,-0.018298006929716386,0.32407962078546126,-0.1035358453231046,Moderate,Moderate,49,Predicted
p15_daily_merged,2020-01-27,0.150747756698682,-0.00913945980564241,0.32870958653296817,0.48640874210794705,Moderate,Moderate,50,Predicted
p15_daily_merged,2020-01-28,0.1877604288771156,-0.004483384292103169,0.32782026278038007,0.5864305383038834,Moderate,Moderate,51,Predicted
p15_daily_merged,2020-01-29,0.2215284100044266,-0.004483384292103169,0.32782026278038007,0.6894381463172219,Moderate,Moderate,51,Predicted
p15_daily_merged,2020-01-30,0.1119730042427829,-0.004483384292103169,0.32782026278038007,0.35524463176001075,Moderate,Moderate,51,Predicted
p15_daily_merged,2020-01-31,-0.1058532894223145,0.0022582541199120585,0.3291984906672579,-0.3284083815909771,Moderate,Moderate,52,Predicted
p15_daily_merged,2020-02-01,0.109122398859995,0.010144306007761712,0.33220329744052307,0.2979443419581171,Moderate,Moderate,53,Predicted
p15_daily_merged,2020-02-02,-0.0027678524478299,0.01426405906397802,0.33106215886998525,-0.051446264864407815,Moderate,Moderate,54,Predicted
p15_daily_merged,2020-02-03,-0.0394266636243857,0.01426405906397802,0.33106215886998525,-0.16217716597881893,Moderate,Moderate,54,Predicted
p15_daily_merged,2020-02-04,0.002216433208982,0.01426405906397802,0.33106215886998525,-0.03639082731810302,Moderate,Moderate,54,Predicted
p15_daily_merged,2020-02-05,-0.17329849567131,0.01855978770109441,0.33014683596664335,-0.581130159284001,Moderate,Moderate,55,Predicted
p15_daily_merged,2020-02-06,-0.0073098228074781,0.021243286089096085,0.3282189783006493,-0.08699408256161067,Moderate,Moderate,56,Predicted
p15_daily_merged,2020-02-07,0.0780369862253921,0.026804709453694835,0.3287169989208318,0.15585527046027833,Moderate,Moderate,57,Predicted
p15_daily_merged,2020-02-08,-0.1226994702050476,0.026055287881987303,0.32623542203889994,-0.4559736559486712,Moderate,Moderate,58,Predicted
p15_daily_merged,2020-02-09,-0.0838471211020162,0.024149005828944893,0.32413030358071615,-0.3331873809326424,Moderate,Moderate,59,Predicted
p15_daily_merged,2020-02-10,-0.1317377343307313,0.03038854359042358,0.3257909632979918,-0.4976389654272349,Moderate,Moderate,60,Predicted
p15_daily_merged,2020-02-11,-0.1379236311366914,0.014470713946680811,0.3493735920233823,-0.43619308546128754,Moderate,Moderate,61,Predicted
p15_daily_merged,2020-02-12,0.0153040036819179,0.013840105309712476,0.34687278701125435,0.004220274483965005,Moderate,Moderate,62,Predicted
p15_daily_merged,2020-02-13,-0.0303127181358789,0.011333655719762435,0.34503319456262455,-0.12070251358984069,Moderate,Moderate,63,Predicted
p15_daily_merged,2020-02-14,0.0573017432171388,-0.0008861840153858528,0.35794208620364276,0.1625624073706158,Moderate,Moderate,64,Predicted
p15_daily_merged,2020-02-15,-0.071318712292844,-0.0008861840153858528,0.35794208620364276,-0.19677073748010512,Moderate,Moderate,64,Predicted
p15_daily_merged,2020-02-16,0.2073674317592058,-0.008771654248132045,0.3617765113602442,0.5974381399021071,Moderate,Moderate,65,Predicted
p15_daily_merged,2020-02-17,0.1267670035472951,-0.014874349639898837,0.36310509588118606,0.390083628111739,Moderate,Moderate,66,Predicted
p15_daily_merged,2020-02-18,-0.0140527910796157,-0.015372657261591325,0.3606691566437237,0.00365949280015484,Moderate,Moderate,67,Predicted
p15_daily_merged,2020-02-19,0.0560964237062029,-0.01566642596250541,0.35826578050912516,0.2003061793027718,Moderate,Moderate,68,Predicted
p15_daily_merged,2020-02-20,-0.1215530143019551,-0.013124792570076689,0.35659908654446537,-0.3040619727396811,Moderate,Moderate,69,Predicted
p15_daily_merged,2020-02-21,-0.0794481078173935,-0.013124792570076689,0.35659908654446537,-0.1859884608511098,Moderate,Moderate,69,Predicted
p15_daily_merged,2020-02-22,-0.0794481078173935,-0.013124792570076689,0.35659908654446537,-0.1859884608511098,Moderate,Moderate,69,Predicted
p15_daily_merged,2020-02-23,-0.1308645943513772,-0.01765927311546351,0.356532242942432,-0.31751776585937713,Moderate,Moderate,70,Predicted
p15_daily_merged,2020-02-24,0.0930021382561653,-0.012645208881964775,0.3570317689800604,0.2959046121860105,Moderate,Moderate,71,Predicted
p15_daily_merged,2020-02-25,-0.0221072935494264,-0.008797652489927641,0.3564300964497779,-0.03734151855320143,Moderate,Moderate,72,Predicted
p15_daily_merged,2020-02-26,0.031412829033196,-0.008797652489927641,0.3564300964497779,0.11281449553121399,Moderate,Moderate,72,Predicted
p15_daily_merged,2020-02-27,-0.0862029875900135,-0.0076213542230658135,0.3543535824161093,-0.22176051623677695,Moderate,Moderate,73,Predicted
p15_daily_merged,2020-02-28,-0.0140603035750668,-0.005568491640523935,0.3526497217020254,-0.024080018817420473,Moderate,Moderate,74,Predicted
p15_daily_merged,2020-02-29,0.0457662212390645,-0.0020689319436223144,0.35193992779978794,0.13591851734964083,Moderate,Moderate,75,Predicted
p15_daily_merged,2020-03-01,0.0279033426288552,-0.0020689319436223144,0.35193992779978794,0.08516304120380505,Moderate,Moderate,75,Predicted
p15_daily_merged,2020-03-02,-0.0392405940490431,-0.0024931003553775475,0.34983498419952486,-0.10504236383833754,Moderate,Moderate,76,Predicted
p15_daily_merged,2020-03-03,-0.0391346618279793,-0.0043120408125453405,0.34815051905306876,-0.1000217409129467,Moderate,Moderate,77,Predicted
p15_daily_merged,2020-03-04,-0.0391346618279793,-0.0043120408125453405,0.34815051905306876,-0.1000217409129467,Moderate,Moderate,77,Predicted
p15_daily_merged,2020-03-05,-0.0996916028183436,-0.0043120408125453405,0.34815051905306876,-0.27396070603375866,Moderate,Moderate,77,Predicted
p15_daily_merged,2020-03-06,-0.2267664222640625,-0.0043120408125453405,0.34815051905306876,-0.6389603613304058,Moderate,Moderate,77,Predicted
p15_daily_merged,2020-03-07,-0.0723474127747123,-0.0043120408125453405,0.34815051905306876,-0.1954194184377944,Moderate,Moderate,77,Predicted
p15_daily_merged,2020-03-08,-0.0723474127747123,-0.0043120408125453405,0.34815051905306876,-0.1954194184377944,Moderate,Moderate,77,Predicted
p15_daily_merged,2020-03-19,-0.0637453315573021,-0.007515747280607159,0.3451572044880415,-0.1629100698045638,Moderate,Moderate,77,Predicted
p15_daily_merged,2020-03-20,-0.0637453315573021,-0.007515747280607159,0.3451572044880415,-0.1629100698045638,Moderate,Moderate,77,Predicted
p15_daily_merged,2020-03-21,-0.0115313151502191,-0.00649626715618205,0.3433010445355047,-0.014666567650120615,Moderate,Moderate,78,Predicted
p15_daily_merged,2020-03-22,-0.0115313151502191,-0.00649626715618205,0.3433010445355047,-0.014666567650120615,Moderate,Moderate,78,Predicted
p15_daily_merged,2020-03-23,-0.0073983244431357,-0.0019287257226428076,0.3440539138104094,-0.015897504725108026,Moderate,Moderate,79,Predicted
p15_daily_merged,2020-03-24,-0.1589082759912948,-0.0011611116655385265,0.34219306195012944,-0.4609887863499291,Moderate,Moderate,80,Predicted
p15_daily_merged,2020-03-25,-0.1080509675368518,-0.0011611116655385265,0.34219306195012944,-0.3123671042953267,Moderate,Moderate,80,Predicted
p15_daily_merged,2020-03-26,-0.0939691778933936,-0.0011611116655385265,0.34219306195012944,-0.2712155112057203,Moderate,Moderate,80,Predicted
p15_daily_merged,2020-03-27,-0.0507614124512681,-0.0039028563433157475,0.341290324906449,-0.13729822584568355,Moderate,Moderate,81,Predicted
p15_daily_merged,2020-03-28,-0.0672052051315577,0.0006976191401762542,0.3422662974791841,-0.1983917925073054,Moderate,Moderate,82,Predicted
p15_daily_merged,2020-03-29,-0.1710448443104616,-0.0009530975791542614,0.340773095238287,-0.49913490562501706,Moderate,Moderate,83,Predicted
p15_daily_merged,2020-03-30,0.0608890822262182,0.0021970343363793593,0.34030930877894927,0.17246677177427064,Moderate,Moderate,84,Predicted
p16_daily_merged,2019-12-02,-0.0972918067382597,-0.027647465132622624,0.27784636289756004,-0.2506577407720627,Moderate,Moderate,10,Predicted
p16_daily_merged,2019-12-03,-0.0520440995891614,-0.027647465132622624,0.27784636289756004,-0.08780620412703993,Moderate,Moderate,10,Predicted
p16_daily_merged,2019-12-04,0.0028424574804011,-0.03619647107137532,0.2719798636343957,0.14353609870271072,Moderate,Moderate,11,Predicted
p16_daily_merged,2019-12-05,0.0594963074021627,-0.013209998634565073,0.2826705024055897,0.2572122149922992,Moderate,Moderate,12,Predicted
p16_daily_merged,2019-12-06,0.021072996939648,-0.007209384980835265,0.2764368997332244,0.10231044389434693,Moderate,Moderate,13,Predicted
p16_daily_merged,2019-12-07,0.0055460353948442,-0.01658122014495355,0.2728386862939755,0.08110013957462138,Moderate,Moderate,14,Predicted
p16_daily_merged,2019-12-08,0.1353674510794284,0.0030655192753946225,0.28175879363837825,0.46955741858348515,Moderate,Moderate,15,Predicted
p16_daily_merged,2019-12-09,0.1649660170578101,0.01896244970271376,0.2856428830909496,0.5111402243780334,Moderate,Moderate,16,Predicted
p16_daily_merged,2019-12-10,0.1407558104724015,0.020583794349950033,0.27947714546086766,0.4299887059612104,Moderate,Moderate,17,Predicted
p16_daily_merged,2019-12-11,0.1664430213453972,0.024932067609439203,0.2744552490394592,0.5156066580297488,Moderate,Moderate,18,Predicted
p16_daily_merged,2019-12-12,-0.157832573688187,0.031829656430146236,0.2712003897422111,-0.6993435013077092,Moderate,Moderate,19,Predicted
p16_daily_merged,2019-12-13,0.040119483318123,0.023094560879869736,0.26977948364482995,0.06310680934013095,Moderate,Moderate,20,Predicted
p16_daily_merged,2019-12-14,0.152398241169164,0.030566040850570585,0.2676722299463089,0.4551544265276647,Moderate,Moderate,21,Predicted
p16_daily_merged,2019-12-15,0.1207860409660304,0.030566040850570585,0.2676722299463089,0.3370540161508596,Moderate,Moderate,21,Predicted
p16_daily_merged,2019-12-16,0.1701615530420008,0.030566040850570585,0.2676722299463089,0.5215166034199029,Moderate,Moderate,21,Predicted
p16_daily_merged,2019-12-17,0.1063566928335619,0.030566040850570585,0.2676722299463089,0.2831472357001464,Moderate,Moderate,21,Predicted
p16_daily_merged,2019-12-18,0.1375937459704188,0.030566040850570585,0.2676722299463089,0.39984612950441806,Moderate,Moderate,21,Predicted
p16_daily_merged,2019-12-19,0.1746343381131188,0.030566040850570585,0.2676722299463089,0.5382265365796302,Moderate,Moderate,21,Predicted
p16_daily_merged,2019-12-23,0.1410427703423305,0.03639806813643955,0.27267788257177245,0.3837667405178969,Moderate,Moderate,21,Predicted
p16_daily_merged,2019-12-24,0.056688041092066,0.03106138296053259,0.26973630306474056,0.09500633707944996,Moderate,Moderate,22,Predicted
p16_daily_merged,2019-12-25,0.1729132089846902,0.03664720376371424,0.26722480439630225,0.5099302272063392,Moderate,Moderate,23,Predicted
p16_daily_merged,2019-12-26,0.1193582003265286,0.02935432112156171,0.26633194393587084,0.3379387311746525,Moderate,Moderate,24,Predicted
p16_daily_merged,2019-12-27,0.1541042527801288,0.03163220210151669,0.2626016863821394,0.4663795285015426,Moderate,Moderate,25,Predicted
p16_daily_merged,2019-12-28,-0.0480346647295528,0.025330785425683865,0.26138323519646883,-0.2806815444766053,Moderate,Moderate,26,Predicted
p16_daily_merged,2019-12-29,-0.0362070252007486,0.025330785425683865,0.26138323519646883,-0.23543136031726572,Moderate,Moderate,26,Predicted
p16_daily_merged,2019-12-30,0.0463321575481352,0.021042731043951636,0.2589036659730487,0.09767890465798248,Moderate,Moderate,27,Predicted
p16_daily_merged,2019-12-31,0.0478457321733958,0.023768679294512887,0.2558203908956314,0.09411702012724144,Moderate,Moderate,28,Predicted
p16_daily_merged,2020-01-01,-0.198271827242564,0.03669817654505656,0.2646277495885558,-0.8879265464523385,Moderate,Moderate,29,Predicted
p16_daily_merged,2020-01-02,0.1697268447777878,0.03225906991982081,0.2625900394933837,0.5235071944205663,Moderate,Moderate,30,Predicted
p16_daily_merged,2020-01-03,0.1940451047432098,0.03225906991982081,0.2625900394933837,0.6161164190977069,Moderate,Moderate,30,Predicted
p16_daily_merged,2020-01-04,0.1677027746904191,0.03225906991982081,0.2625900394933837,0.5157990951671683,Moderate,Moderate,30,Predicted
p16_daily_merged,2020-01-05,0.1677027746904191,0.03225906991982081,0.2625900394933837,0.5157990951671683,Moderate,Moderate,30,Predicted
p16_daily_merged,2020-01-06,0.2180490344361239,0.03225906991982081,0.2625900394933837,0.7075286057108205,Moderate,Moderate,30,Predicted
p16_daily_merged,2020-01-07,0.1577929098665498,0.03225906991982081,0.2625900394933837,0.478060173908051,Moderate,Moderate,30,Predicted
p16_daily_merged,2020-01-08,-0.1869375235807362,0.018396944901397018,0.27362717343337534,-0.7504169483815155,Moderate,Moderate,31,Predicted
p16_daily_merged,2020-01-09,0.0411370036317413,0.012972192015330768,0.27240884711950936,0.10339169198882242,Moderate,Moderate,32,Predicted
p16_daily_merged,2020-01-10,0.1231023004499284,0.007805760695267672,0.2711415274952367,0.42522641522216187,Moderate,Moderate,33,Predicted
p16_daily_merged,2020-01-11,0.3225701631630964,0.026262510355393995,0.2939648363045027,1.0079697168295765,High,Low,34,Predicted
p16_daily_merged,2020-01-12,0.0574348086902324,0.01379686396510934,0.3020644454744731,0.14446567737086033,Moderate,Moderate,35,Predicted
p16_daily_merged,2020-01-13,0.113997383047448,0.015863650864552045,0.2989338532969027,0.3282790861610077,Moderate,Moderate,36,Predicted
p16_daily_merged,2020-01-14,0.0854704216626986,0.012713589491047079,0.29636479457455345,0.2454975540401066,Moderate,Moderate,37,Predicted
p16_daily_merged,2020-01-15,0.0106920520810213,0.014715476404855248,0.2934468488119704,-0.013710913373658363,Moderate,Moderate,38,Predicted
p16_daily_merged,2020-01-16,0.1624395139444025,0.022914304762675867,0.2958132869925912,0.4716664711048667,Moderate,Moderate,39,Predicted
p16_daily_merged,2020-01-17,-0.1798086013202328,0.018591209123587946,0.2942757858452336,-0.6741968588206022,Moderate,Moderate,40,Predicted
p16_daily_merged,2020-01-18,-0.0894743323264352,0.013649750940533336,0.2933459179897177,-0.3515442927369564,Moderate,Moderate,41,Predicted
p16_daily_merged,2020-01-19,0.0517505253278375,0.013649750940533336,0.2933459179897177,0.1298834313032427,Moderate,Moderate,41,Predicted
p16_daily_merged,2020-01-20,-0.1330218248846397,0.015917219075761685,0.2908487631882998,-0.512084157854837,Moderate,Moderate,42,Predicted
p16_daily_merged,2020-01-21,-0.0517117692447419,0.01168769710454859,0.2895937451523161,-0.21892553762148625,Moderate,Moderate,43,Predicted
p16_daily_merged,2020-01-22,0.002573293058777,0.012881338448156098,0.2869272921683006,-0.035925635764661915,Moderate,Moderate,44,Predicted
p16_daily_merged,2020-01-23,0.1695928785099846,0.009734169302294914,0.28514694217458675,0.5606187041269869,Moderate,Moderate,45,Predicted
p16_daily_merged,2020-01-24,-0.1485137612875521,0.009734169302294914,0.28514694217458675,-0.5549697618463558,Moderate,Moderate,45,Predicted
p16_daily_merged,2020-01-25,0.2767762983168316,0.00036673192284349045,0.29091106729875055,0.9501514293030655,Moderate,Moderate,46,Predicted
p16_daily_merged,2020-01-26,0.1122000368979262,0.002668944314170915,0.2887686715061486,0.37930393214910463,Moderate,Moderate,47,Predicted
p16_daily_merged,2020-01-27,0.0174167250812655,9.335381407382366e-05,0.2868386391091204,0.06039413421077292,Moderate,Moderate,48,Predicted
p16_daily_merged,2020-01-28,0.1595281861715231,-0.002616286690105861,0.28505929906355976,0.5688096245036915,Moderate,Moderate,49,Predicted
p16_daily_merged,2020-01-29,-0.0306079262905647,-0.0017766197088485585,0.28266479709819603,-0.10199822148953455,Moderate,Moderate,50,Predicted
p16_daily_merged,2020-01-30,-0.1445147319658237,-0.0003747010830642876,0.2804693979054921,-0.5139242710940226,Moderate,Moderate,51,Predicted
p16_daily_merged,2020-01-31,-0.1445147319658237,-0.0003747010830642876,0.2804693979054921,-0.5139242710940226,Moderate,Moderate,51,Predicted
p16_daily_merged,2020-02-01,-0.059050590172687,-0.0003747010830642876,0.2804693979054921,-0.20920602934867902,Moderate,Moderate,51,Predicted
p16_daily_merged,2020-02-02,0.0410026105059533,-0.003960664430915795,0.27952895895864693,0.16085372730029338,Moderate,Moderate,52,Predicted
p16_daily_merged,2020-02-03,0.1146288903289829,0.002807201884142625,0.28230367083181995,0.39610426642825025,Moderate,Moderate,53,Predicted
p16_daily_merged,2020-02-04,0.1197851947017871,0.002807201884142625,0.28230367083181995,0.4143693649925407,Moderate,Moderate,53,Predicted
p16_daily_merged,2020-02-05,-0.000682296670955,-0.0004757366128647074,0.2812275727191822,-0.0007344943317366384,Moderate,Moderate,54,Predicted
p16_daily_merged,2020-02-06,-0.2256741757499193,-0.0004757366128647074,0.2812275727191822,-0.8007694158848532,Moderate,Moderate,54,Predicted
p16_daily_merged,2020-02-07,-0.2256741757499193,-0.0004757366128647074,0.2812275727191822,-0.8007694158848532,Moderate,Moderate,54,Predicted
p16_daily_merged,2020-02-08,-0.2217438899296653,0.0012004823098367891,0.27930876994482573,-0.7982004012388949,Moderate,Moderate,55,Predicted
p16_daily_merged,2020-02-09,-0.1718075821416932,0.0012004823098367891,0.27930876994482573,-0.6194150813299052,Moderate,Moderate,55,Predicted
p16_daily_merged,2020-02-10,0.0451778012578825,0.0012004823098367891,0.27930876994482573,0.1574505482113323,Moderate,Moderate,55,Predicted
p16_daily_merged,2020-02-11,0.1822172585996076,0.007349266090574438,0.2815171753096287,0.6211627845324298,Moderate,Moderate,56,Predicted
p16_daily_merged,2020-02-12,0.0994025023214989,0.005053978510545079,0.279964945058591,0.33700120488730684,Moderate,Moderate,57,Predicted
p16_daily_merged,2020-02-13,0.0437621603569544,0.006908256828853051,0.27825017234946275,0.13244880754939992,Moderate,Moderate,58,Predicted
p16_daily_merged,2020-02-14,0.0310980170250159,0.00870799754956373,0.27656436035209264,0.0809577179320848,Moderate,Moderate,59,Predicted
p16_daily_merged,2020-02-15,-0.12625874400419,0.00870799754956373,0.27656436035209264,-0.4880120539824013,Moderate,Moderate,59,Predicted
p16_daily_merged,2020-02-16,-0.12625874400419,0.00870799754956373,0.27656436035209264,-0.4880120539824013,Moderate,Moderate,59,Predicted
p16_daily_merged,2020-02-17,-0.0810758490593287,0.015179060854341307,0.2797362610051594,-0.34409164392132446,Moderate,Moderate,60,Predicted
p16_daily_merged,2020-02-18,-0.0005520498658739,0.006430721671739663,0.28718569604205557,-0.02431448235009241,Moderate,Moderate,61,Predicted
p16_daily_merged,2020-02-19,-0.1005140317280835,0.01636397384432269,0.2971580980226072,-0.39331926792556854,Moderate,Moderate,62,Predicted
p16_daily_merged,2020-02-20,0.0336711745364274,0.01636397384432269,0.2971580980226072,0.0582423996090728,Moderate,Moderate,62,Predicted
p16_daily_merged,2020-02-21,0.0607980568186029,0.014004711028172377,0.29573635661179376,0.1582265580280177,Moderate,Moderate,63,Predicted
p16_daily_merged,2020-02-22,0.0607980568186029,0.014004711028172377,0.29573635661179376,0.1582265580280177,Moderate,Moderate,63,Predicted
p16_daily_merged,2020-02-23,0.0047525141721193,0.0066590857974147995,0.300306876102616,-0.006348744491098554,Moderate,Moderate,64,Predicted
p16_daily_merged,2020-02-24,-0.0639570250544038,0.0066590857974147995,0.300306876102616,-0.23514650003448073,Moderate,Moderate,64,Predicted
p16_daily_merged,2020-02-25,0.0263077740141575,0.0066590857974147995,0.300306876102616,0.06542869904193825,Moderate,Moderate,64,Predicted
p16_daily_merged,2020-02-26,-0.0127910409157126,0.0066590857974147995,0.300306876102616,-0.06476750371337224,Moderate,Moderate,64,Predicted
p16_daily_merged,2020-02-27,-0.0127910409157126,0.0066590857974147995,0.300306876102616,-0.06476750371337224,Moderate,Moderate,64,Predicted
p16_daily_merged,2020-02-28,-0.0365196216859592,0.012086114875561155,0.3018746681394776,-0.16101296892875638,Moderate,Moderate,65,Predicted
p16_daily_merged,2020-02-29,0.0618262678127015,0.009204727698189417,0.30086463891503734,0.17490104621225408,Moderate,Moderate,66,Predicted
p16_daily_merged,2020-03-01,0.0985854725042027,0.009204727698189417,0.30086463891503734,0.2970795940936547,Moderate,Moderate,66,Predicted
p16_daily_merged,2020-03-02,0.0985854725042027,0.009204727698189417,0.30086463891503734,0.2970795940936547,Moderate,Moderate,66,Predicted
p16_daily_merged,2020-03-03,0.0985854725042027,0.009204727698189417,0.30086463891503734,0.2970795940936547,Moderate,Moderate,66,Predicted
p16_daily_merged,2020-03-04,0.0985854725042027,0.009204727698189417,0.30086463891503734,0.2970795940936547,Moderate,Moderate,66,Predicted
p16_daily_merged,2020-03-05,0.0985854725042027,0.009204727698189417,0.30086463891503734,0.2970795940936547,Moderate,Moderate,66,Predicted
p16_daily_merged,2020-03-06,0.0332866055320202,0.0063991664991695655,0.29985131826773637,0.08966923736797756,Moderate,Moderate,67,Predicted
p16_daily_merged,2020-03-07,0.0138830736848294,0.0033487656351655114,0.2990723271234856,0.03522327910102603,Moderate,Moderate,68,Predicted
p16_daily_merged,2020-03-08,0.0138830736848294,0.0033487656351655114,0.2990723271234856,0.03522327910102603,Moderate,Moderate,68,Predicted
p16_daily_merged,2020-03-09,-0.0171746152196081,-0.003294655992140069,0.3028616467916243,-0.045829372502282396,Moderate,Moderate,69,Predicted
p16_daily_merged,2020-03-10,-0.0171746152196081,-0.003294655992140069,0.3028616467916243,-0.045829372502282396,Moderate,Moderate,69,Predicted
p16_daily_merged,2020-03-11,-0.0171746152196081,-0.003294655992140069,0.3028616467916243,-0.045829372502282396,Moderate,Moderate,69,Predicted
p16_daily_merged,2020-03-12,0.0420694764101736,-0.0020195459199244393,0.3011273149988214,0.1464132283392179,Moderate,Moderate,70,Predicted
p16_daily_merged,2020-03-13,0.1076108004702725,-0.0020195459199244393,0.3011273149988214,0.36406642947892665,Moderate,Moderate,70,Predicted
p16_daily_merged,2020-03-14,0.1260879190035798,-0.0020195459199244393,0.3011273149988214,0.42542625176333015,Moderate,Moderate,70,Predicted
p16_daily_merged,2020-03-15,0.1260879190035798,-0.0020195459199244393,0.3011273149988214,0.42542625176333015,Moderate,Moderate,70,Predicted
p16_daily_merged,2020-03-16,-0.0631171033182478,-0.0037960480233174263,0.29963697725297705,-0.19797641745947422,Moderate,Moderate,71,Predicted
p16_daily_merged,2020-03-17,-0.0631171033182478,-0.0037960480233174263,0.29963697725297705,-0.19797641745947422,Moderate,Moderate,71,Predicted
p16_daily_merged,2020-03-18,-0.1848769157086996,-0.0022442101919836555,0.2980857316505107,-0.6126851644507522,Moderate,Moderate,72,Predicted
