participant_id,date,fatigue_z,mood_z,readiness_z,sleep_quality_z,stress_z,Wellbeing_Index
p01_daily_merged,2019-11-01,1.0509877084907762,0.12940173534066807,-0.8690468061752936,0.5760221094612906,-0.3748277841470603,0.10250739259407618
p01_daily_merged,2019-11-02,1.0509877084907762,0.12940173534066807,-0.15941095261203592,0.5760221094612906,-0.3748277841470603,0.2444345633067277
p01_daily_merged,2019-11-03,-0.8084520834544436,0.12940173534066807,1.2598607545144795,0.5760221094612906,-0.3748277841470603,0.15640094634298685
p01_daily_merged,2019-11-04,-0.8084520834544436,0.12940173534066807,1.2598607545144795,0.5760221094612906,-0.3748277841470603,0.15640094634298685
p01_daily_merged,2019-11-05,-0.8084520834544436,0.12940173534066807,1.2598607545144795,0.5760221094612906,-0.3748277841470603,0.15640094634298685
p01_daily_merged,2019-11-06,-0.8084520834544436,0.12940173534066807,-0.8690468061752936,0.5760221094612906,-0.3748277841470603,-0.2693805657949678
p01_daily_merged,2019-11-07,-0.8084520834544436,0.12940173534066807,0.5502249009512218,0.5760221094612906,-0.3748277841470603,0.014473775630335316
p01_daily_merged,2019-11-08,-0.8084520834544436,0.12940173534066807,0.5502249009512218,0.5760221094612906,-0.3748277841470603,0.014473775630335316
p01_daily_merged,2019-11-09,-0.8084520834544436,0.12940173534066807,1.2598607545144795,0.5760221094612906,-0.3748277841470603,0.15640094634298685
p01_daily_merged,2019-11-10,-0.8084520834544436,0.12940173534066807,0.5502249009512218,0.5760221094612906,-0.3748277841470603,0.014473775630335316
p01_daily_merged,2019-11-12,1.0509877084907762,0.12940173534066807,-1.5786826597385513,0.5760221094612906,-0.3748277841470603,-0.03941977811857535
p01_daily_merged,2019-11-13,-0.8084520834544436,0.12940173534066807,0.5502249009512218,0.5760221094612906,2.667891875399662,0.6230177075396798
p01_daily_merged,2019-11-14,-0.8084520834544436,-3.4420861600617547,0.5502249009512218,0.5760221094612906,2.667891875399662,-0.0912798715408047
p01_daily_merged,2019-11-15,1.0509877084907762,0.12940173534066807,-0.8690468061752936,0.5760221094612906,-0.3748277841470603,0.10250739259407618
p01_daily_merged,2019-11-16,1.0509877084907762,0.12940173534066807,-0.15941095261203592,-1.5158476564770813,-0.3748277841470603,-0.17393938988094668
p01_daily_merged,2019-11-17,-0.8084520834544436,3.7008896307430907,-0.15941095261203592,2.6678918753996625,-0.3748277841470603,1.0052181371858429
p01_daily_merged,2019-11-18,1.0509877084907762,0.12940173534066807,1.2598607545144795,-1.5158476564770813,2.667891875399662,0.7184588834537008
p01_daily_merged,2019-11-19,1.0509877084907762,0.12940173534066807,-0.8690468061752936,-1.5158476564770813,-0.3748277841470603,-0.31586656059359824
p01_daily_merged,2019-11-20,1.0509877084907762,0.12940173534066807,0.5502249009512218,0.5760221094612906,2.667891875399662,0.9949056659287236
p01_daily_merged,2019-11-21,-0.8084520834544436,0.12940173534066807,0.5502249009512218,0.5760221094612906,-0.3748277841470603,0.014473775630335316
p01_daily_merged,2019-11-22,1.0509877084907762,0.12940173534066807,-1.5786826597385513,0.5760221094612906,-0.3748277841470603,-0.03941977811857535
p01_daily_merged,2019-11-23,-0.8084520834544436,0.12940173534066807,1.2598607545144795,0.5760221094612906,-0.3748277841470603,0.15640094634298685
p01_daily_merged,2019-11-24,-0.8084520834544436,0.12940173534066807,-0.15941095261203592,-1.5158476564770813,-0.3748277841470603,-0.5458273482699906
p01_daily_merged,2019-11-25,1.0509877084907762,0.12940173534066807,0.5502249009512218,0.5760221094612906,-0.3748277841470603,0.3863617340193793
p01_daily_merged,2019-11-26,-0.8084520834544436,0.12940173534066807,0.5502249009512218,0.5760221094612906,-0.3748277841470603,0.014473775630335316
p01_daily_merged,2019-11-27,1.0509877084907762,0.12940173534066807,-0.8690468061752936,0.5760221094612906,-0.3748277841470603,0.10250739259407618
p01_daily_merged,2019-11-28,-0.8084520834544436,0.12940173534066807,0.5502249009512218,-1.5158476564770813,-0.3748277841470603,-0.4039001775573391
p01_daily_merged,2019-11-29,1.0509877084907762,0.12940173534066807,-1.5786826597385513,-1.5158476564770813,-0.3748277841470603,-0.45779373130624973
p01_daily_merged,2019-11-30,1.0509877084907762,0.12940173534066807,-0.15941095261203592,0.5760221094612906,-0.3748277841470603,0.2444345633067277
p01_daily_merged,2019-12-01,-0.8084520834544436,0.12940173534066807,0.5502249009512218,0.5760221094612906,-0.3748277841470603,0.014473775630335316
p01_daily_merged,2019-12-02,-0.8084520834544436,0.12940173534066807,1.2598607545144795,-1.5158476564770813,-0.3748277841470603,-0.26197300684468755
p01_daily_merged,2019-12-03,-0.8084520834544436,0.12940173534066807,0.5502249009512218,0.5760221094612906,-0.3748277841470603,0.014473775630335316
p01_daily_merged,2019-12-04,1.0509877084907762,0.12940173534066807,-0.8690468061752936,-1.5158476564770813,-0.3748277841470603,-0.31586656059359824
p01_daily_merged,2019-12-05,1.0509877084907762,0.12940173534066807,-0.15941095261203592,-1.5158476564770813,-0.3748277841470603,-0.17393938988094668
p01_daily_merged,2019-12-06,1.0509877084907762,0.12940173534066807,-2.288318513301809,-1.5158476564770813,-0.3748277841470603,-0.5997209020189013
p01_daily_merged,2019-12-07,1.0509877084907762,0.12940173534066807,-0.15941095261203592,0.5760221094612906,-0.3748277841470603,0.2444345633067277
p01_daily_merged,2019-12-08,-0.8084520834544436,0.12940173534066807,-0.15941095261203592,0.5760221094612906,-0.3748277841470603,-0.12745339508231623
p01_daily_merged,2019-12-09,1.0509877084907762,0.12940173534066807,-1.5786826597385513,-1.5158476564770813,-0.3748277841470603,-0.45779373130624973
p01_daily_merged,2019-12-10,1.0509877084907762,0.12940173534066807,-1.5786826597385513,0.5760221094612906,-0.3748277841470603,-0.03941977811857535
p01_daily_merged,2019-12-13,1.0509877084907762,0.12940173534066807,-0.15941095261203592,-1.5158476564770813,-0.3748277841470603,-0.17393938988094668
p01_daily_merged,2019-12-14,-0.8084520834544436,0.12940173534066807,-0.15941095261203592,0.5760221094612906,-0.3748277841470603,-0.12745339508231623
p01_daily_merged,2019-12-15,1.0509877084907762,0.12940173534066807,0.5502249009512218,0.5760221094612906,-0.3748277841470603,0.3863617340193793
p01_daily_merged,2019-12-16,-0.8084520834544436,0.12940173534066807,0.5502249009512218,0.5760221094612906,-0.3748277841470603,0.014473775630335316
p01_daily_merged,2019-12-17,-2.6678918753996634,0.12940173534066807,0.5502249009512218,0.5760221094612906,-0.3748277841470603,-0.3574141827587087
p01_daily_merged,2019-12-21,-0.8084520834544436,0.12940173534066807,0.5502249009512218,0.5760221094612906,2.667891875399662,0.6230177075396798
p01_daily_merged,2019-12-22,-0.8084520834544436,0.12940173534066807,0.5502249009512218,0.5760221094612906,-0.3748277841470603,0.014473775630335316
p01_daily_merged,2019-12-23,-0.8084520834544436,0.12940173534066807,0.5502249009512218,0.5760221094612906,-0.3748277841470603,0.014473775630335316
p01_daily_merged,2019-12-25,-0.8084520834544436,0.12940173534066807,1.2598607545144795,0.5760221094612906,-0.3748277841470603,0.15640094634298685
p01_daily_merged,2019-12-26,-0.8084520834544436,0.12940173534066807,0.5502249009512218,0.5760221094612906,-0.3748277841470603,0.014473775630335316
p01_daily_merged,2019-12-27,1.0509877084907762,0.12940173534066807,-1.5786826597385513,-1.5158476564770813,-0.3748277841470603,-0.45779373130624973
p01_daily_merged,2019-12-28,1.0509877084907762,0.12940173534066807,-0.8690468061752936,-1.5158476564770813,-0.3748277841470603,-0.31586656059359824
p01_daily_merged,2019-12-29,1.0509877084907762,0.12940173534066807,-0.15941095261203592,0.5760221094612906,-0.3748277841470603,0.2444345633067277
p01_daily_merged,2019-12-30,1.0509877084907762,0.12940173534066807,-0.15941095261203592,0.5760221094612906,-0.3748277841470603,0.2444345633067277
p01_daily_merged,2020-01-01,-0.8084520834544436,0.12940173534066807,0.5502249009512218,0.5760221094612906,-0.3748277841470603,0.014473775630335316
p01_daily_merged,2020-01-02,-0.8084520834544436,0.12940173534066807,0.5502249009512218,0.5760221094612906,-0.3748277841470603,0.014473775630335316
p01_daily_merged,2020-01-03,-0.8084520834544436,0.12940173534066807,0.5502249009512218,0.5760221094612906,-0.3748277841470603,0.014473775630335316
p01_daily_merged,2020-01-04,1.0509877084907762,-3.4420861600617547,-0.8690468061752936,0.5760221094612906,-0.3748277841470603,-0.6117901864864084
p01_daily_merged,2020-01-06,1.0509877084907762,0.12940173534066807,-0.8690468061752936,-1.5158476564770813,2.667891875399662,0.2926773713157463
p01_daily_merged,2020-01-07,1.0509877084907762,0.12940173534066807,-0.15941095261203592,-1.5158476564770813,-0.3748277841470603,-0.17393938988094668
p01_daily_merged,2020-01-08,1.0509877084907762,-3.4420861600617547,-0.15941095261203592,-1.5158476564770813,2.667891875399662,-0.2796930370520867
p01_daily_merged,2020-01-09,1.0509877084907762,-7.0135740554641774,0.5502249009512218,-3.6077174224154533,2.667891875399662,-1.270437398607594
p01_daily_merged,2020-01-10,1.0509877084907762,0.12940173534066807,-0.8690468061752936,-1.5158476564770813,-0.3748277841470603,-0.31586656059359824
p01_daily_merged,2020-01-11,-0.8084520834544436,0.12940173534066807,-0.8690468061752936,0.5760221094612906,-0.3748277841470603,-0.2693805657949678
p01_daily_merged,2020-01-12,-0.8084520834544436,0.12940173534066807,-0.15941095261203592,0.5760221094612906,-0.3748277841470603,-0.12745339508231623
p01_daily_merged,2020-01-13,1.0509877084907762,0.12940173534066807,-0.8690468061752936,-1.5158476564770813,-0.3748277841470603,-0.31586656059359824
p01_daily_merged,2020-01-14,-0.8084520834544436,0.12940173534066807,0.5502249009512218,0.5760221094612906,-0.3748277841470603,0.014473775630335316
p01_daily_merged,2020-01-15,-0.8084520834544436,0.12940173534066807,-1.5786826597385513,0.5760221094612906,-0.3748277841470603,-0.4113077365076193
p01_daily_merged,2020-01-16,-0.8084520834544436,0.12940173534066807,0.5502249009512218,0.5760221094612906,-0.3748277841470603,0.014473775630335316
p01_daily_merged,2020-01-17,-0.8084520834544436,0.12940173534066807,-0.15941095261203592,0.5760221094612906,-0.3748277841470603,-0.12745339508231623
p01_daily_merged,2020-01-18,-0.8084520834544436,0.12940173534066807,0.5502249009512218,0.5760221094612906,-0.3748277841470603,0.014473775630335316
p01_daily_merged,2020-01-19,1.0509877084907762,0.12940173534066807,-1.5786826597385513,0.5760221094612906,-0.3748277841470603,-0.03941977811857535
p01_daily_merged,2020-01-20,-0.8084520834544436,0.12940173534066807,-0.8690468061752936,0.5760221094612906,2.667891875399662,0.3391633661143767
p01_daily_merged,2020-01-21,-0.8084520834544436,0.12940173534066807,0.5502249009512218,0.5760221094612906,-0.3748277841470603,0.014473775630335316
p01_daily_merged,2020-01-22,1.0509877084907762,0.12940173534066807,-0.15941095261203592,0.5760221094612906,-0.3748277841470603,0.2444345633067277
p01_daily_merged,2020-01-23,-0.8084520834544436,0.12940173534066807,-0.15941095261203592,0.5760221094612906,-0.3748277841470603,-0.12745339508231623
p01_daily_merged,2020-01-24,-0.8084520834544436,0.12940173534066807,-1.5786826597385513,0.5760221094612906,-0.3748277841470603,-0.4113077365076193
p01_daily_merged,2020-01-26,1.0509877084907762,0.12940173534066807,-1.5786826597385513,-1.5158476564770813,-0.3748277841470603,-0.45779373130624973
p01_daily_merged,2020-01-27,1.0509877084907762,0.12940173534066807,-0.15941095261203592,0.5760221094612906,-0.3748277841470603,0.2444345633067277
p01_daily_merged,2020-01-28,-0.8084520834544436,0.12940173534066807,0.5502249009512218,0.5760221094612906,-0.3748277841470603,0.014473775630335316
p01_daily_merged,2020-01-29,1.0509877084907762,0.12940173534066807,0.5502249009512218,0.5760221094612906,-0.3748277841470603,0.3863617340193793
p01_daily_merged,2020-01-30,-0.8084520834544436,0.12940173534066807,1.2598607545144795,0.5760221094612906,-0.3748277841470603,0.15640094634298685
p01_daily_merged,2020-01-31,2.9104275004359956,0.12940173534066807,-2.288318513301809,0.5760221094612906,-0.3748277841470603,0.19054100955781703
p01_daily_merged,2020-02-01,1.0509877084907762,0.12940173534066807,-0.8690468061752936,-1.5158476564770813,-0.3748277841470603,-0.31586656059359824
p01_daily_merged,2020-02-02,-0.8084520834544436,3.7008896307430907,0.5502249009512218,0.5760221094612906,-0.3748277841470603,0.7287713547108198
p01_daily_merged,2020-02-03,1.0509877084907762,0.12940173534066807,-0.15941095261203592,-1.5158476564770813,-0.3748277841470603,-0.17393938988094668
p01_daily_merged,2020-02-04,-0.8084520834544436,0.12940173534066807,0.5502249009512218,0.5760221094612906,-0.3748277841470603,0.014473775630335316
p01_daily_merged,2020-02-05,-0.8084520834544436,0.12940173534066807,1.2598607545144795,0.5760221094612906,-0.3748277841470603,0.15640094634298685
p01_daily_merged,2020-02-06,-0.8084520834544436,0.12940173534066807,-0.15941095261203592,0.5760221094612906,-0.3748277841470603,-0.12745339508231623
p01_daily_merged,2020-02-07,1.0509877084907762,0.12940173534066807,-2.288318513301809,-1.5158476564770813,-0.3748277841470603,-0.5997209020189013
p01_daily_merged,2020-02-08,1.0509877084907762,0.12940173534066807,-0.8690468061752936,0.5760221094612906,-0.3748277841470603,0.10250739259407618
p01_daily_merged,2020-02-09,-0.8084520834544436,0.12940173534066807,0.5502249009512218,0.5760221094612906,-0.3748277841470603,0.014473775630335316
p01_daily_merged,2020-02-10,-0.8084520834544436,0.12940173534066807,1.2598607545144795,0.5760221094612906,-0.3748277841470603,0.15640094634298685
p01_daily_merged,2020-02-11,1.0509877084907762,0.12940173534066807,-0.15941095261203592,0.5760221094612906,-0.3748277841470603,0.2444345633067277
p01_daily_merged,2020-02-12,1.0509877084907762,0.12940173534066807,0.5502249009512218,-1.5158476564770813,-0.3748277841470603,-0.03201221916829511
p01_daily_merged,2020-02-13,-0.8084520834544436,0.12940173534066807,0.5502249009512218,-1.5158476564770813,-0.3748277841470603,-0.4039001775573391
p01_daily_merged,2020-02-14,2.9104275004359956,0.12940173534066807,-2.288318513301809,-1.5158476564770813,-0.3748277841470603,-0.22783294362985734
p01_daily_merged,2020-02-15,1.0509877084907762,0.12940173534066807,-1.5786826597385513,0.5760221094612906,-0.3748277841470603,-0.03941977811857535
p01_daily_merged,2020-02-17,-0.8084520834544436,0.12940173534066807,-0.8690468061752936,0.5760221094612906,-0.3748277841470603,-0.2693805657949678
p01_daily_merged,2020-02-18,-0.8084520834544436,0.12940173534066807,-0.15941095261203592,0.5760221094612906,-0.3748277841470603,-0.12745339508231623
p01_daily_merged,2020-02-19,-0.8084520834544436,0.12940173534066807,0.5502249009512218,0.5760221094612906,-0.3748277841470603,0.014473775630335316
p01_daily_merged,2020-02-20,-0.8084520834544436,0.12940173534066807,1.2598607545144795,0.5760221094612906,-0.3748277841470603,0.15640094634298685
p01_daily_merged,2020-02-21,-0.8084520834544436,0.12940173534066807,1.2598607545144795,0.5760221094612906,-0.3748277841470603,0.15640094634298685
p01_daily_merged,2020-02-22,1.0509877084907762,0.12940173534066807,-0.8690468061752936,0.5760221094612906,-0.3748277841470603,0.10250739259407618
p01_daily_merged,2020-02-23,1.0509877084907762,0.12940173534066807,-0.15941095261203592,0.5760221094612906,-0.3748277841470603,0.2444345633067277
p01_daily_merged,2020-02-24,-0.8084520834544436,0.12940173534066807,-0.15941095261203592,0.5760221094612906,-0.3748277841470603,-0.12745339508231623
p01_daily_merged,2020-02-25,-0.8084520834544436,0.12940173534066807,0.5502249009512218,0.5760221094612906,-0.3748277841470603,0.014473775630335316
p01_daily_merged,2020-02-26,-0.8084520834544436,0.12940173534066807,1.2598607545144795,0.5760221094612906,-0.3748277841470603,0.15640094634298685
p01_daily_merged,2020-02-27,1.0509877084907762,0.12940173534066807,-0.15941095261203592,0.5760221094612906,-0.3748277841470603,0.2444345633067277
p01_daily_merged,2020-02-28,1.0509877084907762,0.12940173534066807,-2.288318513301809,-1.5158476564770813,-0.3748277841470603,-0.5997209020189013
p01_daily_merged,2020-02-29,-0.8084520834544436,0.12940173534066807,-0.8690468061752936,0.5760221094612906,-0.3748277841470603,-0.2693805657949678
p01_daily_merged,2020-03-01,-0.8084520834544436,0.12940173534066807,-0.15941095261203592,0.5760221094612906,-0.3748277841470603,-0.12745339508231623
p01_daily_merged,2020-03-02,1.0509877084907762,0.12940173534066807,-2.288318513301809,0.5760221094612906,-0.3748277841470603,-0.18134694883122687
p01_daily_merged,2020-03-03,-0.8084520834544436,0.12940173534066807,-0.15941095261203592,0.5760221094612906,-0.3748277841470603,-0.12745339508231623
p01_daily_merged,2020-03-04,-0.8084520834544436,0.12940173534066807,0.5502249009512218,-1.5158476564770813,-0.3748277841470603,-0.4039001775573391
p01_daily_merged,2020-03-05,-0.8084520834544436,0.12940173534066807,1.2598607545144795,0.5760221094612906,2.667891875399662,0.7649448782523314
p01_daily_merged,2020-03-06,1.0509877084907762,0.12940173534066807,-2.9979543668650668,-1.5158476564770813,-0.3748277841470603,-0.7416480727315529
p01_daily_merged,2020-03-07,-0.8084520834544436,0.12940173534066807,-0.15941095261203592,0.5760221094612906,-0.3748277841470603,-0.12745339508231623
p01_daily_merged,2020-03-08,-0.8084520834544436,0.12940173534066807,0.5502249009512218,-1.5158476564770813,-0.3748277841470603,-0.4039001775573391
p01_daily_merged,2020-03-09,-0.8084520834544436,0.12940173534066807,0.5502249009512218,0.5760221094612906,-0.3748277841470603,0.014473775630335316
p01_daily_merged,2020-03-10,-0.8084520834544436,0.12940173534066807,1.2598607545144795,0.5760221094612906,-0.3748277841470603,0.15640094634298685
p01_daily_merged,2020-03-12,-0.8084520834544436,0.12940173534066807,0.5502249009512218,0.5760221094612906,-0.3748277841470603,0.014473775630335316
p01_daily_merged,2020-03-13,-0.8084520834544436,0.12940173534066807,1.2598607545144795,0.5760221094612906,-0.3748277841470603,0.15640094634298685
p01_daily_merged,2020-03-14,-0.8084520834544436,0.12940173534066807,1.2598607545144795,0.5760221094612906,-0.3748277841470603,0.15640094634298685
p01_daily_merged,2020-03-15,1.0509877084907762,0.12940173534066807,-1.5786826597385513,-1.5158476564770813,-0.3748277841470603,-0.45779373130624973
p01_daily_merged,2020-03-16,1.0509877084907762,0.12940173534066807,-0.15941095261203592,-1.5158476564770813,-0.3748277841470603,-0.17393938988094668
p01_daily_merged,2020-03-17,1.0509877084907762,0.12940173534066807,0.5502249009512218,0.5760221094612906,2.667891875399662,0.9949056659287236
p01_daily_merged,2020-03-18,-0.8084520834544436,0.12940173534066807,0.5502249009512218,-1.5158476564770813,2.667891875399662,0.20464375435200538
p01_daily_merged,2020-03-19,1.0509877084907762,0.12940173534066807,0.5502249009512218,-1.5158476564770813,2.667891875399662,0.5765317127410494
p01_daily_merged,2020-03-20,1.0509877084907762,-3.4420861600617547,0.5502249009512218,-1.5158476564770813,2.667891875399662,-0.13776586633943513
p01_daily_merged,2020-03-21,1.0509877084907762,0.12940173534066807,0.5502249009512218,0.5760221094612906,2.667891875399662,0.9949056659287236
p01_daily_merged,2020-03-22,-0.8084520834544436,0.12940173534066807,1.2598607545144795,0.5760221094612906,-0.3748277841470603,0.15640094634298685
p01_daily_merged,2020-03-23,-0.8084520834544436,0.12940173534066807,1.2598607545144795,0.5760221094612906,-0.3748277841470603,0.15640094634298685
p01_daily_merged,2020-03-24,-0.8084520834544436,0.12940173534066807,1.2598607545144795,0.5760221094612906,2.667891875399662,0.7649448782523314
p01_daily_merged,2020-03-25,-0.8084520834544436,0.12940173534066807,1.2598607545144795,-1.5158476564770813,-0.3748277841470603,-0.26197300684468755
p01_daily_merged,2020-03-27,1.0509877084907762,-3.4420861600617547,-0.15941095261203592,-1.5158476564770813,2.667891875399662,-0.2796930370520867
p01_daily_merged,2020-03-28,-0.8084520834544436,0.12940173534066807,1.2598607545144795,0.5760221094612906,-0.3748277841470603,0.15640094634298685
p01_daily_merged,2020-03-29,-0.8084520834544436,0.12940173534066807,1.2598607545144795,0.5760221094612906,-0.3748277841470603,0.15640094634298685
p01_daily_merged,2020-03-30,-0.8084520834544436,0.12940173534066807,1.2598607545144795,0.5760221094612906,-0.3748277841470603,0.15640094634298685
p02_daily_merged,2019-11-03,-0.058123819371908726,4.354648431614538,2.4438177785181145,4.284235203659669,-5.65685424949238,1.0735446689856065
p02_daily_merged,2019-11-06,-5.812381937190962,-0.13608276348795417,1.6806065480029937,-3.95147907133659,0.1767766952966367,-1.6085121057431753
p02_daily_merged,2019-11-07,-0.058123819371908726,-0.13608276348795417,1.6806065480029937,0.16637806616153986,0.1767766952966367,0.36591094532026147
p02_daily_merged,2019-11-08,-0.058123819371908726,-0.13608276348795417,1.6806065480029937,0.16637806616153986,0.1767766952966367,0.36591094532026147
p02_daily_merged,2019-11-09,-0.058123819371908726,-0.13608276348795417,0.15418408697275202,0.16637806616153986,0.1767766952966367,0.06062645311421313
p02_daily_merged,2019-11-10,-0.058123819371908726,-0.13608276348795417,0.917395317487873,0.16637806616153986,0.1767766952966367,0.21326869921723732
p02_daily_merged,2019-11-11,-0.058123819371908726,-0.13608276348795417,2.4438177785181145,0.16637806616153986,0.1767766952966367,0.5185531914232856
p02_daily_merged,2019-11-13,-0.058123819371908726,-4.626813958590446,0.917395317487873,0.16637806616153986,0.1767766952966367,-0.6848775398032613
p02_daily_merged,2019-11-15,-0.058123819371908726,-0.13608276348795417,0.15418408697275202,0.16637806616153986,0.1767766952966367,0.06062645311421313
p02_daily_merged,2019-11-17,-0.058123819371908726,-0.13608276348795417,-0.6090271435423689,0.16637806616153986,0.1767766952966367,-0.09201579298881105
p02_daily_merged,2019-11-18,-0.058123819371908726,-0.13608276348795417,0.15418408697275202,0.16637806616153986,0.1767766952966367,0.06062645311421313
p02_daily_merged,2019-11-19,5.696134298447144,-0.13608276348795417,-0.6090271435423689,0.16637806616153986,0.1767766952966367,1.0588358305749996
p02_daily_merged,2019-11-20,-0.058123819371908726,-0.13608276348795417,0.917395317487873,0.16637806616153986,0.1767766952966367,0.21326869921723732
p02_daily_merged,2019-11-22,-0.058123819371908726,-0.13608276348795417,-0.6090271435423689,0.16637806616153986,0.1767766952966367,-0.09201579298881105
p02_daily_merged,2019-11-23,-0.058123819371908726,-0.13608276348795417,0.15418408697275202,0.16637806616153986,0.1767766952966367,0.06062645311421313
p02_daily_merged,2019-11-24,-0.058123819371908726,-0.13608276348795417,-2.1354496045726106,0.16637806616153986,0.1767766952966367,-0.3973002851948594
p02_daily_merged,2019-11-25,-0.058123819371908726,-0.13608276348795417,0.917395317487873,0.16637806616153986,0.1767766952966367,0.21326869921723732
p02_daily_merged,2019-11-26,-0.058123819371908726,-0.13608276348795417,0.917395317487873,0.16637806616153986,0.1767766952966367,0.21326869921723732
p02_daily_merged,2019-11-28,-0.058123819371908726,-0.13608276348795417,0.917395317487873,0.16637806616153986,0.1767766952966367,0.21326869921723732
p02_daily_merged,2019-11-29,-0.058123819371908726,-0.13608276348795417,0.15418408697275202,0.16637806616153986,0.1767766952966367,0.06062645311421313
p02_daily_merged,2019-12-01,-0.058123819371908726,-0.13608276348795417,-2.1354496045726106,0.16637806616153986,0.1767766952966367,-0.3973002851948594
p02_daily_merged,2019-12-02,-0.058123819371908726,-0.13608276348795417,-2.1354496045726106,0.16637806616153986,0.1767766952966367,-0.3973002851948594
p02_daily_merged,2019-12-03,-0.058123819371908726,-0.13608276348795417,-2.1354496045726106,0.16637806616153986,0.1767766952966367,-0.3973002851948594
p02_daily_merged,2019-12-04,-0.058123819371908726,-0.13608276348795417,-2.1354496045726106,0.16637806616153986,0.1767766952966367,-0.3973002851948594
p02_daily_merged,2019-12-05,-0.058123819371908726,-0.13608276348795417,-1.3722383740574897,0.16637806616153986,0.1767766952966367,-0.2446580390918352
p02_daily_merged,2019-12-07,-0.058123819371908726,-0.13608276348795417,-0.6090271435423689,0.16637806616153986,0.1767766952966367,-0.09201579298881105
p02_daily_merged,2019-12-08,-0.058123819371908726,-0.13608276348795417,-0.6090271435423689,0.16637806616153986,0.1767766952966367,-0.09201579298881105
p02_daily_merged,2019-12-10,-0.058123819371908726,-0.13608276348795417,0.15418408697275202,0.16637806616153986,0.1767766952966367,0.06062645311421313
p02_daily_merged,2019-12-12,-0.058123819371908726,-0.13608276348795417,0.15418408697275202,0.16637806616153986,0.1767766952966367,0.06062645311421313
p02_daily_merged,2019-12-14,-0.058123819371908726,-0.13608276348795417,-0.6090271435423689,0.16637806616153986,0.1767766952966367,-0.09201579298881105
p02_daily_merged,2019-12-15,-0.058123819371908726,-0.13608276348795417,-0.6090271435423689,0.16637806616153986,0.1767766952966367,-0.09201579298881105
p02_daily_merged,2019-12-19,-0.058123819371908726,-0.13608276348795417,0.15418408697275202,0.16637806616153986,0.1767766952966367,0.06062645311421313
p02_daily_merged,2019-12-20,-0.058123819371908726,-0.13608276348795417,-0.6090271435423689,0.16637806616153986,0.1767766952966367,-0.09201579298881105
p02_daily_merged,2019-12-21,-0.058123819371908726,-0.13608276348795417,0.15418408697275202,0.16637806616153986,0.1767766952966367,0.06062645311421313
p02_daily_merged,2019-12-23,-0.058123819371908726,-0.13608276348795417,-1.3722383740574897,0.16637806616153986,0.1767766952966367,-0.2446580390918352
p02_daily_merged,2019-12-24,-0.058123819371908726,-0.13608276348795417,-1.3722383740574897,0.16637806616153986,0.1767766952966367,-0.2446580390918352
p02_daily_merged,2019-12-26,-0.058123819371908726,-0.13608276348795417,-1.3722383740574897,0.16637806616153986,0.1767766952966367,-0.2446580390918352
p02_daily_merged,2019-12-27,-0.058123819371908726,-0.13608276348795417,-0.6090271435423689,0.16637806616153986,0.1767766952966367,-0.09201579298881105
p02_daily_merged,2019-12-28,-0.058123819371908726,-0.13608276348795417,-0.6090271435423689,0.16637806616153986,0.1767766952966367,-0.09201579298881105
p02_daily_merged,2019-12-29,-0.058123819371908726,-0.13608276348795417,-1.3722383740574897,0.16637806616153986,0.1767766952966367,-0.2446580390918352
p02_daily_merged,2019-12-31,-0.058123819371908726,-0.13608276348795417,0.15418408697275202,0.16637806616153986,0.1767766952966367,0.06062645311421313
p02_daily_merged,2020-01-01,-0.058123819371908726,-0.13608276348795417,-2.1354496045726106,0.16637806616153986,0.1767766952966367,-0.3973002851948594
p02_daily_merged,2020-01-02,-0.058123819371908726,-0.13608276348795417,0.917395317487873,0.16637806616153986,0.1767766952966367,0.21326869921723732
p02_daily_merged,2020-01-05,-0.058123819371908726,-0.13608276348795417,0.15418408697275202,0.16637806616153986,0.1767766952966367,0.06062645311421313
p02_daily_merged,2020-01-07,-0.058123819371908726,-0.13608276348795417,0.15418408697275202,-3.95147907133659,0.1767766952966367,-0.7629449743854129
p02_daily_merged,2020-01-09,-0.058123819371908726,-0.13608276348795417,-0.6090271435423689,0.16637806616153986,0.1767766952966367,-0.09201579298881105
p02_daily_merged,2020-01-10,-0.058123819371908726,-0.13608276348795417,0.15418408697275202,-3.95147907133659,0.1767766952966367,-0.7629449743854129
p02_daily_merged,2020-01-11,-0.058123819371908726,-0.13608276348795417,-0.6090271435423689,0.16637806616153986,0.1767766952966367,-0.09201579298881105
p02_daily_merged,2020-01-13,-0.058123819371908726,-0.13608276348795417,0.15418408697275202,0.16637806616153986,0.1767766952966367,0.06062645311421313
p02_daily_merged,2020-01-14,-0.058123819371908726,-0.13608276348795417,0.917395317487873,0.16637806616153986,0.1767766952966367,0.21326869921723732
p02_daily_merged,2020-01-17,-0.058123819371908726,-0.13608276348795417,1.6806065480029937,0.16637806616153986,0.1767766952966367,0.36591094532026147
p02_daily_merged,2020-01-18,-0.058123819371908726,-0.13608276348795417,-0.6090271435423689,0.16637806616153986,0.1767766952966367,-0.09201579298881105
p02_daily_merged,2020-01-20,5.696134298447144,-0.13608276348795417,-1.3722383740574897,0.16637806616153986,0.1767766952966367,0.9061935844719755
p02_daily_merged,2020-01-23,-0.058123819371908726,-0.13608276348795417,0.15418408697275202,0.16637806616153986,0.1767766952966367,0.06062645311421313
p02_daily_merged,2020-01-24,-0.058123819371908726,-0.13608276348795417,-0.6090271435423689,0.16637806616153986,0.1767766952966367,-0.09201579298881105
p02_daily_merged,2020-01-25,-0.058123819371908726,-0.13608276348795417,-1.3722383740574897,0.16637806616153986,0.1767766952966367,-0.2446580390918352
p02_daily_merged,2020-01-26,-0.058123819371908726,-0.13608276348795417,-1.3722383740574897,0.16637806616153986,0.1767766952966367,-0.2446580390918352
p02_daily_merged,2020-01-29,-0.058123819371908726,-0.13608276348795417,0.15418408697275202,0.16637806616153986,0.1767766952966367,0.06062645311421313
p02_daily_merged,2020-01-31,-0.058123819371908726,-0.13608276348795417,0.15418408697275202,0.16637806616153986,0.1767766952966367,0.06062645311421313
p02_daily_merged,2020-02-02,-0.058123819371908726,-0.13608276348795417,0.917395317487873,0.16637806616153986,0.1767766952966367,0.21326869921723732
p02_daily_merged,2020-02-05,-0.058123819371908726,-0.13608276348795417,0.15418408697275202,0.16637806616153986,0.1767766952966367,0.06062645311421313
p02_daily_merged,2020-02-07,-0.058123819371908726,-0.13608276348795417,0.15418408697275202,0.16637806616153986,0.1767766952966367,0.06062645311421313
p02_daily_merged,2020-02-08,-0.058123819371908726,-0.13608276348795417,0.15418408697275202,-3.95147907133659,0.1767766952966367,-0.7629449743854129
p02_daily_merged,2020-02-09,-0.058123819371908726,-0.13608276348795417,0.15418408697275202,0.16637806616153986,0.1767766952966367,0.06062645311421313
p02_daily_merged,2020-02-10,-0.058123819371908726,-0.13608276348795417,0.15418408697275202,0.16637806616153986,0.1767766952966367,0.06062645311421313
p02_daily_merged,2020-02-11,-0.058123819371908726,-0.13608276348795417,0.15418408697275202,0.16637806616153986,0.1767766952966367,0.06062645311421313
p02_daily_merged,2020-02-12,-0.058123819371908726,-0.13608276348795417,0.15418408697275202,0.16637806616153986,0.1767766952966367,0.06062645311421313
p02_daily_merged,2020-02-14,-0.058123819371908726,-0.13608276348795417,-0.6090271435423689,0.16637806616153986,0.1767766952966367,-0.09201579298881105
p02_daily_merged,2020-02-16,-0.058123819371908726,-0.13608276348795417,0.917395317487873,0.16637806616153986,0.1767766952966367,0.21326869921723732
p02_daily_merged,2020-02-17,-0.058123819371908726,-0.13608276348795417,0.15418408697275202,0.16637806616153986,0.1767766952966367,0.06062645311421313
p02_daily_merged,2020-02-18,-0.058123819371908726,-0.13608276348795417,0.15418408697275202,0.16637806616153986,0.1767766952966367,0.06062645311421313
p02_daily_merged,2020-02-19,-0.058123819371908726,-0.13608276348795417,1.6806065480029937,0.16637806616153986,0.1767766952966367,0.36591094532026147
p02_daily_merged,2020-02-21,-0.058123819371908726,-0.13608276348795417,0.917395317487873,0.16637806616153986,0.1767766952966367,0.21326869921723732
p02_daily_merged,2020-02-22,-0.058123819371908726,4.354648431614538,0.15418408697275202,0.16637806616153986,-5.65685424949238,-0.20795349682309167
p02_daily_merged,2020-02-23,-0.058123819371908726,-0.13608276348795417,0.917395317487873,0.16637806616153986,0.1767766952966367,0.21326869921723732
p02_daily_merged,2020-02-24,-0.058123819371908726,-0.13608276348795417,0.15418408697275202,0.16637806616153986,0.1767766952966367,0.06062645311421313
p02_daily_merged,2020-02-25,-0.058123819371908726,-0.13608276348795417,0.15418408697275202,0.16637806616153986,0.1767766952966367,0.06062645311421313
p02_daily_merged,2020-02-26,-0.058123819371908726,4.354648431614538,0.917395317487873,0.16637806616153986,0.1767766952966367,1.1114149382377358
p02_daily_merged,2020-02-27,-0.058123819371908726,4.354648431614538,1.6806065480029937,0.16637806616153986,-5.65685424949238,0.09733099538295668
p02_daily_merged,2020-02-28,-0.058123819371908726,-0.13608276348795417,0.15418408697275202,0.16637806616153986,0.1767766952966367,0.06062645311421313
p02_daily_merged,2020-02-29,-0.058123819371908726,-0.13608276348795417,0.917395317487873,0.16637806616153986,0.1767766952966367,0.21326869921723732
p02_daily_merged,2020-03-01,-0.058123819371908726,-0.13608276348795417,0.917395317487873,0.16637806616153986,0.1767766952966367,0.21326869921723732
p02_daily_merged,2020-03-02,-0.058123819371908726,-0.13608276348795417,0.917395317487873,0.16637806616153986,0.1767766952966367,0.21326869921723732
p02_daily_merged,2020-03-03,-0.058123819371908726,-0.13608276348795417,0.917395317487873,0.16637806616153986,0.1767766952966367,0.21326869921723732
p02_daily_merged,2020-03-04,-0.058123819371908726,-0.13608276348795417,0.15418408697275202,0.16637806616153986,0.1767766952966367,0.06062645311421313
p02_daily_merged,2020-03-06,-0.058123819371908726,-0.13608276348795417,0.15418408697275202,0.16637806616153986,0.1767766952966367,0.06062645311421313
p02_daily_merged,2020-03-07,-0.058123819371908726,-0.13608276348795417,0.15418408697275202,0.16637806616153986,0.1767766952966367,0.06062645311421313
p02_daily_merged,2020-03-08,-0.058123819371908726,-0.13608276348795417,-0.6090271435423689,0.16637806616153986,0.1767766952966367,-0.09201579298881105
p02_daily_merged,2020-03-11,-0.058123819371908726,-0.13608276348795417,0.15418408697275202,0.16637806616153986,0.1767766952966367,0.06062645311421313
p02_daily_merged,2020-03-13,-0.058123819371908726,-0.13608276348795417,-0.6090271435423689,0.16637806616153986,0.1767766952966367,-0.09201579298881105
p02_daily_merged,2020-03-17,-0.058123819371908726,-0.13608276348795417,0.15418408697275202,0.16637806616153986,0.1767766952966367,0.06062645311421313
p02_daily_merged,2020-03-19,-0.058123819371908726,-0.13608276348795417,0.917395317487873,0.16637806616153986,0.1767766952966367,0.21326869921723732
p02_daily_merged,2020-03-20,-0.058123819371908726,-0.13608276348795417,-0.6090271435423689,-3.95147907133659,0.1767766952966367,-0.9155872204884371
p02_daily_merged,2020-03-21,-0.058123819371908726,-0.13608276348795417,-0.6090271435423689,0.16637806616153986,0.1767766952966367,-0.09201579298881105
p02_daily_merged,2020-03-23,-0.058123819371908726,-0.13608276348795417,0.917395317487873,0.16637806616153986,0.1767766952966367,0.21326869921723732
p02_daily_merged,2020-03-25,-0.058123819371908726,-0.13608276348795417,0.15418408697275202,0.16637806616153986,0.1767766952966367,0.06062645311421313
p02_daily_merged,2020-03-26,-0.058123819371908726,-0.13608276348795417,0.15418408697275202,0.16637806616153986,0.1767766952966367,0.06062645311421313
p02_daily_merged,2020-03-29,-0.058123819371908726,-0.13608276348795417,-1.3722383740574897,0.16637806616153986,0.1767766952966367,-0.2446580390918352
p02_daily_merged,2020-03-30,-0.058123819371908726,-0.13608276348795417,-1.3722383740574897,0.16637806616153986,0.1767766952966367,-0.2446580390918352
p03_daily_merged,2019-11-01,3.2862799182776636,0.12621094857350149,0.12621094857349993,-4.005192229116605,-0.1833396994056424,-0.12996602261951642
p03_daily_merged,2019-11-03,-0.21339479988816018,0.12621094857350149,0.12621094857349993,0.04944681764341492,-0.1833396994056424,-0.01897315690067725
p03_daily_merged,2019-11-04,-0.21339479988816018,0.12621094857350149,0.12621094857349993,0.04944681764341492,-0.1833396994056424,-0.01897315690067725
p03_daily_merged,2019-11-05,3.2862799182776636,0.12621094857350149,0.12621094857349993,0.04944681764341492,-0.1833396994056424,0.6809617867324875
p03_daily_merged,2019-11-06,-0.21339479988816018,0.12621094857350149,0.12621094857349993,0.04944681764341492,-0.1833396994056424,-0.01897315690067725
p03_daily_merged,2019-11-07,-0.21339479988816018,0.12621094857350149,0.12621094857349993,4.1040858644034355,-0.1833396994056424,0.7919546524513268
p03_daily_merged,2019-11-08,-3.713069518053984,0.12621094857350149,0.12621094857349993,4.1040858644034355,-0.1833396994056424,0.0920197088181621
p03_daily_merged,2019-11-11,-0.21339479988816018,0.12621094857350149,0.12621094857349993,0.04944681764341492,-0.1833396994056424,-0.01897315690067725
p03_daily_merged,2019-11-12,3.2862799182776636,0.12621094857350149,0.12621094857349993,-4.005192229116605,-0.1833396994056424,-0.12996602261951642
p03_daily_merged,2019-11-13,-0.21339479988816018,0.12621094857350149,0.12621094857349993,0.04944681764341492,-0.1833396994056424,-0.01897315690067725
p03_daily_merged,2019-11-14,-0.21339479988816018,0.12621094857350149,0.12621094857349993,0.04944681764341492,-0.1833396994056424,-0.01897315690067725
p03_daily_merged,2019-11-16,-0.21339479988816018,0.12621094857350149,0.12621094857349993,0.04944681764341492,-0.1833396994056424,-0.01897315690067725
p03_daily_merged,2019-11-17,-0.21339479988816018,0.12621094857350149,0.12621094857349993,0.04944681764341492,-0.1833396994056424,-0.01897315690067725
p03_daily_merged,2019-11-19,-0.21339479988816018,0.12621094857350149,0.12621094857349993,0.04944681764341492,-0.1833396994056424,-0.01897315690067725
p03_daily_merged,2019-11-20,-0.21339479988816018,0.12621094857350149,0.12621094857349993,0.04944681764341492,-0.1833396994056424,-0.01897315690067725
p03_daily_merged,2019-11-22,-0.21339479988816018,0.12621094857350149,0.12621094857349993,0.04944681764341492,-0.1833396994056424,-0.01897315690067725
p03_daily_merged,2019-11-23,-0.21339479988816018,0.12621094857350149,0.12621094857349993,0.04944681764341492,-0.1833396994056424,-0.01897315690067725
p03_daily_merged,2019-11-25,-0.21339479988816018,0.12621094857350149,0.12621094857349993,0.04944681764341492,-3.9418035372213085,-0.7706659244638104
p03_daily_merged,2019-11-26,3.2862799182776636,0.12621094857350149,-6.773320906777908,-4.005192229116605,-0.1833396994056424,-1.509872393689798
p03_daily_merged,2019-11-27,-0.21339479988816018,0.12621094857350149,-3.323554979102204,0.04944681764341492,-0.1833396994056424,-0.7089263424358181
p03_daily_merged,2019-12-01,-0.21339479988816018,0.12621094857350149,0.12621094857349993,0.04944681764341492,-0.1833396994056424,-0.01897315690067725
p03_daily_merged,2019-12-01,-0.21339479988816018,0.12621094857350149,0.12621094857349993,0.04944681764341492,-0.1833396994056424,-0.01897315690067725
p03_daily_merged,2019-12-04,-0.21339479988816018,0.12621094857350149,0.12621094857349993,0.04944681764341492,-0.1833396994056424,-0.01897315690067725
p03_daily_merged,2019-12-09,-0.21339479988816018,0.12621094857350149,0.12621094857349993,0.04944681764341492,-0.1833396994056424,-0.01897315690067725
p03_daily_merged,2019-12-11,-0.21339479988816018,0.12621094857350149,0.12621094857349993,0.04944681764341492,-0.1833396994056424,-0.01897315690067725
p03_daily_merged,2019-12-11,-0.21339479988816018,0.12621094857350149,0.12621094857349993,0.04944681764341492,-0.1833396994056424,-0.01897315690067725
p03_daily_merged,2019-12-13,-0.21339479988816018,0.12621094857350149,0.12621094857349993,0.04944681764341492,-0.1833396994056424,-0.01897315690067725
p03_daily_merged,2019-12-14,-0.21339479988816018,0.12621094857350149,0.12621094857349993,0.04944681764341492,-0.1833396994056424,-0.01897315690067725
p03_daily_merged,2019-12-20,-0.21339479988816018,0.12621094857350149,0.12621094857349993,0.04944681764341492,-0.1833396994056424,-0.01897315690067725
p03_daily_merged,2019-12-21,-0.21339479988816018,0.12621094857350149,0.12621094857349993,0.04944681764341492,-0.1833396994056424,-0.01897315690067725
p03_daily_merged,2019-12-22,-0.21339479988816018,0.12621094857350149,0.12621094857349993,0.04944681764341492,-0.1833396994056424,-0.01897315690067725
p03_daily_merged,2019-12-24,-0.21339479988816018,0.12621094857350149,3.5759768762492037,0.04944681764341492,-0.1833396994056424,0.6709800286344635
p03_daily_merged,2019-12-26,-0.21339479988816018,3.575976876249206,-3.323554979102204,0.04944681764341492,-0.1833396994056424,-0.01897315690067714
p03_daily_merged,2019-12-28,-0.21339479988816018,0.12621094857350149,0.12621094857349993,0.04944681764341492,-0.1833396994056424,-0.01897315690067725
p03_daily_merged,2019-12-29,-0.21339479988816018,0.12621094857350149,0.12621094857349993,0.04944681764341492,-0.1833396994056424,-0.01897315690067725
p03_daily_merged,2019-12-30,-0.21339479988816018,0.12621094857350149,0.12621094857349993,0.04944681764341492,-0.1833396994056424,-0.01897315690067725
p03_daily_merged,2020-01-01,-0.21339479988816018,0.12621094857350149,0.12621094857349993,0.04944681764341492,-0.1833396994056424,-0.01897315690067725
p03_daily_merged,2020-01-05,-0.21339479988816018,0.12621094857350149,0.12621094857349993,0.04944681764341492,-0.1833396994056424,-0.01897315690067725
p03_daily_merged,2020-01-06,-0.21339479988816018,0.12621094857350149,0.12621094857349993,0.04944681764341492,3.5751241384100236,0.732719610662456
p03_daily_merged,2020-01-07,-0.21339479988816018,0.12621094857350149,0.12621094857349993,0.04944681764341492,3.5751241384100236,0.732719610662456
p03_daily_merged,2020-01-08,-0.21339479988816018,0.12621094857350149,0.12621094857349993,0.04944681764341492,3.5751241384100236,0.732719610662456
p03_daily_merged,2020-01-12,-0.21339479988816018,0.12621094857350149,0.12621094857349993,0.04944681764341492,-0.1833396994056424,-0.01897315690067725
p03_daily_merged,2020-01-12,-0.21339479988816018,0.12621094857350149,0.12621094857349993,0.04944681764341492,-0.1833396994056424,-0.01897315690067725
p03_daily_merged,2020-01-13,-0.21339479988816018,0.12621094857350149,0.12621094857349993,0.04944681764341492,-0.1833396994056424,-0.01897315690067725
p03_daily_merged,2020-01-14,-0.21339479988816018,0.12621094857350149,0.12621094857349993,0.04944681764341492,-0.1833396994056424,-0.01897315690067725
p03_daily_merged,2020-01-15,-0.21339479988816018,0.12621094857350149,0.12621094857349993,0.04944681764341492,-0.1833396994056424,-0.01897315690067725
p03_daily_merged,2020-01-16,-0.21339479988816018,0.12621094857350149,0.12621094857349993,0.04944681764341492,-0.1833396994056424,-0.01897315690067725
p03_daily_merged,2020-01-17,-0.21339479988816018,0.12621094857350149,0.12621094857349993,0.04944681764341492,-0.1833396994056424,-0.01897315690067725
p03_daily_merged,2020-01-18,-0.21339479988816018,0.12621094857350149,0.12621094857349993,0.04944681764341492,-0.1833396994056424,-0.01897315690067725
p03_daily_merged,2020-01-19,-0.21339479988816018,0.12621094857350149,0.12621094857349993,0.04944681764341492,-0.1833396994056424,-0.01897315690067725
p03_daily_merged,2020-01-20,-0.21339479988816018,0.12621094857350149,0.12621094857349993,0.04944681764341492,-0.1833396994056424,-0.01897315690067725
p03_daily_merged,2020-01-22,-0.21339479988816018,0.12621094857350149,0.12621094857349993,0.04944681764341492,-0.1833396994056424,-0.01897315690067725
p03_daily_merged,2020-01-23,-0.21339479988816018,0.12621094857350149,0.12621094857349993,0.04944681764341492,-0.1833396994056424,-0.01897315690067725
p03_daily_merged,2020-01-24,-0.21339479988816018,0.12621094857350149,0.12621094857349993,0.04944681764341492,-0.1833396994056424,-0.01897315690067725
p03_daily_merged,2020-01-26,-0.21339479988816018,0.12621094857350149,0.12621094857349993,0.04944681764341492,-0.1833396994056424,-0.01897315690067725
p03_daily_merged,2020-01-27,-0.21339479988816018,0.12621094857350149,0.12621094857349993,0.04944681764341492,-0.1833396994056424,-0.01897315690067725
p03_daily_merged,2020-01-28,-0.21339479988816018,0.12621094857350149,0.12621094857349993,0.04944681764341492,-0.1833396994056424,-0.01897315690067725
p03_daily_merged,2020-01-29,-0.21339479988816018,0.12621094857350149,0.12621094857349993,0.04944681764341492,-0.1833396994056424,-0.01897315690067725
p03_daily_merged,2020-01-30,3.2862799182776636,0.12621094857350149,0.12621094857349993,0.04944681764341492,-0.1833396994056424,0.6809617867324875
p03_daily_merged,2020-01-31,3.2862799182776636,-3.323554979102203,0.12621094857349993,0.04944681764341492,-0.1833396994056424,-0.008991398802653377
p03_daily_merged,2020-02-02,-0.21339479988816018,0.12621094857350149,0.12621094857349993,0.04944681764341492,-0.1833396994056424,-0.01897315690067725
p03_daily_merged,2020-02-02,-0.21339479988816018,0.12621094857350149,0.12621094857349993,0.04944681764341492,-0.1833396994056424,-0.01897315690067725
p03_daily_merged,2020-02-03,-0.21339479988816018,-6.773320906777907,0.12621094857349993,0.04944681764341492,-0.1833396994056424,-1.398879527970959
p03_daily_merged,2020-02-05,-0.21339479988816018,0.12621094857350149,0.12621094857349993,0.04944681764341492,-0.1833396994056424,-0.01897315690067725
p03_daily_merged,2020-02-07,-0.21339479988816018,0.12621094857350149,0.12621094857349993,0.04944681764341492,-0.1833396994056424,-0.01897315690067725
p03_daily_merged,2020-02-10,-0.21339479988816018,0.12621094857350149,0.12621094857349993,0.04944681764341492,-0.1833396994056424,-0.01897315690067725
p03_daily_merged,2020-02-14,-0.21339479988816018,0.12621094857350149,0.12621094857349993,0.04944681764341492,-0.1833396994056424,-0.01897315690067725
p03_daily_merged,2020-02-15,-0.21339479988816018,0.12621094857350149,0.12621094857349993,0.04944681764341492,-0.1833396994056424,-0.01897315690067725
p03_daily_merged,2020-02-18,-0.21339479988816018,0.12621094857350149,0.12621094857349993,0.04944681764341492,-0.1833396994056424,-0.01897315690067725
p03_daily_merged,2020-02-20,-0.21339479988816018,0.12621094857350149,0.12621094857349993,0.04944681764341492,-0.1833396994056424,-0.01897315690067725
p03_daily_merged,2020-02-21,-0.21339479988816018,0.12621094857350149,0.12621094857349993,0.04944681764341492,3.5751241384100236,0.732719610662456
p03_daily_merged,2020-02-23,-0.21339479988816018,0.12621094857350149,0.12621094857349993,0.04944681764341492,-0.1833396994056424,-0.01897315690067725
p03_daily_merged,2020-02-24,-0.21339479988816018,0.12621094857350149,0.12621094857349993,0.04944681764341492,-0.1833396994056424,-0.01897315690067725
p03_daily_merged,2020-02-26,-0.21339479988816018,0.12621094857350149,0.12621094857349993,0.04944681764341492,-0.1833396994056424,-0.01897315690067725
p03_daily_merged,2020-03-04,-0.21339479988816018,0.12621094857350149,0.12621094857349993,0.04944681764341492,-0.1833396994056424,-0.01897315690067725
p03_daily_merged,2020-03-06,-0.21339479988816018,0.12621094857350149,0.12621094857349993,0.04944681764341492,-0.1833396994056424,-0.01897315690067725
p03_daily_merged,2020-03-08,-0.21339479988816018,0.12621094857350149,0.12621094857349993,0.04944681764341492,-0.1833396994056424,-0.01897315690067725
p03_daily_merged,2020-03-10,-0.21339479988816018,0.12621094857350149,0.12621094857349993,0.04944681764341492,-0.1833396994056424,-0.01897315690067725
p03_daily_merged,2020-03-17,-0.21339479988816018,0.12621094857350149,0.12621094857349993,0.04944681764341492,-0.1833396994056424,-0.01897315690067725
p03_daily_merged,2020-03-19,-0.21339479988816018,0.12621094857350149,0.12621094857349993,0.04944681764341492,-0.1833396994056424,-0.01897315690067725
p03_daily_merged,2020-03-24,-0.21339479988816018,-3.323554979102203,0.12621094857349993,0.04944681764341492,3.5751241384100236,0.04276642512731508
p03_daily_merged,2020-03-30,-0.21339479988816018,0.12621094857350149,0.12621094857349993,0.04944681764341492,-0.1833396994056424,-0.01897315690067725
p04_daily_merged,2019-11-01,1.0877719545553235,-0.5616933384667031,-0.18948353945332316,-1.0978840923835969,0.08783432504411415,-0.1346909381408371
p04_daily_merged,2019-11-02,1.0877719545553235,-0.5616933384667031,-0.18948353945332316,-1.0978840923835969,-1.069981777810119,-0.36625415871168376
p04_daily_merged,2019-11-03,-0.44355749603226813,0.7734793513311972,-0.18948353945332316,-1.0978840923835969,0.08783432504411415,-0.17392229029877537
p04_daily_merged,2019-11-04,-0.44355749603226813,0.7734793513311972,-0.18948353945332316,0.9045460132217051,1.2456504278983473,0.4581269513931317
p04_daily_merged,2019-11-05,-0.44355749603226813,-0.5616933384667031,0.7917705041442412,-1.0978840923835969,1.2456504278983473,-0.013142798967995884
p04_daily_merged,2019-11-06,-1.9748869466198595,0.7734793513311972,1.7730245477418056,-0.0966690395809458,-1.069981777810119,-0.11900677298758433
p04_daily_merged,2019-11-07,-0.44355749603226813,0.7734793513311972,-0.18948353945332316,-1.0978840923835969,-1.069981777810119,-0.405485510869622
p04_daily_merged,2019-11-08,-0.44355749603226813,2.108652041129097,0.7917705041442412,-0.0966690395809458,-1.069981777810119,0.2580428463700011
p04_daily_merged,2019-11-09,-0.44355749603226813,-0.5616933384667031,-0.18948353945332316,0.9045460132217051,0.08783432504411415,-0.04047080713729503
p04_daily_merged,2019-11-10,-1.9748869466198595,2.108652041129097,1.7730245477418056,0.9045460132217051,-2.227797880664352,0.11670755496167935
p04_daily_merged,2019-11-11,-0.44355749603226813,-0.5616933384667031,0.7917705041442412,-0.0966690395809458,1.2456504278983473,0.1871002115925343
p04_daily_merged,2019-11-12,-1.9748869466198595,2.108652041129097,0.7917705041442412,0.9045460132217051,-1.069981777810119,0.15201996681301302
p04_daily_merged,2019-11-13,1.0877719545553235,2.108652041129097,0.7917705041442412,-0.0966690395809458,-1.069981777810119,0.5643087364875192
p04_daily_merged,2019-11-14,-1.9748869466198595,0.7734793513311972,0.7917705041442412,-1.0978840923835969,-1.069981777810119,-0.5155005922676275
p04_daily_merged,2019-11-15,-1.9748869466198595,0.7734793513311972,-2.151991626648452,0.9045460132217051,-2.227797880664352,-0.9353302178759522
p04_daily_merged,2019-11-16,-0.44355749603226813,0.7734793513311972,0.7917705041442412,-0.0966690395809458,-2.227797880664352,-0.2405549121604255
p04_daily_merged,2019-11-17,-0.44355749603226813,-1.8968660282646033,-1.1707375830508875,-1.0978840923835969,1.2456504278983473,-0.6726789543666015
p04_daily_merged,2019-11-18,-0.44355749603226813,-0.5616933384667031,0.7917705041442412,0.9045460132217051,-1.069981777810119,-0.07578321898862879
p04_daily_merged,2019-11-19,-1.9748869466198595,0.7734793513311972,0.7917705041442412,-1.0978840923835969,-1.069981777810119,-0.5155005922676275
p04_daily_merged,2019-11-20,-0.44355749603226813,-1.8968660282646033,0.7917705041442412,-0.0966690395809458,0.08783432504411415,-0.31149754693789233
p04_daily_merged,2019-11-21,-0.44355749603226813,2.108652041129097,1.7730245477418056,0.9045460132217051,-1.069981777810119,0.6545366656500443
p04_daily_merged,2019-11-22,-0.44355749603226813,-0.5616933384667031,-0.18948353945332316,-1.0978840923835969,1.2456504278983473,-0.20939360768750878
p04_daily_merged,2019-11-23,-0.44355749603226813,0.7734793513311972,0.7917705041442412,-1.0978840923835969,-1.069981777810119,-0.20923470215010914
p04_daily_merged,2019-11-24,1.0877719545553235,0.7734793513311972,-1.1707375830508875,-1.0978840923835969,-1.069981777810119,-0.2954704294716165
p04_daily_merged,2019-11-25,1.0877719545553235,-0.5616933384667031,0.7917705041442412,0.9045460132217051,0.08783432504411415,0.46204589169973626
p04_daily_merged,2019-11-26,-0.44355749603226813,-0.5616933384667031,-1.1707375830508875,0.9045460132217051,0.08783432504411415,-0.23672161585680795
p04_daily_merged,2019-11-27,-0.44355749603226813,-0.5616933384667031,1.7730245477418056,1.905761066024356,-1.069981777810119,0.3207106002914143
p04_daily_merged,2019-11-28,1.0877719545553235,-1.8968660282646033,-1.1707375830508875,-1.0978840923835969,1.2456504278983473,-0.3664130642490834
p04_daily_merged,2019-11-29,-1.9748869466198595,0.7734793513311972,1.7730245477418056,-0.0966690395809458,1.2456504278983473,0.34411966815410894
p04_daily_merged,2019-11-30,1.0877719545553235,0.7734793513311972,-0.18948353945332316,0.9045460132217051,-1.069981777810119,0.30126640036895674
p04_daily_merged,2019-12-01,-0.44355749603226813,0.7734793513311972,-2.151991626648452,-1.0978840923835969,-1.069981777810119,-0.7979871283086478
p04_daily_merged,2019-12-02,-0.44355749603226813,0.7734793513311972,0.7917705041442412,0.9045460132217051,0.08783432504411415,0.4228145395417979
p04_daily_merged,2019-12-03,-0.44355749603226813,-0.5616933384667031,0.7917705041442412,-1.0978840923835969,0.08783432504411415,-0.2447060195388425
p04_daily_merged,2019-12-04,1.0877719545553235,0.7734793513311972,0.7917705041442412,-0.0966690395809458,0.08783432504411415,0.528837419098786
p04_daily_merged,2019-12-05,-0.44355749603226813,-0.5616933384667031,0.7917705041442412,0.9045460132217051,1.2456504278983473,0.3873432221530645
p04_daily_merged,2019-12-06,-0.44355749603226813,-0.5616933384667031,-0.18948353945332316,-0.0966690395809458,0.08783432504411415,-0.24071381769782524
p04_daily_merged,2019-12-07,-0.44355749603226813,0.7734793513311972,0.7917705041442412,-1.0978840923835969,1.2456504278983473,0.2538917389915841
p04_daily_merged,2019-12-08,-0.44355749603226813,2.108652041129097,-0.18948353945332316,-1.0978840923835969,-2.227797880664352,-0.3700141934808886
p04_daily_merged,2019-12-09,-1.9748869466198595,-0.5616933384667031,1.7730245477418056,-0.0966690395809458,1.2456504278983473,0.07708513019452892
p04_daily_merged,2019-12-10,1.0877719545553235,-0.5616933384667031,-0.18948353945332316,-2.0990991451862477,0.08783432504411415,-0.3349339487013673
p04_daily_merged,2019-12-11,1.0877719545553235,-0.5616933384667031,0.7917705041442412,-0.0966690395809458,1.2456504278983473,0.49336610171005263
p04_daily_merged,2019-12-13,-0.44355749603226813,2.108652041129097,-0.18948353945332316,0.9045460132217051,-1.069981777810119,0.2620350482110184
p04_daily_merged,2019-12-14,-0.44355749603226813,-0.5616933384667031,0.7917705041442412,0.9045460132217051,1.2456504278983473,0.3873432221530645
p04_daily_merged,2019-12-15,1.0877719545553235,0.7734793513311972,-0.18948353945332316,-0.0966690395809458,0.08783432504411415,0.33258661037927323
p04_daily_merged,2019-12-16,1.0877719545553235,-0.5616933384667031,-0.18948353945332316,-0.0966690395809458,0.08783432504411415,0.0655520724196931
p04_daily_merged,2019-12-17,-0.44355749603226813,0.7734793513311972,0.7917705041442412,-1.0978840923835969,-1.069981777810119,-0.20923470215010914
p04_daily_merged,2019-12-18,-0.44355749603226813,0.7734793513311972,0.7917705041442412,-1.0978840923835969,1.2456504278983473,0.2538917389915841
p04_daily_merged,2019-12-19,1.0877719545553235,0.7734793513311972,0.7917705041442412,-1.0978840923835969,0.08783432504411415,0.32859440853825583
p04_daily_merged,2019-12-20,-0.44355749603226813,0.7734793513311972,0.7917705041442412,0.9045460132217051,0.08783432504411415,0.4228145395417979
p04_daily_merged,2019-12-21,-0.44355749603226813,-1.8968660282646033,-1.1707375830508875,-1.0978840923835969,0.08783432504411415,-0.9042421749374482
p04_daily_merged,2019-12-22,-0.44355749603226813,-1.8968660282646033,-0.18948353945332316,-1.0978840923835969,1.2456504278983473,-0.47642814564708874
p04_daily_merged,2019-12-23,-0.44355749603226813,-0.5616933384667031,0.7917705041442412,-1.0978840923835969,0.08783432504411415,-0.2447060195388425
p04_daily_merged,2019-12-25,1.0877719545553235,-0.5616933384667031,-0.18948353945332316,-1.0978840923835969,-1.069981777810119,-0.36625415871168376
p04_daily_merged,2019-12-26,1.0877719545553235,0.7734793513311972,-0.18948353945332316,-0.0966690395809458,-1.069981777810119,0.10102338980842655
p04_daily_merged,2019-12-27,1.0877719545553235,-0.5616933384667031,-2.151991626648452,-1.0978840923835969,3.5612826336068135,0.16749710613267704
p04_daily_merged,2019-12-28,2.619101405142915,-0.5616933384667031,-0.18948353945332316,-0.0966690395809458,0.08783432504411415,0.37181796253721144
p04_daily_merged,2019-12-29,1.0877719545553235,-0.5616933384667031,-0.18948353945332316,-1.0978840923835969,1.2456504278983473,0.09687228243000953
p04_daily_merged,2019-12-30,1.0877719545553235,-0.5616933384667031,-0.18948353945332316,-2.0990991451862477,0.08783432504411415,-0.3349339487013673
p04_daily_merged,2019-12-31,-0.44355749603226813,-1.8968660282646033,-0.18948353945332316,0.9045460132217051,0.08783432504411415,-0.307505345096875
p04_daily_merged,2020-01-01,1.0877719545553235,-0.5616933384667031,-1.1707375830508875,-1.0978840923835969,0.08783432504411415,-0.33094174686035
p04_daily_merged,2020-01-02,-0.44355749603226813,-0.5616933384667031,0.7917705041442412,-1.0978840923835969,0.08783432504411415,-0.2447060195388425
p04_daily_merged,2020-01-03,2.619101405142915,-1.8968660282646033,-2.151991626648452,-2.0990991451862477,0.08783432504411415,-0.6882042139824548
p04_daily_merged,2020-01-04,1.0877719545553235,-1.8968660282646033,-1.1707375830508875,-1.0978840923835969,1.2456504278983473,-0.3664130642490834
p04_daily_merged,2020-01-05,1.0877719545553235,-0.5616933384667031,-0.18948353945332316,-1.0978840923835969,0.08783432504411415,-0.1346909381408371
p04_daily_merged,2020-01-06,1.0877719545553235,-1.8968660282646033,-2.151991626648452,-0.0966690395809458,1.2456504278983473,-0.36242086240806604
p04_daily_merged,2020-01-07,-0.44355749603226813,0.7734793513311972,0.7917705041442412,-0.0966690395809458,-1.069981777810119,-0.00899169158957891
p04_daily_merged,2020-01-08,-0.44355749603226813,0.7734793513311972,0.7917705041442412,-1.0978840923835969,0.08783432504411415,0.02232851842073751
p04_daily_merged,2020-01-09,1.0877719545553235,0.7734793513311972,0.7917705041442412,0.9045460132217051,1.2456504278983473,0.9606436502301628
p04_daily_merged,2020-01-10,-0.44355749603226813,-0.5616933384667031,-0.18948353945332316,-0.0966690395809458,-1.069981777810119,-0.47227703826867184
p04_daily_merged,2020-01-11,-0.44355749603226813,0.7734793513311972,0.7917705041442412,0.9045460132217051,-2.227797880664352,-0.04031190159989535
p04_daily_merged,2020-01-12,-1.9748869466198595,0.7734793513311972,0.7917705041442412,0.9045460132217051,1.2456504278983473,0.3481118699951263
p04_daily_merged,2020-01-13,1.0877719545553235,-0.5616933384667031,-0.18948353945332316,-1.0978840923835969,1.2456504278983473,0.09687228243000953
p04_daily_merged,2020-01-14,1.0877719545553235,2.108652041129097,-0.18948353945332316,1.905761066024356,-2.227797880664352,0.5369807283182203
p04_daily_merged,2020-01-15,1.0877719545553235,-0.5616933384667031,-1.1707375830508875,-1.0978840923835969,1.2456504278983473,-0.09937852628950332
p04_daily_merged,2020-01-16,1.0877719545553235,-0.5616933384667031,-0.18948353945332316,-1.0978840923835969,1.2456504278983473,0.09687228243000953
p04_daily_merged,2020-01-17,-0.44355749603226813,2.108652041129097,0.7917705041442412,0.9045460132217051,-1.069981777810119,0.45828585693053137
p04_daily_merged,2020-01-18,1.0877719545553235,0.7734793513311972,-0.18948353945332316,1.905761066024356,-1.069981777810119,0.501509410929487
p04_daily_merged,2020-01-19,-0.44355749603226813,0.7734793513311972,1.7730245477418056,1.905761066024356,-1.069981777810119,0.5877451382509944
p04_daily_merged,2020-01-20,-0.44355749603226813,0.7734793513311972,0.7917705041442412,1.905761066024356,0.08783432504411415,0.6230575501023281
p04_daily_merged,2020-01-21,1.0877719545553235,0.7734793513311972,-1.1707375830508875,1.905761066024356,0.08783432504411415,0.5368218227808207
p04_daily_merged,2020-01-22,1.0877719545553235,-0.5616933384667031,-1.1707375830508875,-0.0966690395809458,0.08783432504411415,-0.13069873629981973
p04_daily_merged,2020-01-24,1.0877719545553235,0.7734793513311972,-1.1707375830508875,-1.0978840923835969,-1.069981777810119,-0.2954704294716165
p04_daily_merged,2020-01-25,1.0877719545553235,0.7734793513311972,-2.151991626648452,-1.0978840923835969,0.08783432504411415,-0.2601580176202828
p04_daily_merged,2020-01-26,1.0877719545553235,-0.5616933384667031,-0.18948353945332316,0.9045460132217051,1.2456504278983473,0.49735830355106997
p04_daily_merged,2020-01-27,-0.44355749603226813,0.7734793513311972,0.7917705041442412,1.905761066024356,-1.069981777810119,0.3914943295314815
p04_daily_merged,2020-01-28,-0.44355749603226813,0.7734793513311972,-0.18948353945332316,-1.0978840923835969,-1.069981777810119,-0.405485510869622
p04_daily_merged,2020-01-29,1.0877719545553235,0.7734793513311972,-1.1707375830508875,0.9045460132217051,-1.069981777810119,0.10501559164944388
p04_daily_merged,2020-01-31,1.0877719545553235,0.7734793513311972,-0.18948353945332316,-0.0966690395809458,0.08783432504411415,0.33258661037927323
p04_daily_merged,2020-02-01,1.0877719545553235,0.7734793513311972,-0.18948353945332316,1.905761066024356,-1.069981777810119,0.501509410929487
p04_daily_merged,2020-02-02,1.0877719545553235,-0.5616933384667031,-2.151991626648452,-0.0966690395809458,-1.069981777810119,-0.5585127655901794
p04_daily_merged,2020-02-03,1.0877719545553235,0.7734793513311972,-1.1707375830508875,1.905761066024356,-1.069981777810119,0.30525860220997403
p04_daily_merged,2020-02-04,-0.44355749603226813,-0.5616933384667031,-1.1707375830508875,-0.0966690395809458,1.2456504278983473,-0.20540140584649152
p04_daily_merged,2020-02-05,-0.44355749603226813,0.7734793513311972,-0.18948353945332316,-0.0966690395809458,-2.227797880664352,-0.43680572087993835
p04_daily_merged,2020-02-06,1.0877719545553235,-0.5616933384667031,-0.18948353945332316,-1.0978840923835969,0.08783432504411415,-0.1346909381408371
p04_daily_merged,2020-02-07,1.0877719545553235,-0.5616933384667031,-1.1707375830508875,-1.0978840923835969,-1.069981777810119,-0.5625049674311966
p04_daily_merged,2020-02-09,-0.44355749603226813,-0.5616933384667031,0.7917705041442412,0.9045460132217051,1.2456504278983473,0.3873432221530645
p04_daily_merged,2020-02-10,-1.9748869466198595,-0.5616933384667031,-1.1707375830508875,-1.0978840923835969,1.2456504278983473,-0.7119103065245399
p04_daily_merged,2020-02-11,-0.44355749603226813,0.7734793513311972,0.7917705041442412,-1.0978840923835969,0.08783432504411415,0.02232851842073751
p04_daily_merged,2020-02-12,1.0877719545553235,-0.5616933384667031,-0.18948353945332316,-1.0978840923835969,1.2456504278983473,0.09687228243000953
p04_daily_merged,2020-02-13,-1.9748869466198595,2.108652041129097,0.7917705041442412,0.9045460132217051,0.08783432504411415,0.38358318738385966
p04_daily_merged,2020-02-15,1.0877719545553235,0.7734793513311972,0.7917705041442412,0.9045460132217051,0.08783432504411415,0.7290804296593162
p04_daily_merged,2020-02-16,-0.44355749603226813,-0.5616933384667031,0.7917705041442412,-0.0966690395809458,0.08783432504411415,-0.04446300897831233
p04_daily_merged,2020-02-17,-0.44355749603226813,-0.5616933384667031,1.7730245477418056,0.9045460132217051,-1.069981777810119,0.12046758973088409
p04_daily_merged,2020-02-18,-0.44355749603226813,-0.5616933384667031,0.7917705041442412,-1.0978840923835969,0.08783432504411415,-0.2447060195388425
p04_daily_merged,2020-02-19,-0.44355749603226813,-0.5616933384667031,-0.18948353945332316,-1.0978840923835969,1.2456504278983473,-0.20939360768750878
p04_daily_merged,2020-02-20,-0.44355749603226813,-0.5616933384667031,-0.18948353945332316,0.9045460132217051,0.08783432504411415,-0.04047080713729503
p04_daily_merged,2020-02-21,-0.44355749603226813,-0.5616933384667031,-0.18948353945332316,0.9045460132217051,0.08783432504411415,-0.04047080713729503
p04_daily_merged,2020-02-22,-0.44355749603226813,-0.5616933384667031,-0.18948353945332316,1.905761066024356,0.08783432504411415,0.15977220342323514
p04_daily_merged,2020-02-23,1.0877719545553235,-0.5616933384667031,-1.1707375830508875,-0.0966690395809458,0.08783432504411415,-0.13069873629981973
p04_daily_merged,2020-02-24,-0.44355749603226813,0.7734793513311972,0.7917705041442412,0.9045460132217051,0.08783432504411415,0.4228145395417979
p04_daily_merged,2020-02-25,-0.44355749603226813,2.108652041129097,0.7917705041442412,0.9045460132217051,-1.069981777810119,0.45828585693053137
p04_daily_merged,2020-02-26,-0.44355749603226813,-0.5616933384667031,0.7917705041442412,0.9045460132217051,0.08783432504411415,0.15578000158221786
p04_daily_merged,2020-02-27,-1.9748869466198595,2.108652041129097,1.7730245477418056,0.9045460132217051,-1.069981777810119,0.34827077553252594
p04_daily_merged,2020-02-28,1.0877719545553235,-0.5616933384667031,-1.1707375830508875,-0.0966690395809458,0.08783432504411415,-0.13069873629981973
p04_daily_merged,2020-02-29,1.0877719545553235,-0.5616933384667031,-2.151991626648452,0.9045460132217051,0.08783432504411415,-0.12670653445880248
p04_daily_merged,2020-03-01,1.0877719545553235,-0.5616933384667031,-1.1707375830508875,-0.0966690395809458,0.08783432504411415,-0.13069873629981973
p04_daily_merged,2020-03-02,2.619101405142915,-1.8968660282646033,-3.1332456702460165,-1.0978840923835969,1.2456504278983473,-0.4526487915705909
p04_daily_merged,2020-03-03,-0.44355749603226813,-0.5616933384667031,-1.1707375830508875,0.9045460132217051,0.08783432504411415,-0.23672161585680795
p04_daily_merged,2020-03-04,-0.44355749603226813,-0.5616933384667031,-0.18948353945332316,0.9045460132217051,0.08783432504411415,-0.04047080713729503
p04_daily_merged,2020-03-05,-0.44355749603226813,0.7734793513311972,-0.18948353945332316,0.9045460132217051,0.08783432504411415,0.22656373082228506
p04_daily_merged,2020-03-07,-0.44355749603226813,-0.5616933384667031,-0.18948353945332316,0.9045460132217051,0.08783432504411415,-0.04047080713729503
p04_daily_merged,2020-03-07,-0.44355749603226813,-0.5616933384667031,-0.18948353945332316,-0.0966690395809458,0.08783432504411415,-0.24071381769782524
p04_daily_merged,2020-03-08,-0.44355749603226813,0.7734793513311972,0.7917705041442412,0.9045460132217051,0.08783432504411415,0.4228145395417979
p04_daily_merged,2020-03-09,-0.44355749603226813,-0.5616933384667031,0.7917705041442412,-0.0966690395809458,1.2456504278983473,0.1871002115925343
p04_daily_merged,2020-03-10,-0.44355749603226813,-0.5616933384667031,0.7917705041442412,0.9045460132217051,1.2456504278983473,0.3873432221530645
p04_daily_merged,2020-03-11,-0.44355749603226813,0.7734793513311972,1.7730245477418056,-0.0966690395809458,0.08783432504411415,0.4188223377007806
p04_daily_merged,2020-03-12,-0.44355749603226813,-0.5616933384667031,-1.1707375830508875,0.9045460132217051,0.08783432504411415,-0.23672161585680795
p04_daily_merged,2020-03-13,-0.44355749603226813,0.7734793513311972,0.7917705041442412,0.9045460132217051,0.08783432504411415,0.4228145395417979
p04_daily_merged,2020-03-14,1.0877719545553235,-0.5616933384667031,0.7917705041442412,-1.0978840923835969,0.08783432504411415,0.061559870578675804
p04_daily_merged,2020-03-15,-0.44355749603226813,-0.5616933384667031,-0.18948353945332316,0.9045460132217051,2.4034665307525804,0.42265563400439826
p04_daily_merged,2020-03-16,-0.44355749603226813,-0.5616933384667031,-0.18948353945332316,-0.0966690395809458,0.08783432504411415,-0.24071381769782524
p04_daily_merged,2020-03-17,-1.9748869466198595,-0.5616933384667031,0.7917705041442412,0.9045460132217051,0.08783432504411415,-0.15048588853530045
p04_daily_merged,2020-03-18,-0.44355749603226813,-0.5616933384667031,-0.18948353945332316,0.9045460132217051,0.08783432504411415,-0.04047080713729503
p04_daily_merged,2020-03-19,-0.44355749603226813,0.7734793513311972,0.7917705041442412,-0.0966690395809458,0.08783432504411415,0.2225715289812677
p04_daily_merged,2020-03-20,-0.44355749603226813,-1.8968660282646033,-0.18948353945332316,-1.0978840923835969,1.2456504278983473,-0.47642814564708874
p04_daily_merged,2020-03-21,-0.44355749603226813,-0.5616933384667031,-0.18948353945332316,-0.0966690395809458,0.08783432504411415,-0.24071381769782524
p04_daily_merged,2020-03-22,1.0877719545553235,-0.5616933384667031,-1.1707375830508875,-0.0966690395809458,0.08783432504411415,-0.13069873629981973
p04_daily_merged,2020-03-23,-0.44355749603226813,-0.5616933384667031,-0.18948353945332316,0.9045460132217051,0.08783432504411415,-0.04047080713729503
p04_daily_merged,2020-03-24,-0.44355749603226813,-0.5616933384667031,-1.1707375830508875,-0.0966690395809458,0.08783432504411415,-0.43696462641733813
p04_daily_merged,2020-03-25,-0.44355749603226813,-0.5616933384667031,-0.18948353945332316,0.9045460132217051,0.08783432504411415,-0.04047080713729503
p04_daily_merged,2020-03-26,-0.44355749603226813,-0.5616933384667031,-0.18948353945332316,-0.0966690395809458,0.08783432504411415,-0.24071381769782524
p04_daily_merged,2020-03-27,-0.44355749603226813,-0.5616933384667031,0.7917705041442412,-0.0966690395809458,0.08783432504411415,-0.04446300897831233
p04_daily_merged,2020-03-28,-0.44355749603226813,-0.5616933384667031,-0.18948353945332316,0.9045460132217051,0.08783432504411415,-0.04047080713729503
p04_daily_merged,2020-03-29,1.0877719545553235,-0.5616933384667031,-1.1707375830508875,-1.0978840923835969,1.2456504278983473,-0.09937852628950332
p04_daily_merged,2020-03-30,-0.44355749603226813,-0.5616933384667031,0.7917705041442412,-0.0966690395809458,0.08783432504411415,-0.04446300897831233
p05_daily_merged,2019-11-01,-0.48914032156798015,0.3682889315322984,2.103396112371307,-1.131927321472529,-0.5098435959105958,0.06815476099050008
p05_daily_merged,2019-11-02,0.9676471578844833,-0.8050967340473494,-1.120830655683172,-1.131927321472529,0.6167462853757205,-0.2946922535885693
p05_daily_merged,2019-11-03,2.424434637336947,0.3682889315322984,-1.120830655683172,-1.131927321472529,-0.5098435959105958,0.006024399160589766
p05_daily_merged,2019-11-04,-0.48914032156798015,-1.9784823996269973,-1.120830655683172,-1.131927321472529,1.7433361666620368,-0.5954089063377282
p05_daily_merged,2019-11-05,-0.48914032156798015,-1.9784823996269973,-1.120830655683172,0.5536601028941716,1.7433361666620368,-0.2582914214643882
p05_daily_merged,2019-11-07,2.424434637336947,-1.9784823996269973,-1.120830655683172,-1.131927321472529,1.7433361666620368,-0.012693914556742892
p05_daily_merged,2019-11-09,0.9676471578844833,-0.8050967340473494,-1.120830655683172,-1.131927321472529,1.7433361666620368,-0.06937427733130601
p05_daily_merged,2019-11-10,2.424434637336947,-1.9784823996269973,-1.120830655683172,-2.8175147458392296,1.7433361666620368,-0.349811399430083
p05_daily_merged,2019-11-11,0.9676471578844833,-0.8050967340473494,-1.120830655683172,-1.131927321472529,0.6167462853757205,-0.2946922535885693
p05_daily_merged,2019-11-12,-0.48914032156798015,-0.8050967340473494,-1.120830655683172,-1.131927321472529,0.6167462853757205,-0.586049749479062
p05_daily_merged,2019-11-13,-0.48914032156798015,-0.8050967340473494,-1.120830655683172,0.5536601028941716,0.6167462853757205,-0.24893226460572188
p05_daily_merged,2019-11-14,0.9676471578844833,-1.9784823996269973,-1.120830655683172,-1.131927321472529,1.7433361666620368,-0.3040514104472357
p05_daily_merged,2019-11-15,0.9676471578844833,-0.8050967340473494,-1.120830655683172,-1.131927321472529,0.6167462853757205,-0.2946922535885693
p05_daily_merged,2019-11-16,-0.48914032156798015,0.3682889315322984,-1.120830655683172,-1.131927321472529,-0.5098435959105958,-0.5766905926203958
p05_daily_merged,2019-11-17,-0.48914032156798015,0.3682889315322984,-1.120830655683172,0.5536601028941716,-0.5098435959105958,-0.2395731077470556
p05_daily_merged,2019-11-18,0.9676471578844833,-0.8050967340473494,-1.120830655683172,-1.131927321472529,0.6167462853757205,-0.2946922535885693
p05_daily_merged,2019-11-19,-0.48914032156798015,-1.9784823996269973,-1.120830655683172,0.5536601028941716,0.6167462853757205,-0.48360939772165146
p05_daily_merged,2019-11-20,2.424434637336947,-0.8050967340473494,-1.120830655683172,-1.131927321472529,1.7433361666620368,0.2219832185591867
p05_daily_merged,2019-11-21,0.9676471578844833,-0.8050967340473494,-1.120830655683172,0.5536601028941716,0.6167462853757205,0.042425231284770805
p05_daily_merged,2019-11-23,0.9676471578844833,0.3682889315322984,-1.120830655683172,-1.131927321472529,0.6167462853757205,-0.060015120472639724
p05_daily_merged,2019-11-24,-0.48914032156798015,-0.8050967340473494,-1.120830655683172,-1.131927321472529,0.6167462853757205,-0.586049749479062
p05_daily_merged,2019-11-25,2.424434637336947,0.3682889315322984,-1.120830655683172,-1.131927321472529,1.7433361666620368,0.4566603516751163
p05_daily_merged,2019-11-26,2.424434637336947,-1.9784823996269973,-1.120830655683172,-1.131927321472529,1.7433361666620368,-0.012693914556742892
p05_daily_merged,2019-11-27,-0.48914032156798015,-0.8050967340473494,-1.120830655683172,-1.131927321472529,0.6167462853757205,-0.586049749479062
p05_daily_merged,2019-11-28,2.424434637336947,-0.8050967340473494,-1.120830655683172,-1.131927321472529,0.6167462853757205,-0.0033347576980765625
p05_daily_merged,2019-11-30,0.9676471578844833,0.3682889315322984,-1.120830655683172,-1.131927321472529,0.6167462853757205,-0.060015120472639724
p05_daily_merged,2019-12-01,0.9676471578844833,0.3682889315322984,-1.120830655683172,0.5536601028941716,0.6167462853757205,0.27710236440070035
p05_daily_merged,2019-12-02,0.9676471578844833,0.3682889315322984,-1.120830655683172,-1.131927321472529,1.7433361666620368,0.16530285578462353
p05_daily_merged,2019-12-03,2.424434637336947,0.3682889315322984,-1.120830655683172,-1.131927321472529,1.7433361666620368,0.4566603516751163
p05_daily_merged,2019-12-04,0.9676471578844833,-0.8050967340473494,-1.120830655683172,-1.131927321472529,1.7433361666620368,-0.06937427733130601
p05_daily_merged,2019-12-05,2.424434637336947,-1.9784823996269973,-1.120830655683172,-1.131927321472529,1.7433361666620368,-0.012693914556742892
p05_daily_merged,2019-12-06,0.9676471578844833,1.5416745971119463,-1.120830655683172,0.5536601028941716,-0.5098435959105958,0.28646152125936675
p05_daily_merged,2019-12-07,-0.48914032156798015,-0.8050967340473494,-1.120830655683172,-1.131927321472529,-0.5098435959105958,-0.8113677257363252
p05_daily_merged,2019-12-08,0.9676471578844833,0.3682889315322984,-1.120830655683172,0.5536601028941716,-0.5098435959105958,0.05178438814343711
p05_daily_merged,2019-12-09,-0.48914032156798015,0.3682889315322984,-1.120830655683172,0.5536601028941716,-0.5098435959105958,-0.2395731077470556
p05_daily_merged,2019-12-10,-0.48914032156798015,0.3682889315322984,-1.120830655683172,-1.131927321472529,-0.5098435959105958,-0.5766905926203958
p05_daily_merged,2019-12-11,-0.48914032156798015,0.3682889315322984,-1.120830655683172,0.5536601028941716,-0.5098435959105958,-0.2395731077470556
p05_daily_merged,2019-12-12,-0.48914032156798015,-1.9784823996269973,-1.120830655683172,-1.131927321472529,1.7433361666620368,-0.5954089063377282
p05_daily_merged,2019-12-12,3.8812221167894103,-3.1518680652066453,-1.120830655683172,-4.5031021702059295,2.8699260479483533,-0.40493054527159666
p05_daily_merged,2019-12-13,-0.48914032156798015,-1.9784823996269973,-1.120830655683172,-1.131927321472529,0.6167462853757205,-0.8207268825949916
p05_daily_merged,2019-12-14,0.9676471578844833,-1.9784823996269973,-1.120830655683172,-1.131927321472529,-0.5098435959105958,-0.7546873629617622
p05_daily_merged,2019-12-16,-0.48914032156798015,0.3682889315322984,-1.120830655683172,0.5536601028941716,-0.5098435959105958,-0.2395731077470556
p05_daily_merged,2019-12-17,-0.48914032156798015,-0.8050967340473494,-1.120830655683172,0.5536601028941716,0.6167462853757205,-0.24893226460572188
p05_daily_merged,2019-12-18,-0.48914032156798015,-1.9784823996269973,-1.120830655683172,0.5536601028941716,1.7433361666620368,-0.2582914214643882
p05_daily_merged,2019-12-19,-0.48914032156798015,0.3682889315322984,-1.120830655683172,0.5536601028941716,0.6167462853757205,-0.01425513148979234
p05_daily_merged,2019-12-20,-0.48914032156798015,-0.8050967340473494,-1.120830655683172,0.5536601028941716,1.7433361666620368,-0.0236142883484586
p05_daily_merged,2019-12-20,3.8812221167894103,-3.1518680652066453,-1.120830655683172,-4.5031021702059295,2.8699260479483533,-0.40493054527159666
p05_daily_merged,2019-12-21,-0.48914032156798015,0.3682889315322984,-1.120830655683172,0.5536601028941716,-0.5098435959105958,-0.2395731077470556
p05_daily_merged,2019-12-22,-0.48914032156798015,0.3682889315322984,-1.120830655683172,0.5536601028941716,-0.5098435959105958,-0.2395731077470556
p05_daily_merged,2019-12-23,-0.48914032156798015,0.3682889315322984,0.8943110743508774,0.5536601028941716,-0.5098435959105958,0.16345523825975428
p05_daily_merged,2019-12-24,-0.48914032156798015,0.3682889315322984,-1.120830655683172,0.5536601028941716,-0.5098435959105958,-0.2395731077470556
p05_daily_merged,2019-12-25,-0.48914032156798015,0.3682889315322984,-1.120830655683172,0.5536601028941716,-0.5098435959105958,-0.2395731077470556
p05_daily_merged,2019-12-26,-0.48914032156798015,0.3682889315322984,-1.120830655683172,0.5536601028941716,-0.5098435959105958,-0.2395731077470556
p05_daily_merged,2019-12-27,-0.48914032156798015,0.3682889315322984,-1.120830655683172,0.5536601028941716,-0.5098435959105958,-0.2395731077470556
p05_daily_merged,2019-12-28,-0.48914032156798015,0.3682889315322984,-1.120830655683172,0.5536601028941716,-0.5098435959105958,-0.2395731077470556
p05_daily_merged,2019-12-29,-0.48914032156798015,0.3682889315322984,-1.120830655683172,0.5536601028941716,-0.5098435959105958,-0.2395731077470556
p05_daily_merged,2019-12-30,-0.48914032156798015,0.3682889315322984,-1.120830655683172,0.5536601028941716,-0.5098435959105958,-0.2395731077470556
p05_daily_merged,2019-12-31,-0.48914032156798015,-0.8050967340473494,-1.120830655683172,0.5536601028941716,-0.5098435959105958,-0.4742502408629852
p05_daily_merged,2020-01-01,2.424434637336947,0.3682889315322984,-1.120830655683172,0.5536601028941716,-0.5098435959105958,0.34314188403392987
p05_daily_merged,2020-01-01,-0.48914032156798015,0.3682889315322984,-1.120830655683172,0.5536601028941716,-0.5098435959105958,-0.2395731077470556
p05_daily_merged,2020-01-03,-0.48914032156798015,0.3682889315322984,0.8943110743508774,0.5536601028941716,-0.5098435959105958,0.16345523825975428
p05_daily_merged,2020-01-04,0.9676471578844833,0.3682889315322984,-1.120830655683172,0.5536601028941716,-0.5098435959105958,0.05178438814343711
p05_daily_merged,2020-01-05,-0.48914032156798015,0.3682889315322984,-1.120830655683172,-1.131927321472529,-0.5098435959105958,-0.5766905926203958
p05_daily_merged,2020-01-06,-0.48914032156798015,1.5416745971119463,0.8943110743508774,0.5536601028941716,-1.6364334771969122,0.1728143951184206
p05_daily_merged,2020-01-07,-0.48914032156798015,1.5416745971119463,0.8943110743508774,0.5536601028941716,-1.6364334771969122,0.1728143951184206
p05_daily_merged,2020-01-08,-0.48914032156798015,-0.8050967340473494,0.8943110743508774,0.5536601028941716,0.6167462853757205,0.154096081401088
p05_daily_merged,2020-01-09,-0.48914032156798015,0.3682889315322984,0.8943110743508774,0.5536601028941716,-0.5098435959105958,0.16345523825975428
p05_daily_merged,2020-01-10,-0.48914032156798015,0.3682889315322984,0.8943110743508774,0.5536601028941716,-0.5098435959105958,0.16345523825975428
p05_daily_merged,2020-01-11,-0.48914032156798015,0.3682889315322984,0.8943110743508774,0.5536601028941716,-0.5098435959105958,0.16345523825975428
p05_daily_merged,2020-01-12,-0.48914032156798015,0.3682889315322984,0.8943110743508774,0.5536601028941716,-0.5098435959105958,0.16345523825975428
p05_daily_merged,2020-01-13,0.9676471578844833,0.3682889315322984,0.8943110743508774,-1.131927321472529,0.6167462853757205,0.3430132255341702
p05_daily_merged,2020-01-14,-0.48914032156798015,-0.8050967340473494,0.8943110743508774,0.5536601028941716,0.6167462853757205,0.154096081401088
p05_daily_merged,2020-01-15,-0.48914032156798015,-0.8050967340473494,0.8943110743508774,0.5536601028941716,1.7433361666620368,0.37941405765835123
p05_daily_merged,2020-01-17,0.9676471578844833,0.3682889315322984,0.8943110743508774,-1.131927321472529,0.6167462853757205,0.3430132255341702
p05_daily_merged,2020-01-18,-0.48914032156798015,0.3682889315322984,0.8943110743508774,0.5536601028941716,-0.5098435959105958,0.16345523825975428
p05_daily_merged,2020-01-19,-0.48914032156798015,0.3682889315322984,0.8943110743508774,0.5536601028941716,-0.5098435959105958,0.16345523825975428
p05_daily_merged,2020-01-20,-0.48914032156798015,0.3682889315322984,0.8943110743508774,0.5536601028941716,-0.5098435959105958,0.16345523825975428
p05_daily_merged,2020-01-21,-0.48914032156798015,0.3682889315322984,0.8943110743508774,0.5536601028941716,-0.5098435959105958,0.16345523825975428
p05_daily_merged,2020-01-22,-0.48914032156798015,0.3682889315322984,0.8943110743508774,0.5536601028941716,-0.5098435959105958,0.16345523825975428
p05_daily_merged,2020-01-23,-0.48914032156798015,0.3682889315322984,0.8943110743508774,0.5536601028941716,-0.5098435959105958,0.16345523825975428
p05_daily_merged,2020-01-24,-0.48914032156798015,0.3682889315322984,0.8943110743508774,0.5536601028941716,-0.5098435959105958,0.16345523825975428
p05_daily_merged,2020-01-25,-0.48914032156798015,1.5416745971119463,0.8943110743508774,0.5536601028941716,-1.6364334771969122,0.1728143951184206
p05_daily_merged,2020-01-26,-0.48914032156798015,0.3682889315322984,0.8943110743508774,2.239247527260872,-1.6364334771969122,0.27525474687583107
p05_daily_merged,2020-01-27,-0.48914032156798015,0.3682889315322984,0.8943110743508774,0.5536601028941716,-0.5098435959105958,0.16345523825975428
p05_daily_merged,2020-01-28,-0.48914032156798015,0.3682889315322984,0.8943110743508774,-1.131927321472529,0.6167462853757205,0.05165572964367746
p05_daily_merged,2020-01-29,-0.48914032156798015,0.3682889315322984,0.8943110743508774,0.5536601028941716,-0.5098435959105958,0.16345523825975428
p05_daily_merged,2020-01-30,-0.48914032156798015,0.3682889315322984,0.8943110743508774,0.5536601028941716,-0.5098435959105958,0.16345523825975428
p05_daily_merged,2020-01-31,-0.48914032156798015,0.3682889315322984,0.8943110743508774,0.5536601028941716,-0.5098435959105958,0.16345523825975428
p05_daily_merged,2020-02-01,-0.48914032156798015,0.3682889315322984,0.8943110743508774,0.5536601028941716,-0.5098435959105958,0.16345523825975428
p05_daily_merged,2020-02-02,-0.48914032156798015,1.5416745971119463,0.8943110743508774,0.5536601028941716,-0.5098435959105958,0.39813237137568386
p05_daily_merged,2020-02-03,-0.48914032156798015,0.3682889315322984,0.8943110743508774,-1.131927321472529,-0.5098435959105958,-0.1736622466135858
p05_daily_merged,2020-02-04,-0.48914032156798015,0.3682889315322984,0.8943110743508774,0.5536601028941716,-0.5098435959105958,0.16345523825975428
p05_daily_merged,2020-02-05,-0.48914032156798015,0.3682889315322984,0.8943110743508774,0.5536601028941716,-0.5098435959105958,0.16345523825975428
p05_daily_merged,2020-02-06,-0.48914032156798015,1.5416745971119463,0.4912827283440675,0.5536601028941716,-0.5098435959105958,0.3175267021743219
p05_daily_merged,2020-02-08,-0.48914032156798015,1.5416745971119463,0.8943110743508774,0.5536601028941716,-1.6364334771969122,0.1728143951184206
p05_daily_merged,2020-02-09,0.9676471578844833,1.5416745971119463,0.08825438233725762,0.5536601028941716,-1.6364334771969122,0.3029605526061893
p05_daily_merged,2020-02-11,-0.48914032156798015,1.5416745971119463,0.8943110743508774,0.5536601028941716,-0.5098435959105958,0.39813237137568386
p05_daily_merged,2020-02-12,-0.48914032156798015,1.5416745971119463,0.8943110743508774,0.5536601028941716,-1.6364334771969122,0.1728143951184206
p05_daily_merged,2020-02-14,-0.48914032156798015,0.3682889315322984,0.8943110743508774,-1.131927321472529,-0.5098435959105958,-0.1736622466135858
p05_daily_merged,2020-02-15,-0.48914032156798015,0.3682889315322984,0.8943110743508774,-1.131927321472529,-0.5098435959105958,-0.1736622466135858
p05_daily_merged,2020-02-16,-0.48914032156798015,0.3682889315322984,0.8943110743508774,0.5536601028941716,-0.5098435959105958,0.16345523825975428
p05_daily_merged,2020-02-17,-0.48914032156798015,1.5416745971119463,0.8943110743508774,0.5536601028941716,-1.6364334771969122,0.1728143951184206
p05_daily_merged,2020-02-19,-0.48914032156798015,1.5416745971119463,0.8943110743508774,0.5536601028941716,-1.6364334771969122,0.1728143951184206
p05_daily_merged,2020-02-21,0.9676471578844833,1.5416745971119463,0.8943110743508774,-1.131927321472529,-1.6364334771969122,0.12705440613557326
p05_daily_merged,2020-02-22,-0.48914032156798015,1.5416745971119463,0.8943110743508774,0.5536601028941716,-1.6364334771969122,0.1728143951184206
p05_daily_merged,2020-02-23,-1.9459278010204437,1.5416745971119463,0.8943110743508774,2.239247527260872,-1.6364334771969122,0.218574384101268
p05_daily_merged,2020-02-25,-0.48914032156798015,1.5416745971119463,0.8943110743508774,0.5536601028941716,-1.6364334771969122,0.1728143951184206
p05_daily_merged,2020-02-27,0.9676471578844833,0.3682889315322984,0.8943110743508774,0.5536601028941716,0.6167462853757205,0.6801307104075103
p05_daily_merged,2020-02-28,-0.48914032156798015,0.3682889315322984,0.8943110743508774,0.5536601028941716,-0.5098435959105958,0.16345523825975428
p05_daily_merged,2020-02-29,-0.48914032156798015,-0.8050967340473494,0.4912827283440675,-1.131927321472529,0.6167462853757205,-0.2636270726736141
p05_daily_merged,2020-03-01,-0.48914032156798015,-0.8050967340473494,0.8943110743508774,0.5536601028941716,-0.5098435959105958,-0.07122189485617528
p05_daily_merged,2020-03-03,-0.48914032156798015,1.5416745971119463,0.8943110743508774,0.5536601028941716,-0.5098435959105958,0.39813237137568386
p05_daily_merged,2020-03-04,-0.48914032156798015,0.3682889315322984,0.8943110743508774,0.5536601028941716,-0.5098435959105958,0.16345523825975428
p05_daily_merged,2020-03-05,-0.48914032156798015,0.3682889315322984,0.8943110743508774,0.5536601028941716,-0.5098435959105958,0.16345523825975428
p05_daily_merged,2020-03-06,-0.48914032156798015,0.3682889315322984,0.8943110743508774,0.5536601028941716,-0.5098435959105958,0.16345523825975428
p05_daily_merged,2020-03-07,-0.48914032156798015,0.3682889315322984,0.8943110743508774,0.5536601028941716,-0.5098435959105958,0.16345523825975428
p05_daily_merged,2020-03-08,-0.48914032156798015,0.3682889315322984,0.8943110743508774,0.5536601028941716,-0.5098435959105958,0.16345523825975428
p05_daily_merged,2020-03-09,-0.48914032156798015,0.3682889315322984,0.8943110743508774,0.5536601028941716,-0.5098435959105958,0.16345523825975428
p05_daily_merged,2020-03-10,-0.48914032156798015,0.3682889315322984,0.8943110743508774,0.5536601028941716,-0.5098435959105958,0.16345523825975428
p05_daily_merged,2020-03-11,-0.48914032156798015,0.3682889315322984,0.8943110743508774,0.5536601028941716,-0.5098435959105958,0.16345523825975428
p05_daily_merged,2020-03-12,-0.48914032156798015,0.3682889315322984,0.8943110743508774,0.5536601028941716,-0.5098435959105958,0.16345523825975428
p05_daily_merged,2020-03-13,-0.48914032156798015,0.3682889315322984,0.8943110743508774,0.5536601028941716,-0.5098435959105958,0.16345523825975428
p05_daily_merged,2020-03-15,-0.48914032156798015,-0.8050967340473494,0.8943110743508774,0.5536601028941716,-0.5098435959105958,-0.07122189485617528
p05_daily_merged,2020-03-16,-0.48914032156798015,0.3682889315322984,0.8943110743508774,0.5536601028941716,-0.5098435959105958,0.16345523825975428
p05_daily_merged,2020-03-17,-0.48914032156798015,0.3682889315322984,0.8943110743508774,0.5536601028941716,-0.5098435959105958,0.16345523825975428
p05_daily_merged,2020-03-18,-0.48914032156798015,-0.8050967340473494,0.8943110743508774,0.5536601028941716,0.6167462853757205,0.154096081401088
p05_daily_merged,2020-03-19,-0.48914032156798015,-0.8050967340473494,0.8943110743508774,0.5536601028941716,0.6167462853757205,0.154096081401088
p05_daily_merged,2020-03-20,-0.48914032156798015,0.3682889315322984,0.8943110743508774,0.5536601028941716,-0.5098435959105958,0.16345523825975428
p05_daily_merged,2020-03-21,-0.48914032156798015,0.3682889315322984,0.8943110743508774,0.5536601028941716,0.6167462853757205,0.3887732145170175
p05_daily_merged,2020-03-22,-0.48914032156798015,0.3682889315322984,0.4912827283440675,0.5536601028941716,0.6167462853757205,0.30816754531565554
p05_daily_merged,2020-03-23,-0.48914032156798015,-0.8050967340473494,0.8943110743508774,0.5536601028941716,0.6167462853757205,0.154096081401088
p05_daily_merged,2020-03-24,-0.48914032156798015,-0.8050967340473494,0.8943110743508774,0.5536601028941716,1.7433361666620368,0.37941405765835123
p05_daily_merged,2020-03-25,-0.48914032156798015,0.3682889315322984,0.8943110743508774,0.5536601028941716,-0.5098435959105958,0.16345523825975428
p05_daily_merged,2020-03-27,-0.48914032156798015,0.3682889315322984,0.4912827283440675,0.5536601028941716,0.6167462853757205,0.30816754531565554
p05_daily_merged,2020-03-28,-0.48914032156798015,-0.8050967340473494,0.8943110743508774,0.5536601028941716,0.6167462853757205,0.154096081401088
p05_daily_merged,2020-03-29,-0.48914032156798015,-0.8050967340473494,0.8943110743508774,0.5536601028941716,0.6167462853757205,0.154096081401088
p05_daily_merged,2020-03-30,-0.48914032156798015,-0.8050967340473494,0.4912827283440675,-1.131927321472529,0.6167462853757205,-0.2636270726736141
p06_daily_merged,2019-11-02,-0.6441031760728625,0.27429019252949693,0.7011243734871688,1.023009091995905,-1.6039081336899597,-0.04991753035005031
p06_daily_merged,2019-11-03,1.2495601615813536,-3.085764665956837,-0.45691251305905384,-0.2096330106548985,-1.6039081336899597,-0.8213316323558789
p06_daily_merged,2019-11-04,-0.6441031760728625,0.27429019252949693,1.8591612600333915,1.023009091995905,1.2890304632722986,0.760277566351646
p06_daily_merged,2019-11-05,-0.6441031760728625,0.27429019252949693,1.8591612600333915,1.023009091995905,-1.6039081336899597,0.18168984695919432
p06_daily_merged,2019-11-06,-0.6441031760728625,0.27429019252949693,0.12210593021405751,1.023009091995905,-0.15743883520883056,0.1235726406915533
p06_daily_merged,2019-11-07,-2.5377665137270786,0.27429019252949693,1.2801428167602802,1.023009091995905,-1.6039081336899597,-0.3128465092262712
p06_daily_merged,2019-11-08,-0.6441031760728625,0.27429019252949693,1.8591612600333915,-1.442275113305702,1.2890304632722986,0.26722072529132457
p06_daily_merged,2019-11-09,1.2495601615813536,-3.085764665956837,-0.45691251305905384,-1.442275113305702,1.2890304632722986,-0.4892723334935881
p06_daily_merged,2019-11-10,1.2495601615813536,0.27429019252949693,1.8591612600333915,-1.442275113305702,-1.6039081336899597,0.06736567342971607
p06_daily_merged,2019-11-11,-0.6441031760728625,0.27429019252949693,1.8591612600333915,-0.2096330106548985,-1.6039081336899597,-0.06483857357096641
p06_daily_merged,2019-11-12,-0.6441031760728625,0.27429019252949693,1.2801428167602802,1.023009091995905,-1.6039081336899597,0.065886158304572
p06_daily_merged,2019-11-13,-0.6441031760728625,-3.085764665956837,1.2801428167602802,1.023009091995905,-1.6039081336899597,-0.6061248133926949
p06_daily_merged,2019-11-14,1.2495601615813536,-3.085764665956837,0.12210593021405751,-0.2096330106548985,-0.15743883520883056,-0.416234084005031
p06_daily_merged,2019-11-15,1.2495601615813536,-3.085764665956837,1.2801428167602802,1.023009091995905,-0.15743883520883056,0.06190171383437425
p06_daily_merged,2019-11-16,-0.6441031760728625,0.27429019252949693,0.7011243734871688,-1.442275113305702,-1.6039081336899597,-0.5429743714103716
p06_daily_merged,2019-11-17,-0.6441031760728625,0.27429019252949693,0.12210593021405751,-1.442275113305702,-1.6039081336899597,-0.658778060064994
p06_daily_merged,2019-11-18,-0.6441031760728625,0.27429019252949693,0.7011243734871688,1.023009091995905,-1.6039081336899597,-0.04991753035005031
p06_daily_merged,2019-11-19,-0.6441031760728625,0.27429019252949693,-1.0359309563321653,-0.2096330106548985,-1.6039081336899597,-0.6438570168440778
p06_daily_merged,2019-11-20,-0.6441031760728625,0.27429019252949693,0.7011243734871688,1.023009091995905,-1.6039081336899597,-0.04991753035005031
p06_daily_merged,2019-11-21,-0.6441031760728625,0.27429019252949693,-0.45691251305905384,1.023009091995905,-1.6039081336899597,-0.28152490765929483
p06_daily_merged,2019-11-22,-0.6441031760728625,3.634345051015831,0.12210593021405751,1.023009091995905,-0.15743883520883056,0.7955836123888201
p06_daily_merged,2019-11-23,3.1432234992355697,-3.085764665956837,-1.0359309563321653,-1.442275113305702,1.2890304632722986,-0.22634335461736715
p06_daily_merged,2019-11-24,1.2495601615813536,-3.085764665956837,1.2801428167602802,-1.442275113305702,1.2890304632722986,-0.14186126752972128
p06_daily_merged,2019-11-25,3.1432234992355697,0.27429019252949693,-1.0359309563321653,-0.2096330106548985,1.2890304632722986,0.6921960376100602
p06_daily_merged,2019-11-26,3.1432234992355697,0.27429019252949693,-0.45691251305905384,-0.2096330106548985,1.2890304632722986,0.8079997262646825
p06_daily_merged,2019-11-27,1.2495601615813536,0.27429019252949693,-0.45691251305905384,-1.442275113305702,1.2890304632722986,0.1827386382036787
p06_daily_merged,2019-11-28,-0.6441031760728625,0.27429019252949693,0.7011243734871688,1.023009091995905,1.2890304632722986,0.5286701890424014
p06_daily_merged,2019-11-29,1.2495601615813536,0.27429019252949693,0.12210593021405751,-0.2096330106548985,1.2890304632722986,0.5450707473884616
p06_daily_merged,2019-11-30,-0.6441031760728625,0.27429019252949693,0.7011243734871688,1.023009091995905,-1.6039081336899597,-0.04991753035005031
p06_daily_merged,2019-12-01,-0.6441031760728625,0.27429019252949693,0.7011243734871688,1.023009091995905,1.2890304632722986,0.5286701890424014
p06_daily_merged,2019-12-02,1.2495601615813536,0.27429019252949693,-0.45691251305905384,-0.2096330106548985,-0.15743883520883056,0.13997319903761354
p06_daily_merged,2019-12-03,-0.6441031760728625,0.27429019252949693,0.12210593021405751,1.023009091995905,-0.15743883520883056,0.1235726406915533
p06_daily_merged,2019-12-04,1.2495601615813536,-3.085764665956837,1.2801428167602802,-1.442275113305702,-0.15743883520883056,-0.4311551272259472
p06_daily_merged,2019-12-05,-0.6441031760728625,0.27429019252949693,0.7011243734871688,1.023009091995905,-0.15743883520883056,0.23937632934617553
p06_daily_merged,2019-12-06,-0.6441031760728625,0.27429019252949693,1.2801428167602802,-0.2096330106548985,-0.15743883520883056,0.1086515974706371
p06_daily_merged,2019-12-07,-0.6441031760728625,0.27429019252949693,1.2801428167602802,1.023009091995905,1.2890304632722986,0.6444738776970237
p06_daily_merged,2019-12-08,-0.6441031760728625,0.27429019252949693,1.2801428167602802,1.023009091995905,1.2890304632722986,0.6444738776970237
p06_daily_merged,2019-12-09,-0.6441031760728625,0.27429019252949693,0.7011243734871688,-0.2096330106548985,-0.15743883520883056,-0.00715209118398516
p06_daily_merged,2019-12-10,-0.6441031760728625,0.27429019252949693,-0.45691251305905384,1.023009091995905,1.2890304632722986,0.29706281173315685
p06_daily_merged,2019-12-11,1.2495601615813536,0.27429019252949693,0.7011243734871688,-1.442275113305702,1.2890304632722986,0.4143460155129233
p06_daily_merged,2019-12-12,1.2495601615813536,0.27429019252949693,0.7011243734871688,-0.2096330106548985,1.2890304632722986,0.6608744360430839
p06_daily_merged,2019-12-13,-0.6441031760728625,0.27429019252949693,1.2801428167602802,-0.2096330106548985,1.2890304632722986,0.3979454571668629
p06_daily_merged,2019-12-14,-0.6441031760728625,0.27429019252949693,1.2801428167602802,1.023009091995905,1.2890304632722986,0.6444738776970237
p06_daily_merged,2019-12-15,1.2495601615813536,0.27429019252949693,-1.0359309563321653,-0.2096330106548985,-1.6039081336899597,-0.2651243493132346
p06_daily_merged,2019-12-16,1.2495601615813536,0.27429019252949693,0.7011243734871688,1.023009091995905,-0.15743883520883056,0.6181089968770188
p06_daily_merged,2019-12-17,-0.6441031760728625,0.27429019252949693,0.7011243734871688,-1.442275113305702,-0.15743883520883056,-0.25368051171414585
p06_daily_merged,2019-12-18,1.2495601615813536,0.27429019252949693,-1.0359309563321653,-1.442275113305702,1.2890304632722986,0.0669349495490564
p06_daily_merged,2019-12-19,-0.6441031760728625,0.27429019252949693,-1.6149493996052766,-1.442275113305702,1.2890304632722986,-0.427601406636409
p06_daily_merged,2019-12-20,1.2495601615813536,0.27429019252949693,-1.0359309563321653,-1.442275113305702,1.2890304632722986,0.0669349495490564
p06_daily_merged,2019-12-21,1.2495601615813536,0.27429019252949693,-0.45691251305905384,1.023009091995905,-0.15743883520883056,0.38650161956777423
p06_daily_merged,2019-12-22,-0.6441031760728625,0.27429019252949693,1.8591612600333915,1.023009091995905,-1.6039081336899597,0.18168984695919432
p06_daily_merged,2019-12-23,1.2495601615813536,0.27429019252949693,0.7011243734871688,-1.442275113305702,-0.15743883520883056,0.12505215581669743
p06_daily_merged,2019-12-24,-0.6441031760728625,0.27429019252949693,0.7011243734871688,1.023009091995905,-1.6039081336899597,-0.04991753035005031
p06_daily_merged,2019-12-26,-0.6441031760728625,0.27429019252949693,0.7011243734871688,1.023009091995905,-1.6039081336899597,-0.04991753035005031
p06_daily_merged,2019-12-27,1.2495601615813536,0.27429019252949693,-1.0359309563321653,-0.2096330106548985,1.2890304632722986,0.3134633700792171
p06_daily_merged,2019-12-28,-0.6441031760728625,0.27429019252949693,-0.45691251305905384,1.023009091995905,-1.6039081336899597,-0.28152490765929483
p06_daily_merged,2019-12-29,-0.6441031760728625,-3.085764665956837,-1.0359309563321653,1.023009091995905,-0.15743883520883056,-0.780045708314958
p06_daily_merged,2019-12-30,1.2495601615813536,0.27429019252949693,0.12210593021405751,-1.442275113305702,-0.15743883520883056,0.009248467162075114
p06_daily_merged,2019-12-31,1.2495601615813536,0.27429019252949693,-1.0359309563321653,-0.2096330106548985,-0.15743883520883056,0.024169510382991255
p06_daily_merged,2020-01-01,1.2495601615813536,-3.085764665956837,0.12210593021405751,-1.442275113305702,1.2890304632722986,-0.37346864483896586
p06_daily_merged,2020-01-02,-0.6441031760728625,0.27429019252949693,0.7011243734871688,-0.2096330106548985,-0.15743883520883056,-0.00715209118398516
p06_daily_merged,2020-01-03,-0.6441031760728625,0.27429019252949693,0.7011243734871688,-0.2096330106548985,-1.6039081336899597,-0.296445950880211
p06_daily_merged,2020-01-04,-0.6441031760728625,0.27429019252949693,-1.6149493996052766,-0.2096330106548985,-0.15743883520883056,-0.47036684580247423
p06_daily_merged,2020-01-05,-0.6441031760728625,0.27429019252949693,0.7011243734871688,1.023009091995905,-0.15743883520883056,0.23937632934617553
p06_daily_merged,2020-01-06,-0.6441031760728625,0.27429019252949693,1.8591612600333915,-0.2096330106548985,-1.6039081336899597,-0.06483857357096641
p06_daily_merged,2020-01-07,1.2495601615813536,0.27429019252949693,-1.0359309563321653,-1.442275113305702,-1.6039081336899597,-0.5116527698433952
p06_daily_merged,2020-01-08,1.2495601615813536,0.27429019252949693,-1.6149493996052766,-1.442275113305702,-0.15743883520883056,-0.33816259880179167
p06_daily_merged,2020-01-09,1.2495601615813536,0.27429019252949693,-1.6149493996052766,-0.2096330106548985,-0.15743883520883056,-0.09163417827163102
p06_daily_merged,2020-01-10,1.2495601615813536,0.27429019252949693,-0.45691251305905384,-0.2096330106548985,-0.15743883520883056,0.13997319903761354
p06_daily_merged,2020-01-11,1.2495601615813536,-3.085764665956837,-1.6149493996052766,-0.2096330106548985,-0.15743883520883056,-0.7636451499688979
p06_daily_merged,2020-01-12,-0.6441031760728625,0.27429019252949693,1.2801428167602802,-0.2096330106548985,-1.6039081336899597,-0.1806422622255887
p06_daily_merged,2020-01-13,-0.6441031760728625,0.27429019252949693,-0.45691251305905384,-0.2096330106548985,-0.15743883520883056,-0.23875946849322965
p06_daily_merged,2020-01-14,-0.6441031760728625,0.27429019252949693,-0.45691251305905384,-0.2096330106548985,1.2890304632722986,0.050534391202996166
p06_daily_merged,2020-01-15,-0.6441031760728625,0.27429019252949693,0.12210593021405751,-0.2096330106548985,-0.15743883520883056,-0.12295577983860743
p06_daily_merged,2020-01-16,-0.6441031760728625,0.27429019252949693,-1.0359309563321653,-0.2096330106548985,-0.15743883520883056,-0.35456315714785197
p06_daily_merged,2020-01-17,-0.6441031760728625,0.27429019252949693,-0.45691251305905384,-0.2096330106548985,-0.15743883520883056,-0.23875946849322965
p06_daily_merged,2020-01-18,1.2495601615813536,0.27429019252949693,-1.0359309563321653,-0.2096330106548985,-0.15743883520883056,0.024169510382991255
p06_daily_merged,2020-01-19,-0.6441031760728625,0.27429019252949693,0.12210593021405751,1.023009091995905,-0.15743883520883056,0.1235726406915533
p06_daily_merged,2020-01-20,-0.6441031760728625,0.27429019252949693,0.12210593021405751,1.023009091995905,-0.15743883520883056,0.1235726406915533
p06_daily_merged,2020-01-21,-0.6441031760728625,0.27429019252949693,-1.0359309563321653,-0.2096330106548985,-0.15743883520883056,-0.35456315714785197
p06_daily_merged,2020-01-22,1.2495601615813536,0.27429019252949693,-1.0359309563321653,-0.2096330106548985,-0.15743883520883056,0.024169510382991255
p06_daily_merged,2020-01-23,-0.6441031760728625,0.27429019252949693,1.2801428167602802,1.023009091995905,-0.15743883520883056,0.35518001800079785
p06_daily_merged,2020-01-24,-0.6441031760728625,0.27429019252949693,0.12210593021405751,1.023009091995905,-0.15743883520883056,0.1235726406915533
p06_daily_merged,2020-01-25,-0.6441031760728625,0.27429019252949693,-0.45691251305905384,1.023009091995905,-1.6039081336899597,-0.28152490765929483
p06_daily_merged,2020-01-26,-0.6441031760728625,0.27429019252949693,-1.0359309563321653,-0.2096330106548985,-0.15743883520883056,-0.35456315714785197
p06_daily_merged,2020-01-27,-0.6441031760728625,0.27429019252949693,0.7011243734871688,1.023009091995905,-0.15743883520883056,0.23937632934617553
p06_daily_merged,2020-01-28,-0.6441031760728625,0.27429019252949693,-0.45691251305905384,-1.442275113305702,-0.15743883520883056,-0.4852878890233904
p06_daily_merged,2020-01-29,1.2495601615813536,0.27429019252949693,-0.45691251305905384,-1.442275113305702,-0.15743883520883056,-0.10655522149254715
p06_daily_merged,2020-01-30,-0.6441031760728625,0.27429019252949693,-0.45691251305905384,-0.2096330106548985,-0.15743883520883056,-0.23875946849322965
p06_daily_merged,2020-01-31,1.2495601615813536,0.27429019252949693,-0.45691251305905384,-1.442275113305702,-0.15743883520883056,-0.10655522149254715
p06_daily_merged,2020-02-01,-0.6441031760728625,0.27429019252949693,-1.0359309563321653,-0.2096330106548985,-0.15743883520883056,-0.35456315714785197
p06_daily_merged,2020-02-02,-0.6441031760728625,0.27429019252949693,0.7011243734871688,1.023009091995905,-1.6039081336899597,-0.04991753035005031
p06_daily_merged,2020-02-03,-0.6441031760728625,0.27429019252949693,0.12210593021405751,-1.442275113305702,-0.15743883520883056,-0.36948420036876806
p06_daily_merged,2020-02-04,-0.6441031760728625,0.27429019252949693,0.12210593021405751,1.023009091995905,-0.15743883520883056,0.1235726406915533
p06_daily_merged,2020-02-05,1.2495601615813536,0.27429019252949693,-1.0359309563321653,-0.2096330106548985,1.2890304632722986,0.3134633700792171
p06_daily_merged,2020-02-06,-0.6441031760728625,0.27429019252949693,0.7011243734871688,-0.2096330106548985,-0.15743883520883056,-0.00715209118398516
p06_daily_merged,2020-02-07,1.2495601615813536,0.27429019252949693,0.12210593021405751,-1.442275113305702,1.2890304632722986,0.29854232685830095
p06_daily_merged,2020-02-08,-0.6441031760728625,-3.085764665956837,0.12210593021405751,-0.2096330106548985,-0.15743883520883056,-0.7949667515358741
p06_daily_merged,2020-02-09,-0.6441031760728625,0.27429019252949693,0.7011243734871688,1.023009091995905,-0.15743883520883056,0.23937632934617553
p06_daily_merged,2020-02-11,-0.6441031760728625,0.27429019252949693,0.12210593021405751,1.023009091995905,-0.15743883520883056,0.1235726406915533
p06_daily_merged,2020-02-12,-0.6441031760728625,0.27429019252949693,-1.0359309563321653,1.023009091995905,-0.15743883520883056,-0.1080347366176913
p06_daily_merged,2020-02-13,-0.6441031760728625,0.27429019252949693,0.12210593021405751,-0.2096330106548985,-0.15743883520883056,-0.12295577983860743
p06_daily_merged,2020-02-14,-0.6441031760728625,0.27429019252949693,1.2801428167602802,1.023009091995905,-1.6039081336899597,0.065886158304572
p06_daily_merged,2020-02-15,-0.6441031760728625,0.27429019252949693,0.7011243734871688,-1.442275113305702,-0.15743883520883056,-0.25368051171414585
p06_daily_merged,2020-02-16,-0.6441031760728625,0.27429019252949693,0.7011243734871688,1.023009091995905,-0.15743883520883056,0.23937632934617553
p06_daily_merged,2020-02-17,-0.6441031760728625,0.27429019252949693,0.7011243734871688,-1.442275113305702,-0.15743883520883056,-0.25368051171414585
p06_daily_merged,2020-02-18,-0.6441031760728625,0.27429019252949693,-1.0359309563321653,-0.2096330106548985,-0.15743883520883056,-0.35456315714785197
p06_daily_merged,2020-02-19,1.2495601615813536,0.27429019252949693,-1.0359309563321653,-1.442275113305702,-0.15743883520883056,-0.2223589101471694
p06_daily_merged,2020-02-20,1.2495601615813536,0.27429019252949693,0.12210593021405751,1.023009091995905,-0.15743883520883056,0.5023053082223965
p06_daily_merged,2020-02-21,-0.6441031760728625,0.27429019252949693,0.7011243734871688,1.023009091995905,-0.15743883520883056,0.23937632934617553
p06_daily_merged,2020-02-22,-0.6441031760728625,0.27429019252949693,-1.0359309563321653,1.023009091995905,-0.15743883520883056,-0.1080347366176913
p06_daily_merged,2020-02-23,-0.6441031760728625,0.27429019252949693,0.7011243734871688,1.023009091995905,-0.15743883520883056,0.23937632934617553
p06_daily_merged,2020-02-24,-0.6441031760728625,0.27429019252949693,1.2801428167602802,1.023009091995905,-0.15743883520883056,0.35518001800079785
p06_daily_merged,2020-02-25,-0.6441031760728625,0.27429019252949693,-0.45691251305905384,1.023009091995905,-0.15743883520883056,0.0077689520369310094
p06_daily_merged,2020-02-26,-0.6441031760728625,0.27429019252949693,0.7011243734871688,-1.442275113305702,-0.15743883520883056,-0.25368051171414585
p06_daily_merged,2020-02-27,-0.6441031760728625,0.27429019252949693,1.8591612600333915,-1.442275113305702,-0.15743883520883056,-0.022073134404901273
p06_daily_merged,2020-02-28,1.2495601615813536,0.27429019252949693,-2.193967842878388,-1.442275113305702,-0.15743883520883056,-0.453966287456414
p06_daily_merged,2020-02-29,1.2495601615813536,0.27429019252949693,-1.6149493996052766,-1.442275113305702,-0.15743883520883056,-0.33816259880179167
p06_daily_merged,2020-03-01,1.2495601615813536,-3.085764665956837,-1.0359309563321653,-1.442275113305702,-0.15743883520883056,-0.8943698818444362
p06_daily_merged,2020-03-02,1.2495601615813536,0.27429019252949693,-1.0359309563321653,-1.442275113305702,-0.15743883520883056,-0.2223589101471694
p06_daily_merged,2020-03-03,-0.6441031760728625,0.27429019252949693,-0.45691251305905384,-0.2096330106548985,-0.15743883520883056,-0.23875946849322965
p06_daily_merged,2020-03-04,-0.6441031760728625,0.27429019252949693,0.7011243734871688,-0.2096330106548985,-0.15743883520883056,-0.00715209118398516
p06_daily_merged,2020-03-05,-0.6441031760728625,0.27429019252949693,-1.6149493996052766,1.023009091995905,-0.15743883520883056,-0.2238384252723135
p06_daily_merged,2020-03-06,-0.6441031760728625,0.27429019252949693,0.7011243734871688,1.023009091995905,-0.15743883520883056,0.23937632934617553
p06_daily_merged,2020-03-07,-0.6441031760728625,0.27429019252949693,0.12210593021405751,1.023009091995905,-0.15743883520883056,0.1235726406915533
p06_daily_merged,2020-03-08,-0.6441031760728625,0.27429019252949693,-1.0359309563321653,-0.2096330106548985,-1.6039081336899597,-0.6438570168440778
p06_daily_merged,2020-03-09,1.2495601615813536,0.27429019252949693,1.2801428167602802,-1.442275113305702,-0.15743883520883056,0.24085584447131966
p06_daily_merged,2020-03-10,-0.6441031760728625,0.27429019252949693,-1.6149493996052766,1.023009091995905,-0.15743883520883056,-0.2238384252723135
p06_daily_merged,2020-03-11,-0.6441031760728625,0.27429019252949693,0.7011243734871688,-0.2096330106548985,-0.15743883520883056,-0.00715209118398516
p06_daily_merged,2020-03-12,-0.6441031760728625,0.27429019252949693,-1.6149493996052766,1.023009091995905,1.2890304632722986,0.0654554344239123
p06_daily_merged,2020-03-13,1.2495601615813536,0.27429019252949693,0.12210593021405751,-0.2096330106548985,1.2890304632722986,0.5450707473884616
p06_daily_merged,2020-03-14,1.2495601615813536,0.27429019252949693,-2.7729862861514993,-1.442275113305702,1.2890304632722986,-0.2804761164148104
p06_daily_merged,2020-03-16,-0.6441031760728625,0.27429019252949693,0.7011243734871688,1.023009091995905,1.2890304632722986,0.5286701890424014
p06_daily_merged,2020-03-17,-0.6441031760728625,0.27429019252949693,-1.6149493996052766,1.023009091995905,1.2890304632722986,0.0654554344239123
p06_daily_merged,2020-03-18,-0.6441031760728625,0.27429019252949693,-1.6149493996052766,1.023009091995905,1.2890304632722986,0.0654554344239123
p06_daily_merged,2020-03-19,-0.6441031760728625,0.27429019252949693,0.7011243734871688,-0.2096330106548985,1.2890304632722986,0.28214176851224065
p06_daily_merged,2020-03-20,-0.6441031760728625,0.27429019252949693,0.12210593021405751,1.023009091995905,1.2890304632722986,0.4128665003877791
p06_daily_merged,2020-03-21,-0.6441031760728625,0.27429019252949693,0.12210593021405751,-0.2096330106548985,1.2890304632722986,0.16633807985761842
p06_daily_merged,2020-03-22,-0.6441031760728625,0.27429019252949693,-1.0359309563321653,1.023009091995905,1.2890304632722986,0.18125912307853453
p06_daily_merged,2020-03-23,-0.6441031760728625,0.27429019252949693,0.12210593021405751,1.023009091995905,1.2890304632722986,0.4128665003877791
p06_daily_merged,2020-03-24,1.2495601615813536,0.27429019252949693,-1.0359309563321653,-1.442275113305702,1.2890304632722986,0.0669349495490564
p06_daily_merged,2020-03-25,1.2495601615813536,0.27429019252949693,-0.45691251305905384,-1.442275113305702,1.2890304632722986,0.1827386382036787
p06_daily_merged,2020-03-26,1.2495601615813536,0.27429019252949693,-1.0359309563321653,-1.442275113305702,1.2890304632722986,0.0669349495490564
p06_daily_merged,2020-03-27,-0.6441031760728625,0.27429019252949693,-0.45691251305905384,1.023009091995905,1.2890304632722986,0.29706281173315685
p06_daily_merged,2020-03-28,-0.6441031760728625,0.27429019252949693,-1.0359309563321653,1.023009091995905,1.2890304632722986,0.18125912307853453
p06_daily_merged,2020-03-29,-0.6441031760728625,0.27429019252949693,-0.45691251305905384,1.023009091995905,1.2890304632722986,0.29706281173315685
p06_daily_merged,2020-03-30,-0.6441031760728625,0.27429019252949693,0.12210593021405751,1.023009091995905,1.2890304632722986,0.4128665003877791
p07_daily_merged,2019-11-06,-0.3820609940080545,-0.2572806093665507,-1.3410878047881047,0.9127423467492322,-2.3287466614991934,-0.6792867445825342
p07_daily_merged,2019-11-07,-2.499315669136023,-0.2572806093665507,1.9316585812085543,0.9127423467492322,-0.9762431419385266,-0.17768769849666283
p07_daily_merged,2019-11-08,-0.3820609940080545,-0.2572806093665507,0.2952853882102249,0.9127423467492322,0.37626037762214054,0.18898930184139848
p07_daily_merged,2019-11-09,-2.499315669136023,1.7555618050894075,3.568031774206884,0.9127423467492322,-0.9762431419385266,0.5521554229941948
p07_daily_merged,2019-11-10,-0.3820609940080545,-0.2572806093665507,0.2952853882102249,-0.4212656984996458,-0.9762431419385266,-0.34831301112051055
p07_daily_merged,2019-11-11,1.7351936811199142,-0.2572806093665507,-1.3410878047881047,-0.4212656984996458,-2.3287466614991934,-0.5226374186067161
p07_daily_merged,2019-11-12,-0.3820609940080545,-0.2572806093665507,1.9316585812085543,-0.4212656984996458,-0.9762431419385266,-0.021038372520844683
p07_daily_merged,2019-11-13,1.7351936811199142,-0.2572806093665507,0.2952853882102249,-0.4212656984996458,1.7287638971828077,0.61613933172935
p07_daily_merged,2019-11-14,-0.3820609940080545,-0.2572806093665507,0.2952853882102249,-0.4212656984996458,-0.9762431419385266,-0.34831301112051055
p07_daily_merged,2019-11-15,-0.3820609940080545,-0.2572806093665507,1.9316585812085543,-0.4212656984996458,1.7287638971828077,0.5199630353034221
p07_daily_merged,2019-11-16,-0.3820609940080545,-0.2572806093665507,1.9316585812085543,-0.4212656984996458,-0.9762431419385266,-0.021038372520844683
p07_daily_merged,2019-11-17,-0.3820609940080545,-0.2572806093665507,-1.3410878047881047,-0.4212656984996458,-0.9762431419385266,-0.6755876497201764
p07_daily_merged,2019-11-18,-0.3820609940080545,-2.2701230238225087,1.1134719847093897,-0.4212656984996458,-0.9762431419385266,-0.5872441747118692
p07_daily_merged,2019-11-19,-0.3820609940080545,-0.2572806093665507,0.2952853882102249,0.9127423467492322,-2.3287466614991934,-0.3520121059828683
p07_daily_merged,2019-11-20,-0.3820609940080545,-0.2572806093665507,-1.3410878047881047,2.24675039199811,-2.3287466614991934,-0.4124851355327587
p07_daily_merged,2019-11-21,1.7351936811199142,-0.2572806093665507,-0.5229012082889399,-0.4212656984996458,-0.9762431419385266,-0.08849939539474976
p07_daily_merged,2019-11-22,-0.3820609940080545,-0.2572806093665507,0.2952853882102249,-1.7552737437485237,0.37626037762214054,-0.34461391625815274
p07_daily_merged,2019-11-23,-0.3820609940080545,-0.2572806093665507,1.1134719847093897,0.9127423467492322,-0.9762431419385266,0.08212591722909798
p07_daily_merged,2019-11-24,-0.3820609940080545,-0.2572806093665507,0.2952853882102249,-0.4212656984996458,-0.9762431419385266,-0.34831301112051055
p07_daily_merged,2019-11-25,-0.3820609940080545,-0.2572806093665507,1.1134719847093897,0.9127423467492322,-0.9762431419385266,0.08212591722909798
p07_daily_merged,2019-11-26,-0.3820609940080545,-0.2572806093665507,0.2952853882102249,-0.4212656984996458,-0.9762431419385266,-0.34831301112051055
p07_daily_merged,2019-11-27,-0.3820609940080545,-0.2572806093665507,1.9316585812085543,-0.4212656984996458,-0.9762431419385266,-0.021038372520844683
p07_daily_merged,2019-11-28,-0.3820609940080545,-0.2572806093665507,0.2952853882102249,-0.4212656984996458,0.37626037762214054,-0.07781230720837712
p07_daily_merged,2019-11-29,-0.3820609940080545,-0.2572806093665507,0.2952853882102249,-0.4212656984996458,0.37626037762214054,-0.07781230720837712
p07_daily_merged,2019-11-30,1.7351936811199142,-2.2701230238225087,-2.1592744012872696,-0.4212656984996458,0.37626037762214054,-0.5478418129734739
p07_daily_merged,2019-12-01,1.7351936811199142,-0.2572806093665507,-0.5229012082889399,-0.4212656984996458,-0.9762431419385266,-0.08849939539474976
p07_daily_merged,2019-12-02,-0.3820609940080545,-0.2572806093665507,1.1134719847093897,-0.4212656984996458,-0.9762431419385266,-0.18467569182067758
p07_daily_merged,2019-12-03,1.7351936811199142,-0.2572806093665507,-0.5229012082889399,0.9127423467492322,-0.9762431419385266,0.17830221365502583
p07_daily_merged,2019-12-04,1.7351936811199142,-0.2572806093665507,-0.5229012082889399,-0.4212656984996458,-0.9762431419385266,-0.08849939539474976
p07_daily_merged,2019-12-05,-0.3820609940080545,-0.2572806093665507,1.1134719847093897,-0.4212656984996458,1.7287638971828077,0.35632571600358925
p07_daily_merged,2019-12-06,1.7351936811199142,-0.2572806093665507,-0.5229012082889399,-1.7552737437485237,0.37626037762214054,-0.08480030053239193
p07_daily_merged,2019-12-07,-0.3820609940080545,-2.2701230238225087,-1.3410878047881047,-0.4212656984996458,0.37626037762214054,-0.8076554286992346
p07_daily_merged,2019-12-08,1.7351936811199142,-2.2701230238225087,1.1134719847093897,-1.7552737437485237,1.7287638971828077,0.11040655908821581
p07_daily_merged,2019-12-09,-0.3820609940080545,-0.2572806093665507,-0.5229012082889399,0.9127423467492322,-0.9762431419385266,-0.24514872137056792
p07_daily_merged,2019-12-10,-0.3820609940080545,-0.2572806093665507,1.1134719847093897,-0.4212656984996458,0.37626037762214054,0.08582501209145585
p07_daily_merged,2019-12-11,3.852448356247883,-0.2572806093665507,-1.3410878047881047,0.9127423467492322,-0.9762431419385266,0.43811582938078664
p07_daily_merged,2019-12-12,-0.3820609940080545,-0.2572806093665507,0.2952853882102249,-0.4212656984996458,1.7287638971828077,0.19268839670375632
p07_daily_merged,2019-12-13,-0.3820609940080545,-0.2572806093665507,1.1134719847093897,-0.4212656984996458,0.37626037762214054,0.08582501209145585
p07_daily_merged,2019-12-14,-0.3820609940080545,-0.2572806093665507,0.2952853882102249,0.9127423467492322,0.37626037762214054,0.18898930184139848
p07_daily_merged,2019-12-15,-0.3820609940080545,-0.2572806093665507,1.9316585812085543,-0.4212656984996458,1.7287638971828077,0.5199630353034221
p07_daily_merged,2019-12-16,1.7351936811199142,-0.2572806093665507,-0.5229012082889399,-0.4212656984996458,0.37626037762214054,0.18200130851738366
p07_daily_merged,2019-12-17,3.852448356247883,-2.2701230238225087,-1.3410878047881047,-1.7552737437485237,1.7287638971828077,0.0429455362143107
p07_daily_merged,2019-12-18,-0.3820609940080545,-0.2572806093665507,0.2952853882102249,-0.4212656984996458,0.37626037762214054,-0.07781230720837712
p07_daily_merged,2019-12-19,-2.499315669136023,-0.2572806093665507,1.9316585812085543,-0.4212656984996458,1.7287638971828077,0.09651210027782846
p07_daily_merged,2019-12-20,-0.3820609940080545,-0.2572806093665507,-2.1592744012872696,-1.7552737437485237,1.7287638971828077,-0.5650251702455181
p07_daily_merged,2019-12-21,1.7351936811199142,-0.2572806093665507,-1.3410878047881047,0.9127423467492322,0.37626037762214054,0.2851655982673263
p07_daily_merged,2019-12-22,-0.3820609940080545,-0.2572806093665507,1.1134719847093897,0.9127423467492322,0.37626037762214054,0.3526266211412314
p07_daily_merged,2019-12-23,-0.3820609940080545,-0.2572806093665507,1.9316585812085543,0.9127423467492322,0.37626037762214054,0.5162639404410643
p07_daily_merged,2019-12-28,1.7351936811199142,-0.2572806093665507,-1.3410878047881047,-0.4212656984996458,0.37626037762214054,0.018363989217550704
p07_daily_merged,2019-12-29,-0.3820609940080545,-0.2572806093665507,0.2952853882102249,-0.4212656984996458,-0.9762431419385266,-0.34831301112051055
p07_daily_merged,2019-12-30,-0.3820609940080545,-0.2572806093665507,-0.5229012082889399,-0.4212656984996458,-0.9762431419385266,-0.5119503304203434
p07_daily_merged,2019-12-31,1.7351936811199142,-2.2701230238225087,0.2952853882102249,-1.7552737437485237,0.37626037762214054,-0.3237314641237506
p07_daily_merged,2020-01-01,1.7351936811199142,1.7555618050894075,1.1134719847093897,-1.7552737437485237,-0.9762431419385266,0.3745421170463323
p07_daily_merged,2020-01-02,1.7351936811199142,-0.2572806093665507,-1.3410878047881047,-0.4212656984996458,1.7287638971828077,0.2888646931296841
p07_daily_merged,2020-01-05,-0.3820609940080545,-2.2701230238225087,-2.1592744012872696,-0.4212656984996458,0.37626037762214054,-0.9712927479990675
p07_daily_merged,2020-01-06,-0.3820609940080545,-0.2572806093665507,-1.3410878047881047,-1.7552737437485237,1.7287638971828077,-0.4013878509456852
p07_daily_merged,2020-01-07,1.7351936811199142,-0.2572806093665507,-1.3410878047881047,-0.4212656984996458,1.7287638971828077,0.2888646931296841
p07_daily_merged,2020-01-08,-0.3820609940080545,-0.2572806093665507,-0.5229012082889399,0.9127423467492322,-0.9762431419385266,-0.24514872137056792
p07_daily_merged,2020-01-09,-0.3820609940080545,-0.2572806093665507,-0.5229012082889399,-1.7552737437485237,0.37626037762214054,-0.5082512355579858
p07_daily_merged,2020-01-10,-0.3820609940080545,1.7555618050894075,-0.5229012082889399,-1.7552737437485237,0.37626037762214054,-0.10568275266679401
p07_daily_merged,2020-01-11,-0.3820609940080545,-0.2572806093665507,0.2952853882102249,0.9127423467492322,0.37626037762214054,0.18898930184139848
p07_daily_merged,2020-01-12,-0.3820609940080545,-0.2572806093665507,-0.5229012082889399,-0.4212656984996458,0.37626037762214054,-0.24144962650821009
p07_daily_merged,2020-01-13,-0.3820609940080545,1.7555618050894075,-0.5229012082889399,0.9127423467492322,-0.9762431419385266,0.15741976152062376
p07_daily_merged,2020-01-14,-0.3820609940080545,-0.2572806093665507,1.1134719847093897,0.9127423467492322,-0.9762431419385266,0.08212591722909798
p07_daily_merged,2020-01-15,-0.3820609940080545,-0.2572806093665507,1.1134719847093897,-0.4212656984996458,0.37626037762214054,0.08582501209145585
p07_daily_merged,2020-01-16,-0.3820609940080545,-0.2572806093665507,1.1134719847093897,0.9127423467492322,0.37626037762214054,0.3526266211412314
p07_daily_merged,2020-01-17,-0.3820609940080545,1.7555618050894075,1.1134719847093897,0.9127423467492322,-0.9762431419385266,0.4846944001202897
p07_daily_merged,2020-01-18,1.7351936811199142,-0.2572806093665507,-1.3410878047881047,-1.7552737437485237,0.37626037762214054,-0.2484376198322249
p07_daily_merged,2020-01-19,-0.3820609940080545,-0.2572806093665507,-0.5229012082889399,-0.4212656984996458,0.37626037762214054,-0.24144962650821009
p07_daily_merged,2020-01-20,-0.3820609940080545,-0.2572806093665507,1.1134719847093897,0.9127423467492322,0.37626037762214054,0.3526266211412314
p07_daily_merged,2020-01-21,-0.3820609940080545,-0.2572806093665507,1.1134719847093897,-0.4212656984996458,-0.9762431419385266,-0.18467569182067758
p07_daily_merged,2020-01-22,-0.3820609940080545,1.7555618050894075,0.2952853882102249,0.9127423467492322,-0.9762431419385266,0.3210570808204568
p07_daily_merged,2020-01-23,-0.3820609940080545,1.7555618050894075,0.2952853882102249,0.9127423467492322,0.37626037762214054,0.5915577847325901
p07_daily_merged,2020-01-24,-0.3820609940080545,1.7555618050894075,1.1134719847093897,0.9127423467492322,0.37626037762214054,0.7551951040324231
p07_daily_merged,2020-01-25,-0.3820609940080545,1.7555618050894075,-0.5229012082889399,0.9127423467492322,-0.9762431419385266,0.15741976152062376
p07_daily_merged,2020-01-26,1.7351936811199142,1.7555618050894075,-0.5229012082889399,2.24675039199811,-0.9762431419385266,0.8476723055959929
p07_daily_merged,2020-01-27,-0.3820609940080545,1.7555618050894075,-0.5229012082889399,0.9127423467492322,0.37626037762214054,0.4279204654327572
p07_daily_merged,2020-01-28,-0.3820609940080545,-0.2572806093665507,1.9316585812085543,-1.7552737437485237,1.7287638971828077,0.25316142625364657
p07_daily_merged,2020-01-29,-0.3820609940080545,-2.2701230238225087,0.2952853882102249,-0.4212656984996458,0.37626037762214054,-0.4803807900995687
p07_daily_merged,2020-01-30,-0.3820609940080545,-0.2572806093665507,0.2952853882102249,-1.7552737437485237,0.37626037762214054,-0.34461391625815274
p07_daily_merged,2020-01-31,-0.3820609940080545,1.7555618050894075,0.2952853882102249,0.9127423467492322,0.37626037762214054,0.5915577847325901
p07_daily_merged,2020-02-01,-0.3820609940080545,1.7555618050894075,0.2952853882102249,2.24675039199811,-0.9762431419385266,0.5878586898702323
p07_daily_merged,2020-02-02,-0.3820609940080545,1.7555618050894075,-0.5229012082889399,0.9127423467492322,-0.9762431419385266,0.15741976152062376
p07_daily_merged,2020-02-03,1.7351936811199142,-0.2572806093665507,-1.3410878047881047,0.9127423467492322,-0.9762431419385266,0.01466489435519287
p07_daily_merged,2020-02-04,-0.3820609940080545,-0.2572806093665507,-0.5229012082889399,-0.4212656984996458,-0.9762431419385266,-0.5119503304203434
p07_daily_merged,2020-02-05,-0.3820609940080545,1.7555618050894075,0.2952853882102249,0.9127423467492322,-0.9762431419385266,0.3210570808204568
p07_daily_merged,2020-02-06,1.7351936811199142,-0.2572806093665507,-1.3410878047881047,-0.4212656984996458,-0.9762431419385266,-0.2521367146945827
p07_daily_merged,2020-02-07,-0.3820609940080545,1.7555618050894075,0.2952853882102249,0.9127423467492322,-0.9762431419385266,0.3210570808204568
p07_daily_merged,2020-02-08,-0.3820609940080545,1.7555618050894075,0.2952853882102249,-0.4212656984996458,-0.9762431419385266,0.05425547177068111
p07_daily_merged,2020-02-09,1.7351936811199142,1.7555618050894075,0.2952853882102249,0.9127423467492322,0.37626037762214054,1.0150087197581839
p07_daily_merged,2020-02-10,-0.3820609940080545,-0.2572806093665507,-0.5229012082889399,0.9127423467492322,0.37626037762214054,0.02535198254156549
p07_daily_merged,2020-02-11,-0.3820609940080545,1.7555618050894075,-0.5229012082889399,0.9127423467492322,-0.9762431419385266,0.15741976152062376
p07_daily_merged,2020-02-12,-0.3820609940080545,-0.2572806093665507,0.2952853882102249,-0.4212656984996458,0.37626037762214054,-0.07781230720837712
p07_daily_merged,2020-02-13,-0.3820609940080545,-0.2572806093665507,-0.5229012082889399,-0.4212656984996458,0.37626037762214054,-0.24144962650821009
p07_daily_merged,2020-02-14,-0.3820609940080545,1.7555618050894075,0.2952853882102249,0.9127423467492322,-0.9762431419385266,0.3210570808204568
p07_daily_merged,2020-02-15,-0.3820609940080545,-0.2572806093665507,0.2952853882102249,-0.4212656984996458,0.37626037762214054,-0.07781230720837712
p07_daily_merged,2020-02-16,-0.3820609940080545,-0.2572806093665507,-0.5229012082889399,-0.4212656984996458,0.37626037762214054,-0.24144962650821009
p07_daily_merged,2020-02-16,-0.3820609940080545,-0.2572806093665507,-0.5229012082889399,0.9127423467492322,1.7287638971828077,0.2958526864536989
p07_daily_merged,2020-02-18,1.7351936811199142,-2.2701230238225087,-0.5229012082889399,0.9127423467492322,0.37626037762214054,0.04623443467596765
p07_daily_merged,2020-02-20,-0.3820609940080545,-0.2572806093665507,-0.5229012082889399,-0.4212656984996458,0.37626037762214054,-0.24144962650821009
p07_daily_merged,2020-02-21,-0.3820609940080545,-0.2572806093665507,0.2952853882102249,-1.7552737437485237,0.37626037762214054,-0.34461391625815274
p07_daily_merged,2020-02-23,-0.3820609940080545,-0.2572806093665507,0.2952853882102249,-0.4212656984996458,0.37626037762214054,-0.07781230720837712
p07_daily_merged,2020-02-24,-0.3820609940080545,-0.2572806093665507,0.2952853882102249,0.9127423467492322,0.37626037762214054,0.18898930184139848
p07_daily_merged,2020-02-25,-0.3820609940080545,-0.2572806093665507,-0.5229012082889399,-0.4212656984996458,1.7287638971828077,0.02905107740392334
p07_daily_merged,2020-02-26,-0.3820609940080545,-0.2572806093665507,-1.3410878047881047,-0.4212656984996458,0.37626037762214054,-0.405086945808043
p07_daily_merged,2020-02-27,-0.3820609940080545,-0.2572806093665507,0.2952853882102249,-1.7552737437485237,0.37626037762214054,-0.34461391625815274
p07_daily_merged,2020-02-28,-0.3820609940080545,-0.2572806093665507,0.2952853882102249,-1.7552737437485237,0.37626037762214054,-0.34461391625815274
p07_daily_merged,2020-02-29,-0.3820609940080545,-0.2572806093665507,1.1134719847093897,-1.7552737437485237,1.7287638971828077,0.0895241069538137
p07_daily_merged,2020-03-01,-0.3820609940080545,-0.2572806093665507,-0.5229012082889399,-0.4212656984996458,0.37626037762214054,-0.24144962650821009
p07_daily_merged,2020-03-02,-0.3820609940080545,-0.2572806093665507,-1.3410878047881047,0.9127423467492322,-0.9762431419385266,-0.4087860406704008
p07_daily_merged,2020-03-03,-0.3820609940080545,1.7555618050894075,-1.3410878047881047,-0.4212656984996458,0.37626037762214054,-0.0025184629168513717
p07_daily_merged,2020-03-04,-0.3820609940080545,1.7555618050894075,-0.5229012082889399,0.9127423467492322,-0.9762431419385266,0.15741976152062376
p07_daily_merged,2020-03-05,-0.3820609940080545,-0.2572806093665507,-0.5229012082889399,0.9127423467492322,0.37626037762214054,0.02535198254156549
p07_daily_merged,2020-03-06,-0.3820609940080545,1.7555618050894075,-0.5229012082889399,0.9127423467492322,-0.9762431419385266,0.15741976152062376
p07_daily_merged,2020-03-07,-0.3820609940080545,-0.2572806093665507,-0.5229012082889399,-0.4212656984996458,-0.9762431419385266,-0.5119503304203434
p07_daily_merged,2020-03-09,-0.3820609940080545,-0.2572806093665507,-0.5229012082889399,-0.4212656984996458,0.37626037762214054,-0.24144962650821009
p07_daily_merged,2020-03-10,-0.3820609940080545,-0.2572806093665507,-0.5229012082889399,0.9127423467492322,0.37626037762214054,0.02535198254156549
p07_daily_merged,2020-03-11,-0.3820609940080545,-0.2572806093665507,0.2952853882102249,0.9127423467492322,1.7287638971828077,0.4594900057535319
p07_daily_merged,2020-03-12,-0.3820609940080545,-0.2572806093665507,-0.5229012082889399,2.24675039199811,0.37626037762214054,0.292153591591341
p07_daily_merged,2020-03-13,-0.3820609940080545,1.7555618050894075,0.2952853882102249,-0.4212656984996458,0.37626037762214054,0.3247561756828145
p07_daily_merged,2020-03-14,-0.3820609940080545,1.7555618050894075,-0.5229012082889399,0.9127423467492322,0.37626037762214054,0.4279204654327572
p07_daily_merged,2020-03-15,-0.3820609940080545,-0.2572806093665507,-0.5229012082889399,-1.7552737437485237,1.7287638971828077,-0.2377505316458523
p07_daily_merged,2020-03-17,-0.3820609940080545,-0.2572806093665507,-0.5229012082889399,0.9127423467492322,-0.9762431419385266,-0.24514872137056792
p07_daily_merged,2020-03-18,-0.3820609940080545,-0.2572806093665507,0.2952853882102249,0.9127423467492322,0.37626037762214054,0.18898930184139848
p07_daily_merged,2020-03-19,1.7351936811199142,-0.2572806093665507,-0.5229012082889399,0.9127423467492322,0.37626037762214054,0.4488029175671593
p07_daily_merged,2020-03-20,-0.3820609940080545,1.7555618050894075,1.1134719847093897,0.9127423467492322,-0.9762431419385266,0.4846944001202897
p07_daily_merged,2020-03-21,-0.3820609940080545,-0.2572806093665507,-0.5229012082889399,0.9127423467492322,0.37626037762214054,0.02535198254156549
p07_daily_merged,2020-03-22,-0.3820609940080545,-0.2572806093665507,-1.3410878047881047,-0.4212656984996458,0.37626037762214054,-0.405086945808043
p07_daily_merged,2020-03-24,-0.3820609940080545,-0.2572806093665507,0.2952853882102249,0.9127423467492322,-0.9762431419385266,-0.08151140207073496
p07_daily_merged,2020-03-25,-0.3820609940080545,-0.2572806093665507,-0.5229012082889399,0.9127423467492322,1.7287638971828077,0.2958526864536989
p07_daily_merged,2020-03-26,-0.3820609940080545,-0.2572806093665507,-0.5229012082889399,-1.7552737437485237,0.37626037762214054,-0.5082512355579858
p07_daily_merged,2020-03-28,-0.3820609940080545,-0.2572806093665507,0.2952853882102249,0.9127423467492322,0.37626037762214054,0.18898930184139848
p07_daily_merged,2020-03-29,-0.3820609940080545,-0.2572806093665507,0.2952853882102249,-0.4212656984996458,0.37626037762214054,-0.07781230720837712
p08_daily_merged,2019-11-11,0.5848976518656018,0.40857535638564957,-0.4435079614626599,0.8472257143423734,-0.9317243348869192,0.09309328524880914
p08_daily_merged,2019-11-12,-0.5848976518656018,-1.1651963867294453,0.6679336769015959,-1.412042857237289,0.2218391273540287,-0.45447281831534225
p08_daily_merged,2019-11-13,0.5848976518656018,-1.1651963867294453,-0.9992287806447877,-1.412042857237289,0.2218391273540287,-0.5539462490783782
p08_daily_merged,2019-11-14,0.5848976518656018,-1.1651963867294453,-0.9992287806447877,-1.412042857237289,1.3754025895949766,-0.3232335566301886
p08_daily_merged,2019-11-15,0.5848976518656018,0.40857535638564957,0.11221285771946797,0.8472257143423734,-0.9317243348869192,0.2042374490852347
p08_daily_merged,2019-11-16,-0.5848976518656018,0.40857535638564957,-0.9992287806447877,-0.2824085714474578,-0.9317243348869192,-0.4779367964918234
p08_daily_merged,2019-11-17,0.5848976518656018,-1.1651963867294453,-1.5549495998269156,-1.412042857237289,0.2218391273540287,-0.6650904129148039
p08_daily_merged,2019-11-18,0.5848976518656018,-1.1651963867294453,-2.1106704190090433,-1.412042857237289,1.3754025895949766,-0.5455218843030398
p08_daily_merged,2019-11-19,0.5848976518656018,0.40857535638564957,-1.5549495998269156,0.8472257143423734,-0.9317243348869192,-0.129195042424042
p08_daily_merged,2019-11-20,1.7546929555968054,-2.7389681298445403,-2.1106704190090433,-1.412042857237289,1.3754025895949766,-0.626317172179818
p08_daily_merged,2019-11-21,-0.5848976518656018,0.40857535638564957,-0.9992287806447877,0.8472257143423734,-0.9317243348869192,-0.2520099393338572
p08_daily_merged,2019-11-22,0.5848976518656018,-1.1651963867294453,-0.9992287806447877,-1.412042857237289,1.3754025895949766,-0.3232335566301886
p08_daily_merged,2019-11-23,-0.5848976518656018,0.40857535638564957,-0.4435079614626599,0.8472257143423734,-0.9317243348869192,-0.1408657754974316
p08_daily_merged,2019-11-25,-0.5848976518656018,0.40857535638564957,0.6679336769015959,0.8472257143423734,-0.9317243348869192,0.08142255217541956
p08_daily_merged,2019-11-26,0.5848976518656018,0.40857535638564957,0.6679336769015959,-1.412042857237289,0.2218391273540287,0.0942405910539174
p08_daily_merged,2019-11-27,-1.7546929555968054,0.40857535638564957,1.2236544960837237,0.8472257143423734,1.3754025895949766,0.4200330401619835
p08_daily_merged,2019-11-29,0.5848976518656018,1.9823470995007444,1.2236544960837237,-0.2824085714474578,-0.9317243348869192,0.5153532682231386
p08_daily_merged,2019-11-30,1.7546929555968054,-2.7389681298445403,-0.9992287806447877,-1.412042857237289,-0.9317243348869192,-0.8654542294033462
p08_daily_merged,2019-12-01,-0.5848976518656018,0.40857535638564957,-0.4435079614626599,0.8472257143423734,1.3754025895949766,0.32055960939894756
p08_daily_merged,2019-12-02,-0.5848976518656018,0.40857535638564957,1.2236544960837237,0.8472257143423734,1.3754025895949766,0.6539921009082242
p08_daily_merged,2019-12-03,-1.7546929555968054,0.40857535638564957,0.11221285771946797,0.8472257143423734,-0.9317243348869192,-0.2636806724072468
p08_daily_merged,2019-12-04,-1.7546929555968054,0.40857535638564957,1.2236544960837237,-0.2824085714474578,1.3754025895949766,0.19410618300401733
p08_daily_merged,2019-12-08,-0.5848976518656018,0.40857535638564957,0.6679336769015959,0.8472257143423734,-2.0852877971278674,-0.14929014027277007
p08_daily_merged,2019-12-09,0.5848976518656018,0.40857535638564957,0.11221285771946797,-0.2824085714474578,0.2218391273540287,0.20902328437545808
p08_daily_merged,2019-12-10,0.5848976518656018,0.40857535638564957,0.6679336769015959,-1.412042857237289,0.2218391273540287,0.0942405910539174
p08_daily_merged,2019-12-11,-1.7546929555968054,0.40857535638564957,1.2236544960837237,1.9768600001322045,-0.9317243348869192,0.18453451242357063
p08_daily_merged,2019-12-12,-0.5848976518656018,0.40857535638564957,0.6679336769015959,0.8472257143423734,1.3754025895949766,0.5428479370717987
p08_daily_merged,2019-12-13,-1.7546929555968054,1.9823470995007444,1.2236544960837237,0.8472257143423734,-0.9317243348869192,0.2733620038886234
p08_daily_merged,2019-12-14,0.5848976518656018,0.40857535638564957,-1.5549495998269156,-1.412042857237289,-0.9317243348869192,-0.5810487567399745
p08_daily_merged,2019-12-15,1.7546929555968054,-2.7389681298445403,-0.4435079614626599,-1.412042857237289,-0.9317243348869192,-0.7543100655669205
p08_daily_merged,2019-12-16,0.5848976518656018,-1.1651963867294453,0.6679336769015959,-1.412042857237289,1.3754025895949766,0.010198934879088028
p08_daily_merged,2019-12-17,1.7546929555968054,-1.1651963867294453,-0.4435079614626599,-1.412042857237289,-0.9317243348869192,-0.4395557169439016
p08_daily_merged,2019-12-18,0.5848976518656018,0.40857535638564957,0.11221285771946797,0.8472257143423734,-0.9317243348869192,0.2042374490852347
p08_daily_merged,2019-12-19,0.5848976518656018,1.9823470995007444,0.11221285771946797,-0.2824085714474578,1.3754025895949766,0.7544903254466666
p08_daily_merged,2019-12-20,0.5848976518656018,0.40857535638564957,-0.9992287806447877,0.8472257143423734,-0.9317243348869192,-0.018050878587616427
p08_daily_merged,2019-12-21,-0.5848976518656018,0.40857535638564957,0.6679336769015959,0.8472257143423734,-0.9317243348869192,0.08142255217541956
p08_daily_merged,2019-12-22,0.5848976518656018,0.40857535638564957,0.11221285771946797,-0.2824085714474578,0.2218391273540287,0.20902328437545808
p08_daily_merged,2019-12-23,-0.5848976518656018,1.9823470995007444,1.2236544960837237,0.8472257143423734,0.2218391273540287,0.7380337570830537
p08_daily_merged,2019-12-24,0.5848976518656018,1.9823470995007444,-0.4435079614626599,-1.412042857237289,-2.0852877971278674,-0.27471877289229407
p08_daily_merged,2019-12-25,-0.5848976518656018,-2.7389681298445403,-1.5549495998269156,0.8472257143423734,-2.0852877971278674,-1.2233754928645102
p08_daily_merged,2019-12-26,0.5848976518656018,-1.1651963867294453,-0.9992287806447877,0.8472257143423734,-0.9317243348869192,-0.3328052272106354
p08_daily_merged,2019-12-27,-1.7546929555968054,0.40857535638564957,0.6679336769015959,0.8472257143423734,0.2218391273540287,0.07817618387736842
p08_daily_merged,2019-12-28,0.5848976518656018,0.40857535638564957,-1.5549495998269156,-1.412042857237289,1.3754025895949766,-0.11962337184359528
p08_daily_merged,2019-12-30,-1.7546929555968054,0.40857535638564957,1.2236544960837237,0.8472257143423734,-0.9317243348869192,-0.04139234473439559
p08_daily_merged,2019-12-31,0.5848976518656018,0.40857535638564957,1.2236544960837237,0.8472257143423734,-2.0852877971278674,0.19581308430989627
p08_daily_merged,2020-01-01,1.7546929555968054,0.40857535638564957,-1.5549495998269156,-1.412042857237289,0.2218391273540287,-0.11637700354554419
p08_daily_merged,2020-01-02,0.5848976518656018,0.40857535638564957,-0.4435079614626599,-0.2824085714474578,1.3754025895949766,0.32859181298722206
p08_daily_merged,2020-01-03,0.5848976518656018,0.40857535638564957,-0.4435079614626599,-1.412042857237289,0.2218391273540287,-0.12804773661893376
p08_daily_merged,2020-01-04,-1.7546929555968054,0.40857535638564957,1.2236544960837237,0.8472257143423734,-0.9317243348869192,-0.04139234473439559
p08_daily_merged,2020-01-05,0.5848976518656018,0.40857535638564957,-0.4435079614626599,0.8472257143423734,-0.9317243348869192,0.09309328524880914
p08_daily_merged,2020-01-06,0.5848976518656018,0.40857535638564957,0.11221285771946797,-1.412042857237289,1.3754025895949766,0.21380911966568142
p08_daily_merged,2020-01-07,-0.5848976518656018,0.40857535638564957,0.11221285771946797,0.8472257143423734,0.2218391273540287,0.20099108078718358
p08_daily_merged,2020-01-08,0.5848976518656018,0.40857535638564957,0.11221285771946797,-1.412042857237289,1.3754025895949766,0.21380911966568142
p08_daily_merged,2020-01-09,0.5848976518656018,0.40857535638564957,0.11221285771946797,0.8472257143423734,0.2218391273540287,0.43495014153342426
p08_daily_merged,2020-01-11,0.5848976518656018,0.40857535638564957,-1.5549495998269156,0.8472257143423734,1.3754025895949766,0.3322303424723372
p08_daily_merged,2020-01-12,1.7546929555968054,-2.7389681298445403,-2.666391238191171,-1.412042857237289,1.3754025895949766,-0.7374613360162436
p08_daily_merged,2020-01-13,1.7546929555968054,-1.1651963867294453,-2.666391238191171,-1.412042857237289,1.3754025895949766,-0.4227069873932246
p08_daily_merged,2020-01-14,1.7546929555968054,-1.1651963867294453,-2.666391238191171,-0.2824085714474578,1.3754025895949766,-0.19678013023525837
p08_daily_merged,2020-01-18,0.5848976518656018,0.40857535638564957,-1.5549495998269156,0.8472257143423734,1.3754025895949766,0.3322303424723372
p08_daily_merged,2020-01-19,0.5848976518656018,0.40857535638564957,-0.4435079614626599,-0.2824085714474578,1.3754025895949766,0.32859181298722206
p08_daily_merged,2020-01-22,0.5848976518656018,0.40857535638564957,-0.9992287806447877,0.8472257143423734,0.2218391273540287,0.21266181386057315
p08_daily_merged,2020-01-23,0.5848976518656018,0.40857535638564957,-0.4435079614626599,0.8472257143423734,0.2218391273540287,0.3238059776969987
p08_daily_merged,2020-01-31,-0.5848976518656018,0.40857535638564957,0.6679336769015959,0.8472257143423734,0.2218391273540287,0.31213524462360914
p08_daily_merged,2020-02-01,0.5848976518656018,0.40857535638564957,0.11221285771946797,0.8472257143423734,-0.9317243348869192,0.2042374490852347
p08_daily_merged,2020-02-02,-0.5848976518656018,0.40857535638564957,0.11221285771946797,0.8472257143423734,0.2218391273540287,0.20099108078718358
p08_daily_merged,2020-02-03,-0.5848976518656018,0.40857535638564957,1.2236544960837237,0.8472257143423734,-0.9317243348869192,0.1925667160118451
p08_daily_merged,2020-02-04,-0.5848976518656018,0.40857535638564957,-0.4435079614626599,0.8472257143423734,-0.9317243348869192,-0.1408657754974316
p08_daily_merged,2020-02-05,0.5848976518656018,0.40857535638564957,0.11221285771946797,0.8472257143423734,-0.9317243348869192,0.2042374490852347
p08_daily_merged,2020-02-06,0.5848976518656018,0.40857535638564957,-0.4435079614626599,0.8472257143423734,0.2218391273540287,0.3238059776969987
p08_daily_merged,2020-02-09,-1.7546929555968054,0.40857535638564957,1.7793753152658516,0.8472257143423734,-0.9317243348869192,0.06975181910202999
p08_daily_merged,2020-02-10,0.5848976518656018,0.40857535638564957,0.11221285771946797,-0.2824085714474578,1.3754025895949766,0.4397359768236477
p08_daily_merged,2020-02-11,-0.5848976518656018,0.40857535638564957,1.2236544960837237,0.8472257143423734,-0.9317243348869192,0.1925667160118451
p08_daily_merged,2020-02-12,-0.5848976518656018,-1.1651963867294453,0.11221285771946797,-0.2824085714474578,0.2218391273540287,-0.33969012499380163
p08_daily_merged,2020-02-13,0.5848976518656018,0.40857535638564957,0.11221285771946797,-0.2824085714474578,1.3754025895949766,0.4397359768236477
p08_daily_merged,2020-02-14,0.5848976518656018,0.40857535638564957,-0.4435079614626599,-1.412042857237289,1.3754025895949766,0.10266495582925583
p08_daily_merged,2020-02-15,-0.5848976518656018,0.40857535638564957,0.6679336769015959,0.8472257143423734,0.2218391273540287,0.31213524462360914
p08_daily_merged,2020-02-18,0.5848976518656018,0.40857535638564957,0.11221285771946797,-0.2824085714474578,1.3754025895949766,0.4397359768236477
p08_daily_merged,2020-02-20,0.5848976518656018,0.40857535638564957,0.6679336769015959,0.8472257143423734,0.2218391273540287,0.5460943053698498
p08_daily_merged,2020-02-21,0.5848976518656018,-1.1651963867294453,0.6679336769015959,-0.2824085714474578,0.2218391273540287,0.0054130995888646725
p08_daily_merged,2020-02-22,0.5848976518656018,-1.1651963867294453,-0.4435079614626599,-1.412042857237289,0.2218391273540287,-0.4428020852419527
p08_daily_merged,2020-02-23,-0.5848976518656018,-1.1651963867294453,0.11221285771946797,0.8472257143423734,0.2218391273540287,-0.11376326783583542
p08_daily_merged,2020-02-26,0.5848976518656018,-2.7389681298445403,0.11221285771946797,0.8472257143423734,0.2218391273540287,-0.19455855571261374
p08_daily_merged,2020-02-27,0.5848976518656018,0.40857535638564957,0.11221285771946797,-1.412042857237289,-0.9317243348869192,-0.24761626523069777
p08_daily_merged,2020-02-28,0.5848976518656018,-1.1651963867294453,0.11221285771946797,-1.412042857237289,0.2218391273540287,-0.33165792140552713
p08_daily_merged,2020-02-29,-1.7546929555968054,0.40857535638564957,0.6679336769015959,0.8472257143423734,0.2218391273540287,0.07817618387736842
p08_daily_merged,2020-03-02,0.5848976518656018,-1.1651963867294453,0.6679336769015959,-1.412042857237289,0.2218391273540287,-0.22051375756910155
p08_daily_merged,2020-03-03,-1.7546929555968054,0.40857535638564957,0.6679336769015959,-0.2824085714474578,1.3754025895949766,0.08296201916759179
p08_daily_merged,2020-03-04,-0.5848976518656018,0.40857535638564957,0.6679336769015959,0.8472257143423734,0.2218391273540287,0.31213524462360914
p08_daily_merged,2020-03-04,-0.5848976518656018,0.40857535638564957,0.11221285771946797,-0.2824085714474578,0.2218391273540287,-0.024935776370782675
p08_daily_merged,2020-03-05,0.5848976518656018,0.40857535638564957,0.6679336769015959,-0.2824085714474578,0.2218391273540287,0.32016744821188364
p08_daily_merged,2020-03-06,0.5848976518656018,-1.1651963867294453,0.11221285771946797,-0.2824085714474578,1.3754025895949766,0.12498162820062868
p08_daily_merged,2020-03-07,0.5848976518656018,0.40857535638564957,0.11221285771946797,-1.412042857237289,-0.9317243348869192,-0.24761626523069777
p08_daily_merged,2020-03-09,-1.7546929555968054,-1.1651963867294453,1.2236544960837237,0.8472257143423734,-0.9317243348869192,-0.35614669335741456
p08_daily_merged,2020-03-12,-1.7546929555968054,0.40857535638564957,1.2236544960837237,-0.2824085714474578,-0.9317243348869192,-0.26731920189236186
p08_daily_merged,2020-03-14,-1.7546929555968054,-1.1651963867294453,1.2236544960837237,0.8472257143423734,0.2218391273540287,-0.12543400090922494
p08_daily_merged,2020-03-15,-1.7546929555968054,0.40857535638564957,0.6679336769015959,0.8472257143423734,-0.9317243348869192,-0.15253650857082116
p08_daily_merged,2020-03-17,-0.5848976518656018,0.40857535638564957,0.6679336769015959,0.8472257143423734,-0.9317243348869192,0.08142255217541956
p08_daily_merged,2020-03-19,0.5848976518656018,0.40857535638564957,0.6679336769015959,0.8472257143423734,0.2218391273540287,0.5460943053698498
p08_daily_merged,2020-03-20,-1.7546929555968054,0.40857535638564957,1.7793753152658516,0.8472257143423734,-0.9317243348869192,0.06975181910202999
p08_daily_merged,2020-03-21,-1.7546929555968054,0.40857535638564957,1.7793753152658516,0.8472257143423734,0.2218391273540287,0.3004645115502196
p08_daily_merged,2020-03-22,-0.5848976518656018,0.40857535638564957,0.6679336769015959,-1.412042857237289,-0.9317243348869192,-0.37043116214051286
p08_daily_merged,2020-03-24,0.5848976518656018,0.40857535638564957,-0.4435079614626599,0.8472257143423734,-0.9317243348869192,0.09309328524880914
p08_daily_merged,2020-03-25,-0.5848976518656018,0.40857535638564957,-0.4435079614626599,0.8472257143423734,-0.9317243348869192,-0.1408657754974316
p08_daily_merged,2020-03-27,0.5848976518656018,0.40857535638564957,0.11221285771946797,-1.412042857237289,-0.9317243348869192,-0.24761626523069777
p09_daily_merged,2019-11-15,0.9139076937674137,-0.33410303032822763,0.30455158002744065,1.8230467606051692,1.822348485720323,0.9059502979584237
p09_daily_merged,2019-11-16,-2.4153274763853068,0.9766088578825117,2.3086974614983418,3.701337362440798,0.7353335995011828,1.0613299609875055
p09_daily_merged,2019-11-17,-0.19583736295015983,0.9766088578825117,0.30455158002744065,-0.055243841230459466,-1.4386961729370973,-0.08172338784155286
p09_daily_merged,2019-11-18,0.9139076937674137,-1.644814918538967,0.30455158002744065,-1.9335344430660881,0.7353335995011828,-0.32491129766180366
p09_daily_merged,2019-11-19,0.9139076937674137,-1.644814918538967,-0.6975213607080099,-1.9335344430660881,1.822348485720323,-0.3079229085650657
p09_daily_merged,2019-11-20,0.9139076937674137,-1.644814918538967,0.30455158002744065,-1.9335344430660881,1.822348485720323,-0.1075083204179756
p09_daily_merged,2019-11-21,-0.19583736295015983,-1.644814918538967,1.306624520762891,-0.055243841230459466,1.822348485720323,0.24661537675272555
p09_daily_merged,2019-11-22,-1.3055824196677335,0.9766088578825117,0.30455158002744065,1.8230467606051692,0.7353335995011828,0.5067916756697142
p09_daily_merged,2019-11-23,-0.19583736295015983,-0.33410303032822763,0.30455158002744065,-0.055243841230459466,0.7353335995011828,0.09094018900395531
p09_daily_merged,2019-11-25,2.0236527504849873,-2.9555268067497065,-0.6975213607080099,-1.9335344430660881,1.822348485720323,-0.34811627486369884
p09_daily_merged,2019-11-27,-0.19583736295015983,0.9766088578825117,1.306624520762891,-0.055243841230459466,0.7353335995011828,0.5534971547931933
p09_daily_merged,2019-11-28,-1.3055824196677335,2.287320746093251,1.306624520762891,-0.055243841230459466,-1.4386961729370973,0.15888456660417036
p09_daily_merged,2019-11-29,-0.19583736295015983,-0.33410303032822763,1.306624520762891,1.8230467606051692,0.7353335995011828,0.6670128975181712
p09_daily_merged,2019-11-30,0.9139076937674137,-0.33410303032822763,0.30455158002744065,-0.055243841230459466,0.7353335995011828,0.31288920034747003
p09_daily_merged,2019-12-01,-0.19583736295015983,-0.33410303032822763,0.30455158002744065,-0.055243841230459466,-0.3516812867179573,-0.12646278823987273
p09_daily_merged,2019-12-02,-0.19583736295015983,0.9766088578825117,0.30455158002744065,-0.055243841230459466,0.7353335995011828,0.35308256664610316
p09_daily_merged,2019-12-03,-0.19583736295015983,-0.33410303032822763,1.306624520762891,-0.055243841230459466,0.7353335995011828,0.2913547771510454
p09_daily_merged,2019-12-04,-0.19583736295015983,-1.644814918538967,1.306624520762891,-0.055243841230459466,1.822348485720323,0.24661537675272555
p09_daily_merged,2019-12-05,-2.4153274763853068,-0.33410303032822763,0.30455158002744065,1.8230467606051692,1.822348485720323,0.24010326392787967
p09_daily_merged,2019-12-06,0.9139076937674137,-1.644814918538967,-0.6975213607080099,-0.055243841230459466,1.822348485720323,0.06773521180206003
p09_daily_merged,2019-12-07,-2.4153274763853068,2.287320746093251,2.3086974614983418,1.8230467606051692,-1.4386961729370973,0.5130082637748715
p09_daily_merged,2019-12-08,-1.3055824196677335,0.9766088578825117,1.306624520762891,-0.055243841230459466,-1.4386961729370973,-0.10325781103797749
p09_daily_merged,2019-12-09,0.9139076937674137,-0.33410303032822763,0.30455158002744065,-1.9335344430660881,-0.3516812867179573,-0.28017189726348374
p09_daily_merged,2019-12-10,-1.3055824196677335,-0.33410303032822763,0.30455158002744065,-0.055243841230459466,-1.4386961729370973,-0.5658147768272154
p09_daily_merged,2019-12-11,-0.19583736295015983,-0.33410303032822763,0.30455158002744065,-0.055243841230459466,-0.3516812867179573,-0.12646278823987273
p09_daily_merged,2019-12-12,-0.19583736295015983,-0.33410303032822763,1.306624520762891,-0.055243841230459466,-0.3516812867179573,0.07395179990721737
p09_daily_merged,2019-12-13,-0.19583736295015983,-0.33410303032822763,0.30455158002744065,-0.055243841230459466,0.7353335995011828,0.09094018900395531
p09_daily_merged,2019-12-14,0.9139076937674137,0.9766088578825117,-1.6995943014434602,-0.055243841230459466,0.7353335995011828,0.17420240169543771
p09_daily_merged,2019-12-15,-0.19583736295015983,0.9766088578825117,-0.6975213607080099,1.8230467606051692,-1.4386961729370973,0.09352014437848277
p09_daily_merged,2019-12-17,-0.19583736295015983,-0.33410303032822763,0.30455158002744065,-0.055243841230459466,0.7353335995011828,0.09094018900395531
p09_daily_merged,2019-12-18,-0.19583736295015983,-0.33410303032822763,0.30455158002744065,-1.9335344430660881,-0.3516812867179573,-0.5021209086069984
p09_daily_merged,2019-12-19,-1.3055824196677335,0.9766088578825117,2.3086974614983418,3.701337362440798,0.7353335995011828,1.28327897233102
p09_daily_merged,2019-12-21,-0.19583736295015983,0.9766088578825117,0.30455158002744065,-0.055243841230459466,-0.3516812867179573,0.13567958940227515
p09_daily_merged,2019-12-22,0.9139076937674137,0.9766088578825117,-0.6975213607080099,-0.055243841230459466,-1.4386961729370973,-0.06018896464512826
p09_daily_merged,2019-12-23,0.9139076937674137,-0.33410303032822763,-0.6975213607080099,-0.055243841230459466,0.7353335995011828,0.11247461220037991
p09_daily_merged,2019-12-25,-0.19583736295015983,0.9766088578825117,-0.6975213607080099,-0.055243841230459466,-1.4386961729370973,-0.282137975988643
p09_daily_merged,2019-12-26,-0.19583736295015983,0.9766088578825117,-0.6975213607080099,-0.055243841230459466,-0.3516812867179573,-0.06473499874481495
p09_daily_merged,2019-12-27,-0.19583736295015983,0.9766088578825117,-0.6975213607080099,-0.055243841230459466,-1.4386961729370973,-0.282137975988643
p09_daily_merged,2019-12-28,0.9139076937674137,0.9766088578825117,-0.6975213607080099,-0.055243841230459466,0.7353335995011828,0.3746169898425277
p09_daily_merged,2019-12-29,-0.19583736295015983,-0.33410303032822763,-0.6975213607080099,-0.055243841230459466,-0.3516812867179573,-0.3268773763869628
p09_daily_merged,2019-12-30,-0.19583736295015983,-0.33410303032822763,0.30455158002744065,-0.055243841230459466,-0.3516812867179573,-0.12646278823987273
p09_daily_merged,2019-12-31,-0.19583736295015983,-0.33410303032822763,0.30455158002744065,-0.055243841230459466,-0.3516812867179573,-0.12646278823987273
p09_daily_merged,2020-01-01,-1.3055824196677335,0.9766088578825117,-0.6975213607080099,-0.055243841230459466,-0.3516812867179573,-0.28668401008832967
p09_daily_merged,2020-01-03,-0.19583736295015983,-0.33410303032822763,-0.6975213607080099,-0.055243841230459466,-0.3516812867179573,-0.3268773763869628
p09_daily_merged,2020-01-07,-0.19583736295015983,-0.33410303032822763,0.30455158002744065,-1.9335344430660881,0.7353335995011828,-0.2847179313631704
p09_daily_merged,2020-01-08,-0.19583736295015983,-0.33410303032822763,0.30455158002744065,-0.055243841230459466,0.7353335995011828,0.09094018900395531
p09_daily_merged,2020-01-10,-0.19583736295015983,0.9766088578825117,-0.6975213607080099,-0.055243841230459466,-0.3516812867179573,-0.06473499874481495
p09_daily_merged,2020-01-11,-1.3055824196677335,2.287320746093251,0.30455158002744065,-0.055243841230459466,-1.4386961729370973,-0.04153002154291974
p09_daily_merged,2020-01-12,0.9139076937674137,0.9766088578825117,-0.6975213607080099,-1.9335344430660881,-0.3516812867179573,-0.218444107768426
p09_daily_merged,2020-01-13,-1.3055824196677335,-0.33410303032822763,0.30455158002744065,-0.055243841230459466,-0.3516812867179573,-0.3484117995833874
p09_daily_merged,2020-01-14,-0.19583736295015983,-0.33410303032822763,-0.6975213607080099,-0.055243841230459466,-0.3516812867179573,-0.3268773763869628
p09_daily_merged,2020-01-15,0.9139076937674137,-0.33410303032822763,-0.6975213607080099,-0.055243841230459466,0.7353335995011828,0.11247461220037991
p09_daily_merged,2020-01-16,-0.19583736295015983,-0.33410303032822763,-0.6975213607080099,-0.055243841230459466,0.7353335995011828,-0.10947439914313477
p09_daily_merged,2020-01-17,0.9139076937674137,-0.33410303032822763,0.30455158002744065,-1.9335344430660881,0.7353335995011828,-0.0627689200196557
p09_daily_merged,2020-01-18,-1.3055824196677335,0.9766088578825117,0.30455158002744065,-0.055243841230459466,0.7353335995011828,0.13113355530258847
p09_daily_merged,2020-01-19,2.0236527504849873,0.9766088578825117,-2.7016672421789107,-0.055243841230459466,-1.4386961729370973,-0.23906912959579368
p09_daily_merged,2020-01-20,-2.4153274763853068,0.9766088578825117,1.306624520762891,1.8230467606051692,-0.3516812867179573,0.2678542752294616
p09_daily_merged,2020-01-22,-1.3055824196677335,-0.33410303032822763,0.30455158002744065,-0.055243841230459466,0.7353335995011828,-0.13100882233955938
p09_daily_merged,2020-01-23,0.9139076937674137,-0.33410303032822763,-0.6975213607080099,-0.055243841230459466,0.7353335995011828,0.11247461220037991
p09_daily_merged,2020-01-24,0.9139076937674137,0.9766088578825117,-0.6975213607080099,-0.055243841230459466,-1.4386961729370973,-0.06018896464512826
p09_daily_merged,2020-01-25,-0.19583736295015983,0.9766088578825117,0.30455158002744065,-0.055243841230459466,-1.4386961729370973,-0.08172338784155286
p09_daily_merged,2020-01-26,-0.19583736295015983,0.9766088578825117,-0.6975213607080099,-0.055243841230459466,-1.4386961729370973,-0.282137975988643
p09_daily_merged,2020-01-27,2.0236527504849873,-1.644814918538967,-1.6995943014434602,-0.055243841230459466,0.7353335995011828,-0.12813334224534334
p09_daily_merged,2020-02-01,0.9139076937674137,0.9766088578825117,1.306624520762891,-0.055243841230459466,-1.4386961729370973,0.34064021164905195
p09_daily_merged,2020-02-02,0.9139076937674137,-0.33410303032822763,0.30455158002744065,-0.055243841230459466,-1.4386961729370973,-0.12191675414018602
p09_daily_merged,2020-02-03,0.9139076937674137,-0.33410303032822763,0.30455158002744065,-0.055243841230459466,-0.3516812867179573,0.09548622310364199
p09_daily_merged,2020-02-05,0.9139076937674137,-0.33410303032822763,-0.6975213607080099,-0.055243841230459466,1.822348485720323,0.3298775894442079
p09_daily_merged,2020-02-06,2.0236527504849873,-1.644814918538967,-2.7016672421789107,-1.9335344430660881,0.7353335995011828,-0.7042060507595591
p09_daily_merged,2020-02-07,0.9139076937674137,0.9766088578825117,0.30455158002744065,1.8230467606051692,-1.4386961729370973,0.5158837438690875
p09_daily_merged,2020-02-09,-1.3055824196677335,0.9766088578825117,1.306624520762891,-0.055243841230459466,0.7353335995011828,0.33154814344967853
p09_daily_merged,2020-02-10,0.9139076937674137,-0.33410303032822763,0.30455158002744065,-0.055243841230459466,-0.3516812867179573,0.09548622310364199
p09_daily_merged,2020-02-11,0.9139076937674137,-0.33410303032822763,-0.6975213607080099,-0.055243841230459466,-0.3516812867179573,-0.10492836504344812
p09_daily_merged,2020-02-12,-1.3055824196677335,0.9766088578825117,1.306624520762891,1.8230467606051692,-0.3516812867179573,0.4898032865729762
p09_daily_merged,2020-02-13,0.9139076937674137,-0.33410303032822763,-0.6975213607080099,-0.055243841230459466,0.7353335995011828,0.11247461220037991
p09_daily_merged,2020-02-14,0.9139076937674137,0.9766088578825117,-0.6975213607080099,-0.055243841230459466,-0.3516812867179573,0.15721401259869974
p09_daily_merged,2020-02-18,0.9139076937674137,-2.9555268067497065,-1.6995943014434602,-0.055243841230459466,0.7353335995011828,-0.612224731231006
p09_daily_merged,2020-02-20,0.9139076937674137,-1.644814918538967,-0.6975213607080099,-0.055243841230459466,0.7353335995011828,-0.149667765441768
p09_daily_merged,2020-02-21,-0.19583736295015983,-0.33410303032822763,-0.6975213607080099,-0.055243841230459466,-0.3516812867179573,-0.3268773763869628
p09_daily_merged,2020-02-23,0.9139076937674137,0.9766088578825117,-0.6975213607080099,-0.055243841230459466,-1.4386961729370973,-0.06018896464512826
p09_daily_merged,2020-02-24,-0.19583736295015983,0.9766088578825117,1.306624520762891,-0.055243841230459466,-0.3516812867179573,0.3360941775493652
p09_daily_merged,2020-02-25,-0.19583736295015983,0.9766088578825117,1.306624520762891,-0.055243841230459466,-1.4386961729370973,0.11869120030553723
p09_daily_merged,2020-02-26,-0.19583736295015983,0.9766088578825117,1.306624520762891,-0.055243841230459466,-1.4386961729370973,0.11869120030553723
p09_daily_merged,2020-02-28,0.9139076937674137,-0.33410303032822763,-1.6995943014434602,-0.055243841230459466,0.7353335995011828,-0.08793997594671017
p09_daily_merged,2020-02-29,0.9139076937674137,-0.33410303032822763,0.30455158002744065,-0.055243841230459466,-0.3516812867179573,0.09548622310364199
p09_daily_merged,2020-03-01,-1.3055824196677335,0.9766088578825117,0.30455158002744065,-0.055243841230459466,-1.4386961729370973,-0.30367239918506755
p09_daily_merged,2020-03-02,-0.19583736295015983,-0.33410303032822763,0.30455158002744065,-0.055243841230459466,0.7353335995011828,0.09094018900395531
p09_daily_merged,2020-03-03,0.9139076937674137,-0.33410303032822763,0.30455158002744065,-0.055243841230459466,0.7353335995011828,0.31288920034747003
p09_daily_merged,2020-03-04,-0.19583736295015983,-0.33410303032822763,0.30455158002744065,-0.055243841230459466,-0.3516812867179573,-0.12646278823987273
p09_daily_merged,2020-03-05,-1.3055824196677335,-0.33410303032822763,0.30455158002744065,-0.055243841230459466,0.7353335995011828,-0.13100882233955938
p09_daily_merged,2020-03-06,0.9139076937674137,-1.644814918538967,-0.6975213607080099,-0.055243841230459466,0.7353335995011828,-0.149667765441768
p09_daily_merged,2020-03-07,-1.3055824196677335,-0.33410303032822763,0.30455158002744065,-0.055243841230459466,-0.3516812867179573,-0.3484117995833874
p09_daily_merged,2020-03-08,0.9139076937674137,-0.33410303032822763,-2.7016672421789107,-0.055243841230459466,-1.4386961729370973,-0.7231605185814562
p09_daily_merged,2020-03-10,-0.19583736295015983,-0.33410303032822763,-0.6975213607080099,-0.055243841230459466,0.7353335995011828,-0.10947439914313477
p09_daily_merged,2020-03-14,0.9139076937674137,-1.644814918538967,-1.6995943014434602,-1.9335344430660881,0.7353335995011828,-0.7257404739559838
p09_daily_merged,2020-03-17,0.9139076937674137,-0.33410303032822763,-0.6975213607080099,-0.055243841230459466,0.7353335995011828,0.11247461220037991
p09_daily_merged,2020-03-19,-0.19583736295015983,-0.33410303032822763,-0.6975213607080099,-0.055243841230459466,-0.3516812867179573,-0.3268773763869628
p09_daily_merged,2020-03-20,0.9139076937674137,-0.33410303032822763,-0.6975213607080099,-0.055243841230459466,-0.3516812867179573,-0.10492836504344812
p09_daily_merged,2020-03-21,-0.19583736295015983,-0.33410303032822763,-0.6975213607080099,-0.055243841230459466,-0.3516812867179573,-0.3268773763869628
p09_daily_merged,2020-03-24,-0.19583736295015983,-0.33410303032822763,1.306624520762891,-0.055243841230459466,-0.3516812867179573,0.07395179990721737
p09_daily_merged,2020-03-25,-1.3055824196677335,-0.33410303032822763,1.306624520762891,-0.055243841230459466,-0.3516812867179573,-0.14799721143629735
p09_daily_merged,2020-03-26,-1.3055824196677335,-0.33410303032822763,0.30455158002744065,1.8230467606051692,0.7353335995011828,0.24464929802756635
p09_daily_merged,2020-03-30,-1.3055824196677335,0.9766088578825117,-0.6975213607080099,-0.055243841230459466,-1.4386961729370973,-0.5040869873321576
p10_daily_merged,2019-11-16,-1.2347046923185439,0.018333969940563962,0.4421799338498155,0.619031897802228,-0.8372712878055589,-0.19848603570629902
p10_daily_merged,2019-11-17,-1.2347046923185439,0.018333969940563962,1.138069665810181,1.8075731415825054,0.6792955731252643,0.48171353162799413
p10_daily_merged,2019-11-18,0.053682812709501704,-1.7417271443536015,-0.9495995300709156,-0.5695093459780494,0.6792955731252643,-0.5055715269135601
p10_daily_merged,2019-11-19,-1.2347046923185439,0.018333969940563962,1.138069665810181,0.619031897802228,0.6792955731252643,0.2440052828719387
p10_daily_merged,2019-11-20,0.053682812709501704,0.018333969940563962,1.138069665810181,-0.5695093459780494,2.1958624340560875,0.567287907307657
p10_daily_merged,2019-11-21,-2.5230921973465894,1.7783950842347294,1.138069665810181,1.8075731415825054,-0.8372712878055589,0.2727348812950535
p10_daily_merged,2019-11-22,1.3420703177375473,-1.7417271443536015,-0.25370979811055006,-0.5695093459780494,0.6792955731252643,-0.10871607951587788
p10_daily_merged,2019-11-23,-2.5230921973465894,1.7783950842347294,3.225738861691277,1.8075731415825054,-0.8372712878055589,0.6902687204712727
p10_daily_merged,2019-11-24,-1.2347046923185439,0.018333969940563962,1.138069665810181,0.619031897802228,-0.8372712878055589,-0.05930808931422595
p10_daily_merged,2019-11-25,1.3420703177375473,0.018333969940563962,-0.9495995300709156,-1.7580505897583267,2.1958624340560875,0.16972332038099128
p10_daily_merged,2019-11-26,-1.2347046923185439,0.018333969940563962,1.138069665810181,1.8075731415825054,0.6792955731252643,0.48171353162799413
p10_daily_merged,2019-11-27,0.053682812709501704,0.018333969940563962,-0.25370979811055006,1.8075731415825054,-0.8372712878055589,0.15772176766329243
p10_daily_merged,2019-11-28,1.3420703177375473,0.018333969940563962,-0.25370979811055006,1.8075731415825054,-0.8372712878055589,0.41539926866890153
p10_daily_merged,2019-11-30,0.053682812709501704,-1.7417271443536015,-1.645489262031281,-0.5695093459780494,0.6792955731252643,-0.6447494733056331
p10_daily_merged,2019-12-01,0.053682812709501704,0.018333969940563962,-0.25370979811055006,-0.5695093459780494,-0.8372712878055589,-0.3176947298488185
p10_daily_merged,2019-12-02,1.3420703177375473,0.018333969940563962,-0.9495995300709156,-0.5695093459780494,0.6792955731252643,0.10411819695088213
p10_daily_merged,2019-12-03,-1.2347046923185439,1.7783950842347294,1.138069665810181,0.619031897802228,-0.8372712878055589,0.2927041335446071
p10_daily_merged,2019-12-04,0.053682812709501704,0.018333969940563962,1.138069665810181,-0.5695093459780494,0.6792955731252643,0.2639745351214923
p10_daily_merged,2019-12-05,1.3420703177375473,0.018333969940563962,1.138069665810181,0.619031897802228,0.6792955731252643,0.7593602848831569
p10_daily_merged,2019-12-06,1.3420703177375473,-1.7417271443536015,-0.9495995300709156,-1.7580505897583267,0.6792955731252643,-0.48560227466400646
p10_daily_merged,2019-12-07,-1.2347046923185439,0.018333969940563962,-0.25370979811055006,1.8075731415825054,-0.8372712878055589,-0.0999557333423167
p10_daily_merged,2019-12-08,0.053682812709501704,1.7783950842347294,1.138069665810181,1.8075731415825054,-2.3538381487363824,0.48477651112010695
p10_daily_merged,2019-12-09,0.053682812709501704,0.018333969940563962,1.138069665810181,0.619031897802228,-0.8372712878055589,0.19836941169138317
p10_daily_merged,2019-12-10,0.053682812709501704,0.018333969940563962,-0.25370979811055006,-0.5695093459780494,0.6792955731252643,-0.01438135766265387
p10_daily_merged,2019-12-11,0.053682812709501704,0.018333969940563962,-0.9495995300709156,-0.5695093459780494,-0.8372712878055589,-0.4568726762408916
p10_daily_merged,2019-12-12,0.053682812709501704,1.7783950842347294,-0.25370979811055006,1.8075731415825054,-2.3538381487363824,0.2064206183359608
p10_daily_merged,2019-12-13,1.3420703177375473,0.018333969940563962,-0.9495995300709156,-1.7580505897583267,-0.8372712878055589,-0.43690342399133797
p10_daily_merged,2019-12-14,1.3420703177375473,-1.7417271443536015,-2.3413789939916465,-0.5695093459780494,-0.8372712878055589,-0.8295632908782619
p10_daily_merged,2019-12-15,1.3420703177375473,0.018333969940563962,-2.3413789939916465,-0.5695093459780494,-0.8372712878055589,-0.4775510680194287
p10_daily_merged,2019-12-16,1.3420703177375473,0.018333969940563962,-2.3413789939916465,-0.5695093459780494,-0.8372712878055589,-0.4775510680194287
p10_daily_merged,2019-12-17,0.053682812709501704,0.018333969940563962,-0.9495995300709156,0.619031897802228,-0.8372712878055589,-0.2191644274848362
p10_daily_merged,2019-12-18,0.053682812709501704,0.018333969940563962,-0.25370979811055006,1.8075731415825054,-0.8372712878055589,0.15772176766329243
p10_daily_merged,2019-12-19,0.053682812709501704,0.018333969940563962,-0.25370979811055006,-0.5695093459780494,0.6792955731252643,-0.01438135766265387
p10_daily_merged,2019-12-20,0.053682812709501704,0.018333969940563962,-0.25370979811055006,-0.5695093459780494,-0.8372712878055589,-0.3176947298488185
p10_daily_merged,2019-12-21,0.053682812709501704,-1.7417271443536015,-0.25370979811055006,-0.5695093459780494,0.6792955731252643,-0.36639358052148696
p10_daily_merged,2019-12-22,0.053682812709501704,0.018333969940563962,0.4421799338498155,-0.5695093459780494,-0.8372712878055589,-0.17851678345674543
p10_daily_merged,2019-12-23,0.053682812709501704,0.018333969940563962,-0.25370979811055006,-0.5695093459780494,-0.8372712878055589,-0.3176947298488185
p10_daily_merged,2019-12-25,-1.2347046923185439,0.018333969940563962,0.4421799338498155,0.619031897802228,-0.8372712878055589,-0.19848603570629902
p10_daily_merged,2019-12-26,-1.2347046923185439,1.7783950842347294,1.138069665810181,-0.5695093459780494,-0.8372712878055589,0.05499588478855164
p10_daily_merged,2019-12-27,0.053682812709501704,0.018333969940563962,-0.25370979811055006,-0.5695093459780494,-0.8372712878055589,-0.3176947298488185
p10_daily_merged,2019-12-28,0.053682812709501704,0.018333969940563962,0.4421799338498155,-0.5695093459780494,-0.8372712878055589,-0.17851678345674543
p10_daily_merged,2019-12-29,0.053682812709501704,1.7783950842347294,0.4421799338498155,-0.5695093459780494,-2.3538381487363824,-0.12981793278407708
p10_daily_merged,2019-12-30,-1.2347046923185439,1.7783950842347294,-0.25370979811055006,-0.5695093459780494,0.6792955731252643,0.07995336419057009
p10_daily_merged,2019-12-31,-1.2347046923185439,1.7783950842347294,1.138069665810181,0.619031897802228,-0.8372712878055589,0.2927041335446071
p10_daily_merged,2020-01-02,-1.2347046923185439,1.7783950842347294,1.138069665810181,-0.5695093459780494,0.6792955731252643,0.3583092569747163
p10_daily_merged,2020-01-03,0.053682812709501704,0.018333969940563962,1.138069665810181,-1.7580505897583267,0.6792955731252643,0.026266286365436865
p10_daily_merged,2020-01-04,-2.5230921973465894,1.7783950842347294,0.4421799338498155,1.8075731415825054,0.6792955731252643,0.4368703070891451
p10_daily_merged,2020-01-05,0.053682812709501704,0.018333969940563962,0.4421799338498155,-0.5695093459780494,0.6792955731252643,0.12479658872941923
p10_daily_merged,2020-01-06,0.053682812709501704,0.018333969940563962,-0.25370979811055006,-0.5695093459780494,0.6792955731252643,-0.01438135766265387
p10_daily_merged,2020-01-07,1.3420703177375473,0.018333969940563962,-0.9495995300709156,-0.5695093459780494,0.6792955731252643,0.10411819695088213
p10_daily_merged,2020-01-09,0.053682812709501704,0.018333969940563962,0.4421799338498155,0.619031897802228,2.1958624340560875,0.6658182096716393
p10_daily_merged,2020-01-09,0.053682812709501704,-1.7417271443536015,-2.3413789939916465,0.619031897802228,2.1958624340560875,-0.2429057987554862
p10_daily_merged,2020-01-10,0.053682812709501704,-1.7417271443536015,-0.25370979811055006,-0.5695093459780494,2.1958624340560875,-0.06308020833532231
p10_daily_merged,2020-01-12,1.3420703177375473,0.018333969940563962,-1.645489262031281,-0.5695093459780494,0.6792955731252643,-0.03505974944119097
p10_daily_merged,2020-01-13,0.053682812709501704,0.018333969940563962,0.4421799338498155,-0.5695093459780494,0.6792955731252643,0.12479658872941923
p10_daily_merged,2020-01-14,1.3420703177375473,0.018333969940563962,-0.25370979811055006,-0.5695093459780494,0.6792955731252643,0.24329614334295524
p10_daily_merged,2020-01-16,0.053682812709501704,0.018333969940563962,1.138069665810181,0.619031897802228,-0.8372712878055589,0.19836941169138317
p10_daily_merged,2020-01-17,1.3420703177375473,0.018333969940563962,-0.9495995300709156,-0.5695093459780494,-0.8372712878055589,-0.19919517523528252
p10_daily_merged,2020-01-19,-1.2347046923185439,1.7783950842347294,1.8339593977705466,0.619031897802228,-0.8372712878055589,0.43188207993668015
p10_daily_merged,2020-01-20,0.053682812709501704,0.018333969940563962,0.4421799338498155,-0.5695093459780494,0.6792955731252643,0.12479658872941923
p10_daily_merged,2020-01-22,0.053682812709501704,0.018333969940563962,-0.9495995300709156,-0.5695093459780494,0.6792955731252643,-0.153559304054727
p10_daily_merged,2020-01-23,1.3420703177375473,-1.7417271443536015,-0.25370979811055006,-0.5695093459780494,0.6792955731252643,-0.10871607951587788
p10_daily_merged,2020-01-24,0.053682812709501704,0.018333969940563962,0.4421799338498155,-0.5695093459780494,0.6792955731252643,0.12479658872941923
p10_daily_merged,2020-01-25,0.053682812709501704,-1.7417271443536015,0.4421799338498155,-0.5695093459780494,0.6792955731252643,-0.22721563412941387
p10_daily_merged,2020-01-26,1.3420703177375473,0.018333969940563962,-0.25370979811055006,-0.5695093459780494,0.6792955731252643,0.24329614334295524
p10_daily_merged,2020-01-28,1.3420703177375473,-1.7417271443536015,-0.9495995300709156,-1.7580505897583267,2.1958624340560875,-0.18228890247784185
p10_daily_merged,2020-01-29,1.3420703177375473,0.018333969940563962,-0.25370979811055006,-1.7580505897583267,0.6792955731252643,0.005587894586899766
p10_daily_merged,2020-01-30,-1.2347046923185439,0.018333969940563962,1.138069665810181,0.619031897802228,-0.8372712878055589,-0.05930808931422595
p10_daily_merged,2020-02-01,-1.2347046923185439,0.018333969940563962,1.138069665810181,0.619031897802228,-0.8372712878055589,-0.05930808931422595
p10_daily_merged,2020-02-02,0.053682812709501704,0.018333969940563962,-0.25370979811055006,1.8075731415825054,-0.8372712878055589,0.15772176766329243
p10_daily_merged,2020-02-03,1.3420703177375473,0.018333969940563962,-0.25370979811055006,-0.5695093459780494,0.6792955731252643,0.24329614334295524
p10_daily_merged,2020-02-04,-1.2347046923185439,1.7783950842347294,-0.25370979811055006,1.8075731415825054,-0.8372712878055589,0.25205648951651644
p10_daily_merged,2020-02-05,0.053682812709501704,0.018333969940563962,1.138069665810181,-0.5695093459780494,0.6792955731252643,0.2639745351214923
p10_daily_merged,2020-02-06,0.053682812709501704,0.018333969940563962,-1.645489262031281,-0.5695093459780494,0.6792955731252643,-0.2927372504468001
p10_daily_merged,2020-02-07,-1.2347046923185439,0.018333969940563962,-0.25370979811055006,0.619031897802228,-0.8372712878055589,-0.3376639820983722
p10_daily_merged,2020-02-08,0.053682812709501704,0.018333969940563962,-0.9495995300709156,0.619031897802228,-0.8372712878055589,-0.2191644274848362
p10_daily_merged,2020-02-09,-1.2347046923185439,0.018333969940563962,0.4421799338498155,0.619031897802228,-0.8372712878055589,-0.19848603570629902
p10_daily_merged,2020-02-10,1.3420703177375473,0.018333969940563962,-0.25370979811055006,-1.7580505897583267,0.6792955731252643,0.005587894586899766
p10_daily_merged,2020-02-11,0.053682812709501704,0.018333969940563962,-0.25370979811055006,-0.5695093459780494,0.6792955731252643,-0.01438135766265387
p10_daily_merged,2020-02-12,0.053682812709501704,-1.7417271443536015,-0.25370979811055006,-0.5695093459780494,0.6792955731252643,-0.36639358052148696
p10_daily_merged,2020-02-13,-1.2347046923185439,0.018333969940563962,1.138069665810181,1.8075731415825054,-0.8372712878055589,0.17840015944182952
p10_daily_merged,2020-02-14,1.3420703177375473,0.018333969940563962,-0.9495995300709156,-0.5695093459780494,0.6792955731252643,0.10411819695088213
p10_daily_merged,2020-02-15,0.053682812709501704,0.018333969940563962,-0.25370979811055006,-0.5695093459780494,0.6792955731252643,-0.01438135766265387
p10_daily_merged,2020-02-16,-1.2347046923185439,-1.7417271443536015,0.4421799338498155,1.8075731415825054,0.6792955731252643,-0.009476637622912065
p10_daily_merged,2020-02-17,0.053682812709501704,1.7783950842347294,1.138069665810181,0.619031897802228,-0.8372712878055589,0.5503816345502162
p10_daily_merged,2020-02-18,1.3420703177375473,-1.7417271443536015,0.4421799338498155,-0.5695093459780494,0.6792955731252643,0.030461866876195252
p10_daily_merged,2020-02-19,0.053682812709501704,-1.7417271443536015,-0.9495995300709156,0.619031897802228,0.6792955731252643,-0.26786327815750466
p10_daily_merged,2020-02-20,-1.2347046923185439,-1.7417271443536015,-0.25370979811055006,0.619031897802228,0.6792955731252643,-0.38636283277104067
p10_daily_merged,2020-02-21,1.3420703177375473,0.018333969940563962,-0.9495995300709156,-0.5695093459780494,0.6792955731252643,0.10411819695088213
p10_daily_merged,2020-02-23,0.053682812709501704,0.018333969940563962,1.138069665810181,-0.5695093459780494,-0.8372712878055589,-0.03933883706467232
p10_daily_merged,2020-02-24,1.3420703177375473,0.018333969940563962,-0.25370979811055006,-0.5695093459780494,-0.8372712878055589,-0.06001722884320941
p10_daily_merged,2020-02-25,0.053682812709501704,0.018333969940563962,1.138069665810181,0.619031897802228,-0.8372712878055589,0.19836941169138317
p10_daily_merged,2020-02-26,0.053682812709501704,0.018333969940563962,-0.9495995300709156,-0.5695093459780494,-0.8372712878055589,-0.4568726762408916
p10_daily_merged,2020-02-27,0.053682812709501704,0.018333969940563962,0.4421799338498155,0.619031897802228,-0.8372712878055589,0.059191465299310034
p10_daily_merged,2020-02-28,-1.2347046923185439,0.018333969940563962,0.4421799338498155,-0.5695093459780494,-0.8372712878055589,-0.43619428446235453
p10_daily_merged,2020-02-29,0.053682812709501704,1.7783950842347294,-1.645489262031281,-0.5695093459780494,0.6792955731252643,0.059274972412032986
p11_daily_merged,2019-11-16,-0.5109853954299494,0.21125909320793848,-0.8944449345786989,-0.017954739285163748,-0.38418692249973363,-0.31926257971712146
p11_daily_merged,2019-11-17,4.045301047153766,-2.614331278448238,-3.5903775542947773,-0.017954739285163748,-0.38418692249973363,-0.5123098894748295
p11_daily_merged,2019-11-18,-0.5109853954299494,0.21125909320793848,1.12750453020836,-1.9391118427976615,-0.38418692249973363,-0.2991041074622092
p11_daily_merged,2019-11-19,-0.5109853954299494,0.21125909320793848,1.12750453020836,-0.017954739285163748,-0.38418692249973363,0.08512731324029033
p11_daily_merged,2019-11-20,-0.5109853954299494,0.21125909320793848,1.12750453020836,-0.017954739285163748,-0.38418692249973363,0.08512731324029033
p11_daily_merged,2019-11-21,1.767157825861908,0.21125909320793848,-1.5684280895077185,-0.017954739285163748,-0.38418692249973363,0.0015694335554461536
p11_daily_merged,2019-11-22,-0.5109853954299494,0.21125909320793848,-0.8944449345786989,-0.017954739285163748,-0.38418692249973363,-0.31926257971712146
p11_daily_merged,2019-11-23,-0.5109853954299494,0.21125909320793848,-0.22046177964967928,1.9032023642273341,-0.38418692249973363,0.19976547197118205
p11_daily_merged,2019-11-24,-0.5109853954299494,0.21125909320793848,1.12750453020836,-0.017954739285163748,-0.38418692249973363,0.08512731324029033
p11_daily_merged,2019-11-25,-0.5109853954299494,0.21125909320793848,1.12750453020836,-0.017954739285163748,-0.38418692249973363,0.08512731324029033
p11_daily_merged,2019-11-26,-0.5109853954299494,-2.614331278448238,1.12750453020836,-0.017954739285163748,2.0339307661750587,0.0036327766440134466
p11_daily_merged,2019-11-27,-0.5109853954299494,0.21125909320793848,0.4535213752793404,1.9032023642273341,-0.38418692249973363,0.33456210295698596
p11_daily_merged,2019-11-28,-0.5109853954299494,0.21125909320793848,1.8014876851373796,-0.017954739285163748,-0.38418692249973363,0.21992394422609424
p11_daily_merged,2019-11-29,-0.5109853954299494,0.21125909320793848,1.12750453020836,-0.017954739285163748,-0.38418692249973363,0.08512731324029033
p11_daily_merged,2019-11-30,-0.5109853954299494,0.21125909320793848,1.12750453020836,-0.017954739285163748,2.0339307661750587,0.5687508509752488
p11_daily_merged,2019-12-01,-0.5109853954299494,0.21125909320793848,1.12750453020836,-0.017954739285163748,2.0339307661750587,0.5687508509752488
p11_daily_merged,2019-12-02,-0.5109853954299494,0.21125909320793848,1.12750453020836,-0.017954739285163748,2.0339307661750587,0.5687508509752488
p11_daily_merged,2019-12-03,-0.5109853954299494,0.21125909320793848,0.4535213752793404,-0.017954739285163748,2.0339307661750587,0.43395421998944494
p11_daily_merged,2019-12-04,-0.5109853954299494,0.21125909320793848,0.4535213752793404,-0.017954739285163748,2.0339307661750587,0.43395421998944494
p11_daily_merged,2019-12-05,-0.5109853954299494,0.21125909320793848,-0.22046177964967928,-0.017954739285163748,-0.38418692249973363,-0.18446594873131753
p11_daily_merged,2019-12-06,1.767157825861908,-8.26551202176059,-0.22046177964967928,-0.017954739285163748,2.0339307661750587,-0.9405679897316933
p11_daily_merged,2019-12-07,-0.5109853954299494,0.21125909320793848,-0.22046177964967928,-0.017954739285163748,2.0339307661750587,0.299157589003641
p11_daily_merged,2019-12-08,-0.5109853954299494,0.21125909320793848,-0.8944449345786989,-0.017954739285163748,2.0339307661750587,0.16436095801783704
p11_daily_merged,2019-12-09,1.767157825861908,0.21125909320793848,1.12750453020836,-1.9391118427976615,2.0339307661750587,0.6401480745311208
p11_daily_merged,2019-12-10,1.767157825861908,0.21125909320793848,-0.22046177964967928,-0.017954739285163748,2.0339307661750587,0.7547862332620124
p11_daily_merged,2019-12-11,1.767157825861908,-2.614331278448238,-0.22046177964967928,-0.017954739285163748,4.452048454849851,0.6732916966657354
p11_daily_merged,2019-12-12,1.767157825861908,-2.614331278448238,-0.22046177964967928,-1.9391118427976615,-0.38418692249973363,-0.6781867995066808
p11_daily_merged,2019-12-13,1.767157825861908,0.21125909320793848,-1.5684280895077185,-0.017954739285163748,-0.38418692249973363,0.0015694335554461536
p11_daily_merged,2019-12-14,-0.5109853954299494,0.21125909320793848,-0.22046177964967928,-1.9391118427976615,-0.38418692249973363,-0.568697369433817
p11_daily_merged,2019-12-15,-0.5109853954299494,0.21125909320793848,0.4535213752793404,1.9032023642273341,-0.38418692249973363,0.33456210295698596
p11_daily_merged,2019-12-16,-0.5109853954299494,0.21125909320793848,0.4535213752793404,-0.017954739285163748,-0.38418692249973363,-0.04966931774551358
p11_daily_merged,2019-12-17,-0.5109853954299494,0.21125909320793848,0.4535213752793404,-0.017954739285163748,-0.38418692249973363,-0.04966931774551358
p11_daily_merged,2019-12-18,-0.5109853954299494,0.21125909320793848,0.4535213752793404,-0.017954739285163748,-0.38418692249973363,-0.04966931774551358
p11_daily_merged,2019-12-19,-0.5109853954299494,0.21125909320793848,-0.22046177964967928,-0.017954739285163748,-0.38418692249973363,-0.18446594873131753
p11_daily_merged,2019-12-20,-0.5109853954299494,0.21125909320793848,-0.22046177964967928,-0.017954739285163748,-0.38418692249973363,-0.18446594873131753
p11_daily_merged,2019-12-21,-0.5109853954299494,0.21125909320793848,-0.22046177964967928,-0.017954739285163748,-0.38418692249973363,-0.18446594873131753
p11_daily_merged,2019-12-22,1.767157825861908,0.21125909320793848,-1.5684280895077185,-0.017954739285163748,-0.38418692249973363,0.0015694335554461536
p11_daily_merged,2019-12-23,-0.5109853954299494,0.21125909320793848,-0.22046177964967928,-1.9391118427976615,-0.38418692249973363,-0.568697369433817
p11_daily_merged,2019-12-25,1.767157825861908,0.21125909320793848,-0.22046177964967928,-0.017954739285163748,2.0339307661750587,0.7547862332620124
p11_daily_merged,2019-12-26,-0.5109853954299494,0.21125909320793848,-0.22046177964967928,-0.017954739285163748,-0.38418692249973363,-0.18446594873131753
p11_daily_merged,2019-12-28,-0.5109853954299494,0.21125909320793848,-0.22046177964967928,-0.017954739285163748,-0.38418692249973363,-0.18446594873131753
p11_daily_merged,2020-01-02,-0.5109853954299494,0.21125909320793848,-0.22046177964967928,-0.017954739285163748,-0.38418692249973363,-0.18446594873131753
p11_daily_merged,2020-01-05,-0.5109853954299494,0.21125909320793848,0.4535213752793404,-0.017954739285163748,-0.38418692249973363,-0.04966931774551358
p11_daily_merged,2020-01-06,-0.5109853954299494,0.21125909320793848,1.12750453020836,-0.017954739285163748,-0.38418692249973363,0.08512731324029033
p11_daily_merged,2020-01-07,-0.5109853954299494,0.21125909320793848,0.4535213752793404,-0.017954739285163748,-0.38418692249973363,-0.04966931774551358
p11_daily_merged,2020-01-08,-0.5109853954299494,0.21125909320793848,0.4535213752793404,-0.017954739285163748,-0.38418692249973363,-0.04966931774551358
p11_daily_merged,2020-01-09,-0.5109853954299494,0.21125909320793848,1.12750453020836,-0.017954739285163748,-0.38418692249973363,0.08512731324029033
p11_daily_merged,2020-01-10,-0.5109853954299494,0.21125909320793848,0.4535213752793404,1.9032023642273341,-0.38418692249973363,0.33456210295698596
p11_daily_merged,2020-01-11,-0.5109853954299494,0.21125909320793848,-0.22046177964967928,-0.017954739285163748,-0.38418692249973363,-0.18446594873131753
p11_daily_merged,2020-01-12,-0.5109853954299494,0.21125909320793848,-0.22046177964967928,1.9032023642273341,-0.38418692249973363,0.19976547197118205
p11_daily_merged,2020-01-13,-0.5109853954299494,0.21125909320793848,0.4535213752793404,-0.017954739285163748,-0.38418692249973363,-0.04966931774551358
p11_daily_merged,2020-01-14,-0.5109853954299494,0.21125909320793848,-0.22046177964967928,-0.017954739285163748,-0.38418692249973363,-0.18446594873131753
p11_daily_merged,2020-01-15,-0.5109853954299494,0.21125909320793848,-0.22046177964967928,-0.017954739285163748,-0.38418692249973363,-0.18446594873131753
p11_daily_merged,2020-01-16,-0.5109853954299494,0.21125909320793848,1.12750453020836,-0.017954739285163748,-0.38418692249973363,0.08512731324029033
p11_daily_merged,2020-01-17,-0.5109853954299494,0.21125909320793848,1.12750453020836,-0.017954739285163748,-0.38418692249973363,0.08512731324029033
p11_daily_merged,2020-01-18,-0.5109853954299494,0.21125909320793848,-0.22046177964967928,-0.017954739285163748,-0.38418692249973363,-0.18446594873131753
p11_daily_merged,2020-01-19,-0.5109853954299494,0.21125909320793848,0.4535213752793404,1.9032023642273341,-0.38418692249973363,0.33456210295698596
p11_daily_merged,2020-01-20,1.767157825861908,0.21125909320793848,0.4535213752793404,-1.9391118427976615,-0.38418692249973363,0.021727905810358373
p11_daily_merged,2020-01-21,-0.5109853954299494,0.21125909320793848,1.12750453020836,1.9032023642273341,-0.38418692249973363,0.46935873394278993
p11_daily_merged,2020-01-22,-0.5109853954299494,0.21125909320793848,-0.22046177964967928,-0.017954739285163748,-0.38418692249973363,-0.18446594873131753
p11_daily_merged,2020-01-23,-0.5109853954299494,0.21125909320793848,-0.8944449345786989,-0.017954739285163748,-0.38418692249973363,-0.31926257971712146
p11_daily_merged,2020-01-24,-0.5109853954299494,0.21125909320793848,-0.8944449345786989,-0.017954739285163748,-0.38418692249973363,-0.31926257971712146
p11_daily_merged,2020-01-25,1.767157825861908,0.21125909320793848,0.4535213752793404,-1.9391118427976615,-0.38418692249973363,0.021727905810358373
p11_daily_merged,2020-01-26,-0.5109853954299494,0.21125909320793848,0.4535213752793404,-0.017954739285163748,-0.38418692249973363,-0.04966931774551358
p11_daily_merged,2020-01-27,1.767157825861908,0.21125909320793848,-0.22046177964967928,1.9032023642273341,-0.38418692249973363,0.6553941162295536
p11_daily_merged,2020-01-28,-0.5109853954299494,0.21125909320793848,-0.8944449345786989,-0.017954739285163748,-0.38418692249973363,-0.31926257971712146
p11_daily_merged,2020-01-29,-0.5109853954299494,0.21125909320793848,-0.22046177964967928,-0.017954739285163748,-0.38418692249973363,-0.18446594873131753
p11_daily_merged,2020-01-30,-0.5109853954299494,0.21125909320793848,0.4535213752793404,-0.017954739285163748,-0.38418692249973363,-0.04966931774551358
p11_daily_merged,2020-01-31,1.767157825861908,0.21125909320793848,-0.8944449345786989,-1.9391118427976615,-0.38418692249973363,-0.24786535616124947
p11_daily_merged,2020-02-01,-0.5109853954299494,0.21125909320793848,-0.22046177964967928,-0.017954739285163748,-0.38418692249973363,-0.18446594873131753
p11_daily_merged,2020-02-03,-0.5109853954299494,0.21125909320793848,-0.22046177964967928,-1.9391118427976615,-0.38418692249973363,-0.568697369433817
p11_daily_merged,2020-02-04,-0.5109853954299494,0.21125909320793848,0.4535213752793404,1.9032023642273341,-0.38418692249973363,0.33456210295698596
p11_daily_merged,2020-02-05,-0.5109853954299494,0.21125909320793848,-0.22046177964967928,1.9032023642273341,-0.38418692249973363,0.19976547197118205
p11_daily_merged,2020-02-06,-0.5109853954299494,0.21125909320793848,-0.22046177964967928,-0.017954739285163748,-0.38418692249973363,-0.18446594873131753
p11_daily_merged,2020-02-07,-0.5109853954299494,0.21125909320793848,-0.22046177964967928,-0.017954739285163748,-0.38418692249973363,-0.18446594873131753
p11_daily_merged,2020-02-08,-0.5109853954299494,0.21125909320793848,1.8014876851373796,-0.017954739285163748,-0.38418692249973363,0.21992394422609424
p11_daily_merged,2020-02-09,-0.5109853954299494,0.21125909320793848,-1.5684280895077185,-1.9391118427976615,-0.38418692249973363,-0.8382906314054249
p11_daily_merged,2020-02-10,-0.5109853954299494,0.21125909320793848,1.12750453020836,-0.017954739285163748,-0.38418692249973363,0.08512731324029033
p11_daily_merged,2020-02-11,-0.5109853954299494,0.21125909320793848,-0.22046177964967928,-0.017954739285163748,-0.38418692249973363,-0.18446594873131753
p11_daily_merged,2020-02-12,1.767157825861908,0.21125909320793848,0.4535213752793404,-0.017954739285163748,-0.38418692249973363,0.40595932651285793
p11_daily_merged,2020-02-13,-0.5109853954299494,0.21125909320793848,1.12750453020836,-0.017954739285163748,-0.38418692249973363,0.08512731324029033
p11_daily_merged,2020-02-14,-0.5109853954299494,0.21125909320793848,-0.22046177964967928,-0.017954739285163748,-0.38418692249973363,-0.18446594873131753
p11_daily_merged,2020-02-15,-0.5109853954299494,0.21125909320793848,-0.22046177964967928,-0.017954739285163748,-0.38418692249973363,-0.18446594873131753
p11_daily_merged,2020-02-17,-0.5109853954299494,0.21125909320793848,1.8014876851373796,-1.9391118427976615,-0.38418692249973363,-0.16430747647640528
p11_daily_merged,2020-02-18,-0.5109853954299494,0.21125909320793848,0.4535213752793404,-0.017954739285163748,-0.38418692249973363,-0.04966931774551358
p11_daily_merged,2020-02-19,-0.5109853954299494,0.21125909320793848,-0.22046177964967928,-0.017954739285163748,-0.38418692249973363,-0.18446594873131753
p11_daily_merged,2020-02-20,1.767157825861908,0.21125909320793848,1.8014876851373796,-0.017954739285163748,-0.38418692249973363,0.6755525884844658
p11_daily_merged,2020-02-21,-0.5109853954299494,0.21125909320793848,0.4535213752793404,-0.017954739285163748,-0.38418692249973363,-0.04966931774551358
p11_daily_merged,2020-02-22,1.767157825861908,0.21125909320793848,-0.22046177964967928,-1.9391118427976615,-0.38418692249973363,-0.11306872517544556
p11_daily_merged,2020-02-23,-0.5109853954299494,0.21125909320793848,1.12750453020836,-0.017954739285163748,-0.38418692249973363,0.08512731324029033
p11_daily_merged,2020-02-24,-0.5109853954299494,0.21125909320793848,1.12750453020836,-0.017954739285163748,-0.38418692249973363,0.08512731324029033
p11_daily_merged,2020-02-25,-0.5109853954299494,0.21125909320793848,-1.5684280895077185,-0.017954739285163748,-0.38418692249973363,-0.4540592107029253
p11_daily_merged,2020-02-26,-0.5109853954299494,0.21125909320793848,-0.22046177964967928,1.9032023642273341,-0.38418692249973363,0.19976547197118205
p11_daily_merged,2020-02-27,-0.5109853954299494,0.21125909320793848,-0.8944449345786989,1.9032023642273341,4.452048454849851,1.032215916455295
p11_daily_merged,2020-02-28,1.767157825861908,0.21125909320793848,-0.8944449345786989,-0.017954739285163748,-0.38418692249973363,0.13636606454125005
p11_daily_merged,2020-03-02,-0.5109853954299494,0.21125909320793848,0.4535213752793404,-0.017954739285163748,-0.38418692249973363,-0.04966931774551358
p11_daily_merged,2020-03-03,-0.5109853954299494,0.21125909320793848,1.8014876851373796,1.9032023642273341,-0.38418692249973363,0.6041553649285938
p11_daily_merged,2020-03-04,1.767157825861908,0.21125909320793848,-0.22046177964967928,-0.017954739285163748,-0.38418692249973363,0.27116269552705397
p11_daily_merged,2020-03-05,1.767157825861908,0.21125909320793848,-0.8944449345786989,-1.9391118427976615,-0.38418692249973363,-0.24786535616124947
p11_daily_merged,2020-03-06,1.767157825861908,0.21125909320793848,-1.5684280895077185,-0.017954739285163748,-0.38418692249973363,0.0015694335554461536
p11_daily_merged,2020-03-07,1.767157825861908,0.21125909320793848,-2.9163943993657577,-1.9391118427976615,-0.38418692249973363,-0.6522552491186613
p11_daily_merged,2020-03-08,1.767157825861908,-2.614331278448238,-2.242411244436738,-0.017954739285163748,-0.38418692249973363,-0.6983452717615931
p11_daily_merged,2020-03-09,-0.5109853954299494,0.21125909320793848,-1.5684280895077185,-0.017954739285163748,-0.38418692249973363,-0.4540592107029253
p11_daily_merged,2020-03-10,-0.5109853954299494,0.21125909320793848,-1.5684280895077185,1.9032023642273341,2.0339307661750587,0.4137957477345327
p11_daily_merged,2020-03-11,-0.5109853954299494,0.21125909320793848,-0.22046177964967928,-0.017954739285163748,-0.38418692249973363,-0.18446594873131753
p11_daily_merged,2020-03-12,-0.5109853954299494,0.21125909320793848,-1.5684280895077185,-0.017954739285163748,-0.38418692249973363,-0.4540592107029253
p11_daily_merged,2020-03-13,-0.5109853954299494,0.21125909320793848,-1.5684280895077185,1.9032023642273341,-0.38418692249973363,-0.06982779000042579
p12_daily_merged,2019-11-16,-0.2895951503940404,2.4387588324508718,-0.5425433352202341,1.4062640133830928,-2.202042980641069,0.16216827591572427
p12_daily_merged,2019-11-17,-1.7035008846708266,2.4387588324508718,1.0102531069618157,1.4062640133830928,2.0984174286109014,1.050038499347171
p12_daily_merged,2019-11-18,-0.2895951503940404,-0.3340765523905309,-0.024944521159550852,0.016741238254560836,-0.05181277601508367,-0.136737552340929
p12_daily_merged,2019-11-19,1.1243105838827459,-0.3340765523905309,-0.5425433352202341,1.4062640133830928,2.0984174286109014,0.7504744276531949
p12_daily_merged,2019-11-20,1.1243105838827459,-0.3340765523905309,-1.0601421492809173,0.016741238254560836,2.0984174286109014,0.36905010981535197
p12_daily_merged,2019-11-22,-0.2895951503940404,-0.3340765523905309,0.49265429290113244,1.4062640133830928,-0.05181277601508367,0.24468676549691404
p12_daily_merged,2019-11-23,-0.2895951503940404,-0.3340765523905309,-0.5425433352202341,0.016741238254560836,-0.05181277601508367,-0.24025731515306564
p12_daily_merged,2019-11-24,-0.2895951503940404,-0.3340765523905309,0.49265429290113244,1.4062640133830928,2.0984174286109014,0.6747328064221111
p12_daily_merged,2019-11-25,-1.7035008846708266,2.4387588324508718,1.527851921022499,1.4062640133830928,2.0984174286109014,1.1535582621593075
p12_daily_merged,2019-11-26,1.1243105838827459,-0.3340765523905309,0.49265429290113244,0.016741238254560836,2.0984174286109014,0.6796093982517619
p12_daily_merged,2019-11-27,-0.2895951503940404,-0.3340765523905309,0.49265429290113244,0.016741238254560836,-0.05181277601508367,-0.033217789528792334
p12_daily_merged,2019-11-29,-1.7035008846708266,2.4387588324508718,1.0102531069618157,1.4062640133830928,-0.05181277601508367,0.6199924584219739
p12_daily_merged,2019-11-30,1.1243105838827459,-0.3340765523905309,-1.5777409633416006,0.016741238254560836,-0.05181277601508367,-0.1645156939219817
p12_daily_merged,2019-12-01,1.1243105838827459,-0.3340765523905309,-1.5777409633416006,-1.3727815368739713,-0.05181277601508367,-0.44242024894768817
p12_daily_merged,2019-12-02,-0.2895951503940404,-0.3340765523905309,1.0102531069618157,0.016741238254560836,-0.05181277601508367,0.07030197328334432
p12_daily_merged,2019-12-04,1.1243105838827459,-0.3340765523905309,0.49265429290113244,0.016741238254560836,-0.05181277601508367,0.2495633573265649
p12_daily_merged,2019-12-05,1.1243105838827459,-0.3340765523905309,-0.5425433352202341,1.4062640133830928,-0.05181277601508367,0.32042838672799795
p12_daily_merged,2019-12-06,-0.2895951503940404,-0.3340765523905309,1.0102531069618157,1.4062640133830928,2.0984174286109014,0.7782525692342477
p12_daily_merged,2019-12-07,-0.2895951503940404,2.4387588324508718,0.49265429290113244,0.016741238254560836,-0.05181277601508367,0.5213492874394882
p12_daily_merged,2019-12-10,-0.2895951503940404,-0.3340765523905309,0.49265429290113244,-1.3727815368739713,2.0984174286109014,0.11892369637069825
p12_daily_merged,2019-12-11,1.1243105838827459,-0.3340765523905309,-1.0601421492809173,-1.3727815368739713,2.0984174286109014,0.09114555478964555
p12_daily_merged,2019-12-12,-0.2895951503940404,-0.3340765523905309,-0.024944521159550852,0.016741238254560836,-0.05181277601508367,-0.136737552340929
p12_daily_merged,2019-12-14,1.1243105838827459,-0.3340765523905309,-1.0601421492809173,1.4062640133830928,-2.202042980641069,-0.2131374170093357
p12_daily_merged,2019-12-15,-0.2895951503940404,-0.3340765523905309,1.0102531069618157,1.4062640133830928,-0.05181277601508367,0.3482065283090507
p12_daily_merged,2019-12-16,1.1243105838827459,-0.3340765523905309,-2.095339777402284,-1.3727815368739713,-0.05181277601508367,-0.5459400117598248
p12_daily_merged,2019-12-17,1.1243105838827459,-0.3340765523905309,-0.5425433352202341,0.016741238254560836,-0.05181277601508367,0.042523831702291605
p12_daily_merged,2019-12-18,-0.2895951503940404,-0.3340765523905309,0.49265429290113244,0.016741238254560836,-0.05181277601508367,-0.033217789528792334
p12_daily_merged,2019-12-19,1.1243105838827459,-0.3340765523905309,-0.024944521159550852,-1.3727815368739713,-0.05181277601508367,-0.13186096051127819
p12_daily_merged,2019-12-21,-0.2895951503940404,-0.3340765523905309,-0.5425433352202341,0.016741238254560836,-0.05181277601508367,-0.24025731515306564
p12_daily_merged,2019-12-23,-0.2895951503940404,-0.3340765523905309,-0.5425433352202341,-1.3727815368739713,-2.202042980641069,-0.9482079111039692
p12_daily_merged,2019-12-24,1.1243105838827459,-0.3340765523905309,-1.0601421492809173,-1.3727815368739713,-2.202042980641069,-0.7689465270607485
p12_daily_merged,2019-12-26,-0.2895951503940404,-0.3340765523905309,-0.5425433352202341,0.016741238254560836,-0.05181277601508367,-0.24025731515306564
p12_daily_merged,2019-12-28,-0.2895951503940404,2.4387588324508718,-0.5425433352202341,0.016741238254560836,-2.202042980641069,-0.11573627910998216
p12_daily_merged,2020-01-04,-0.2895951503940404,-0.3340765523905309,-0.5425433352202341,0.016741238254560836,-0.05181277601508367,-0.24025731515306564
p12_daily_merged,2020-01-06,-0.2895951503940404,-0.3340765523905309,0.49265429290113244,-1.3727815368739713,-0.05181277601508367,-0.3111223445544988
p12_daily_merged,2020-01-07,-0.2895951503940404,-0.3340765523905309,-0.024944521159550852,-1.3727815368739713,-0.05181277601508367,-0.4146421073666354
p12_daily_merged,2020-01-08,-1.7035008846708266,-0.3340765523905309,0.49265429290113244,0.016741238254560836,-0.05181277601508367,-0.3159989363841496
p12_daily_merged,2020-01-09,-0.2895951503940404,-0.3340765523905309,-0.024944521159550852,1.4062640133830928,-0.05181277601508367,0.1411670026847774
p12_daily_merged,2020-01-10,-0.2895951503940404,-0.3340765523905309,0.49265429290113244,0.016741238254560836,-0.05181277601508367,-0.033217789528792334
p12_daily_merged,2020-01-11,-0.2895951503940404,-0.3340765523905309,0.49265429290113244,0.016741238254560836,-0.05181277601508367,-0.033217789528792334
p12_daily_merged,2020-01-12,-1.7035008846708266,-0.3340765523905309,1.0102531069618157,1.4062640133830928,-0.05181277601508367,0.06542538145369346
p12_daily_merged,2020-01-13,-1.7035008846708266,-0.3340765523905309,1.527851921022499,0.016741238254560836,-0.05181277601508367,-0.10895941075987628
p12_daily_merged,2020-01-14,-0.2895951503940404,-0.3340765523905309,-0.024944521159550852,-1.3727815368739713,-0.05181277601508367,-0.4146421073666354
p12_daily_merged,2020-01-15,1.1243105838827459,-0.3340765523905309,0.49265429290113244,-1.3727815368739713,-0.05181277601508367,-0.028341197699141528
p12_daily_merged,2020-01-16,-1.7035008846708266,-0.3340765523905309,-0.5425433352202341,1.4062640133830928,-0.05181277601508367,-0.24513390698271648
p12_daily_merged,2020-01-17,-0.2895951503940404,-0.3340765523905309,1.0102531069618157,0.016741238254560836,-0.05181277601508367,0.07030197328334432
p12_daily_merged,2020-01-18,-0.2895951503940404,-0.3340765523905309,0.49265429290113244,0.016741238254560836,-0.05181277601508367,-0.033217789528792334
p12_daily_merged,2020-01-19,-0.2895951503940404,-0.3340765523905309,0.49265429290113244,0.016741238254560836,-0.05181277601508367,-0.033217789528792334
p12_daily_merged,2020-01-21,-1.7035008846708266,-0.3340765523905309,0.49265429290113244,0.016741238254560836,-0.05181277601508367,-0.3159989363841496
p12_daily_merged,2020-01-22,-0.2895951503940404,-0.3340765523905309,0.49265429290113244,0.016741238254560836,-0.05181277601508367,-0.033217789528792334
p12_daily_merged,2020-01-23,1.1243105838827459,-0.3340765523905309,-0.024944521159550852,-1.3727815368739713,-0.05181277601508367,-0.13186096051127819
p12_daily_merged,2020-01-24,1.1243105838827459,-0.3340765523905309,-1.5777409633416006,-1.3727815368739713,-0.05181277601508367,-0.44242024894768817
p12_daily_merged,2020-01-27,-0.2895951503940404,-0.3340765523905309,0.49265429290113244,0.016741238254560836,-0.05181277601508367,-0.033217789528792334
p12_daily_merged,2020-01-28,-0.2895951503940404,-0.3340765523905309,1.0102531069618157,0.016741238254560836,-0.05181277601508367,0.07030197328334432
p12_daily_merged,2020-01-31,-0.2895951503940404,-0.3340765523905309,-0.024944521159550852,-1.3727815368739713,-0.05181277601508367,-0.4146421073666354
p12_daily_merged,2020-02-01,-0.2895951503940404,-0.3340765523905309,0.49265429290113244,0.016741238254560836,-0.05181277601508367,-0.033217789528792334
p12_daily_merged,2020-02-02,-1.7035008846708266,2.4387588324508718,1.0102531069618157,1.4062640133830928,-2.202042980641069,0.18994641749677693
p12_daily_merged,2020-02-03,1.1243105838827459,-0.3340765523905309,0.49265429290113244,-1.3727815368739713,2.0984174286109014,0.40170484322605554
p12_daily_merged,2020-02-05,1.1243105838827459,-0.3340765523905309,1.527851921022499,0.016741238254560836,-0.05181277601508367,0.45660288295083823
p12_daily_merged,2020-02-06,-0.2895951503940404,-0.3340765523905309,0.49265429290113244,0.016741238254560836,-0.05181277601508367,-0.033217789528792334
p12_daily_merged,2020-02-07,-0.2895951503940404,-0.3340765523905309,1.0102531069618157,0.016741238254560836,-0.05181277601508367,0.07030197328334432
p12_daily_merged,2020-02-09,-0.2895951503940404,-0.3340765523905309,1.0102531069618157,0.016741238254560836,-0.05181277601508367,0.07030197328334432
p12_daily_merged,2020-02-10,-1.7035008846708266,-0.3340765523905309,1.527851921022499,1.4062640133830928,-0.05181277601508367,0.16894514426583013
p12_daily_merged,2020-02-12,-0.2895951503940404,-0.3340765523905309,1.0102531069618157,0.016741238254560836,-0.05181277601508367,0.07030197328334432
p12_daily_merged,2020-02-13,1.1243105838827459,-0.3340765523905309,-0.024944521159550852,0.016741238254560836,-0.05181277601508367,0.14604359451442825
p12_daily_merged,2020-02-14,1.1243105838827459,-0.3340765523905309,1.0102531069618157,-1.3727815368739713,-0.05181277601508367,0.07517856511299513
p12_daily_merged,2020-02-15,-1.7035008846708266,5.211594217292275,0.49265429290113244,0.016741238254560836,-2.202042980641069,0.3630891766272145
p12_daily_merged,2020-02-16,-1.7035008846708266,2.4387588324508718,1.527851921022499,1.4062640133830928,-2.202042980641069,0.2934661803089136
p12_daily_merged,2020-02-19,-1.7035008846708266,-0.3340765523905309,1.0102531069618157,1.4062640133830928,-0.05181277601508367,0.06542538145369346
p12_daily_merged,2020-02-21,-1.7035008846708266,-0.3340765523905309,-0.024944521159550852,1.4062640133830928,-0.05181277601508367,-0.14161414417057983
p12_daily_merged,2020-02-23,1.1243105838827459,-0.3340765523905309,-1.0601421492809173,-1.3727815368739713,-0.05181277601508367,-0.33890048613555146
p12_daily_merged,2020-02-24,1.1243105838827459,-0.3340765523905309,-1.0601421492809173,0.016741238254560836,-0.05181277601508367,-0.06099593110984504
p12_daily_merged,2020-02-27,1.1243105838827459,-0.3340765523905309,-0.5425433352202341,0.016741238254560836,-0.05181277601508367,0.042523831702291605
p12_daily_merged,2020-02-28,1.1243105838827459,-0.3340765523905309,-1.0601421492809173,0.016741238254560836,-0.05181277601508367,-0.06099593110984504
p12_daily_merged,2020-03-02,1.1243105838827459,-0.3340765523905309,-0.5425433352202341,0.016741238254560836,-0.05181277601508367,0.042523831702291605
p12_daily_merged,2020-03-04,1.1243105838827459,-0.3340765523905309,-1.0601421492809173,-2.7623043120025033,-0.05181277601508367,-0.6168050411612579
p12_daily_merged,2020-03-09,-0.2895951503940404,-0.3340765523905309,1.0102531069618157,-1.3727815368739713,-0.05181277601508367,-0.20760258174236212
p12_daily_merged,2020-03-17,1.1243105838827459,-0.3340765523905309,-2.095339777402284,1.4062640133830928,-0.05181277601508367,0.009869098291588028
p12_daily_merged,2020-03-19,1.1243105838827459,-0.3340765523905309,-2.6129385914629673,0.016741238254560836,-0.05181277601508367,-0.37155521954625503
p12_daily_merged,2020-03-21,1.1243105838827459,-0.3340765523905309,-2.6129385914629673,0.016741238254560836,-0.05181277601508367,-0.37155521954625503
p12_daily_merged,2020-03-22,1.1243105838827459,-0.3340765523905309,-2.6129385914629673,0.016741238254560836,-0.05181277601508367,-0.37155521954625503
p12_daily_merged,2020-03-25,1.1243105838827459,-0.3340765523905309,-1.0601421492809173,-1.3727815368739713,-0.05181277601508367,-0.33890048613555146
p12_daily_merged,2020-03-27,-0.2895951503940404,-0.3340765523905309,-0.024944521159550852,0.016741238254560836,-0.05181277601508367,-0.136737552340929
p13_daily_merged,2019-11-11,-0.2581988897471611,0.18966081045272032,-0.0811597612263462,-1.0405465724886538,0.5920833847294625,-0.11963220565599564
p13_daily_merged,2019-11-12,0.7745966692414834,1.5552186457123072,-1.3333389344328292,-1.0405465724886538,0.5920833847294625,0.10960263855235401
p13_daily_merged,2019-11-12,-0.2581988897471611,0.18966081045272032,-1.3333389344328292,0.22927297359919463,-0.8779167428747208,-0.4101041566005592
p13_daily_merged,2019-11-12,0.7745966692414834,1.5552186457123072,-0.49855281896184056,-1.0405465724886538,0.5920833847294625,0.2765598616465518
p13_daily_merged,2019-11-13,0.7745966692414834,1.5552186457123072,-1.3333389344328292,-1.0405465724886538,0.5920833847294625,0.10960263855235401
p13_daily_merged,2019-11-14,-1.2909944487358056,-1.1758970248068665,0.3362332965091481,-1.0405465724886538,0.5920833847294625,-0.515824272958543
p13_daily_merged,2019-11-15,-0.2581988897471611,-1.1758970248068665,1.171019411980137,-1.0405465724886538,0.5920833847294625,-0.1423079380666164
p13_daily_merged,2019-11-16,-0.2581988897471611,1.5552186457123072,1.171019411980137,-1.0405465724886538,0.5920833847294625,0.40391519603721837
p13_daily_merged,2019-11-17,0.7745966692414834,0.18966081045272032,0.3362332965091481,-1.0405465724886538,0.5920833847294625,0.1704055176888321
p13_daily_merged,2019-11-18,-0.2581988897471611,0.18966081045272032,0.3362332965091481,0.22927297359919463,0.5920833847294625,0.2178103151086729
p13_daily_merged,2019-11-19,0.7745966692414834,0.18966081045272032,0.7536263542446425,0.22927297359919463,0.5920833847294625,0.5078480384535007
p13_daily_merged,2019-11-20,0.7745966692414834,1.5552186457123072,-0.49855281896184056,0.22927297359919463,0.5920833847294625,0.5305237708641214
p13_daily_merged,2019-11-21,0.7745966692414834,0.18966081045272032,-0.0811597612263462,-1.0405465724886538,0.5920833847294625,0.08692690614173326
p13_daily_merged,2019-11-22,0.7745966692414834,1.5552186457123072,-1.3333389344328292,-1.0405465724886538,0.5920833847294625,0.10960263855235401
p13_daily_merged,2019-11-23,1.8073922282301278,-1.1758970248068665,-2.168125049903818,1.499092519687043,0.5920833847294625,0.1109092115871898
p13_daily_merged,2019-11-24,1.8073922282301278,-1.1758970248068665,-2.585518107639312,0.22927297359919463,-0.8779167428747208,-0.5205333346983154
p13_daily_merged,2019-11-25,1.8073922282301278,0.18966081045272032,-2.168125049903818,1.499092519687043,0.5920833847294625,0.38402077863910716
p13_daily_merged,2019-11-27,0.7745966692414834,-1.1758970248068665,-0.49855281896184056,1.499092519687043,0.5920833847294625,0.23826454597785637
p13_daily_merged,2019-11-28,0.7745966692414834,0.18966081045272032,-1.7507319921683235,-1.0405465724886538,0.5920833847294625,-0.24698754004666218
p13_daily_merged,2019-11-29,-0.2581988897471611,0.18966081045272032,0.3362332965091481,0.22927297359919463,0.5920833847294625,0.2178103151086729
p13_daily_merged,2019-12-01,0.7745966692414834,-1.1758970248068665,-0.49855281896184056,-2.3103661185765025,0.5920833847294625,-0.5236271816748527
p13_daily_merged,2019-12-02,0.7745966692414834,-1.1758970248068665,-0.9159458766973348,-1.0405465724886538,0.5920833847294625,-0.3531418840043818
p13_daily_merged,2019-12-03,-0.2581988897471611,0.18966081045272032,-0.0811597612263462,-1.0405465724886538,-0.8779167428747208,-0.4136322311768323
p13_daily_merged,2019-12-07,-0.2581988897471611,1.5552186457123072,-0.0811597612263462,0.22927297359919463,-0.8779167428747208,0.1134432450926548
p13_daily_merged,2019-12-09,1.8073922282301278,0.18966081045272032,-0.9159458766973348,-1.0405465724886538,0.5920833847294625,0.12652879484526441
p13_daily_merged,2019-12-10,0.7745966692414834,0.18966081045272032,0.3362332965091481,1.499092519687043,0.5920833847294625,0.6783333361239715
p13_daily_merged,2019-12-11,-0.2581988897471611,-1.1758970248068665,0.3362332965091481,0.22927297359919463,0.5920833847294625,-0.05530125194324449
p13_daily_merged,2019-12-13,0.7745966692414834,0.18966081045272032,0.3362332965091481,-1.0405465724886538,0.5920833847294625,0.1704055176888321
p13_daily_merged,2019-12-14,-1.2909944487358056,0.18966081045272032,1.171019411980137,1.499092519687043,0.5920833847294625,0.4321723356227114
p13_daily_merged,2019-12-15,-1.2909944487358056,0.18966081045272032,1.171019411980137,0.22927297359919463,-0.8779167428747208,-0.11579159911569492
p13_daily_merged,2019-12-17,0.7745966692414834,-1.1758970248068665,0.3362332965091481,0.22927297359919463,0.5920833847294625,0.15125785985448442
p13_daily_merged,2019-12-21,-1.2909944487358056,-1.1758970248068665,0.7536263542446425,-1.0405465724886538,0.5920833847294625,-0.43234566141144415
p13_daily_merged,2019-12-21,-0.2581988897471611,-1.1758970248068665,0.3362332965091481,0.22927297359919463,0.5920833847294625,-0.05530125194324449
p13_daily_merged,2019-12-22,-0.2581988897471611,0.18966081045272032,0.3362332965091481,-1.0405465724886538,0.5920833847294625,-0.03615359410889678
p13_daily_merged,2019-12-24,1.8073922282301278,-1.1758970248068665,-1.7507319921683235,-1.0405465724886538,-0.8779167428747208,-0.6075400208216873
p13_daily_merged,2019-12-25,0.7745966692414834,0.18966081045272032,-1.7507319921683235,-1.0405465724886538,3.532083639937829,0.3410125109950111
p13_daily_merged,2019-12-25,0.7745966692414834,-1.1758970248068665,-1.7507319921683235,-1.0405465724886538,0.5920833847294625,-0.5200991070985796
p13_daily_merged,2019-12-27,-0.2581988897471611,-1.1758970248068665,0.7536263542446425,0.22927297359919463,0.5920833847294625,0.02817735960385439
p13_daily_merged,2019-12-28,-1.2909944487358056,0.18966081045272032,0.7536263542446425,1.499092519687043,-0.8779167428747208,0.05469369855477586
p13_daily_merged,2019-12-30,-0.2581988897471611,0.18966081045272032,0.7536263542446425,0.22927297359919463,-0.8779167428747208,0.007288901134935122
p13_daily_merged,2020-01-02,-0.2581988897471611,0.18966081045272032,0.7536263542446425,0.22927297359919463,-0.8779167428747208,0.007288901134935122
p13_daily_merged,2020-01-06,1.8073922282301278,-1.1758970248068665,-2.585518107639312,-1.0405465724886538,0.5920833847294625,-0.48049721839504833
p13_daily_merged,2020-01-07,-0.2581988897471611,0.18966081045272032,0.3362332965091481,0.22927297359919463,0.5920833847294625,0.2178103151086729
p13_daily_merged,2020-01-09,-0.2581988897471611,0.18966081045272032,0.7536263542446425,0.22927297359919463,-0.8779167428747208,0.007288901134935122
p13_daily_merged,2020-01-11,-0.2581988897471611,-1.1758970248068665,0.7536263542446425,-1.0405465724886538,-0.8779167428747208,-0.519786575134552
p13_daily_merged,2020-01-15,0.7745966692414834,0.18966081045272032,0.7536263542446425,0.22927297359919463,-0.8779167428747208,0.21384801293266403
p13_daily_merged,2020-01-18,-0.2581988897471611,0.18966081045272032,1.171019411980137,0.22927297359919463,-0.8779167428747208,0.09076751268203402
p13_daily_merged,2020-01-20,0.7745966692414834,0.18966081045272032,-0.49855281896184056,-1.0405465724886538,0.5920833847294625,0.0034482945946343823
p13_daily_merged,2020-01-26,-0.2581988897471611,-1.1758970248068665,0.3362332965091481,0.22927297359919463,-0.8779167428747208,-0.34930127746408113
p13_daily_merged,2020-01-27,-1.2909944487358056,1.5552186457123072,1.171019411980137,1.499092519687043,-2.347916870478904,0.11728385163295547
p13_daily_merged,2020-01-28,-0.2581988897471611,-1.1758970248068665,0.7536263542446425,-1.0405465724886538,-0.8779167428747208,-0.519786575134552
p13_daily_merged,2020-01-31,-2.32379000772445,0.18966081045272032,1.171019411980137,0.22927297359919463,0.5920833847294625,-0.028350685392587137
p13_daily_merged,2020-02-01,-1.2909944487358056,1.5552186457123072,0.7536263542446425,1.499092519687043,-2.347916870478904,0.033805240085856614
p13_daily_merged,2020-02-03,-1.2909944487358056,0.18966081045272032,1.171019411980137,1.499092519687043,0.5920833847294625,0.4321723356227114
p13_daily_merged,2020-02-06,-0.2581988897471611,0.18966081045272032,0.7536263542446425,1.499092519687043,-0.8779167428747208,0.2612528103525048
p13_daily_merged,2020-02-07,-0.2581988897471611,-1.1758970248068665,0.3362332965091481,1.499092519687043,0.5920833847294625,0.1986626572743252
p13_daily_merged,2020-02-08,0.7745966692414834,0.18966081045272032,-0.0811597612263462,-1.0405465724886538,-0.8779167428747208,-0.20707311937910342
p13_daily_merged,2020-02-10,-0.2581988897471611,0.18966081045272032,-0.0811597612263462,1.499092519687043,-0.8779167428747208,0.09429558725830707
p13_daily_merged,2020-02-11,-0.2581988897471611,1.5552186457123072,0.3362332965091481,1.499092519687043,-2.347916870478904,0.15688574033648664
p13_daily_merged,2020-02-14,-1.2909944487358056,0.18966081045272032,0.3362332965091481,1.499092519687043,-0.8779167428747208,-0.028784912992322997
p13_daily_merged,2020-02-15,-1.2909944487358056,0.18966081045272032,0.3362332965091481,0.22927297359919463,-0.8779167428747208,-0.28274882220989267
p13_daily_merged,2020-02-18,-0.2581988897471611,2.920776480971894,-0.0811597612263462,0.22927297359919463,-0.8779167428747208,0.38655481214457205
p13_daily_merged,2020-02-23,-0.2581988897471611,0.18966081045272032,-0.0811597612263462,0.22927297359919463,-0.8779167428747208,-0.15966832195926264
p13_daily_merged,2020-02-24,0.7745966692414834,-1.1758970248068665,1.171019411980137,-1.0405465724886538,0.5920833847294625,0.06425117373111251
p13_daily_merged,2020-02-26,0.7745966692414834,1.5552186457123072,-0.9159458766973348,0.22927297359919463,0.5920833847294625,0.44704515931702254
p13_daily_merged,2020-02-27,-2.32379000772445,-1.1758970248068665,1.171019411980137,1.499092519687043,0.5920833847294625,-0.04749834322693489
p13_daily_merged,2020-02-28,0.7745966692414834,-1.1758970248068665,-0.0811597612263462,0.22927297359919463,0.5920833847294625,0.06777924830738556
p13_daily_merged,2020-03-02,-1.2909944487358056,-1.1758970248068665,1.171019411980137,0.22927297359919463,0.5920833847294625,-0.09490314064677563
p13_daily_merged,2020-03-08,-2.32379000772445,0.18966081045272032,1.171019411980137,0.22927297359919463,-0.8779167428747208,-0.3223507109134238
p13_daily_merged,2020-03-12,-0.2581988897471611,0.18966081045272032,-0.0811597612263462,0.22927297359919463,-0.8779167428747208,-0.15966832195926264
p13_daily_merged,2020-03-18,0.7745966692414834,-1.1758970248068665,-0.9159458766973348,-1.0405465724886538,2.062083512333646,-0.05914185848354512
p13_daily_merged,2020-03-24,-1.2909944487358056,1.5552186457123072,0.3362332965091481,1.499092519687043,-2.347916870478904,-0.04967337146124225
p14_daily_merged,2019-11-17,1.3564378683154155,2.0074377348536747,-1.7348708850280943,1.0778125691047733,-0.5747737816627344,0.4264087011166069
p14_daily_merged,2019-11-18,-0.28972459323241917,-0.4053480041531463,-0.6112498455021261,-0.38660668239627693,-0.5747737816627344,-0.4535405813893406
p14_daily_merged,2019-11-19,-0.28972459323241917,-0.4053480041531463,0.5123711940238419,-1.8510259338973272,-0.5747737816627344,-0.5217002237843571
p14_daily_merged,2019-11-20,1.3564378683154155,-2.8181337431599673,-1.7348708850280943,-0.38660668239627693,1.2674498775126974,-0.4631447129512452
p14_daily_merged,2019-11-21,1.3564378683154155,-0.4053480041531463,-2.858491924554062,-1.8510259338973272,-0.5747737816627344,-0.866640355190371
p14_daily_merged,2019-11-22,1.3564378683154155,-0.4053480041531463,-0.6112498455021261,-0.38660668239627693,1.2674498775126974,0.24413664275531272
p14_daily_merged,2019-11-23,-0.28972459323241917,-0.4053480041531463,-0.6112498455021261,-1.8510259338973272,1.2674498775126974,-0.37797969985446433
p14_daily_merged,2019-11-24,-0.28972459323241917,-0.4053480041531463,-0.6112498455021261,-1.8510259338973272,1.2674498775126974,-0.37797969985446433
p14_daily_merged,2019-11-25,-0.28972459323241917,2.0074377348536747,0.5123711940238419,-0.38660668239627693,-0.5747737816627344,0.2537407743172172
p14_daily_merged,2019-11-26,-0.28972459323241917,-0.4053480041531463,0.5123711940238419,1.0778125691047733,-0.5747737816627344,0.06406747681606306
p14_daily_merged,2019-11-27,-0.28972459323241917,2.0074377348536747,-0.6112498455021261,1.0778125691047733,-0.5747737816627344,0.32190041671223363
p14_daily_merged,2019-11-28,-1.9358870547802538,2.0074377348536747,1.63599223354981,1.0778125691047733,-0.5747737816627344,0.44211634021305396
p14_daily_merged,2019-11-29,-1.9358870547802538,2.0074377348536747,1.63599223354981,-0.38660668239627693,1.2674498775126974,0.5176772217479304
p14_daily_merged,2019-11-30,-0.28972459323241917,2.0074377348536747,1.63599223354981,-1.8510259338973272,-0.5747737816627344,0.18558113192220077
p14_daily_merged,2019-12-01,-0.28972459323241917,-0.4053480041531463,1.63599223354981,1.0778125691047733,-0.5747737816627344,0.28879168472125666
p14_daily_merged,2019-12-02,1.3564378683154155,-2.8181337431599673,0.5123711940238419,-1.8510259338973272,1.2674498775126974,-0.306580147441068
p14_daily_merged,2019-12-03,-0.28972459323241917,-0.4053480041531463,0.5123711940238419,-1.8510259338973272,1.2674498775126974,-0.15325549194927066
p14_daily_merged,2019-12-04,-0.28972459323241917,-0.4053480041531463,0.5123711940238419,-0.38660668239627693,1.2674498775126974,0.1396283583509394
p14_daily_merged,2019-12-05,-0.28972459323241917,-0.4053480041531463,0.5123711940238419,-1.8510259338973272,1.2674498775126974,-0.15325549194927066
p14_daily_merged,2019-12-06,-0.28972459323241917,-0.4053480041531463,1.63599223354981,1.0778125691047733,1.2674498775126974,0.657236416556343
p14_daily_merged,2019-12-07,1.3564378683154155,2.0074377348536747,0.5123711940238419,1.0778125691047733,-0.5747737816627344,0.8758571169269942
p14_daily_merged,2019-12-08,-1.9358870547802538,2.0074377348536747,1.63599223354981,1.0778125691047733,-0.5747737816627344,0.44211634021305396
p14_daily_merged,2019-12-09,-1.9358870547802538,2.0074377348536747,1.63599223354981,1.0778125691047733,-0.5747737816627344,0.44211634021305396
p14_daily_merged,2019-12-10,-0.28972459323241917,-0.4053480041531463,1.63599223354981,1.0778125691047733,-0.5747737816627344,0.28879168472125666
p14_daily_merged,2019-12-11,-0.28972459323241917,2.0074377348536747,0.5123711940238419,1.0778125691047733,-0.5747737816627344,0.5466246246174272
p14_daily_merged,2019-12-12,1.3564378683154155,2.0074377348536747,0.5123711940238419,1.0778125691047733,-0.5747737816627344,0.8758571169269942
p14_daily_merged,2019-12-13,-1.9358870547802538,2.0074377348536747,1.63599223354981,1.0778125691047733,-0.5747737816627344,0.44211634021305396
p14_daily_merged,2019-12-14,-1.9358870547802538,2.0074377348536747,1.63599223354981,1.0778125691047733,-0.5747737816627344,0.44211634021305396
p14_daily_merged,2019-12-15,1.3564378683154155,2.0074377348536747,-0.6112498455021261,1.0778125691047733,1.2674498775126974,1.019577640856887
p14_daily_merged,2019-12-16,1.3564378683154155,2.0074377348536747,0.5123711940238419,-0.38660668239627693,-0.5747737816627344,0.5829732666267841
p14_daily_merged,2019-12-17,-0.28972459323241917,2.0074377348536747,0.5123711940238419,1.0778125691047733,-0.5747737816627344,0.5466246246174272
p14_daily_merged,2019-12-18,1.3564378683154155,-0.4053480041531463,0.5123711940238419,1.0778125691047733,-0.5747737816627344,0.39329996912563
p14_daily_merged,2019-12-19,1.3564378683154155,-0.4053480041531463,-1.7348708850280943,1.0778125691047733,-0.5747737816627344,-0.05614844668475725
p14_daily_merged,2019-12-20,1.3564378683154155,-0.4053480041531463,-0.6112498455021261,-1.8510259338973272,-0.5747737816627344,-0.4171919393799837
p14_daily_merged,2019-12-21,-0.28972459323241917,-0.4053480041531463,-1.7348708850280943,-0.38660668239627693,-0.5747737816627344,-0.6782647892945343
p14_daily_merged,2019-12-22,-0.28972459323241917,2.0074377348536747,-0.6112498455021261,-0.38660668239627693,-0.5747737816627344,0.029016566412023614
p14_daily_merged,2019-12-23,-0.28972459323241917,-0.4053480041531463,0.5123711940238419,-0.38660668239627693,-0.5747737816627344,-0.228816373484147
p14_daily_merged,2019-12-24,-0.28972459323241917,-0.4053480041531463,0.5123711940238419,-0.38660668239627693,-0.5747737816627344,-0.228816373484147
p14_daily_merged,2019-12-25,-0.28972459323241917,-0.4053480041531463,-0.6112498455021261,-0.38660668239627693,-0.5747737816627344,-0.4535405813893406
p14_daily_merged,2019-12-26,-0.28972459323241917,-0.4053480041531463,-0.6112498455021261,-0.38660668239627693,-0.5747737816627344,-0.4535405813893406
p14_daily_merged,2019-12-27,-1.9358870547802538,-0.4053480041531463,0.5123711940238419,1.0778125691047733,-0.5747737816627344,-0.2651650154935039
p14_daily_merged,2019-12-28,1.3564378683154155,-0.4053480041531463,0.5123711940238419,-1.8510259338973272,-0.5747737816627344,-0.19246773147479007
p14_daily_merged,2019-12-29,-1.9358870547802538,2.0074377348536747,0.5123711940238419,-0.38660668239627693,-2.4169974408381663,-0.4439364498274361
p14_daily_merged,2019-12-30,-1.9358870547802538,2.0074377348536747,0.5123711940238419,1.0778125691047733,-2.4169974408381663,-0.15105259952722605
p14_daily_merged,2019-12-31,-1.9358870547802538,2.0074377348536747,0.5123711940238419,1.0778125691047733,-2.4169974408381663,-0.15105259952722605
p14_daily_merged,2020-01-02,-1.9358870547802538,2.0074377348536747,1.63599223354981,1.0778125691047733,-2.4169974408381663,0.0736716083779676
p14_daily_merged,2020-01-06,-1.9358870547802538,-0.4053480041531463,1.63599223354981,1.0778125691047733,-0.5747737816627344,-0.040440807588310236
p14_daily_merged,2020-01-07,-0.28972459323241917,-0.4053480041531463,0.5123711940238419,1.0778125691047733,-0.5747737816627344,0.06406747681606306
p14_daily_merged,2020-01-08,-0.28972459323241917,-0.4053480041531463,0.5123711940238419,1.0778125691047733,-0.5747737816627344,0.06406747681606306
p14_daily_merged,2020-01-09,1.3564378683154155,-0.4053480041531463,0.5123711940238419,-0.38660668239627693,-0.5747737816627344,0.10041611882541998
p14_daily_merged,2020-01-10,-0.28972459323241917,-0.4053480041531463,0.5123711940238419,1.0778125691047733,-0.5747737816627344,0.06406747681606306
p14_daily_merged,2020-01-11,-0.28972459323241917,-0.4053480041531463,0.5123711940238419,-0.38660668239627693,-0.5747737816627344,-0.228816373484147
p14_daily_merged,2020-01-12,-0.28972459323241917,-0.4053480041531463,0.5123711940238419,-0.38660668239627693,-0.5747737816627344,-0.228816373484147
p14_daily_merged,2020-01-13,-0.28972459323241917,-0.4053480041531463,0.5123711940238419,2.5422318206058234,-0.5747737816627344,0.3569513271162731
p14_daily_merged,2020-01-14,-0.28972459323241917,-0.4053480041531463,0.5123711940238419,-0.38660668239627693,-0.5747737816627344,-0.228816373484147
p14_daily_merged,2020-01-15,-0.28972459323241917,-0.4053480041531463,0.5123711940238419,-0.38660668239627693,-0.5747737816627344,-0.228816373484147
p14_daily_merged,2020-01-16,-0.28972459323241917,-0.4053480041531463,0.5123711940238419,1.0778125691047733,-0.5747737816627344,0.06406747681606306
p14_daily_merged,2020-01-17,-0.28972459323241917,2.0074377348536747,0.5123711940238419,1.0778125691047733,-0.5747737816627344,0.5466246246174272
p14_daily_merged,2020-01-18,-0.28972459323241917,2.0074377348536747,0.5123711940238419,1.0778125691047733,-0.5747737816627344,0.5466246246174272
p14_daily_merged,2020-01-19,1.3564378683154155,-0.4053480041531463,-0.6112498455021261,1.0778125691047733,-0.5747737816627344,0.16857576122043635
p14_daily_merged,2020-01-20,1.3564378683154155,-0.4053480041531463,-0.6112498455021261,1.0778125691047733,-0.5747737816627344,0.16857576122043635
p14_daily_merged,2020-01-21,-0.28972459323241917,-0.4053480041531463,0.5123711940238419,1.0778125691047733,-0.5747737816627344,0.06406747681606306
p14_daily_merged,2020-01-23,-0.28972459323241917,-0.4053480041531463,0.5123711940238419,-1.8510259338973272,-0.5747737816627344,-0.5217002237843571
p14_daily_merged,2020-01-24,-0.28972459323241917,-0.4053480041531463,0.5123711940238419,-0.38660668239627693,-0.5747737816627344,-0.228816373484147
p14_daily_merged,2020-01-25,1.3564378683154155,-0.4053480041531463,0.5123711940238419,-0.38660668239627693,-0.5747737816627344,0.10041611882541998
p14_daily_merged,2020-01-26,-0.28972459323241917,-0.4053480041531463,0.5123711940238419,-0.38660668239627693,-0.5747737816627344,-0.228816373484147
p14_daily_merged,2020-01-27,-0.28972459323241917,-0.4053480041531463,0.5123711940238419,-0.38660668239627693,-0.5747737816627344,-0.228816373484147
p14_daily_merged,2020-01-28,-0.28972459323241917,-0.4053480041531463,0.5123711940238419,-0.38660668239627693,-0.5747737816627344,-0.228816373484147
p14_daily_merged,2020-01-30,1.3564378683154155,-0.4053480041531463,-1.7348708850280943,-0.38660668239627693,-0.5747737816627344,-0.34903229698496735
p14_daily_merged,2020-01-31,1.3564378683154155,-0.4053480041531463,-0.6112498455021261,1.0778125691047733,-0.5747737816627344,0.16857576122043635
p14_daily_merged,2020-02-01,1.3564378683154155,-0.4053480041531463,-2.858491924554062,-1.8510259338973272,-0.5747737816627344,-0.866640355190371
p14_daily_merged,2020-02-02,1.3564378683154155,-0.4053480041531463,-0.6112498455021261,-0.38660668239627693,1.2674498775126974,0.24413664275531272
p14_daily_merged,2020-02-03,-0.28972459323241917,-0.4053480041531463,-1.7348708850280943,-0.38660668239627693,1.2674498775126974,-0.30982005745944785
p14_daily_merged,2020-02-04,1.3564378683154155,-0.4053480041531463,-0.6112498455021261,-0.38660668239627693,1.2674498775126974,0.24413664275531272
p14_daily_merged,2020-02-05,-0.28972459323241917,-0.4053480041531463,0.5123711940238419,1.0778125691047733,-0.5747737816627344,0.06406747681606306
p14_daily_merged,2020-02-06,-0.28972459323241917,-0.4053480041531463,0.5123711940238419,1.0778125691047733,-0.5747737816627344,0.06406747681606306
p14_daily_merged,2020-02-07,-0.28972459323241917,-0.4053480041531463,0.5123711940238419,-0.38660668239627693,-0.5747737816627344,-0.228816373484147
p14_daily_merged,2020-02-09,-0.28972459323241917,-0.4053480041531463,0.5123711940238419,-0.38660668239627693,-0.5747737816627344,-0.228816373484147
p14_daily_merged,2020-02-10,-0.28972459323241917,-0.4053480041531463,0.5123711940238419,-0.38660668239627693,1.2674498775126974,0.1396283583509394
p14_daily_merged,2020-02-11,1.3564378683154155,-0.4053480041531463,0.5123711940238419,-0.38660668239627693,1.2674498775126974,0.4688608506605064
p14_daily_merged,2020-02-12,1.3564378683154155,-0.4053480041531463,-0.6112498455021261,1.0778125691047733,1.2674498775126974,0.5370204930555227
p14_daily_merged,2020-02-13,1.3564378683154155,-0.4053480041531463,0.5123711940238419,-0.38660668239627693,1.2674498775126974,0.4688608506605064
p14_daily_merged,2020-02-14,-0.28972459323241917,-0.4053480041531463,0.5123711940238419,-0.38660668239627693,-2.4169974408381663,-0.5972611053192334
p14_daily_merged,2020-02-16,-0.28972459323241917,-0.4053480041531463,-0.6112498455021261,-0.38660668239627693,1.2674498775126974,-0.0850958495542542
p14_daily_merged,2020-02-17,-0.28972459323241917,-0.4053480041531463,1.63599223354981,1.0778125691047733,1.2674498775126974,0.657236416556343
p14_daily_merged,2020-02-19,1.3564378683154155,-0.4053480041531463,-0.6112498455021261,1.0778125691047733,-0.5747737816627344,0.16857576122043635
p14_daily_merged,2020-02-20,-0.28972459323241917,-0.4053480041531463,0.5123711940238419,-0.38660668239627693,1.2674498775126974,0.1396283583509394
p14_daily_merged,2020-02-21,-0.28972459323241917,-0.4053480041531463,0.5123711940238419,1.0778125691047733,-0.5747737816627344,0.06406747681606306
p14_daily_merged,2020-02-22,1.3564378683154155,-0.4053480041531463,-1.7348708850280943,-0.38660668239627693,-0.5747737816627344,-0.34903229698496735
p14_daily_merged,2020-02-23,1.3564378683154155,-0.4053480041531463,-1.7348708850280943,-0.38660668239627693,-0.5747737816627344,-0.34903229698496735
p14_daily_merged,2020-02-24,-0.28972459323241917,-0.4053480041531463,-0.6112498455021261,1.0778125691047733,-0.5747737816627344,-0.16065673108913053
p14_daily_merged,2020-02-25,-0.28972459323241917,-0.4053480041531463,-0.6112498455021261,-0.38660668239627693,-0.5747737816627344,-0.4535405813893406
p14_daily_merged,2020-02-26,-1.9358870547802538,-0.4053480041531463,0.5123711940238419,-0.38660668239627693,-0.5747737816627344,-0.5580488657937139
p14_daily_merged,2020-02-27,-0.28972459323241917,-0.4053480041531463,0.5123711940238419,-0.38660668239627693,-0.5747737816627344,-0.228816373484147
p14_daily_merged,2020-02-28,-0.28972459323241917,-0.4053480041531463,0.5123711940238419,-0.38660668239627693,-0.5747737816627344,-0.228816373484147
p14_daily_merged,2020-02-29,-0.28972459323241917,-0.4053480041531463,0.5123711940238419,-0.38660668239627693,-0.5747737816627344,-0.228816373484147
p14_daily_merged,2020-03-01,-0.28972459323241917,-0.4053480041531463,0.5123711940238419,-0.38660668239627693,-0.5747737816627344,-0.228816373484147
p14_daily_merged,2020-03-02,-0.28972459323241917,-0.4053480041531463,-0.6112498455021261,-1.8510259338973272,1.2674498775126974,-0.37797969985446433
p14_daily_merged,2020-03-03,1.3564378683154155,-0.4053480041531463,-0.6112498455021261,-1.8510259338973272,1.2674498775126974,-0.04874720754489732
p14_daily_merged,2020-03-04,1.3564378683154155,-0.4053480041531463,-1.7348708850280943,1.0778125691047733,1.2674498775126974,0.31229628515032914
p14_daily_merged,2020-03-05,1.3564378683154155,-0.4053480041531463,-0.6112498455021261,-0.38660668239627693,1.2674498775126974,0.24413664275531272
p14_daily_merged,2020-03-06,1.3564378683154155,-0.4053480041531463,-0.6112498455021261,-0.38660668239627693,1.2674498775126974,0.24413664275531272
p14_daily_merged,2020-03-06,1.3564378683154155,-0.4053480041531463,-0.6112498455021261,-0.38660668239627693,1.2674498775126974,0.24413664275531272
p14_daily_merged,2020-03-07,1.3564378683154155,-0.4053480041531463,-0.6112498455021261,-1.8510259338973272,1.2674498775126974,-0.04874720754489732
p14_daily_merged,2020-03-08,-1.9358870547802538,-0.4053480041531463,0.5123711940238419,-0.38660668239627693,-0.5747737816627344,-0.5580488657937139
p14_daily_merged,2020-03-09,-0.28972459323241917,-0.4053480041531463,-0.6112498455021261,-0.38660668239627693,1.2674498775126974,-0.0850958495542542
p14_daily_merged,2020-03-10,-0.28972459323241917,-0.4053480041531463,0.5123711940238419,-0.38660668239627693,1.2674498775126974,0.1396283583509394
p14_daily_merged,2020-03-12,-0.28972459323241917,-0.4053480041531463,1.63599223354981,1.0778125691047733,1.2674498775126974,0.657236416556343
p14_daily_merged,2020-03-13,-0.28972459323241917,-0.4053480041531463,-0.6112498455021261,1.0778125691047733,-0.5747737816627344,-0.16065673108913053
p14_daily_merged,2020-03-14,-0.28972459323241917,-0.4053480041531463,0.5123711940238419,-0.38660668239627693,1.2674498775126974,0.1396283583509394
p14_daily_merged,2020-03-15,-0.28972459323241917,-0.4053480041531463,-0.6112498455021261,-0.38660668239627693,1.2674498775126974,-0.0850958495542542
p14_daily_merged,2020-03-16,1.3564378683154155,-0.4053480041531463,-1.7348708850280943,-0.38660668239627693,1.2674498775126974,0.019412434850119054
p14_daily_merged,2020-03-17,-0.28972459323241917,-0.4053480041531463,-0.6112498455021261,-0.38660668239627693,-0.5747737816627344,-0.4535405813893406
p14_daily_merged,2020-03-18,-0.28972459323241917,-0.4053480041531463,-1.7348708850280943,-0.38660668239627693,1.2674498775126974,-0.30982005745944785
p14_daily_merged,2020-03-19,-0.28972459323241917,-0.4053480041531463,-0.6112498455021261,-0.38660668239627693,1.2674498775126974,-0.0850958495542542
p14_daily_merged,2020-03-20,-0.28972459323241917,-0.4053480041531463,-1.7348708850280943,-0.38660668239627693,1.2674498775126974,-0.30982005745944785
p14_daily_merged,2020-03-21,-0.28972459323241917,-0.4053480041531463,-0.6112498455021261,-0.38660668239627693,-0.5747737816627344,-0.4535405813893406
p14_daily_merged,2020-03-22,1.3564378683154155,-0.4053480041531463,-0.6112498455021261,-0.38660668239627693,1.2674498775126974,0.24413664275531272
p14_daily_merged,2020-03-23,-0.28972459323241917,-0.4053480041531463,-1.7348708850280943,-1.8510259338973272,1.2674498775126974,-0.602703907759658
p14_daily_merged,2020-03-24,-0.28972459323241917,-0.4053480041531463,-0.6112498455021261,1.0778125691047733,1.2674498775126974,0.20778800074595583
p14_daily_merged,2020-03-25,-0.28972459323241917,-0.4053480041531463,-0.6112498455021261,1.0778125691047733,1.2674498775126974,0.20778800074595583
p14_daily_merged,2020-03-26,-0.28972459323241917,-0.4053480041531463,-0.6112498455021261,1.0778125691047733,1.2674498775126974,0.20778800074595583
p14_daily_merged,2020-03-27,-0.28972459323241917,-0.4053480041531463,0.5123711940238419,1.0778125691047733,1.2674498775126974,0.4325122086511494
p14_daily_merged,2020-03-29,-0.28972459323241917,-0.4053480041531463,-0.6112498455021261,-0.38660668239627693,-0.5747737816627344,-0.4535405813893406
p14_daily_merged,2020-03-30,-0.28972459323241917,-0.4053480041531463,-1.7348708850280943,-0.38660668239627693,1.2674498775126974,-0.30982005745944785
p15_daily_merged,2019-11-17,-1.460998893393647,0.9404498093086706,0.8057326431778663,-1.3053451057659884,2.442168255103221,0.28440134168602443
p15_daily_merged,2019-11-18,-1.460998893393647,0.9404498093086706,1.3300107329168886,1.670841735380465,0.8530861713031798,0.6666779111031114
p15_daily_merged,2019-11-19,-2.6575066078108582,0.9404498093086706,1.854288822655911,1.670841735380465,-0.7359959124968612,0.21441556940746542
p15_daily_merged,2019-11-20,-1.460998893393647,0.9404498093086706,0.8057326431778663,-0.3132828253838373,0.8530861713031798,0.16499738100244646
p15_daily_merged,2019-11-21,-2.6575066078108582,0.9404498093086706,1.3300107329168886,1.670841735380465,-0.7359959124968612,0.10955995145966095
p15_daily_merged,2019-11-22,0.9320165354407752,-0.7452621130370599,0.2814545534388438,-0.3132828253838373,0.8530861713031798,0.2016024643523803
p15_daily_merged,2019-11-22,0.9320165354407752,-0.7452621130370599,-0.24282353630017864,-0.3132828253838373,0.8530861713031798,0.09674684640457583
p15_daily_merged,2019-11-23,-0.2644911789764359,0.9404498093086706,0.2814545534388438,-0.3132828253838373,0.8530861713031798,0.29944330593808416
p15_daily_merged,2019-11-24,2.1285242498579864,-0.7452621130370599,-2.864213984995291,-2.2974073861481394,0.8530861713031798,-0.5850546126038648
p15_daily_merged,2019-11-25,-0.2644911789764359,-0.7452621130370599,1.3300107329168886,0.6787794549983138,-0.7359959124968612,0.052608196680969055
p15_daily_merged,2019-11-26,-0.2644911789764359,-0.7452621130370599,0.2814545534388438,-0.3132828253838373,0.8530861713031798,-0.037699078531061955
p15_daily_merged,2019-11-27,0.9320165354407752,-0.7452621130370599,-0.24282353630017864,-0.3132828253838373,2.442168255103221,0.41456326316458403
p15_daily_merged,2019-11-28,-0.2644911789764359,0.9404498093086706,0.2814545534388438,1.670841735380465,-0.7359959124968612,0.3784518013309365
p15_daily_merged,2019-11-29,0.9320165354407752,-0.7452621130370599,-1.2913797157782236,-0.3132828253838373,-0.7359959124968612,-0.4307808062510413
p15_daily_merged,2019-11-30,0.9320165354407752,-2.4309740353827904,-0.24282353630017864,-0.3132828253838373,0.8530861713031798,-0.24039553806457023
p15_daily_merged,2019-12-01,-0.2644911789764359,0.9404498093086706,-0.7671016260392011,0.6787794549983138,-0.7359959124968612,-0.02967189064110276
p15_daily_merged,2019-12-02,0.9320165354407752,-0.7452621130370599,-1.815657805517246,-1.3053451057659884,2.442168255103221,-0.09841604675525968
p15_daily_merged,2019-12-03,0.9320165354407752,-0.7452621130370599,-0.7671016260392011,-0.3132828253838373,0.8530861713031798,-0.008108771543228666
p15_daily_merged,2019-12-04,-0.2644911789764359,0.9404498093086706,0.2814545534388438,-0.3132828253838373,-0.7359959124968612,-0.018373110821924034
p15_daily_merged,2019-12-05,-1.460998893393647,0.9404498093086706,0.8057326431778663,-0.3132828253838373,-0.7359959124968612,-0.15281903575756176
p15_daily_merged,2019-12-06,-0.2644911789764359,0.9404498093086706,-0.24282353630017864,0.6787794549983138,-0.7359959124968612,0.07518372730670173
p15_daily_merged,2019-12-06,-0.2644911789764359,0.9404498093086706,-0.24282353630017864,-0.3132828253838373,-0.7359959124968612,-0.1232287287697285
p15_daily_merged,2019-12-07,0.9320165354407752,-0.7452621130370599,0.2814545534388438,-1.3053451057659884,0.8530861713031798,0.0031900082759501068
p15_daily_merged,2019-12-08,-2.6575066078108582,2.6261617316544013,1.854288822655911,1.670841735380465,-0.7359959124968612,0.5515579538766116
p15_daily_merged,2019-12-10,0.9320165354407752,-0.7452621130370599,0.2814545534388438,1.670841735380465,0.8530861713031798,0.5984273765052408
p15_daily_merged,2019-12-11,-1.460998893393647,0.9404498093086706,1.3300107329168886,0.6787794549983138,-0.7359959124968612,0.15044903826667297
p15_daily_merged,2019-12-12,-0.2644911789764359,-0.7452621130370599,0.2814545534388438,-0.3132828253838373,2.442168255103221,0.28011733822894624
p15_daily_merged,2019-12-14,-0.2644911789764359,-0.7452621130370599,0.2814545534388438,-0.3132828253838373,0.8530861713031798,-0.037699078531061955
p15_daily_merged,2019-12-16,0.9320165354407752,-2.4309740353827904,0.2814545534388438,-1.3053451057659884,0.8530861713031798,-0.333952376193196
p15_daily_merged,2019-12-17,0.9320165354407752,-0.7452621130370599,-0.7671016260392011,-1.3053451057659884,0.8530861713031798,-0.2065212276196589
p15_daily_merged,2019-12-18,0.9320165354407752,-0.7452621130370599,-1.2913797157782236,0.6787794549983138,0.8530861713031798,0.08544806658539708
p15_daily_merged,2019-12-21,-0.2644911789764359,-0.7452621130370599,-0.24282353630017864,0.6787794549983138,-0.7359959124968612,-0.26195865716244443
p15_daily_merged,2019-12-22,-0.2644911789764359,0.9404498093086706,0.8057326431778663,0.6787794549983138,-0.7359959124968612,0.28489496320231067
p15_daily_merged,2019-12-23,-0.2644911789764359,-0.7452621130370599,-0.24282353630017864,0.6787794549983138,-0.7359959124968612,-0.26195865716244443
p15_daily_merged,2019-12-24,2.1285242498579864,-0.7452621130370599,-3.3884920747343132,-1.3053451057659884,-0.7359959124968612,-0.8093141912352474
p15_daily_merged,2019-12-25,-0.2644911789764359,0.9404498093086706,0.2814545534388438,-2.2974073861481394,-0.7359959124968612,-0.4151980229747845
p15_daily_merged,2019-12-26,0.9320165354407752,0.9404498093086706,-1.2913797157782236,-2.2974073861481394,-0.7359959124968612,-0.49046333393475566
p15_daily_merged,2019-12-28,-0.2644911789764359,0.9404498093086706,0.2814545534388438,-0.3132828253838373,-0.7359959124968612,-0.018373110821924034
p15_daily_merged,2019-12-29,0.9320165354407752,-0.7452621130370599,-1.2913797157782236,-1.3053451057659884,-0.7359959124968612,-0.6291932623274715
p15_daily_merged,2019-12-30,0.9320165354407752,0.9404498093086706,0.2814545534388438,-1.3053451057659884,-0.7359959124968612,0.022515975985088033
p15_daily_merged,2019-12-31,0.9320165354407752,-0.7452621130370599,-0.24282353630017864,-1.3053451057659884,-0.7359959124968612,-0.41948202643186255
p15_daily_merged,2020-01-01,0.9320165354407752,-0.7452621130370599,-1.815657805517246,-0.3132828253838373,-0.7359959124968612,-0.5356364241988458
p15_daily_merged,2020-01-06,-1.460998893393647,0.9404498093086706,1.854288822655911,-1.3053451057659884,0.8530861713031798,0.1762961608216252
p15_daily_merged,2020-01-07,-1.460998893393647,0.9404498093086706,0.8057326431778663,0.6787794549983138,-0.7359959124968612,0.04559342031886848
p15_daily_merged,2020-01-08,-0.2644911789764359,-0.7452621130370599,0.8057326431778663,0.6787794549983138,0.8530861713031798,0.2655689954931728
p15_daily_merged,2020-01-10,-0.2644911789764359,0.9404498093086706,0.2814545534388438,0.6787794549983138,-0.7359959124968612,0.1800393452545062
p15_daily_merged,2020-01-12,-0.2644911789764359,0.9404498093086706,0.2814545534388438,0.6787794549983138,-0.7359959124968612,0.1800393452545062
p15_daily_merged,2020-01-13,-0.2644911789764359,0.9404498093086706,0.8057326431778663,0.6787794549983138,-0.7359959124968612,0.28489496320231067
p15_daily_merged,2020-01-14,-0.2644911789764359,-0.7452621130370599,0.8057326431778663,-1.3053451057659884,2.442168255103221,0.1865605001003206
p15_daily_merged,2020-01-15,-1.460998893393647,0.9404498093086706,0.8057326431778663,0.6787794549983138,-0.7359959124968612,0.04559342031886848
p15_daily_merged,2020-01-16,0.9320165354407752,-0.7452621130370599,-0.24282353630017864,-1.3053451057659884,-0.7359959124968612,-0.41948202643186255
p15_daily_merged,2020-01-18,0.9320165354407752,-0.7452621130370599,0.2814545534388438,-1.3053451057659884,0.8530861713031798,0.0031900082759501068
p15_daily_merged,2020-01-19,-0.2644911789764359,0.9404498093086706,0.2814545534388438,0.6787794549983138,-0.7359959124968612,0.1800393452545062
p15_daily_merged,2020-01-21,-1.460998893393647,0.9404498093086706,0.8057326431778663,0.6787794549983138,-0.7359959124968612,0.04559342031886848
p15_daily_merged,2020-01-22,0.9320165354407752,-0.7452621130370599,-0.7671016260392011,-1.3053451057659884,-0.7359959124968612,-0.5243376443796671
p15_daily_merged,2020-01-23,0.9320165354407752,-0.7452621130370599,-0.24282353630017864,-0.3132828253838373,0.8530861713031798,0.09674684640457583
p15_daily_merged,2020-01-25,2.1285242498579864,0.9404498093086706,-2.3399358952562683,-1.3053451057659884,-2.325077996296902,-0.5802769876305003
p15_daily_merged,2020-01-26,0.9320165354407752,0.9404498093086706,-0.24282353630017864,1.670841735380465,-0.7359959124968612,0.5128977262665743
p15_daily_merged,2020-01-27,-0.2644911789764359,-0.7452621130370599,0.8057326431778663,0.6787794549983138,0.8530861713031798,0.2655689954931728
p15_daily_merged,2020-01-30,0.9320165354407752,-0.7452621130370599,0.2814545534388438,0.6787794549983138,0.8530861713031798,0.4000149204288105
p15_daily_merged,2020-01-31,-0.2644911789764359,0.9404498093086706,0.8057326431778663,1.670841735380465,-0.7359959124968612,0.4833074192787409
p15_daily_merged,2020-02-01,-0.2644911789764359,-0.7452621130370599,0.8057326431778663,0.6787794549983138,0.8530861713031798,0.2655689954931728
p15_daily_merged,2020-02-04,-0.2644911789764359,0.9404498093086706,0.8057326431778663,0.6787794549983138,-0.7359959124968612,0.28489496320231067
p15_daily_merged,2020-02-05,0.9320165354407752,-0.7452621130370599,-0.7671016260392011,0.6787794549983138,0.8530861713031798,0.19030368453320157
p15_daily_merged,2020-02-06,-1.460998893393647,2.6261617316544013,0.8057326431778663,0.6787794549983138,-0.7359959124968612,0.3827358047880146
p15_daily_merged,2020-02-07,0.9320165354407752,-0.7452621130370599,-0.24282353630017864,0.6787794549983138,-0.7359959124968612,-0.022657114279002143
p15_daily_merged,2020-02-08,0.9320165354407752,-0.7452621130370599,-0.24282353630017864,-1.3053451057659884,0.8530861713031798,-0.10166560967185438
p15_daily_merged,2020-02-09,0.9320165354407752,0.9404498093086706,-0.7671016260392011,-1.3053451057659884,2.442168255103221,0.4484375736094955
p15_daily_merged,2020-02-10,0.9320165354407752,-2.4309740353827904,-3.3884920747343132,-1.3053451057659884,0.8530861713031798,-1.0679417018278274
p15_daily_merged,2020-02-11,-0.2644911789764359,0.9404498093086706,-0.7671016260392011,0.6787794549983138,-0.7359959124968612,-0.02967189064110276
p15_daily_merged,2020-02-12,-1.460998893393647,0.9404498093086706,-0.24282353630017864,0.6787794549983138,-0.7359959124968612,-0.1641178155767405
p15_daily_merged,2020-02-13,-0.2644911789764359,-0.7452621130370599,-1.2913797157782236,-1.3053451057659884,-0.7359959124968612,-0.8684948052109138
p15_daily_merged,2020-02-15,-0.2644911789764359,-0.7452621130370599,-1.815657805517246,0.6787794549983138,-0.7359959124968612,-0.5765255110058579
p15_daily_merged,2020-02-16,-0.2644911789764359,-0.7452621130370599,-0.24282353630017864,-0.3132828253838373,-0.7359959124968612,-0.4603711132388747
p15_daily_merged,2020-02-17,-0.2644911789764359,-0.7452621130370599,0.8057326431778663,0.6787794549983138,-0.7359959124968612,-0.05224742126683542
p15_daily_merged,2020-02-18,-0.2644911789764359,-0.7452621130370599,0.2814545534388438,-0.3132828253838373,0.8530861713031798,-0.037699078531061955
p15_daily_merged,2020-02-19,-0.2644911789764359,0.9404498093086706,0.2814545534388438,0.6787794549983138,-0.7359959124968612,0.1800393452545062
p15_daily_merged,2020-02-22,-0.2644911789764359,-0.7452621130370599,-0.7671016260392011,0.6787794549983138,-0.7359959124968612,-0.3668142751102489
p15_daily_merged,2020-02-23,-0.2644911789764359,0.9404498093086706,0.2814545534388438,1.670841735380465,-0.7359959124968612,0.3784518013309365
p15_daily_merged,2020-02-24,0.9320165354407752,-0.7452621130370599,-0.24282353630017864,0.6787794549983138,0.8530861713031798,0.2951593024810061
p15_daily_merged,2020-02-26,-0.2644911789764359,0.9404498093086706,0.8057326431778663,-0.3132828253838373,-0.7359959124968612,0.08648250712588046
p15_daily_merged,2020-02-27,-0.2644911789764359,-0.7452621130370599,0.2814545534388438,0.6787794549983138,0.8530861713031798,0.16071337754536827
p15_daily_merged,2020-02-28,-0.2644911789764359,0.9404498093086706,0.8057326431778663,0.6787794549983138,-0.7359959124968612,0.28489496320231067
p15_daily_merged,2020-03-01,-0.2644911789764359,-0.7452621130370599,0.2814545534388438,-0.3132828253838373,0.8530861713031798,-0.037699078531061955
p15_daily_merged,2020-03-02,-0.2644911789764359,-0.7452621130370599,0.2814545534388438,0.6787794549983138,-0.7359959124968612,-0.15710303921463992
p15_daily_merged,2020-03-17,-0.2644911789764359,0.9404498093086706,-0.7671016260392011,0.6787794549983138,-0.7359959124968612,-0.02967189064110276
p15_daily_merged,2020-03-18,-1.460998893393647,0.9404498093086706,0.2814545534388438,-0.3132828253838373,-0.7359959124968612,-0.25767465370536624
p15_daily_merged,2020-03-20,0.9320165354407752,-0.7452621130370599,0.2814545534388438,0.6787794549983138,-0.7359959124968612,0.08219850366880233
p15_daily_merged,2020-03-22,0.9320165354407752,-0.7452621130370599,0.2814545534388438,0.6787794549983138,0.8530861713031798,0.4000149204288105
p15_daily_merged,2020-03-23,-0.2644911789764359,-0.7452621130370599,0.8057326431778663,-0.3132828253838373,0.8530861713031798,0.06715653941674257
p15_daily_merged,2020-03-26,-0.2644911789764359,-0.7452621130370599,0.8057326431778663,-0.3132828253838373,-0.7359959124968612,-0.2506598773432656
p15_daily_merged,2020-03-27,0.9320165354407752,0.9404498093086706,0.2814545534388438,0.6787794549983138,-0.7359959124968612,0.41934088813794845
p15_daily_merged,2020-03-28,-1.460998893393647,0.9404498093086706,0.8057326431778663,-0.3132828253838373,-0.7359959124968612,-0.15281903575756176
p15_daily_merged,2020-03-29,0.9320165354407752,-0.7452621130370599,-0.24282353630017864,0.6787794549983138,0.8530861713031798,0.2951593024810061
p15_daily_merged,2020-03-30,0.9320165354407752,-0.7452621130370599,-0.7671016260392011,-1.3053451057659884,0.8530861713031798,-0.2065212276196589
p16_daily_merged,2019-11-15,-0.317971453406866,1.3660232126416179,1.4429821340109392,-0.0379049021789452,-1.4317821063276355,0.2042693769478221
p16_daily_merged,2019-11-16,-0.317971453406866,1.3660232126416179,-0.22356061231155333,-0.0379049021789452,-1.4317821063276355,-0.12903917231667644
p16_daily_merged,2019-11-17,-0.317971453406866,1.3660232126416179,-0.22356061231155333,-0.0379049021789452,-0.0,0.15731724894885066
p16_daily_merged,2019-11-18,-0.317971453406866,-0.4406526492392321,-0.22356061231155333,-0.0379049021789452,-0.0,-0.2040179234273193
p16_daily_merged,2019-11-19,-0.317971453406866,1.3660232126416179,1.4429821340109392,-0.0379049021789452,-1.4317821063276355,0.2042693769478221
p16_daily_merged,2019-11-20,1.3116322453033207,-0.4406526492392321,-1.8901033586340459,-1.5920058915156972,-0.0,-0.5222259308171309
p16_daily_merged,2019-11-21,1.3116322453033207,-0.4406526492392321,-0.22356061231155333,-0.0379049021789452,-0.0,0.12190281631471803
p16_daily_merged,2019-11-22,1.3116322453033207,-0.4406526492392321,1.4429821340109392,-1.5920058915156972,-0.0,0.14439116771186616
p16_daily_merged,2019-11-23,-0.317971453406866,-0.4406526492392321,-0.22356061231155333,-0.0379049021789452,-0.0,-0.2040179234273193
p16_daily_merged,2019-11-24,-1.9475751521170528,1.3660232126416179,1.4429821340109392,-0.0379049021789452,-0.0,0.16470505847131184
p16_daily_merged,2019-11-25,-0.317971453406866,-0.4406526492392321,-0.22356061231155333,-0.0379049021789452,-0.0,-0.2040179234273193
p16_daily_merged,2019-11-26,-0.317971453406866,-0.4406526492392321,-0.22356061231155333,-0.0379049021789452,-0.0,-0.2040179234273193
p16_daily_merged,2019-11-27,1.3116322453033207,-2.2473285111200823,-0.22356061231155333,-1.5920058915156972,-0.0,-0.5502525539288025
p16_daily_merged,2019-11-28,-0.317971453406866,-0.4406526492392321,-0.22356061231155333,1.5161960871578068,-0.0,0.1068022744400311
p16_daily_merged,2019-11-29,-0.317971453406866,-0.4406526492392321,-0.22356061231155333,-0.0379049021789452,-0.0,-0.2040179234273193
p16_daily_merged,2019-11-30,-0.317971453406866,1.3660232126416179,-0.22356061231155333,-0.0379049021789452,-0.0,0.15731724894885066
p16_daily_merged,2019-12-01,-0.317971453406866,1.3660232126416179,1.4429821340109392,-0.0379049021789452,-0.0,0.4906257982133492
p16_daily_merged,2019-12-03,-0.317971453406866,-0.4406526492392321,1.4429821340109392,-1.5920058915156972,-0.0,-0.1815295720301712
p16_daily_merged,2019-12-04,-1.9475751521170528,-0.4406526492392321,1.4429821340109392,1.5161960871578068,1.4317821063276355,0.4005465052280194
p16_daily_merged,2019-12-05,-0.317971453406866,-0.4406526492392321,-0.22356061231155333,1.5161960871578068,-0.0,0.1068022744400311
p16_daily_merged,2019-12-06,-0.317971453406866,-0.4406526492392321,-0.22356061231155333,-0.0379049021789452,-0.0,-0.2040179234273193
p16_daily_merged,2019-12-07,-0.317971453406866,-0.4406526492392321,1.4429821340109392,-0.0379049021789452,1.4317821063276355,0.41564704710270634
p16_daily_merged,2019-12-08,-0.317971453406866,-0.4406526492392321,-0.22356061231155333,-0.0379049021789452,2.863564212655271,0.36869491910373486
p16_daily_merged,2019-12-09,-0.317971453406866,-0.4406526492392321,-0.22356061231155333,-1.5920058915156972,2.863564212655271,0.057874721236384465
p16_daily_merged,2019-12-10,-0.317971453406866,-0.4406526492392321,1.4429821340109392,-0.0379049021789452,-0.0,0.1292906258371792
p16_daily_merged,2019-12-11,-0.317971453406866,1.3660232126416179,1.4429821340109392,-0.0379049021789452,-1.4317821063276355,0.2042693769478221
p16_daily_merged,2019-12-12,-0.317971453406866,-0.4406526492392321,-0.22356061231155333,-0.0379049021789452,-0.0,-0.2040179234273193
p16_daily_merged,2019-12-13,-0.317971453406866,3.172699074522468,-0.22356061231155333,-0.0379049021789452,-1.4317821063276355,0.23229600005949363
p16_daily_merged,2019-12-21,-0.317971453406866,-0.4406526492392321,1.4429821340109392,1.5161960871578068,-0.0,0.4401108237045296
p16_daily_merged,2019-12-22,-0.317971453406866,-0.4406526492392321,-0.22356061231155333,-0.0379049021789452,-0.0,-0.2040179234273193
p16_daily_merged,2019-12-23,-0.317971453406866,1.3660232126416179,-0.22356061231155333,-0.0379049021789452,-1.4317821063276355,-0.12903917231667644
p16_daily_merged,2019-12-24,-0.317971453406866,3.172699074522468,-1.8901033586340459,1.5161960871578068,-1.4317821063276355,0.20980764866234555
p16_daily_merged,2019-12-25,-0.317971453406866,-0.4406526492392321,-0.22356061231155333,-0.0379049021789452,-0.0,-0.2040179234273193
p16_daily_merged,2019-12-26,-0.317971453406866,-0.4406526492392321,-0.22356061231155333,1.5161960871578068,-0.0,0.1068022744400311
p16_daily_merged,2019-12-27,1.3116322453033207,-0.4406526492392321,-0.22356061231155333,-1.5920058915156972,-0.0,-0.18891738155263238
p16_daily_merged,2019-12-29,-0.317971453406866,1.3660232126416179,-0.22356061231155333,-0.0379049021789452,-1.4317821063276355,-0.12903917231667644
p16_daily_merged,2019-12-30,1.3116322453033207,-0.4406526492392321,-0.22356061231155333,-0.0379049021789452,-0.0,0.12190281631471803
p16_daily_merged,2019-12-31,-0.317971453406866,1.3660232126416179,1.4429821340109392,1.5161960871578068,-1.4317821063276355,0.5150895748151724
p16_daily_merged,2020-01-01,1.3116322453033207,1.3660232126416179,-1.8901033586340459,-0.0379049021789452,-1.4317821063276355,-0.1364269818391376
p16_daily_merged,2020-01-07,1.3116322453033207,-0.4406526492392321,-1.8901033586340459,-1.5920058915156972,-0.0,-0.5222259308171309
p16_daily_merged,2020-01-08,-0.317971453406866,-0.4406526492392321,-0.22356061231155333,-0.0379049021789452,-0.0,-0.2040179234273193
p16_daily_merged,2020-01-09,-0.317971453406866,-0.4406526492392321,-0.22356061231155333,-0.0379049021789452,-0.0,-0.2040179234273193
p16_daily_merged,2020-01-10,-0.317971453406866,1.3660232126416179,1.4429821340109392,1.5161960871578068,-0.0,0.8014459960806996
p16_daily_merged,2020-01-11,1.3116322453033207,-0.4406526492392321,-1.8901033586340459,-1.5920058915156972,-0.0,-0.5222259308171309
p16_daily_merged,2020-01-12,-0.317971453406866,-0.4406526492392321,-0.22356061231155333,1.5161960871578068,-0.0,0.1068022744400311
p16_daily_merged,2020-01-13,-0.317971453406866,1.3660232126416179,-0.22356061231155333,-0.0379049021789452,-1.4317821063276355,-0.12903917231667644
p16_daily_merged,2020-01-14,-0.317971453406866,-0.4406526492392321,-0.22356061231155333,1.5161960871578068,-0.0,0.1068022744400311
p16_daily_merged,2020-01-15,1.3116322453033207,-0.4406526492392321,-0.22356061231155333,-0.0379049021789452,1.4317821063276355,0.4082592375802451
p16_daily_merged,2020-01-16,1.3116322453033207,-0.4406526492392321,-0.22356061231155333,-1.5920058915156972,-0.0,-0.18891738155263238
p16_daily_merged,2020-01-17,-0.317971453406866,-0.4406526492392321,-0.22356061231155333,-1.5920058915156972,1.4317821063276355,-0.22848170002914264
p16_daily_merged,2020-01-19,-0.317971453406866,-0.4406526492392321,1.4429821340109392,-0.0379049021789452,-0.0,0.1292906258371792
p16_daily_merged,2020-01-20,-0.317971453406866,-0.4406526492392321,-0.22356061231155333,-0.0379049021789452,-0.0,-0.2040179234273193
p16_daily_merged,2020-01-21,1.3116322453033207,-0.4406526492392321,-1.8901033586340459,-0.0379049021789452,1.4317821063276355,0.07495068831574656
p16_daily_merged,2020-01-22,-0.317971453406866,-0.4406526492392321,1.4429821340109392,-0.0379049021789452,-1.4317821063276355,-0.1570657954283479
p16_daily_merged,2020-01-24,-1.9475751521170528,-0.4406526492392321,-0.22356061231155333,1.5161960871578068,-1.4317821063276355,-0.5054748865675334
p16_daily_merged,2020-01-25,-0.317971453406866,-0.4406526492392321,1.4429821340109392,-0.0379049021789452,-0.0,0.1292906258371792
p16_daily_merged,2020-01-26,-1.9475751521170528,1.3660232126416179,-0.22356061231155333,1.5161960871578068,-1.4317821063276355,-0.14413971419136337
p16_daily_merged,2020-01-27,-0.317971453406866,-0.4406526492392321,1.4429821340109392,-0.0379049021789452,-1.4317821063276355,-0.1570657954283479
p16_daily_merged,2020-01-28,1.3116322453033207,-2.2473285111200823,-0.22356061231155333,-0.0379049021789452,1.4317821063276355,0.046924065204075036
p16_daily_merged,2020-01-29,-0.317971453406866,-0.4406526492392321,-0.22356061231155333,-0.0379049021789452,1.4317821063276355,0.08233849783820779
p16_daily_merged,2020-02-01,-1.9475751521170528,-0.4406526492392321,-0.22356061231155333,1.5161960871578068,-0.0,-0.21911846530200632
p16_daily_merged,2020-02-02,-0.317971453406866,-0.4406526492392321,1.4429821340109392,-0.0379049021789452,1.4317821063276355,0.41564704710270634
p16_daily_merged,2020-02-04,-0.317971453406866,-0.4406526492392321,-0.22356061231155333,-0.0379049021789452,-0.0,-0.2040179234273193
p16_daily_merged,2020-02-07,-0.317971453406866,-0.4406526492392321,-0.22356061231155333,1.5161960871578068,-0.0,0.1068022744400311
p16_daily_merged,2020-02-10,2.9412359440135076,-0.4406526492392321,-1.8901033586340459,-0.0379049021789452,1.4317821063276355,0.400871428057784
p16_daily_merged,2020-02-11,-1.9475751521170528,1.3660232126416179,-0.22356061231155333,1.5161960871578068,-1.4317821063276355,-0.14413971419136337
p16_daily_merged,2020-02-12,-0.317971453406866,-0.4406526492392321,1.4429821340109392,-0.0379049021789452,-0.0,0.1292906258371792
p16_daily_merged,2020-02-13,-0.317971453406866,-0.4406526492392321,1.4429821340109392,-0.0379049021789452,-0.0,0.1292906258371792
p16_daily_merged,2020-02-16,1.3116322453033207,-0.4406526492392321,1.4429821340109392,-0.0379049021789452,-0.0,0.4552113655792166
p16_daily_merged,2020-02-17,1.3116322453033207,-2.2473285111200823,-1.8901033586340459,-1.5920058915156972,1.4317821063276355,-0.5972046819277738
p16_daily_merged,2020-02-18,2.9412359440135076,-0.4406526492392321,-1.8901033586340459,1.5161960871578068,1.4317821063276355,0.7116916259251344
p16_daily_merged,2020-02-20,-0.317971453406866,1.3660232126416179,-0.22356061231155333,-1.5920058915156972,-0.0,-0.15350294891849975
p16_daily_merged,2020-02-22,1.3116322453033207,-0.4406526492392321,-1.8901033586340459,-1.5920058915156972,-0.0,-0.5222259308171309
p16_daily_merged,2020-02-27,1.3116322453033207,-0.4406526492392321,-0.22356061231155333,-0.0379049021789452,1.4317821063276355,0.4082592375802451
p16_daily_merged,2020-02-28,-0.317971453406866,-0.4406526492392321,-0.22356061231155333,-0.0379049021789452,-0.0,-0.2040179234273193
p16_daily_merged,2020-03-05,-0.317971453406866,-0.4406526492392321,-0.22356061231155333,-0.0379049021789452,-0.0,-0.2040179234273193
p16_daily_merged,2020-03-06,-0.317971453406866,-0.4406526492392321,-0.22356061231155333,-1.5920058915156972,1.4317821063276355,-0.22848170002914264
p16_daily_merged,2020-03-08,-0.317971453406866,-0.4406526492392321,-0.22356061231155333,-1.5920058915156972,-0.0,-0.5148381212946698
p16_daily_merged,2020-03-11,1.3116322453033207,-0.4406526492392321,-0.22356061231155333,-1.5920058915156972,1.4317821063276355,0.09743903971289472
p16_daily_merged,2020-03-15,-1.9475751521170528,1.3660232126416179,-0.22356061231155333,1.5161960871578068,-1.4317821063276355,-0.14413971419136337
p16_daily_merged,2020-03-17,1.3116322453033207,-0.4406526492392321,-0.22356061231155333,-0.0379049021789452,-0.0,0.12190281631471803
p16_daily_merged,2020-03-18,-0.317971453406866,1.3660232126416179,-0.22356061231155333,1.5161960871578068,-1.4317821063276355,0.18178102555067394
