participant_id,target_date,predicted_wellbeing,predicted_wellbeing_z,wellbeing_status,alert_level
p01_daily_merged,2019-11-19,0.2217987637320101,0.15800599103462357,Moderate,Moderate
p01_daily_merged,2019-11-20,0.1251539078147049,-0.05306579207376833,Moderate,Moderate
p01_daily_merged,2019-11-21,0.2795499995177676,0.23996115993852063,Moderate,Moderate
p01_daily_merged,2019-11-22,0.1490689781494003,-0.08070708064832643,Moderate,Moderate
p01_daily_merged,2019-11-23,0.1343168701660536,-0.09391548010068748,Moderate,Moderate
p01_daily_merged,2019-11-24,0.2054082873477358,0.10361610779520684,Moderate,Moderate
p01_daily_merged,2019-11-25,0.0157661451393,-0.3190509056859082,Moderate,Moderate
p01_daily_merged,2019-11-26,0.0702248260054563,-0.20590811406999016,Moderate,Moderate
p01_daily_merged,2019-11-27,0.145215113074542,0.00799671483691335,Moderate,Moderate
p01_daily_merged,2019-11-28,0.0881356243941261,-0.14554264035635245,Moderate,Moderate
p01_daily_merged,2019-11-29,-0.0207474772296223,-0.38236885839458484,Moderate,Moderate
p01_daily_merged,2019-11-30,0.1690577720403542,0.1825574970378872,Moderate,Moderate
p01_daily_merged,2019-12-01,0.1619135287451079,0.15290378338351945,Moderate,Moderate
p01_daily_merged,2019-12-02,0.2111518111248175,0.29790588031445864,Moderate,Moderate
p01_daily_merged,2019-12-03,0.1012321577955369,0.030258885539188447,Moderate,Moderate
p01_daily_merged,2019-12-04,-0.1572686596269937,-0.6791763910026637,Moderate,Moderate
p01_daily_merged,2019-12-05,-0.0168538757104286,-0.2552464877576316,Moderate,Moderate
p01_daily_merged,2019-12-06,-0.1562186372408258,-0.6250863826615908,Moderate,Moderate
p01_daily_merged,2019-12-07,0.5662339367209805,1.3927202144469943,High,Low
p01_daily_merged,2019-12-08,0.1629873471342488,0.2951516779910478,Moderate,Moderate
p01_daily_merged,2019-12-09,0.3122368466264088,0.7224544120187666,Moderate,Moderate
p01_daily_merged,2019-12-10,0.2936135627133631,0.6995233034584185,Moderate,Moderate
p01_daily_merged,2019-12-11,-0.0182992542328555,-0.1449202695412332,Moderate,Moderate
p01_daily_merged,2019-12-12,-0.0021844671209234,-0.10055178318434665,Moderate,Moderate
p01_daily_merged,2019-12-13,-0.0575746981101229,-0.25305647908128404,Moderate,Moderate
p01_daily_merged,2019-12-14,0.2889204392812146,0.7215896456882056,Moderate,Moderate
p01_daily_merged,2019-12-15,0.1594780585322412,0.3765189842443581,Moderate,Moderate
p01_daily_merged,2019-12-16,0.2420373270177424,0.584067417167078,Moderate,Moderate
p01_daily_merged,2019-12-17,0.407182965443972,1.0614517167162734,High,Low
p01_daily_merged,2019-12-18,0.0839429314753814,0.1682258149597592,Moderate,Moderate
p01_daily_merged,2019-12-19,0.0839429314753814,0.1682258149597592,Moderate,Moderate
p01_daily_merged,2019-12-20,0.0839429314753814,0.1682258149597592,Moderate,Moderate
p01_daily_merged,2019-12-21,0.1823737661788795,0.44712414382808313,Moderate,Moderate
p01_daily_merged,2019-12-22,-0.0408900239518727,-0.21870646644719619,Moderate,Moderate
p01_daily_merged,2019-12-23,-0.0979296800559055,-0.37991272692522043,Moderate,Moderate
p01_daily_merged,2019-12-24,0.0144711652188985,-0.06360376634505968,Moderate,Moderate
p01_daily_merged,2019-12-25,-0.0576267895007839,-0.26829065246818873,Moderate,Moderate
p01_daily_merged,2019-12-26,0.12729345425668,0.2520205554712787,Moderate,Moderate
p01_daily_merged,2019-12-27,-0.2871541392278769,-0.944248564043864,Moderate,Moderate
p01_daily_merged,2019-12-28,-0.0663633897005413,-0.27313715163676633,Moderate,Moderate
p01_daily_merged,2019-12-29,-0.1339756496137392,-0.44775587075798295,Moderate,Moderate
p01_daily_merged,2019-12-30,0.1729617212687125,0.42268387935362983,Moderate,Moderate
p01_daily_merged,2019-12-31,0.2449682446780406,0.6222108860242644,Moderate,Moderate
p01_daily_merged,2020-01-01,0.2449682446780406,0.6222108860242644,Moderate,Moderate
p01_daily_merged,2020-01-02,0.1002374289422704,0.20502450096206531,Moderate,Moderate
p01_daily_merged,2020-01-03,-0.0405818086870406,-0.20861226846455344,Moderate,Moderate
p01_daily_merged,2020-01-04,-0.0812023324495782,-0.33092612525325565,Moderate,Moderate
p01_daily_merged,2020-01-05,-0.3664308632374232,-1.1227558389464738,Low,High
p01_daily_merged,2020-01-06,-0.385962331325426,-1.1797342390977894,Low,High
p01_daily_merged,2020-01-07,0.1170435296633144,0.27476729696098934,Moderate,Moderate
p01_daily_merged,2020-01-08,-0.0048949003790923,-0.07276793404191223,Moderate,Moderate
p01_daily_merged,2020-01-09,0.2621131231990328,0.7294372069609212,Moderate,Moderate
p01_daily_merged,2020-01-10,0.1304546006382595,0.3652128176853411,Moderate,Moderate
p01_daily_merged,2020-01-11,0.0088874063501813,0.053901080143978174,Moderate,Moderate
p01_daily_merged,2020-01-12,0.0309849070469288,0.12460944405472735,Moderate,Moderate
p01_daily_merged,2020-01-13,-0.1160434232798325,-0.2681956324212129,Moderate,Moderate
p01_daily_merged,2020-01-14,-0.0471336915211339,-0.06917683283184259,Moderate,Moderate
p01_daily_merged,2020-01-15,-0.2404743512148124,-0.6006915024465593,Moderate,Moderate
p01_daily_merged,2020-01-16,-0.2093830617013566,-0.499125442304731,Moderate,Moderate
p01_daily_merged,2020-01-17,-0.2485113315661562,-0.6123765061109855,Moderate,Moderate
p01_daily_merged,2020-01-18,0.1703428064431067,0.5499364986499765,Moderate,Moderate
p01_daily_merged,2020-01-19,-0.3519945123376295,-0.9078973948325136,Moderate,Moderate
p01_daily_merged,2020-01-20,0.0412375605151824,0.19319049994400947,Moderate,Moderate
p01_daily_merged,2020-01-21,0.0654405184460234,0.24691356283361862,Moderate,Moderate
p01_daily_merged,2020-01-22,0.0255191083955624,0.13406091877839624,Moderate,Moderate
p01_daily_merged,2020-01-23,-0.0161469366719566,0.005798557158853638,Moderate,Moderate
p01_daily_merged,2020-01-24,-0.2923159123510574,-0.7798834804678951,Moderate,Moderate
p01_daily_merged,2020-01-25,0.0378913397298507,0.17901428762766253,Moderate,Moderate
p01_daily_merged,2020-01-26,-0.0650504891768507,-0.11494801098477433,Moderate,Moderate
p01_daily_merged,2020-01-27,0.0697658224654385,0.2851403696463661,Moderate,Moderate
p01_daily_merged,2020-01-28,0.1111511258910439,0.3939120539377171,Moderate,Moderate
p01_daily_merged,2020-01-29,-0.21402287918215,-0.538866240529798,Moderate,Moderate
p01_daily_merged,2020-01-30,0.0619618663862798,0.23826904242409228,Moderate,Moderate
p01_daily_merged,2020-01-31,-0.0145579251772327,0.012845259287783224,Moderate,Moderate
p01_daily_merged,2020-02-01,-0.0001335487847342,0.04719128421711053,Moderate,Moderate
p01_daily_merged,2020-02-02,0.0322174978892834,0.15133399331365857,Moderate,Moderate
p01_daily_merged,2020-02-03,0.1288536166248006,0.3966041418607758,Moderate,Moderate
p01_daily_merged,2020-02-04,-0.0203243241035423,-0.02063788370773332,Moderate,Moderate
p01_daily_merged,2020-02-05,0.0271411057809334,0.11420999405067614,Moderate,Moderate
p01_daily_merged,2020-02-06,-0.1615041704835553,-0.43335999478907555,Moderate,Moderate
p01_daily_merged,2020-02-07,-0.0708250580817963,-0.1696485978398543,Moderate,Moderate
p01_daily_merged,2020-02-08,-0.2829256447258893,-0.7557357300298153,Moderate,Moderate
p01_daily_merged,2020-02-09,0.0261573580967295,0.12518850093278297,Moderate,Moderate
p01_daily_merged,2020-02-10,-0.0272309211653677,-0.0294639040846786,Moderate,Moderate
p01_daily_merged,2020-02-11,-0.2259846144186946,-0.6120058409835901,Moderate,Moderate
p01_daily_merged,2020-02-12,-0.1899374580085322,-0.5167020811883306,Moderate,Moderate
p01_daily_merged,2020-02-13,-0.0247557486262136,-0.03564558922946975,Moderate,Moderate
p01_daily_merged,2020-02-14,-0.2244274708720704,-0.6067738604820353,Moderate,Moderate
p01_daily_merged,2020-02-15,0.039874740169574,0.1722103257051976,Moderate,Moderate
p01_daily_merged,2020-02-16,-0.1018864122731233,-0.24387080102820125,Moderate,Moderate
p01_daily_merged,2020-02-17,0.0575579685465115,0.22582646109933172,Moderate,Moderate
p01_daily_merged,2020-02-18,0.0508927945575644,0.2142259548413326,Moderate,Moderate
p01_daily_merged,2020-02-19,-0.0597683005970359,-0.10989476323102994,Moderate,Moderate
p01_daily_merged,2020-02-20,-0.0079848210363107,0.042835971468301495,Moderate,Moderate
p01_daily_merged,2020-02-21,0.0411342786928859,0.1846725299436649,Moderate,Moderate
p01_daily_merged,2020-02-22,-0.0894501533390831,-0.21202276971191983,Moderate,Moderate
p01_daily_merged,2020-02-23,-0.08022287767563,-0.188656050481383,Moderate,Moderate
p01_daily_merged,2020-02-24,0.0247614645245308,0.12058816284974586,Moderate,Moderate
p01_daily_merged,2020-02-25,0.0707344593025839,0.2638530300121347,Moderate,Moderate
p01_daily_merged,2020-02-26,0.098733758212428,0.34959099322182074,Moderate,Moderate
p01_daily_merged,2020-02-27,-0.0504620208524207,-0.11057749696334065,Moderate,Moderate
p01_daily_merged,2020-02-28,-0.0569879922974269,-0.13811761377388304,Moderate,Moderate
p01_daily_merged,2020-02-29,0.0096317311419018,0.08175210021337508,Moderate,Moderate
p01_daily_merged,2020-03-01,0.107517441047132,0.38642041568594,Moderate,Moderate
p01_daily_merged,2020-03-02,0.0722172304745471,0.2832238319646747,Moderate,Moderate
p01_daily_merged,2020-03-03,-0.0386444789543792,-0.05093501149780449,Moderate,Moderate
p01_daily_merged,2020-03-04,-0.0154893176367769,0.02293105113942923,Moderate,Moderate
p01_daily_merged,2020-03-05,-0.0665380028620745,-0.12357071927978039,Moderate,Moderate
p01_daily_merged,2020-03-06,-0.2427483329310061,-0.6715426759747178,Moderate,Moderate
p01_daily_merged,2020-03-07,-0.0788733990039626,-0.15758197042379446,Moderate,Moderate
p01_daily_merged,2020-03-08,-0.0607341074154957,-0.10171561763074176,Moderate,Moderate
p01_daily_merged,2020-03-09,0.0496008022196298,0.23540720784390937,Moderate,Moderate
p01_daily_merged,2020-03-10,0.1401111929465952,0.5050873639239576,Moderate,Moderate
p01_daily_merged,2020-03-11,-0.1490809436802651,-0.3626338450878115,Moderate,Moderate
p01_daily_merged,2020-03-12,0.159912592043937,0.561142606991983,Moderate,Moderate
p01_daily_merged,2020-03-13,-0.2157681295724944,-0.5653711641968513,Moderate,Moderate
p01_daily_merged,2020-03-14,-0.033655481102215,-0.023265906378892254,Moderate,Moderate
p01_daily_merged,2020-03-15,-0.1905406240713912,-0.5014999026007424,Moderate,Moderate
p01_daily_merged,2020-03-16,-0.0071094124530972,0.06271720677764805,Moderate,Moderate
p01_daily_merged,2020-03-17,-0.0259177676578103,0.009636774387579468,Moderate,Moderate
p01_daily_merged,2020-03-18,0.0512318670083881,0.2110794878069256,Moderate,Moderate
p01_daily_merged,2020-03-19,-0.0162680147482984,0.008602455035630004,Moderate,Moderate
p01_daily_merged,2020-03-20,0.0045964685461846,0.05565140148126471,Moderate,Moderate
p01_daily_merged,2020-03-21,0.0001566763248489,0.04567900789171842,Moderate,Moderate
p01_daily_merged,2020-03-22,0.0173705579893579,0.07114510961027964,Moderate,Moderate
p01_daily_merged,2020-03-23,0.0592186122887157,0.1867594663768582,Moderate,Moderate
p01_daily_merged,2020-03-24,0.0984417337489154,0.29563977313472195,Moderate,Moderate
p01_daily_merged,2020-03-25,-0.1234935659806254,-0.34869884316859995,Moderate,Moderate
p01_daily_merged,2020-03-26,0.0086577233105051,0.028363538347533634,Moderate,Moderate
p01_daily_merged,2020-03-27,0.0092658437404291,0.030076057110546655,Moderate,Moderate
p01_daily_merged,2020-03-28,0.3947684571991545,1.1231264130728351,High,Low
p01_daily_merged,2020-03-29,0.1259395750798343,0.36273477466037496,Moderate,Moderate
p01_daily_merged,2020-03-30,0.1102560234736544,0.3160269346042632,Moderate,Moderate
p02_daily_merged,2019-11-24,-0.009008103236895,-0.17669715011211845,Moderate,Moderate
p02_daily_merged,2019-11-25,-0.0018034420479289,-0.11857499166814983,Moderate,Moderate
p02_daily_merged,2019-11-26,-0.1514930535707317,-0.3784611905115202,Moderate,Moderate
p02_daily_merged,2019-11-27,0.1293784111637774,0.06728413918795277,Moderate,Moderate
p02_daily_merged,2019-11-28,-0.0190850173966543,-0.1806571507052333,Moderate,Moderate
p02_daily_merged,2019-11-29,0.0082303935516763,-0.1500058360126722,Moderate,Moderate
p02_daily_merged,2019-11-30,0.0792054074477637,-0.025867420656249137,Moderate,Moderate
p02_daily_merged,2019-12-01,0.1500119444494197,0.098984113443326,Moderate,Moderate
p02_daily_merged,2019-12-02,0.1124631887327835,0.07455137125769785,Moderate,Moderate
p02_daily_merged,2019-12-03,-0.0182085779919133,-0.1207438413087547,Moderate,Moderate
p02_daily_merged,2019-12-04,-0.1646771659404237,-0.3513651373620829,Moderate,Moderate
p02_daily_merged,2019-12-05,-0.0397556048228272,-0.09441204357577734,Moderate,Moderate
p02_daily_merged,2019-12-06,-0.0021826732148336,-0.007285772554563664,Moderate,Moderate
p02_daily_merged,2019-12-07,0.0315834585111375,0.05533351964298873,Moderate,Moderate
p02_daily_merged,2019-12-08,0.0982071875876319,0.18928705027758633,Moderate,Moderate
p02_daily_merged,2019-12-09,0.0018284724811199,0.013549373798192559,Moderate,Moderate
p02_daily_merged,2019-12-10,0.0882503443090177,0.18016877427835098,Moderate,Moderate
p02_daily_merged,2019-12-11,0.0366578918394798,0.0775949433757233,Moderate,Moderate
p02_daily_merged,2019-12-12,0.2177146918943659,0.43321174667320933,Moderate,Moderate
p02_daily_merged,2019-12-13,-0.052271178059821,-0.1032027215340689,Moderate,Moderate
p02_daily_merged,2019-12-14,-0.052271178059821,-0.1032027215340689,Moderate,Moderate
p02_daily_merged,2019-12-15,-0.0440839069074399,-0.08212410191779411,Moderate,Moderate
p02_daily_merged,2019-12-16,-0.2022208753837351,-0.4045388111003686,Moderate,Moderate
p02_daily_merged,2019-12-17,-0.2022208753837351,-0.4045388111003686,Moderate,Moderate
p02_daily_merged,2019-12-18,0.1721460080598935,0.369458190629242,Moderate,Moderate
p02_daily_merged,2019-12-19,0.1721460080598935,0.369458190629242,Moderate,Moderate
p02_daily_merged,2019-12-20,-0.0589261036327952,-0.11444575912567104,Moderate,Moderate
p02_daily_merged,2019-12-21,0.1628497061429081,0.362602604556191,Moderate,Moderate
p02_daily_merged,2019-12-22,0.0109435621318331,0.034781820466437935,Moderate,Moderate
p02_daily_merged,2019-12-23,-0.0264643340780688,-0.04623943898878829,Moderate,Moderate
p02_daily_merged,2019-12-24,0.1159848804840263,0.28017241108685165,Moderate,Moderate
p02_daily_merged,2019-12-25,-0.2159592784853481,-0.43725905763151796,Moderate,Moderate
p02_daily_merged,2019-12-26,-0.2159592784853481,-0.43725905763151796,Moderate,Moderate
p02_daily_merged,2019-12-27,-0.1537861173828467,-0.28915204877191686,Moderate,Moderate
p02_daily_merged,2019-12-28,-0.0693187236505677,-0.09750757853329457,Moderate,Moderate
p02_daily_merged,2019-12-29,-0.1608906717311991,-0.30526821693052,Moderate,Moderate
p02_daily_merged,2019-12-30,-0.1191233993059174,-0.19882501641501962,Moderate,Moderate
p02_daily_merged,2019-12-31,-0.0117246869437924,0.050315852712408946,Moderate,Moderate
p02_daily_merged,2020-01-01,-0.0043619256355072,0.06282837636551264,Moderate,Moderate
p02_daily_merged,2020-01-02,-0.2571570099823314,-0.511987599132526,Moderate,Moderate
p02_daily_merged,2020-01-03,-0.06471288757505,-0.073037591480967,Moderate,Moderate
p02_daily_merged,2020-01-04,-0.0125387110850921,0.05084816231112669,Moderate,Moderate
p02_daily_merged,2020-01-05,-0.0404904129544237,-0.01552217429630433,Moderate,Moderate
p02_daily_merged,2020-01-06,-0.1162227944029676,-0.2027034349085574,Moderate,Moderate
p02_daily_merged,2020-01-07,-0.1162227944029676,-0.2027034349085574,Moderate,Moderate
p02_daily_merged,2020-01-08,0.0552474263173555,0.24254875436030415,Moderate,Moderate
p02_daily_merged,2020-01-09,0.0418691696273647,0.21113618392035058,Moderate,Moderate
p02_daily_merged,2020-01-10,0.003131207082074,0.12379103372156262,Moderate,Moderate
p02_daily_merged,2020-01-11,-0.0892109714732097,-0.05825327334825851,Moderate,Moderate
p02_daily_merged,2020-01-12,-0.1888890112757341,-0.29215082522819547,Moderate,Moderate
p02_daily_merged,2020-01-13,-0.1083177195977397,-0.1024920530657172,Moderate,Moderate
p02_daily_merged,2020-01-14,-0.0034333181642077,0.13971117392267787,Moderate,Moderate
p02_daily_merged,2020-01-15,-0.0901657183617867,-0.0799933714916501,Moderate,Moderate
p02_daily_merged,2020-01-16,-0.0901657183617867,-0.0799933714916501,Moderate,Moderate
p02_daily_merged,2020-01-17,-0.0546692843654053,0.004873882491113392,Moderate,Moderate
p02_daily_merged,2020-01-18,-0.0274115943250539,0.05023066213316995,Moderate,Moderate
p02_daily_merged,2020-01-19,-0.1362823808272594,-0.21010597735236616,Moderate,Moderate
p02_daily_merged,2020-01-20,-0.1362823808272594,-0.21010597735236616,Moderate,Moderate
p02_daily_merged,2020-01-21,0.0296897998498166,0.1414591434289827,Moderate,Moderate
p02_daily_merged,2020-01-22,0.0370271619420737,0.15849630986309565,Moderate,Moderate
p02_daily_merged,2020-01-23,0.0370271619420737,0.15849630986309565,Moderate,Moderate
p02_daily_merged,2020-01-24,0.0535675281023265,0.19471563854009333,Moderate,Moderate
p02_daily_merged,2020-01-25,-0.133699689850666,-0.2436433343078343,Moderate,Moderate
p02_daily_merged,2020-01-26,-0.0047551133822603,0.07079430546468099,Moderate,Moderate
p02_daily_merged,2020-01-27,-0.0055809903076284,0.07813480928029108,Moderate,Moderate
p02_daily_merged,2020-01-28,0.1143972142850913,0.3657431076955637,Moderate,Moderate
p02_daily_merged,2020-01-29,0.1143972142850913,0.3657431076955637,Moderate,Moderate
p02_daily_merged,2020-01-30,0.1179937445498849,0.3733887733670795,Moderate,Moderate
p02_daily_merged,2020-01-31,-0.1028647742910858,-0.16049037697550175,Moderate,Moderate
p02_daily_merged,2020-02-01,-0.260374439826137,-0.549715892465288,Moderate,Moderate
p02_daily_merged,2020-02-02,-0.2680791035445167,-0.5684940440954526,Moderate,Moderate
p02_daily_merged,2020-02-03,0.051974200403948,0.2025789423587573,Moderate,Moderate
p02_daily_merged,2020-02-04,0.051974200403948,0.2025789423587573,Moderate,Moderate
p02_daily_merged,2020-02-05,0.051974200403948,0.2025789423587573,Moderate,Moderate
p02_daily_merged,2020-02-06,-0.1101016313144588,-0.1998595364447074,Moderate,Moderate
p02_daily_merged,2020-02-07,-0.1101016313144588,-0.1998595364447074,Moderate,Moderate
p02_daily_merged,2020-02-08,-0.1166220099774336,-0.22127775015539666,Moderate,Moderate
p02_daily_merged,2020-02-09,-0.1124890196834148,-0.17865323946904954,Moderate,Moderate
p02_daily_merged,2020-02-10,-0.0396101600595816,-0.0043299720983769755,Moderate,Moderate
p02_daily_merged,2020-02-11,-0.0077950262107973,0.07083179346952016,Moderate,Moderate
p02_daily_merged,2020-02-12,-0.2134772605448177,-0.44649467521605835,Moderate,Moderate
p02_daily_merged,2020-02-13,-0.0616998019044414,-0.07114845523837317,Moderate,Moderate
p02_daily_merged,2020-02-14,-0.0616998019044414,-0.07114845523837317,Moderate,Moderate
p02_daily_merged,2020-02-15,-0.0425254517960408,-0.02085312916956921,Moderate,Moderate
p02_daily_merged,2020-02-16,-0.1075080093740733,-0.18568162147014292,Moderate,Moderate
p02_daily_merged,2020-02-17,-0.0549779774204898,-0.06181853918728923,Moderate,Moderate
p02_daily_merged,2020-02-18,-0.0219513475113932,0.01913966080192047,Moderate,Moderate
p02_daily_merged,2020-02-19,0.0079268743511984,0.09317560414734483,Moderate,Moderate
p02_daily_merged,2020-02-20,-0.1139782754067558,-0.23582931969543997,Moderate,Moderate
p02_daily_merged,2020-02-21,-0.1139782754067558,-0.23582931969543997,Moderate,Moderate
p02_daily_merged,2020-02-22,0.0662525075935849,0.22230136318789695,Moderate,Moderate
p02_daily_merged,2020-02-23,-0.0362428201921279,-0.037181382363087094,Moderate,Moderate
p02_daily_merged,2020-02-24,-0.035263427243188,-0.042990504313220386,Moderate,Moderate
p02_daily_merged,2020-02-25,0.1157875473045745,0.352136921040342,Moderate,Moderate
p02_daily_merged,2020-02-26,-0.0183760272082388,-0.0042214207661973365,Moderate,Moderate
p02_daily_merged,2020-02-27,0.0279034206308742,0.0763802411862752,Moderate,Moderate
p02_daily_merged,2020-02-28,0.0072801345697379,0.021202334870111667,Moderate,Moderate
p02_daily_merged,2020-02-29,-0.0723431225911011,-0.1843391985981479,Moderate,Moderate
p02_daily_merged,2020-03-01,-0.0163222555453672,-0.0479773201262729,Moderate,Moderate
p02_daily_merged,2020-03-02,0.071735156820243,0.1724480298011535,Moderate,Moderate
p02_daily_merged,2020-03-03,-0.2108690992377346,-0.5659013888782185,Moderate,Moderate
p02_daily_merged,2020-03-04,0.0422928347341769,0.08438695271866968,Moderate,Moderate
p02_daily_merged,2020-03-05,0.0358089674888909,0.06634036062550075,Moderate,Moderate
p02_daily_merged,2020-03-06,0.1092372528774739,0.2586470501122714,Moderate,Moderate
p02_daily_merged,2020-03-07,0.02904563527921,0.04737492763169549,Moderate,Moderate
p02_daily_merged,2020-03-08,0.062881629336267,0.1357849560181246,Moderate,Moderate
p02_daily_merged,2020-03-09,0.0993530034272804,0.23679686931260668,Moderate,Moderate
p02_daily_merged,2020-03-10,0.0333864720040572,0.06108570199083157,Moderate,Moderate
p02_daily_merged,2020-03-11,-0.0109880255132769,-0.05711203540518157,Moderate,Moderate
p02_daily_merged,2020-03-12,0.0279003092030519,0.045224049058793334,Moderate,Moderate
p02_daily_merged,2020-03-13,0.0279003092030519,0.045224049058793334,Moderate,Moderate
p02_daily_merged,2020-03-14,-0.0317172166712738,-0.11198621464583101,Moderate,Moderate
p02_daily_merged,2020-03-15,-0.0964826560106925,-0.28637740775014864,Moderate,Moderate
p02_daily_merged,2020-03-16,-0.1929305303302567,-0.5460785700755774,Moderate,Moderate
p02_daily_merged,2020-03-17,-0.1929305303302567,-0.5460785700755774,Moderate,Moderate
p02_daily_merged,2020-03-18,-0.1567773368953533,-0.4527075276295481,Moderate,Moderate
p02_daily_merged,2020-03-19,-0.0632213187572139,-0.19940813402045005,Moderate,Moderate
p02_daily_merged,2020-03-20,0.1050879372477088,0.25128418032788047,Moderate,Moderate
p02_daily_merged,2020-03-21,0.0005260840483879,-0.005623639071552459,Moderate,Moderate
p02_daily_merged,2020-03-22,-0.0036818485537966,-0.014154779858943197,Moderate,Moderate
p02_daily_merged,2020-03-23,-0.0036818485537966,-0.014154779858943197,Moderate,Moderate
p02_daily_merged,2020-03-24,-0.0184039997772568,-0.059397303339028484,Moderate,Moderate
p02_daily_merged,2020-03-25,0.000365055637702,-0.009356284586494254,Moderate,Moderate
p02_daily_merged,2020-03-26,0.0277779229879122,0.062476453716271176,Moderate,Moderate
p02_daily_merged,2020-03-27,0.0156523745254911,0.028574615641130223,Moderate,Moderate
p02_daily_merged,2020-03-28,-0.1133901689742751,-0.31902937999442293,Moderate,Moderate
p02_daily_merged,2020-03-29,0.042240212683841,0.10019470719001229,Moderate,Moderate
p02_daily_merged,2020-03-30,0.0391482500250366,0.09901160803731782,Moderate,Moderate
p03_daily_merged,2019-11-23,-0.0274456123172152,-0.36065705593812253,Moderate,Moderate
p03_daily_merged,2019-11-24,-0.0208230379959912,-0.32570019047795523,Moderate,Moderate
p03_daily_merged,2019-11-25,-0.0208230379959912,-0.32570019047795523,Moderate,Moderate
p03_daily_merged,2019-11-26,-0.2262730333481157,-0.763557655129495,Moderate,Moderate
p03_daily_merged,2019-11-27,-0.5076938583550953,-0.9504083494220568,Moderate,Moderate
p03_daily_merged,2019-11-28,-0.5660731996612953,-0.9854112303976182,Moderate,Moderate
p03_daily_merged,2019-11-29,-0.5660731996612953,-0.9854112303976182,Moderate,Moderate
p03_daily_merged,2019-11-30,-0.5660731996612953,-0.9854112303976182,Moderate,Moderate
p03_daily_merged,2019-12-01,-0.5660731996612953,-0.9854112303976182,Moderate,Moderate
p03_daily_merged,2019-12-02,-0.4286207408357363,-0.7477237596061271,Moderate,Moderate
p03_daily_merged,2019-12-03,-0.4286207408357363,-0.7477237596061271,Moderate,Moderate
p03_daily_merged,2019-12-04,-0.4286207408357363,-0.7477237596061271,Moderate,Moderate
p03_daily_merged,2019-12-05,-0.352715626276151,-0.6009492850059708,Moderate,Moderate
p03_daily_merged,2019-12-06,-0.352715626276151,-0.6009492850059708,Moderate,Moderate
p03_daily_merged,2019-12-07,-0.352715626276151,-0.6009492850059708,Moderate,Moderate
p03_daily_merged,2019-12-08,-0.352715626276151,-0.6009492850059708,Moderate,Moderate
p03_daily_merged,2019-12-10,-0.352715626276151,-0.6205390672714166,Moderate,Moderate
p03_daily_merged,2019-12-11,-0.352715626276151,-0.6205390672714166,Moderate,Moderate
p03_daily_merged,2019-12-12,-0.2816623463159586,-0.48798224701343623,Moderate,Moderate
p03_daily_merged,2019-12-13,-0.2816623463159586,-0.48798224701343623,Moderate,Moderate
p03_daily_merged,2019-12-14,-0.2247228026928532,-0.3637615074914677,Moderate,Moderate
p03_daily_merged,2019-12-15,-0.1553929019645186,-0.20316123119915205,Moderate,Moderate
p03_daily_merged,2019-12-16,-0.1553929019645186,-0.20316123119915205,Moderate,Moderate
p03_daily_merged,2019-12-17,-0.1553929019645186,-0.20316123119915205,Moderate,Moderate
p03_daily_merged,2019-12-18,-0.1553929019645186,-0.20316123119915205,Moderate,Moderate
p03_daily_merged,2019-12-19,-0.1918769888042174,-0.2939059701394773,Moderate,Moderate
p03_daily_merged,2019-12-20,-0.1918769888042174,-0.2939059701394773,Moderate,Moderate
p03_daily_merged,2019-12-21,-0.2127232608546677,-0.356763030080088,Moderate,Moderate
p03_daily_merged,2019-12-22,-0.0782831475951336,-0.021177359627602015,Moderate,Moderate
p03_daily_merged,2019-12-23,-0.0599464906665551,0.022180125261128728,Moderate,Moderate
p03_daily_merged,2019-12-24,-0.0599464906665551,0.022180125261128728,Moderate,Moderate
p03_daily_merged,2019-12-25,0.0146863455747517,0.1508684890416728,Moderate,Moderate
p03_daily_merged,2019-12-26,0.0146863455747517,0.1508684890416728,Moderate,Moderate
p03_daily_merged,2019-12-27,0.0353089525182951,0.20391915465367563,Moderate,Moderate
p03_daily_merged,2019-12-28,0.0980132174685376,0.3641138169613283,Moderate,Moderate
p03_daily_merged,2019-12-29,-0.0315682634744118,0.03162557793043098,Moderate,Moderate
p03_daily_merged,2019-12-30,-0.0096837754864576,0.08785776776894347,Moderate,Moderate
p03_daily_merged,2019-12-31,-0.2128839891859471,-0.45546998444627923,Moderate,Moderate
p03_daily_merged,2020-01-01,0.0032158582431478,0.12180805787541418,Moderate,Moderate
p03_daily_merged,2020-01-02,-0.0489950892488998,-0.019629176878933834,Moderate,Moderate
p03_daily_merged,2020-01-03,-0.0353959919021035,0.017212067016487642,Moderate,Moderate
p03_daily_merged,2020-01-04,-0.0353959919021035,0.017212067016487642,Moderate,Moderate
p03_daily_merged,2020-01-05,0.0088627031156353,0.1371130675064736,Moderate,Moderate
p03_daily_merged,2020-01-06,0.0241459745239542,0.179323921125601,Moderate,Moderate
p03_daily_merged,2020-01-07,-0.0554227247036472,-0.08976127641140676,Moderate,Moderate
p03_daily_merged,2020-01-08,0.1439578795071287,0.3719381013757974,Moderate,Moderate
p03_daily_merged,2020-01-09,0.2069199322443871,0.47235062936202415,Moderate,Moderate
p03_daily_merged,2020-01-10,0.2069199322443871,0.47235062936202415,Moderate,Moderate
p03_daily_merged,2020-01-11,0.2069199322443871,0.47235062936202415,Moderate,Moderate
p03_daily_merged,2020-01-12,0.2069199322443871,0.47235062936202415,Moderate,Moderate
p03_daily_merged,2020-01-13,-0.0080574211350139,-0.05543362913106999,Moderate,Moderate
p03_daily_merged,2020-01-14,-0.0332918448876718,-0.11871286711692529,Moderate,Moderate
p03_daily_merged,2020-01-15,-0.0133483741737551,-0.066639893038843,Moderate,Moderate
p03_daily_merged,2020-01-16,0.3194897765311101,0.805068258099355,Moderate,Moderate
p03_daily_merged,2020-01-17,0.2088091098507554,0.5229264788378686,Moderate,Moderate
p03_daily_merged,2020-01-18,0.0933321251290916,0.22154410734667848,Moderate,Moderate
p03_daily_merged,2020-01-19,0.1267565063365414,0.31578023700956737,Moderate,Moderate
p03_daily_merged,2020-01-20,0.044999241876322,0.0974931324310996,Moderate,Moderate
p03_daily_merged,2020-01-21,0.1706968344359121,0.44649050178743666,Moderate,Moderate
p03_daily_merged,2020-01-22,-0.0145463594079859,-0.06413423514049896,Moderate,Moderate
p03_daily_merged,2020-01-23,-0.0460138226389288,-0.15088464765187107,Moderate,Moderate
p03_daily_merged,2020-01-24,0.1061305030828004,0.27673700301421006,Moderate,Moderate
p03_daily_merged,2020-01-25,0.1784787442710969,0.48606123327425327,Moderate,Moderate
p03_daily_merged,2020-01-26,0.1628805836863624,0.44180094720952623,Moderate,Moderate
p03_daily_merged,2020-01-27,0.0291768514644931,0.06435706803831985,Moderate,Moderate
p03_daily_merged,2020-01-28,-0.0030662945317742,-0.026919492960950274,Moderate,Moderate
p03_daily_merged,2020-01-29,0.0626531981969116,0.16578655971357634,Moderate,Moderate
p03_daily_merged,2020-01-30,0.1206613876151622,0.33917492470693705,Moderate,Moderate
p03_daily_merged,2020-01-31,0.171182334908052,0.44323848953921324,Moderate,Moderate
p03_daily_merged,2020-02-01,0.3190164821483283,0.8764090701760137,Moderate,Moderate
p03_daily_merged,2020-02-02,0.3190164821483283,0.8764090701760137,Moderate,Moderate
p03_daily_merged,2020-02-03,0.0119554805109375,-0.009720670911281296,Moderate,Moderate
p03_daily_merged,2020-02-04,-0.1682883945526443,-0.42271627003537077,Moderate,Moderate
p03_daily_merged,2020-02-05,-0.0149485792232528,-0.02035932233288347,Moderate,Moderate
p03_daily_merged,2020-02-06,-0.0487399548621991,-0.10941430736434399,Moderate,Moderate
p03_daily_merged,2020-02-07,-0.0679768644874727,-0.16029617076074093,Moderate,Moderate
p03_daily_merged,2020-02-08,0.2543638659198423,0.6982424515689823,Moderate,Moderate
p03_daily_merged,2020-02-09,0.2543638659198423,0.6982424515689823,Moderate,Moderate
p03_daily_merged,2020-02-10,0.211211393288418,0.5832021778181944,Moderate,Moderate
p03_daily_merged,2020-02-11,-0.0484011312052734,-0.10928122097083175,Moderate,Moderate
p03_daily_merged,2020-02-12,-0.0484011312052734,-0.10928122097083175,Moderate,Moderate
p03_daily_merged,2020-02-13,-0.0935589810358407,-0.23060364231906516,Moderate,Moderate
p03_daily_merged,2020-02-14,-0.0935589810358407,-0.23060364231906516,Moderate,Moderate
p03_daily_merged,2020-02-15,-0.1074129621462156,-0.26942012945714894,Moderate,Moderate
p03_daily_merged,2020-02-16,0.0346630570032722,0.11652102481357718,Moderate,Moderate
p03_daily_merged,2020-02-17,0.0346630570032722,0.11652102481357718,Moderate,Moderate
p03_daily_merged,2020-02-18,-0.183180883286028,-0.47767275229196227,Moderate,Moderate
p03_daily_merged,2020-02-19,-0.0315118890583784,-0.06401905733960649,Moderate,Moderate
p03_daily_merged,2020-02-20,-0.0315118890583784,-0.06401905733960649,Moderate,Moderate
p03_daily_merged,2020-02-21,-0.0288283182870021,-0.056634130776156304,Moderate,Moderate
p03_daily_merged,2020-02-22,0.2113975392451601,0.5668087435406082,Moderate,Moderate
p03_daily_merged,2020-02-23,-0.0394646427284469,-0.1124656234125681,Moderate,Moderate
p03_daily_merged,2020-02-24,-0.0280845169898204,-0.0814332585468069,Moderate,Moderate
p03_daily_merged,2020-02-25,0.0135387823459516,0.0330771397148223,Moderate,Moderate
p03_daily_merged,2020-02-26,-0.0453357805158883,-0.128595066357647,Moderate,Moderate
p03_daily_merged,2020-02-27,-0.0805563543554863,-0.2261019883529747,Moderate,Moderate
p03_daily_merged,2020-02-28,-0.0847643725232796,-0.23773711351601026,Moderate,Moderate
p03_daily_merged,2020-02-29,-0.0258744056586029,-0.07490698588924499,Moderate,Moderate
p03_daily_merged,2020-03-01,-0.0258744056586029,-0.07490698588924499,Moderate,Moderate
p03_daily_merged,2020-03-02,-0.0458922631962445,-0.13025614757511617,Moderate,Moderate
p03_daily_merged,2020-03-07,-0.0553143020376188,-0.15693912742436836,Moderate,Moderate
p03_daily_merged,2020-03-08,-0.0553143020376188,-0.15693912742436836,Moderate,Moderate
p03_daily_merged,2020-03-09,0.0185318546951739,0.051065797643154054,Moderate,Moderate
p03_daily_merged,2020-03-10,0.0185318546951739,0.051065797643154054,Moderate,Moderate
p03_daily_merged,2020-03-11,-0.0036349014766747,-0.010836536428985898,Moderate,Moderate
p03_daily_merged,2020-03-12,-0.018418192572083,-0.052813724003254875,Moderate,Moderate
p03_daily_merged,2020-03-13,-0.018418192572083,-0.052813724003254875,Moderate,Moderate
p03_daily_merged,2020-03-14,0.0069094287783868,0.01910411251752876,Moderate,Moderate
p03_daily_merged,2020-03-15,0.0069094287783868,0.01910411251752876,Moderate,Moderate
p03_daily_merged,2020-03-20,-0.0710207295482198,-0.20340270597848126,Moderate,Moderate
p03_daily_merged,2020-03-21,-0.0710207295482198,-0.20340270597848126,Moderate,Moderate
p03_daily_merged,2020-03-22,-0.0710207295482198,-0.20340270597848126,Moderate,Moderate
p03_daily_merged,2020-03-23,-0.0710207295482198,-0.20340270597848126,Moderate,Moderate
p03_daily_merged,2020-03-24,-0.0710207295482198,-0.20340270597848126,Moderate,Moderate
p03_daily_merged,2020-03-25,-0.0370194983076202,-0.10780868591356678,Moderate,Moderate
p03_daily_merged,2020-03-26,-0.0370194983076202,-0.10780868591356678,Moderate,Moderate
p04_daily_merged,2019-11-18,-0.3141559226745748,-0.5177416273734241,Moderate,Moderate
p04_daily_merged,2019-11-19,-0.1842707990995969,-0.19812579335572636,Moderate,Moderate
p04_daily_merged,2019-11-20,-0.3354238137805193,-0.537097995122286,Moderate,Moderate
p04_daily_merged,2019-11-21,-0.2514594022159002,-0.2999986482829647,Moderate,Moderate
p04_daily_merged,2019-11-22,-0.1190035241662181,-0.04364108207964582,Moderate,Moderate
p04_daily_merged,2019-11-23,-0.0178706631064476,0.22397419919025977,Moderate,Moderate
p04_daily_merged,2019-11-24,-0.1050358115124768,0.014832288437505746,Moderate,Moderate
p04_daily_merged,2019-11-25,-0.3064244579034147,-0.4950581038088379,Moderate,Moderate
p04_daily_merged,2019-11-26,-0.1125095074339884,-0.04434651589885454,Moderate,Moderate
p04_daily_merged,2019-11-27,0.0167774643504715,0.3070567068928794,Moderate,Moderate
p04_daily_merged,2019-11-28,-0.1580081866658133,-0.1900407400257011,Moderate,Moderate
p04_daily_merged,2019-11-29,0.0383773824339463,0.35100896335242504,Moderate,Moderate
p04_daily_merged,2019-11-30,-0.3274827372560604,-0.6474399473890261,Moderate,Moderate
p04_daily_merged,2019-12-01,-0.0092624795420102,0.15183766324514356,Moderate,Moderate
p04_daily_merged,2019-12-02,-0.4533714383880754,-0.9111648002808543,Moderate,Moderate
p04_daily_merged,2019-12-03,-0.3209854289605516,-0.6127328768164397,Moderate,Moderate
p04_daily_merged,2019-12-04,-0.0853353982616282,-0.01361056399595083,Moderate,Moderate
p04_daily_merged,2019-12-05,-0.468672587373791,-1.0059426176602781,Low,High
p04_daily_merged,2019-12-06,-0.0051640608297994,0.1085994317571028,Moderate,Moderate
p04_daily_merged,2019-12-07,-0.3021183780004863,-0.6176740218178258,Moderate,Moderate
p04_daily_merged,2019-12-08,-0.1497214561769001,-0.25983379979011373,Moderate,Moderate
p04_daily_merged,2019-12-09,-0.0739113988632846,-0.04844361653982689,Moderate,Moderate
p04_daily_merged,2019-12-10,-0.1226480912516153,-0.18200936953045133,Moderate,Moderate
p04_daily_merged,2019-12-11,-0.0898925661033231,-0.08084132075095364,Moderate,Moderate
p04_daily_merged,2019-12-12,0.0554832205444929,0.2548761184777659,Moderate,Moderate
p04_daily_merged,2019-12-13,0.0430497165402936,0.22332380987626593,Moderate,Moderate
p04_daily_merged,2019-12-14,-0.0637432363305211,-0.0665632060439476,Moderate,Moderate
p04_daily_merged,2019-12-15,0.1027135236943986,0.33217741794015126,Moderate,Moderate
p04_daily_merged,2019-12-16,-0.0473806899817733,-0.07094823660443568,Moderate,Moderate
p04_daily_merged,2019-12-17,0.0922071660486373,0.2834309414999841,Moderate,Moderate
p04_daily_merged,2019-12-18,-0.2014893160063425,-0.46733118922270594,Moderate,Moderate
p04_daily_merged,2019-12-19,-0.0251892669595115,-0.02409568219468162,Moderate,Moderate
p04_daily_merged,2019-12-20,0.1386027881687466,0.38637777077437285,Moderate,Moderate
p04_daily_merged,2019-12-21,-0.1005842765853072,-0.2629905424513504,Moderate,Moderate
p04_daily_merged,2019-12-22,0.0572346273915031,0.18846496048924832,Moderate,Moderate
p04_daily_merged,2019-12-23,-0.0910862445454904,-0.1597602023825619,Moderate,Moderate
p04_daily_merged,2019-12-24,-0.0049476068163666,0.06608900477273688,Moderate,Moderate
p04_daily_merged,2019-12-25,0.0017636987118476,0.08295375158137784,Moderate,Moderate
p04_daily_merged,2019-12-26,0.0446910283731835,0.20731715843227477,Moderate,Moderate
p04_daily_merged,2019-12-27,-0.060899133943255,-0.06581688027626749,Moderate,Moderate
p04_daily_merged,2019-12-28,-0.1280769700331717,-0.2476071372388087,Moderate,Moderate
p04_daily_merged,2019-12-29,0.0154620738908069,0.10125486470310284,Moderate,Moderate
p04_daily_merged,2019-12-30,-0.1957828128836891,-0.4481822970838328,Moderate,Moderate
p04_daily_merged,2019-12-31,-0.1210027252825247,-0.2421787011509933,Moderate,Moderate
p04_daily_merged,2020-01-01,-0.3003870669480187,-0.6969004108942762,Moderate,Moderate
p04_daily_merged,2020-01-02,-0.2659797372621867,-0.5966359162429432,Moderate,Moderate
p04_daily_merged,2020-01-03,0.1833487610049093,0.5871348436984133,Moderate,Moderate
p04_daily_merged,2020-01-04,-0.0222398130751667,0.07424075571685747,Moderate,Moderate
p04_daily_merged,2020-01-05,-0.0226870288983258,0.08626426958694164,Moderate,Moderate
p04_daily_merged,2020-01-06,-0.2887209828376477,-0.6045168552721061,Moderate,Moderate
p04_daily_merged,2020-01-07,0.0612501635540099,0.3225194188699629,Moderate,Moderate
p04_daily_merged,2020-01-08,-0.2389147594520748,-0.46921683759420263,Moderate,Moderate
p04_daily_merged,2020-01-09,-0.0082298724903967,0.1372277705099581,Moderate,Moderate
p04_daily_merged,2020-01-10,0.2320361108354401,0.7038835122538698,Moderate,Moderate
p04_daily_merged,2020-01-11,-0.1334489159650752,-0.2092340016001433,Moderate,Moderate
p04_daily_merged,2020-01-12,0.0628865555895754,0.2910060289735745,Moderate,Moderate
p04_daily_merged,2020-01-13,-0.0469089794706325,-0.004188891897585925,Moderate,Moderate
p04_daily_merged,2020-01-14,0.2487345719385217,0.7513967470974221,Moderate,Moderate
p04_daily_merged,2020-01-15,-0.1121017881496761,-0.19586472745814926,Moderate,Moderate
p04_daily_merged,2020-01-16,0.1251518202923177,0.414552112526822,Moderate,Moderate
p04_daily_merged,2020-01-17,0.2581462037687253,0.7561946419809675,Moderate,Moderate
p04_daily_merged,2020-01-18,0.0119112439041992,0.1026263809759133,Moderate,Moderate
p04_daily_merged,2020-01-19,-0.2043797015794551,-0.4692948709106297,Moderate,Moderate
p04_daily_merged,2020-01-20,0.1061025008359964,0.3028942500876269,Moderate,Moderate
p04_daily_merged,2020-01-21,0.0724094741711269,0.19500948197032275,Moderate,Moderate
p04_daily_merged,2020-01-22,0.1633070661160154,0.4042116775937735,Moderate,Moderate
p04_daily_merged,2020-01-23,0.0064889193272223,0.016498182099178086,Moderate,Moderate
p04_daily_merged,2020-01-24,0.019527440349029,0.04926444535293639,Moderate,Moderate
p04_daily_merged,2020-01-25,-0.0290050708492594,-0.06382636285094102,Moderate,Moderate
p04_daily_merged,2020-01-26,-0.3624684761566001,-0.8996384087402854,Moderate,Moderate
p04_daily_merged,2020-01-27,-0.2741807262887052,-0.6890072500633428,Moderate,Moderate
p04_daily_merged,2020-01-28,-0.1780403929866384,-0.45845511954529145,Moderate,Moderate
p04_daily_merged,2020-01-29,0.1319874486061355,0.3348747313644438,Moderate,Moderate
p04_daily_merged,2020-01-30,-0.0950131208884964,-0.24148912240974177,Moderate,Moderate
p04_daily_merged,2020-01-31,-0.0950131208884964,-0.24148912240974177,Moderate,Moderate
p04_daily_merged,2020-02-01,0.098269316405287,0.23903549352878187,Moderate,Moderate
p04_daily_merged,2020-02-02,0.0566591191345479,0.11886209576764145,Moderate,Moderate
p04_daily_merged,2020-02-03,0.1720925043235581,0.42435321021063754,Moderate,Moderate
p04_daily_merged,2020-02-04,-0.0873520449609236,-0.23703632599466978,Moderate,Moderate
p04_daily_merged,2020-02-05,0.1441699750449151,0.353824334632792,Moderate,Moderate
p04_daily_merged,2020-02-06,0.2309840234468807,0.5848097414829793,Moderate,Moderate
p04_daily_merged,2020-02-07,-0.1035383327506236,-0.25839323139538156,Moderate,Moderate
p04_daily_merged,2020-02-08,-0.2870842662564209,-0.7058130145492203,Moderate,Moderate
p04_daily_merged,2020-02-09,-0.2313898610471919,-0.5651088264156323,Moderate,Moderate
p04_daily_merged,2020-02-10,-0.1671920763888452,-0.41334933977118105,Moderate,Moderate
p04_daily_merged,2020-02-11,-0.416543854929509,-1.013510776684601,Low,High
p04_daily_merged,2020-02-12,-0.0787134302890799,-0.17117530060390743,Moderate,Moderate
p04_daily_merged,2020-02-13,0.0230109863952526,0.08195572151921336,Moderate,Moderate
p04_daily_merged,2020-02-14,-0.1405881454115108,-0.3408236473579446,Moderate,Moderate
p04_daily_merged,2020-02-15,-0.1229197001411356,-0.2962342520966152,Moderate,Moderate
p04_daily_merged,2020-02-16,0.2518090969924219,0.6236543742585133,Moderate,Moderate
p04_daily_merged,2020-02-17,-0.0089172248660424,-0.025563293615965557,Moderate,Moderate
p04_daily_merged,2020-02-18,-0.2247465621566141,-0.5719278988321134,Moderate,Moderate
p04_daily_merged,2020-02-19,-0.0748003406429336,-0.18903208431305385,Moderate,Moderate
p04_daily_merged,2020-02-20,0.2063968023463081,0.5278671714693871,Moderate,Moderate
p04_daily_merged,2020-02-21,0.060085106450298,0.15881064174961068,Moderate,Moderate
p04_daily_merged,2020-02-22,0.0173712757659379,0.051215205980687496,Moderate,Moderate
p04_daily_merged,2020-02-23,0.0376616860974859,0.099654931429997,Moderate,Moderate
p04_daily_merged,2020-02-24,0.0541146975497775,0.14555634997154207,Moderate,Moderate
p04_daily_merged,2020-02-25,-0.067763766197659,-0.17851228539720107,Moderate,Moderate
p04_daily_merged,2020-02-26,-0.1500407625574092,-0.4003991567187758,Moderate,Moderate
p04_daily_merged,2020-02-27,0.1123467109757888,0.2720238278531835,Moderate,Moderate
p04_daily_merged,2020-02-28,0.0754045657690986,0.16902327807422074,Moderate,Moderate
p04_daily_merged,2020-02-29,-0.0022166133148666,-0.02850495332345457,Moderate,Moderate
p04_daily_merged,2020-03-01,0.2701955540309667,0.6839478580605866,Moderate,Moderate
p04_daily_merged,2020-03-02,0.0921415809032266,0.22416384116187182,Moderate,Moderate
p04_daily_merged,2020-03-03,0.0531189442655064,0.13215653395139726,Moderate,Moderate
p04_daily_merged,2020-03-04,-0.1405585404544109,-0.3689439392106155,Moderate,Moderate
p04_daily_merged,2020-03-05,0.1109460265462116,0.2912337601596277,Moderate,Moderate
p04_daily_merged,2020-03-06,0.2401608355749372,0.6275010291898501,Moderate,Moderate
p04_daily_merged,2020-03-07,0.0741907955354713,0.1902200464883825,Moderate,Moderate
p04_daily_merged,2020-03-08,0.0818205080789912,0.21791084137335226,Moderate,Moderate
p04_daily_merged,2020-03-09,0.150411266293623,0.3902982392991698,Moderate,Moderate
p04_daily_merged,2020-03-10,0.0085358425818267,0.010514588937918715,Moderate,Moderate
p04_daily_merged,2020-03-11,-0.020564628964005,-0.07495493778895022,Moderate,Moderate
p04_daily_merged,2020-03-12,-0.0954792271959527,-0.282495574252705,Moderate,Moderate
p04_daily_merged,2020-03-13,-0.1857731415796926,-0.5182626639696928,Moderate,Moderate
p04_daily_merged,2020-03-14,-0.1103289808263538,-0.32581461235320813,Moderate,Moderate
p04_daily_merged,2020-03-15,0.1382434494906395,0.33549507148562424,Moderate,Moderate
p04_daily_merged,2020-03-16,-0.1480323949945878,-0.43684852754062614,Moderate,Moderate
p04_daily_merged,2020-03-17,-0.0583781711247791,-0.192858418307663,Moderate,Moderate
p04_daily_merged,2020-03-18,0.0327920032636848,0.05434825216826982,Moderate,Moderate
p04_daily_merged,2020-03-19,0.121016304366769,0.29307544646371664,Moderate,Moderate
p04_daily_merged,2020-03-20,0.0232652119050096,0.025821930213783026,Moderate,Moderate
p04_daily_merged,2020-03-21,-0.0547078758384383,-0.17430434883052096,Moderate,Moderate
p04_daily_merged,2020-03-22,-0.0822400714342242,-0.2439268570661836,Moderate,Moderate
p04_daily_merged,2020-03-23,-0.0281043677673747,-0.09551970702003805,Moderate,Moderate
p04_daily_merged,2020-03-24,-0.0181082328958884,-0.0677888511688405,Moderate,Moderate
p04_daily_merged,2020-03-25,-0.0440118244943116,-0.1292373338857603,Moderate,Moderate
p04_daily_merged,2020-03-26,0.0051914419259686,0.0049994813158821885,Moderate,Moderate
p04_daily_merged,2020-03-27,0.008255147045197,0.01807803986540607,Moderate,Moderate
p04_daily_merged,2020-03-28,0.1656255012727171,0.4494665078385381,Moderate,Moderate
p04_daily_merged,2020-03-29,0.1509136837203506,0.4114583687547919,Moderate,Moderate
p04_daily_merged,2020-03-30,0.039307598219053,0.10738949800762454,Moderate,Moderate
p05_daily_merged,2019-11-19,-0.3700029760396986,-0.4887011989480536,Moderate,Moderate
p05_daily_merged,2019-11-20,-0.4415106361340704,-0.7808125453798735,Moderate,Moderate
p05_daily_merged,2019-11-21,-0.3650073716433755,-0.4759855547558399,Moderate,Moderate
p05_daily_merged,2019-11-22,-0.1470346666787614,0.4001351801612929,Moderate,Moderate
p05_daily_merged,2019-11-23,-0.2580726191407024,-0.07652730192039581,Moderate,Moderate
p05_daily_merged,2019-11-24,-0.0807583254332634,0.6534203655877837,Moderate,Moderate
p05_daily_merged,2019-11-25,-0.3261497263970676,-0.32859014050041047,Moderate,Moderate
p05_daily_merged,2019-11-26,-0.2001228990659189,0.0578311461342711,Moderate,Moderate
p05_daily_merged,2019-11-27,-0.0734819453620751,0.48975409998628683,Moderate,Moderate
p05_daily_merged,2019-11-28,-0.2691548134256862,-0.165844713492136,Moderate,Moderate
p05_daily_merged,2019-11-29,-0.2791748632988876,-0.2354505383516024,Moderate,Moderate
p05_daily_merged,2019-11-30,-0.2791748632988876,-0.2354505383516024,Moderate,Moderate
p05_daily_merged,2019-12-01,-0.2984598541705642,-0.331564095249309,Moderate,Moderate
p05_daily_merged,2019-12-02,-0.1709288497111694,0.0686982003261143,Moderate,Moderate
p05_daily_merged,2019-12-03,-0.1991450659849091,-0.07541167166626504,Moderate,Moderate
p05_daily_merged,2019-12-04,-0.3182727398401559,-0.5348178617646435,Moderate,Moderate
p05_daily_merged,2019-12-05,-0.1128100502797988,0.13402465430730706,Moderate,Moderate
p05_daily_merged,2019-12-06,-0.0799618953017599,0.2318244236455676,Moderate,Moderate
p05_daily_merged,2019-12-07,-0.0779254675172072,0.18932974143387316,Moderate,Moderate
p05_daily_merged,2019-12-08,-0.2110743478790551,-0.1753984123504461,Moderate,Moderate
p05_daily_merged,2019-12-09,0.0621366932593668,0.6702706647707717,Moderate,Moderate
p05_daily_merged,2019-12-10,-0.0775558206733304,0.23863616227464587,Moderate,Moderate
p05_daily_merged,2019-12-11,-0.2819444603272149,-0.3762867987480337,Moderate,Moderate
p05_daily_merged,2019-12-12,-0.1473167187402856,0.05897644131241403,Moderate,Moderate
p05_daily_merged,2019-12-13,-0.1106326871232708,0.23122203779698405,Moderate,Moderate
p05_daily_merged,2019-12-14,-0.2902614271732395,-0.2824169684183722,Moderate,Moderate
p05_daily_merged,2019-12-15,-0.1862547246075165,0.07851501832667405,Moderate,Moderate
p05_daily_merged,2019-12-16,-0.1494463633953081,0.18951956463372446,Moderate,Moderate
p05_daily_merged,2019-12-17,-0.1908196130407558,0.06753064352112062,Moderate,Moderate
p05_daily_merged,2019-12-18,-0.1601951488793663,0.16554026571431418,Moderate,Moderate
p05_daily_merged,2019-12-19,0.0280114707986243,0.7588441767056815,Moderate,Moderate
p05_daily_merged,2019-12-20,-0.1069325604753314,0.32544926520494916,Moderate,Moderate
p05_daily_merged,2019-12-21,-0.0713203406922662,0.4442889691137987,Moderate,Moderate
p05_daily_merged,2019-12-22,-0.0921746128769256,0.38372058596712527,Moderate,Moderate
p05_daily_merged,2019-12-23,-0.1120217450232304,0.3249340778305672,Moderate,Moderate
p05_daily_merged,2019-12-24,-0.2113876193936704,-0.023376977560202142,Moderate,Moderate
p05_daily_merged,2019-12-25,-0.1946235414334618,0.03360562531699854,Moderate,Moderate
p05_daily_merged,2019-12-26,-0.3372643443137965,-0.4359388488161373,Moderate,Moderate
p05_daily_merged,2019-12-27,-0.2334382156089652,-0.0910606706033398,Moderate,Moderate
p05_daily_merged,2019-12-28,-0.3135131655134318,-0.3599329542864995,Moderate,Moderate
p05_daily_merged,2019-12-29,-0.2644144680676451,-0.19409459360156517,Moderate,Moderate
p05_daily_merged,2019-12-30,-0.0646659605880638,0.4923162338122615,Moderate,Moderate
p05_daily_merged,2019-12-31,-0.1951082965647641,0.04651874063403643,Moderate,Moderate
p05_daily_merged,2020-01-01,-0.1804911561002198,0.11322753762579711,Moderate,Moderate
p05_daily_merged,2020-01-02,-0.1301347903765861,0.2537836272996479,Moderate,Moderate
p05_daily_merged,2020-01-03,-0.1194967356174209,0.2901949697489477,Moderate,Moderate
p05_daily_merged,2020-01-04,-0.0442934646291839,0.5245280610107508,Moderate,Moderate
p05_daily_merged,2020-01-05,-0.2927671567573434,-0.3365343228780111,Moderate,Moderate
p05_daily_merged,2020-01-06,-0.2457841523800856,-0.15451419273093656,Moderate,Moderate
p05_daily_merged,2020-01-07,-0.1117376741797718,0.27967540666235824,Moderate,Moderate
p05_daily_merged,2020-01-08,-0.0509335367190152,0.4642668758421096,Moderate,Moderate
p05_daily_merged,2020-01-09,-0.281533511147066,-0.32892557292263264,Moderate,Moderate
p05_daily_merged,2020-01-10,-0.2658176888554595,-0.2927835276470937,Moderate,Moderate
p05_daily_merged,2020-01-11,-0.3853598752162954,-0.7086180791157102,Moderate,Moderate
p05_daily_merged,2020-01-12,-0.1940003419039352,-0.08501524304355251,Moderate,Moderate
p05_daily_merged,2020-01-13,-0.3068887050252,-0.4768431228571073,Moderate,Moderate
p05_daily_merged,2020-01-14,-0.0902902576425855,0.2182915265599032,Moderate,Moderate
p05_daily_merged,2020-01-15,-0.0094942881567299,0.46979442158226475,Moderate,Moderate
p05_daily_merged,2020-01-16,0.0669535902875631,0.6877141149065003,Moderate,Moderate
p05_daily_merged,2020-01-17,0.0708420854826339,0.7003282562787337,Moderate,Moderate
p05_daily_merged,2020-01-18,-0.0778205330456879,0.19472233998559463,Moderate,Moderate
p05_daily_merged,2020-01-19,-0.2339504090890131,-0.3198091965001634,Moderate,Moderate
p05_daily_merged,2020-01-20,-0.2085272982176355,-0.2508719268415351,Moderate,Moderate
p05_daily_merged,2020-01-21,-0.1856878072889274,-0.18985770661842521,Moderate,Moderate
p05_daily_merged,2020-01-22,-0.1971001573829934,-0.23876710675554766,Moderate,Moderate
p05_daily_merged,2020-01-23,-0.108964444881548,0.03345547572863497,Moderate,Moderate
p05_daily_merged,2020-01-24,-0.1254176068204824,-0.031023022177776416,Moderate,Moderate
p05_daily_merged,2020-01-25,0.0634355513160028,0.5681198665680272,Moderate,Moderate
p05_daily_merged,2020-01-26,0.0548157233188908,0.5295503705070039,Moderate,Moderate
p05_daily_merged,2020-01-27,-0.0548958602697981,0.159157708435557,Moderate,Moderate
p05_daily_merged,2020-01-28,-0.044541437902871,0.18256020374632154,Moderate,Moderate
p05_daily_merged,2020-01-29,0.0077002941816158,0.347058504803673,Moderate,Moderate
p05_daily_merged,2020-01-30,0.0012268126109674,0.3166693370234247,Moderate,Moderate
p05_daily_merged,2020-01-31,0.0168143952908883,0.35824406984450075,Moderate,Moderate
p05_daily_merged,2020-02-01,0.0509680042718978,0.46075504166870185,Moderate,Moderate
p05_daily_merged,2020-02-02,0.0799430092458243,0.5469556243675416,Moderate,Moderate
p05_daily_merged,2020-02-03,-0.2851429405879259,-0.6580270053683418,Moderate,Moderate
p05_daily_merged,2020-02-04,-0.1247125540281666,-0.13561581558223917,Moderate,Moderate
p05_daily_merged,2020-02-05,-0.2246408610042855,-0.4707314752298079,Moderate,Moderate
p05_daily_merged,2020-02-06,-0.1872809481826211,-0.3580976380115944,Moderate,Moderate
p05_daily_merged,2020-02-07,-0.0087966950946608,0.2110526963312613,Moderate,Moderate
p05_daily_merged,2020-02-08,-0.037549186091503,0.11736079683519277,Moderate,Moderate
p05_daily_merged,2020-02-09,0.0214961782779123,0.3018952720931081,Moderate,Moderate
p05_daily_merged,2020-02-10,-0.0506587202295592,0.053468874457688526,Moderate,Moderate
p05_daily_merged,2020-02-11,-0.029170358013621,0.12345072476759979,Moderate,Moderate
p05_daily_merged,2020-02-12,0.0266036803035063,0.28757413164338114,Moderate,Moderate
p05_daily_merged,2020-02-13,0.0691403956488962,0.4183574537300575,Moderate,Moderate
p05_daily_merged,2020-02-14,0.0219375554916825,0.2653011188794921,Moderate,Moderate
p05_daily_merged,2020-02-15,-0.0805935574344765,-0.06371372863509986,Moderate,Moderate
p05_daily_merged,2020-02-16,-0.1155315028350908,-0.17460201160132197,Moderate,Moderate
p05_daily_merged,2020-02-17,0.0508076914625641,0.3630709596261111,Moderate,Moderate
p05_daily_merged,2020-02-18,-0.1028682590299464,-0.14860227197968154,Moderate,Moderate
p05_daily_merged,2020-02-19,-0.1028682590299464,-0.14860227197968154,Moderate,Moderate
p05_daily_merged,2020-02-20,0.0390274864591486,0.31093818388563954,Moderate,Moderate
p05_daily_merged,2020-02-21,0.0390274864591486,0.31093818388563954,Moderate,Moderate
p05_daily_merged,2020-02-22,-0.0373144729546126,0.05395693244024432,Moderate,Moderate
p05_daily_merged,2020-02-23,0.081700329150711,0.4408898338298805,Moderate,Moderate
p05_daily_merged,2020-02-24,-0.0213478946119029,0.09144246708899256,Moderate,Moderate
p05_daily_merged,2020-02-25,0.0888143334620476,0.45645774613356743,Moderate,Moderate
p05_daily_merged,2020-02-26,0.1281284649534416,0.5811317895358441,Moderate,Moderate
p05_daily_merged,2020-02-27,0.0613200293537651,0.35927915629966356,Moderate,Moderate
p05_daily_merged,2020-02-28,0.338181905150664,1.229184920372341,High,Low
p05_daily_merged,2020-02-29,0.3374551919793399,1.2239690496846034,High,Low
p05_daily_merged,2020-03-01,-0.102262244130892,-0.20220793140614307,Moderate,Moderate
p05_daily_merged,2020-03-02,-0.1090190852948658,-0.22436921191737833,Moderate,Moderate
p05_daily_merged,2020-03-03,-0.1090190852948658,-0.22436921191737833,Moderate,Moderate
p05_daily_merged,2020-03-04,0.0413649699591973,0.2547446643841677,Moderate,Moderate
p05_daily_merged,2020-03-05,0.0195238512509379,0.1781352109152687,Moderate,Moderate
p05_daily_merged,2020-03-06,0.1086020939954032,0.4651388998157388,Moderate,Moderate
p05_daily_merged,2020-03-07,0.2063664243352758,0.7822970510375173,Moderate,Moderate
p05_daily_merged,2020-03-08,-0.0094682785718499,0.06699115681191382,Moderate,Moderate
p05_daily_merged,2020-03-09,0.0977259813721222,0.41612638771248733,Moderate,Moderate
p05_daily_merged,2020-03-10,-0.1543007626403638,-0.4236245803925287,Moderate,Moderate
p05_daily_merged,2020-03-11,0.0092271080984085,0.11345464585193515,Moderate,Moderate
p05_daily_merged,2020-03-12,0.1021892581493369,0.4182693511359598,Moderate,Moderate
p05_daily_merged,2020-03-13,-0.0511958306501126,-0.09821023410427072,Moderate,Moderate
p05_daily_merged,2020-03-14,-0.0719372468873312,-0.1730157562480734,Moderate,Moderate
p05_daily_merged,2020-03-15,-0.2000055463275172,-0.6019426490266953,Moderate,Moderate
p05_daily_merged,2020-03-16,-0.1186647425984039,-0.3294423375308041,Moderate,Moderate
p05_daily_merged,2020-03-17,-0.0544183890374318,-0.11869970422111535,Moderate,Moderate
p05_daily_merged,2020-03-18,0.0075816404202248,0.08559900433525312,Moderate,Moderate
p05_daily_merged,2020-03-19,0.0920986098315042,0.3676054761368003,Moderate,Moderate
p05_daily_merged,2020-03-20,0.1422187880787198,0.5343171088099097,Moderate,Moderate
p05_daily_merged,2020-03-21,0.1016239716591525,0.39263332737804063,Moderate,Moderate
p05_daily_merged,2020-03-22,0.2107220283193713,0.7510876841764842,Moderate,Moderate
p05_daily_merged,2020-03-23,0.175009878491166,0.6211420289056093,Moderate,Moderate
p05_daily_merged,2020-03-24,0.1512845958855337,0.5378997963367783,Moderate,Moderate
p05_daily_merged,2020-03-25,0.0626435846516321,0.22579099336322325,Moderate,Moderate
p05_daily_merged,2020-03-26,-0.0617115839304901,-0.2008828384919237,Moderate,Moderate
p05_daily_merged,2020-03-27,-0.0829039321162954,-0.2729657722103775,Moderate,Moderate
p05_daily_merged,2020-03-28,0.0518898666411308,0.17755466187617389,Moderate,Moderate
p05_daily_merged,2020-03-29,0.1024059301013179,0.34635842487376617,Moderate,Moderate
p05_daily_merged,2020-03-30,-0.1168029119268847,-0.4059128336921642,Moderate,Moderate
p06_daily_merged,2019-11-19,-0.0961231413631716,0.12317457421673796,Moderate,Moderate
p06_daily_merged,2019-11-20,-0.1883974944201674,-0.035546026619158254,Moderate,Moderate
p06_daily_merged,2019-11-21,-0.1967999898138218,-0.0737482110362632,Moderate,Moderate
p06_daily_merged,2019-11-22,-0.1968054601210871,-0.06099492299955475,Moderate,Moderate
p06_daily_merged,2019-11-23,0.0191955607599094,0.33541638444746324,Moderate,Moderate
p06_daily_merged,2019-11-24,-0.0365873430961081,0.2227936052840563,Moderate,Moderate
p06_daily_merged,2019-11-25,-0.186863216776357,-0.13237085548160826,Moderate,Moderate
p06_daily_merged,2019-11-26,-0.0863879504100729,0.025259855140716506,Moderate,Moderate
p06_daily_merged,2019-11-27,0.2015634382905631,0.5625430001495557,Moderate,Moderate
p06_daily_merged,2019-11-28,0.3012800479015192,0.7672761805829285,Moderate,Moderate
p06_daily_merged,2019-11-29,0.0034073820687727,0.07269362517580288,Moderate,Moderate
p06_daily_merged,2019-11-30,-0.1687884751919005,-0.3388533401830275,Moderate,Moderate
p06_daily_merged,2019-12-01,-0.1675290527791244,-0.33929273958026046,Moderate,Moderate
p06_daily_merged,2019-12-02,-0.2428649152593262,-0.5388536699176911,Moderate,Moderate
p06_daily_merged,2019-12-03,-0.0881997813557644,-0.2176404075548692,Moderate,Moderate
p06_daily_merged,2019-12-04,-0.1593336179249422,-0.38722643753908154,Moderate,Moderate
p06_daily_merged,2019-12-05,0.0014583545230004,0.0008472337902586008,Moderate,Moderate
p06_daily_merged,2019-12-06,0.0484995806831785,0.09104881781201596,Moderate,Moderate
p06_daily_merged,2019-12-07,0.0577049375762483,0.10681792382905711,Moderate,Moderate
p06_daily_merged,2019-12-08,-0.0959230782761317,-0.2803302721463918,Moderate,Moderate
p06_daily_merged,2019-12-09,0.1893824197977941,0.32082705817725077,Moderate,Moderate
p06_daily_merged,2019-12-10,-0.2743160850593713,-0.7175672504203544,Moderate,Moderate
p06_daily_merged,2019-12-11,-0.0733780546012251,-0.28153719150148426,Moderate,Moderate
p06_daily_merged,2019-12-12,0.2015720504790258,0.3249196283914681,Moderate,Moderate
p06_daily_merged,2019-12-13,0.2661705902301298,0.4344841709152452,Moderate,Moderate
p06_daily_merged,2019-12-14,0.3299914259005468,0.5646927377442971,Moderate,Moderate
p06_daily_merged,2019-12-15,-0.1602753011393108,-0.5764441858742794,Moderate,Moderate
p06_daily_merged,2019-12-16,-0.2436379581047822,-0.7493744652782631,Moderate,Moderate
p06_daily_merged,2019-12-17,-0.0627000907483334,-0.36397222168139004,Moderate,Moderate
p06_daily_merged,2019-12-18,-0.0281747931898302,-0.26988469809181503,Moderate,Moderate
p06_daily_merged,2019-12-19,0.1196413195386524,0.06715031922401853,Moderate,Moderate
p06_daily_merged,2019-12-20,-0.1368839842854066,-0.49415685805637916,Moderate,Moderate
p06_daily_merged,2019-12-21,0.2580000528759706,0.4123053050755281,Moderate,Moderate
p06_daily_merged,2019-12-22,0.1680081197082996,0.19149095100733868,Moderate,Moderate
p06_daily_merged,2019-12-23,-0.0107974241859174,-0.22978346207829836,Moderate,Moderate
p06_daily_merged,2019-12-24,0.0282252802688785,-0.14148723568432933,Moderate,Moderate
p06_daily_merged,2019-12-25,-0.0394075449423606,-0.29784414280122407,Moderate,Moderate
p06_daily_merged,2019-12-26,-0.0375172854056752,-0.2933350857274724,Moderate,Moderate
p06_daily_merged,2019-12-27,-0.0287179217385018,-0.26864979657061505,Moderate,Moderate
p06_daily_merged,2019-12-28,0.4026429361704673,0.7640222442796395,Moderate,Moderate
p06_daily_merged,2019-12-29,0.034873876210568,-0.11083713057491199,Moderate,Moderate
p06_daily_merged,2019-12-30,-0.3140080685041128,-0.8948586448400206,Moderate,Moderate
p06_daily_merged,2019-12-31,0.1139166594815093,0.1175848139074638,Moderate,Moderate
p06_daily_merged,2020-01-01,0.2378267372313067,0.41755182964988363,Moderate,Moderate
p06_daily_merged,2020-01-02,0.3988000131164888,0.8207043534595558,Moderate,Moderate
p06_daily_merged,2020-01-03,0.358870730567226,0.7334640917065682,Moderate,Moderate
p06_daily_merged,2020-01-04,0.192511988944836,0.3458324235145686,Moderate,Moderate
p06_daily_merged,2020-01-05,0.101362487815732,0.14431060599431098,Moderate,Moderate
p06_daily_merged,2020-01-06,-0.2222232347183954,-0.6477249352472999,Moderate,Moderate
p06_daily_merged,2020-01-07,-0.2422966097476582,-0.6974491474566397,Moderate,Moderate
p06_daily_merged,2020-01-08,-0.3298144320782781,-0.8853868776088099,Moderate,Moderate
p06_daily_merged,2020-01-09,0.2143883210677435,0.4511970887461914,Moderate,Moderate
p06_daily_merged,2020-01-10,0.0359315042882676,0.02137883759578028,Moderate,Moderate
p06_daily_merged,2020-01-11,0.1227374239175291,0.23165784366370604,Moderate,Moderate
p06_daily_merged,2020-01-12,-0.1021931566810009,-0.2895989216076173,Moderate,Moderate
p06_daily_merged,2020-01-13,0.0874527633678688,0.17690786154484567,Moderate,Moderate
p06_daily_merged,2020-01-14,-0.0219805597292265,-0.08109188348060219,Moderate,Moderate
p06_daily_merged,2020-01-15,0.0386933005042849,0.06629821092817449,Moderate,Moderate
p06_daily_merged,2020-01-16,-0.0861302584813169,-0.2377904218358118,Moderate,Moderate
p06_daily_merged,2020-01-17,0.1015204520233341,0.2390917383686311,Moderate,Moderate
p06_daily_merged,2020-01-18,-0.067448666523712,-0.17253662668343178,Moderate,Moderate
p06_daily_merged,2020-01-19,-0.1369004359073519,-0.34844800627773975,Moderate,Moderate
p06_daily_merged,2020-01-20,-0.0486818712465388,-0.13205961152105095,Moderate,Moderate
p06_daily_merged,2020-01-21,0.015473926777797,0.02599547331404344,Moderate,Moderate
p06_daily_merged,2020-01-22,-0.1803177603121686,-0.4595871179992096,Moderate,Moderate
p06_daily_merged,2020-01-23,-0.2074216939389567,-0.5324533837732995,Moderate,Moderate
p06_daily_merged,2020-01-24,0.207303981534705,0.5165485343344259,Moderate,Moderate
p06_daily_merged,2020-01-25,0.2136878866492849,0.5321923759287047,Moderate,Moderate
p06_daily_merged,2020-01-26,0.0251909167760724,0.056388720620001824,Moderate,Moderate
p06_daily_merged,2020-01-27,-0.0439220911487743,-0.11109663569725252,Moderate,Moderate
p06_daily_merged,2020-01-28,-0.0258714051964064,-0.07197545088778302,Moderate,Moderate
p06_daily_merged,2020-01-29,-0.1107708838134,-0.2765057438012408,Moderate,Moderate
p06_daily_merged,2020-01-30,0.0633800246642367,0.17716031554614423,Moderate,Moderate
p06_daily_merged,2020-01-31,-0.087975136181705,-0.20971574523054398,Moderate,Moderate
p06_daily_merged,2020-02-01,-0.0651587980705571,-0.14817770362052032,Moderate,Moderate
p06_daily_merged,2020-02-02,-0.0202045250329614,-0.020489340379598587,Moderate,Moderate
p06_daily_merged,2020-02-03,0.0709979550557188,0.22092698355180748,Moderate,Moderate
p06_daily_merged,2020-02-04,-0.002548631736041,0.037160095199413,Moderate,Moderate
p06_daily_merged,2020-02-05,0.0531468073879804,0.181008130271421,Moderate,Moderate
p06_daily_merged,2020-02-06,0.1586081173306812,0.45197764642448474,Moderate,Moderate
p06_daily_merged,2020-02-07,0.0904038655561945,0.27226491179149925,Moderate,Moderate
p06_daily_merged,2020-02-08,-0.0059012403890111,0.006780471938765471,Moderate,Moderate
p06_daily_merged,2020-02-09,-0.0012298747723215,0.0400261642279017,Moderate,Moderate
p06_daily_merged,2020-02-10,-0.0635547872174255,-0.1308862298939184,Moderate,Moderate
p06_daily_merged,2020-02-11,-0.0578047921543432,-0.11573586850072992,Moderate,Moderate
p06_daily_merged,2020-02-12,-0.3174723727664447,-0.8070968258468563,Moderate,Moderate
p06_daily_merged,2020-02-13,-0.1288300650308718,-0.30679131520811015,Moderate,Moderate
p06_daily_merged,2020-02-14,0.1086420097495344,0.32899377599299157,Moderate,Moderate
p06_daily_merged,2020-02-15,0.0378569037364581,0.13848174501614868,Moderate,Moderate
p06_daily_merged,2020-02-16,-0.0933057972297593,-0.2079252923382636,Moderate,Moderate
p06_daily_merged,2020-02-17,-0.0393855560500829,-0.069528423872308,Moderate,Moderate
p06_daily_merged,2020-02-18,-0.0036345213312873,0.033143091762366315,Moderate,Moderate
p06_daily_merged,2020-02-19,-0.3071665927080436,-0.7802296159203056,Moderate,Moderate
p06_daily_merged,2020-02-20,-0.0144799844876921,0.017526442862105227,Moderate,Moderate
p06_daily_merged,2020-02-21,-0.0046406676869752,0.031073078371501375,Moderate,Moderate
p06_daily_merged,2020-02-22,0.0818277536460722,0.25926348017598533,Moderate,Moderate
p06_daily_merged,2020-02-23,0.1555401897778048,0.4633701285242056,Moderate,Moderate
p06_daily_merged,2020-02-24,0.0791842310721411,0.24990442403400778,Moderate,Moderate
p06_daily_merged,2020-02-25,-0.0545143354483515,-0.12384119312338498,Moderate,Moderate
p06_daily_merged,2020-02-26,-0.0613127397157453,-0.14343385947215093,Moderate,Moderate
p06_daily_merged,2020-02-27,-0.0808534685171443,-0.1916323180925866,Moderate,Moderate
p06_daily_merged,2020-02-28,-0.2066773637931416,-0.5394697199045063,Moderate,Moderate
p06_daily_merged,2020-02-29,-0.0316969395148706,-0.04600357773880784,Moderate,Moderate
p06_daily_merged,2020-03-01,0.008662537964833,0.07276391569071257,Moderate,Moderate
p06_daily_merged,2020-03-02,-0.0505735431473607,-0.06884184731665004,Moderate,Moderate
p06_daily_merged,2020-03-03,-0.1584804232372802,-0.3570868424134998,Moderate,Moderate
p06_daily_merged,2020-03-04,0.0747861399937508,0.2807420513135093,Moderate,Moderate
p06_daily_merged,2020-03-05,-0.0158660470644422,0.03399385464364854,Moderate,Moderate
p06_daily_merged,2020-03-06,0.0423174878816857,0.19772617703905535,Moderate,Moderate
p06_daily_merged,2020-03-07,0.0156934086346511,0.11911978706700291,Moderate,Moderate
p06_daily_merged,2020-03-08,0.0567564947614315,0.229190841273526,Moderate,Moderate
p06_daily_merged,2020-03-09,-0.097832022010887,-0.18139326461252187,Moderate,Moderate
p06_daily_merged,2020-03-10,-0.2524995469342481,-0.6108385053167456,Moderate,Moderate
p06_daily_merged,2020-03-11,-0.0692124947216405,-0.10540693044209426,Moderate,Moderate
p06_daily_merged,2020-03-12,-0.2153618403110465,-0.5089727058382926,Moderate,Moderate
p06_daily_merged,2020-03-13,-0.0426002320519259,-0.035169621147634354,Moderate,Moderate
p06_daily_merged,2020-03-14,-0.0199217815699052,0.01531297239004941,Moderate,Moderate
p06_daily_merged,2020-03-15,0.1716765574996527,0.5484270560435959,Moderate,Moderate
p06_daily_merged,2020-03-16,0.1616304077428153,0.5207546478193498,Moderate,Moderate
p06_daily_merged,2020-03-17,0.0559683621161626,0.2170984832482045,Moderate,Moderate
p06_daily_merged,2020-03-18,0.0236597383838548,0.12718471370584553,Moderate,Moderate
p06_daily_merged,2020-03-19,-0.0727303967110407,-0.1402256109157351,Moderate,Moderate
p06_daily_merged,2020-03-20,0.0387857050369617,0.16159401956322722,Moderate,Moderate
p06_daily_merged,2020-03-21,0.0134293204523312,0.08267444272228583,Moderate,Moderate
p06_daily_merged,2020-03-22,-0.0399410531014919,-0.06842163006197699,Moderate,Moderate
p06_daily_merged,2020-03-23,0.0774014207298112,0.25295990743720476,Moderate,Moderate
p06_daily_merged,2020-03-24,0.1292351928784491,0.38773591575742167,Moderate,Moderate
p06_daily_merged,2020-03-25,0.2103103173639998,0.6128679665850127,Moderate,Moderate
p06_daily_merged,2020-03-26,-0.0270581521792289,-0.050765077041235424,Moderate,Moderate
p06_daily_merged,2020-03-27,-0.2255383757224408,-0.6073360842047497,Moderate,Moderate
p06_daily_merged,2020-03-28,0.0990483276473545,0.2945100878314026,Moderate,Moderate
p06_daily_merged,2020-03-29,0.029374929521229,0.09615159351319899,Moderate,Moderate
p06_daily_merged,2020-03-30,-0.0710177806055522,-0.1915051866922499,Moderate,Moderate
p07_daily_merged,2019-11-23,-0.0436579656851282,0.27586149729420606,Moderate,Moderate
p07_daily_merged,2019-11-24,0.0674363866242899,0.5203152820072803,Moderate,Moderate
p07_daily_merged,2019-11-25,-0.3000721967162975,-0.3592754793532716,Moderate,Moderate
p07_daily_merged,2019-11-26,-0.1484447413695543,-0.010589910760743431,Moderate,Moderate
p07_daily_merged,2019-11-27,-0.2216660614204042,-0.17530324096252486,Moderate,Moderate
p07_daily_merged,2019-11-28,-0.0367839492330399,0.2942581356336086,Moderate,Moderate
p07_daily_merged,2019-11-29,-0.0780889059886951,0.18087217717174509,Moderate,Moderate
p07_daily_merged,2019-11-30,-0.049564575118792,0.2559710926144938,Moderate,Moderate
p07_daily_merged,2019-12-01,-0.2680052380103241,-0.30203475941282437,Moderate,Moderate
p07_daily_merged,2019-12-02,-0.1772070480668675,-0.06054963131265828,Moderate,Moderate
p07_daily_merged,2019-12-03,-0.2826057928575419,-0.360524766894792,Moderate,Moderate
p07_daily_merged,2019-12-04,-0.1168842483399852,0.08000091470657321,Moderate,Moderate
p07_daily_merged,2019-12-05,-0.0716337733388314,0.20795305329334654,Moderate,Moderate
p07_daily_merged,2019-12-06,0.1712475470981672,0.8534824845604523,Moderate,Moderate
p07_daily_merged,2019-12-07,-0.1063366355738605,0.054009488804925995,Moderate,Moderate
p07_daily_merged,2019-12-08,-0.2961460955807379,-0.4187769561978035,Moderate,Moderate
p07_daily_merged,2019-12-09,-0.1906298310536356,-0.1469883174018171,Moderate,Moderate
p07_daily_merged,2019-12-10,-0.1010571688105923,0.11557963299195284,Moderate,Moderate
p07_daily_merged,2019-12-11,-0.1119000578155118,0.06666713345728816,Moderate,Moderate
p07_daily_merged,2019-12-12,-0.1398954411026186,-0.05843469562056004,Moderate,Moderate
p07_daily_merged,2019-12-13,-0.1042348013383126,0.01826526671261828,Moderate,Moderate
p07_daily_merged,2019-12-14,-0.2029251708611622,-0.2776746013437828,Moderate,Moderate
p07_daily_merged,2019-12-15,-0.1520935316377649,-0.15492140772699434,Moderate,Moderate
p07_daily_merged,2019-12-16,-0.0737889957764678,0.024392832113486498,Moderate,Moderate
p07_daily_merged,2019-12-17,-0.0010778799906223,0.21051905395820672,Moderate,Moderate
p07_daily_merged,2019-12-18,0.044647163535126,0.3345652805437468,Moderate,Moderate
p07_daily_merged,2019-12-19,-0.1570746461967773,-0.24047885317754186,Moderate,Moderate
p07_daily_merged,2019-12-20,0.0165699845268552,0.24942638079618734,Moderate,Moderate
p07_daily_merged,2019-12-21,-0.0662371368595032,0.04087480811697881,Moderate,Moderate
p07_daily_merged,2019-12-22,-0.1152325233820166,-0.12219133410341518,Moderate,Moderate
p07_daily_merged,2019-12-23,0.0852286898395725,0.42376027390464815,Moderate,Moderate
p07_daily_merged,2019-12-24,0.021487946085488,0.2041456088776605,Moderate,Moderate
p07_daily_merged,2019-12-25,-0.0652974200592967,-0.03883039823778032,Moderate,Moderate
p07_daily_merged,2019-12-26,-0.0788004054658201,-0.07663517597809161,Moderate,Moderate
p07_daily_merged,2019-12-27,-0.0603801703660555,-0.025063403299254366,Moderate,Moderate
p07_daily_merged,2019-12-28,-0.1645393950411732,-0.31668160622966945,Moderate,Moderate
p07_daily_merged,2019-12-29,-0.1026523125431994,-0.14890254866710023,Moderate,Moderate
p07_daily_merged,2019-12-30,0.1033349719006384,0.4519490188763119,Moderate,Moderate
p07_daily_merged,2019-12-31,0.0444577083191072,0.3083100971655579,Moderate,Moderate
p07_daily_merged,2020-01-01,0.0738399888838086,0.4070817155236217,Moderate,Moderate
p07_daily_merged,2020-01-02,-0.0017941905120215,0.16821777678108016,Moderate,Moderate
p07_daily_merged,2020-01-03,0.03120480611276,0.24300713912875227,Moderate,Moderate
p07_daily_merged,2020-01-04,0.03120480611276,0.24300713912875227,Moderate,Moderate
p07_daily_merged,2020-01-05,-0.0586500334201742,-0.01024720408632511,Moderate,Moderate
p07_daily_merged,2020-01-06,-0.1056612592859241,-0.09122111359837524,Moderate,Moderate
p07_daily_merged,2020-01-07,-0.2610633971644401,-0.49355072885403495,Moderate,Moderate
p07_daily_merged,2020-01-08,-0.0213245446940361,0.1340211568435973,Moderate,Moderate
p07_daily_merged,2020-01-09,0.0016659575043797,0.20537339984778868,Moderate,Moderate
p07_daily_merged,2020-01-10,-0.0292431306422677,0.14112574873952904,Moderate,Moderate
p07_daily_merged,2020-01-11,-0.0296745343118073,0.1422551416534943,Moderate,Moderate
p07_daily_merged,2020-01-12,-0.0277615767100808,0.1358960659642527,Moderate,Moderate
p07_daily_merged,2020-01-13,0.0109716414175297,0.2507093661012333,Moderate,Moderate
p07_daily_merged,2020-01-14,-0.0062359417139655,0.19386724776696299,Moderate,Moderate
p07_daily_merged,2020-01-15,0.0292097185077105,0.2869097672303365,Moderate,Moderate
p07_daily_merged,2020-01-16,0.0279967874070957,0.2784521462767275,Moderate,Moderate
p07_daily_merged,2020-01-17,-0.0358953949628953,0.0812149345849787,Moderate,Moderate
p07_daily_merged,2020-01-18,0.1316744484902844,0.521156088271576,Moderate,Moderate
p07_daily_merged,2020-01-19,0.0449522281447263,0.2906852774720701,Moderate,Moderate
p07_daily_merged,2020-01-20,0.0424468191062914,0.29266160456089324,Moderate,Moderate
p07_daily_merged,2020-01-21,-0.2952006986573861,-0.6664210611089102,Moderate,Moderate
p07_daily_merged,2020-01-22,-0.3390492988969436,-0.788628349115734,Moderate,Moderate
p07_daily_merged,2020-01-23,-0.1153629947339578,-0.17536705076782816,Moderate,Moderate
p07_daily_merged,2020-01-24,0.0089464115486854,0.14629023819938447,Moderate,Moderate
p07_daily_merged,2020-01-25,0.0629724863555838,0.25902883550839,Moderate,Moderate
p07_daily_merged,2020-01-26,0.0936858628285376,0.33658457482240106,Moderate,Moderate
p07_daily_merged,2020-01-27,0.1539037768952117,0.45462436570564896,Moderate,Moderate
p07_daily_merged,2020-01-28,0.0907222845325689,0.27270164549401565,Moderate,Moderate
p07_daily_merged,2020-01-29,0.0339654287995019,0.11535151548763439,Moderate,Moderate
p07_daily_merged,2020-01-30,-0.0841507062291106,-0.17907622538595944,Moderate,Moderate
p07_daily_merged,2020-01-31,-0.1535476674520584,-0.35083179904514666,Moderate,Moderate
p07_daily_merged,2020-02-01,0.0136819173178759,0.06785539186039685,Moderate,Moderate
p07_daily_merged,2020-02-02,0.0463506568313169,0.13264123697426305,Moderate,Moderate
p07_daily_merged,2020-02-03,-0.0181745576715272,-0.0390010613678815,Moderate,Moderate
p07_daily_merged,2020-02-04,-0.0454389256682746,-0.1108844558902417,Moderate,Moderate
p07_daily_merged,2020-02-05,-0.1188465491255524,-0.28542955412350485,Moderate,Moderate
p07_daily_merged,2020-02-06,-0.087496625689957,-0.21434737180950378,Moderate,Moderate
p07_daily_merged,2020-02-07,0.190293524411265,0.5171788724912942,Moderate,Moderate
p07_daily_merged,2020-02-08,0.1538677057263858,0.4130210356972888,Moderate,Moderate
p07_daily_merged,2020-02-09,0.0689929714898187,0.19055000953327852,Moderate,Moderate
p07_daily_merged,2020-02-10,0.1144389082893406,0.27112789568939166,Moderate,Moderate
p07_daily_merged,2020-02-11,0.3090240766656353,0.7696678982197527,Moderate,Moderate
p07_daily_merged,2020-02-12,-0.0169760946076872,-0.06832691472876046,Moderate,Moderate
p07_daily_merged,2020-02-13,-0.2182466219363848,-0.5859922116095174,Moderate,Moderate
p07_daily_merged,2020-02-14,-0.2311605414842411,-0.6144111279336797,Moderate,Moderate
p07_daily_merged,2020-02-15,-0.0828200440885843,-0.23916350249128301,Moderate,Moderate
p07_daily_merged,2020-02-16,-0.0747606215797548,-0.21697879928747324,Moderate,Moderate
p07_daily_merged,2020-02-17,0.1502769294439123,0.37091898055845407,Moderate,Moderate
p07_daily_merged,2020-02-18,0.1338120301113735,0.32774829644741477,Moderate,Moderate
p07_daily_merged,2020-02-19,0.0406949792946957,0.08302649193608141,Moderate,Moderate
p07_daily_merged,2020-02-20,0.0590523381145107,0.13140426626857796,Moderate,Moderate
p07_daily_merged,2020-02-21,0.0886165236609394,0.21654313509711887,Moderate,Moderate
p07_daily_merged,2020-02-22,-0.1781556639966616,-0.4796754014389938,Moderate,Moderate
p07_daily_merged,2020-02-23,-0.0999776615365957,-0.27290506042623824,Moderate,Moderate
p07_daily_merged,2020-02-24,0.0517207671012119,0.13103842829627577,Moderate,Moderate
p07_daily_merged,2020-02-25,-0.0058597609459978,-0.026892877564473106,Moderate,Moderate
p07_daily_merged,2020-02-26,-0.0521594284506039,-0.1517630313789005,Moderate,Moderate
p07_daily_merged,2020-02-27,-0.1053779444472989,-0.28368885423695783,Moderate,Moderate
p07_daily_merged,2020-02-28,-0.3558704567891996,-0.9464454198919671,Moderate,Moderate
p07_daily_merged,2020-02-29,-0.0902410106067771,-0.22622220169530902,Moderate,Moderate
p07_daily_merged,2020-03-01,-0.0325058679459109,-0.07407319554226509,Moderate,Moderate
p07_daily_merged,2020-03-02,0.03680274452437,0.11879938090202469,Moderate,Moderate
p07_daily_merged,2020-03-03,0.0827365329287429,0.25254720530094243,Moderate,Moderate
p07_daily_merged,2020-03-04,0.0964778048943354,0.29075931072461275,Moderate,Moderate
p07_daily_merged,2020-03-05,0.0518368467168407,0.16623820618067556,Moderate,Moderate
p07_daily_merged,2020-03-06,0.0155586792854051,0.06697898191553028,Moderate,Moderate
p07_daily_merged,2020-03-07,0.0386398713841432,0.12652601255256785,Moderate,Moderate
p07_daily_merged,2020-03-08,0.2278007128319276,0.6548647987703227,Moderate,Moderate
p07_daily_merged,2020-03-09,0.1326819508654466,0.3949695943144727,Moderate,Moderate
p07_daily_merged,2020-03-10,0.1117038715079046,0.3439716320198475,Moderate,Moderate
p07_daily_merged,2020-03-11,0.0415344283002329,0.15146439314866567,Moderate,Moderate
p07_daily_merged,2020-03-12,-0.2214584798254182,-0.5814635262144286,Moderate,Moderate
p07_daily_merged,2020-03-13,-0.0419636758769629,-0.09612377955259534,Moderate,Moderate
p07_daily_merged,2020-03-14,-0.1009844225139351,-0.2660530499875687,Moderate,Moderate
p07_daily_merged,2020-03-15,-0.1470362793254735,-0.4018070346392277,Moderate,Moderate
p07_daily_merged,2020-03-16,-0.0970450895268054,-0.2598903330627691,Moderate,Moderate
p07_daily_merged,2020-03-17,0.0302347479109603,0.09028257395615501,Moderate,Moderate
p07_daily_merged,2020-03-18,0.0807690443729389,0.23527733618776675,Moderate,Moderate
p07_daily_merged,2020-03-19,0.0533691079265956,0.15587269476759208,Moderate,Moderate
p07_daily_merged,2020-03-20,-0.0330889669281694,-0.09302593269438797,Moderate,Moderate
p07_daily_merged,2020-03-21,-0.0275935067498923,-0.0881914953595818,Moderate,Moderate
p07_daily_merged,2020-03-22,0.0478993997828481,0.11951351290862917,Moderate,Moderate
p07_daily_merged,2020-03-23,-0.1740821217025808,-0.48423943463854185,Moderate,Moderate
p07_daily_merged,2020-03-24,-0.1740821217025808,-0.48423943463854185,Moderate,Moderate
p07_daily_merged,2020-03-25,0.0808832516602115,0.2218186914143934,Moderate,Moderate
p07_daily_merged,2020-03-26,0.0040966070280713,0.002889939962940013,Moderate,Moderate
p07_daily_merged,2020-03-27,0.0739419572147822,0.20660163197628367,Moderate,Moderate
p07_daily_merged,2020-03-28,0.0164493957521259,0.047784197461521856,Moderate,Moderate
p07_daily_merged,2020-03-29,0.0262354606858005,0.07104185290059394,Moderate,Moderate
p08_daily_merged,2019-11-30,-0.1892130825708438,-0.021462850894502162,Moderate,Moderate
p08_daily_merged,2019-12-01,-0.3482903861610227,-0.33130495658821046,Moderate,Moderate
p08_daily_merged,2019-12-02,-0.0648803698938263,0.3168759290065854,Moderate,Moderate
p08_daily_merged,2019-12-03,-0.2396672823711448,-0.2110619182709973,Moderate,Moderate
p08_daily_merged,2019-12-04,-0.2204061733785991,-0.15737102638196332,Moderate,Moderate
p08_daily_merged,2019-12-05,-0.0497534185632143,0.2123462188766718,Moderate,Moderate
p08_daily_merged,2019-12-06,-0.0497534185632143,0.2123462188766718,Moderate,Moderate
p08_daily_merged,2019-12-07,-0.2498618599841871,-0.26721488863522663,Moderate,Moderate
p08_daily_merged,2019-12-08,-0.2576394469117657,-0.2858539234219357,Moderate,Moderate
p08_daily_merged,2019-12-09,0.0853244926469111,0.5498332787647666,Moderate,Moderate
p08_daily_merged,2019-12-10,0.0133935234501759,0.34008668818021787,Moderate,Moderate
p08_daily_merged,2019-12-11,-0.06137997429603,0.13592723741503582,Moderate,Moderate
p08_daily_merged,2019-12-12,-0.2138879186217376,-0.2779028786593754,Moderate,Moderate
p08_daily_merged,2019-12-13,-0.0927485960257543,-0.03108590680006646,Moderate,Moderate
p08_daily_merged,2019-12-14,-0.0623557277225494,0.01263179410961469,Moderate,Moderate
p08_daily_merged,2019-12-15,-0.3292121566479041,-0.5966987516390864,Moderate,Moderate
p08_daily_merged,2019-12-16,-0.157429010120368,-0.11890928117824776,Moderate,Moderate
p08_daily_merged,2019-12-17,-0.0583839490868285,0.10956614648952182,Moderate,Moderate
p08_daily_merged,2019-12-18,-0.4382093646713498,-0.7882231437154871,Moderate,Moderate
p08_daily_merged,2019-12-19,-0.0582963740971241,0.11322436067166447,Moderate,Moderate
p08_daily_merged,2019-12-20,0.066213165464147,0.33968669764655657,Moderate,Moderate
p08_daily_merged,2019-12-21,-0.0550164307177726,0.05332006074219041,Moderate,Moderate
p08_daily_merged,2019-12-22,0.0627361180639936,0.32588717764328373,Moderate,Moderate
p08_daily_merged,2019-12-23,0.3445973350423149,0.9914452985624155,Moderate,Moderate
p08_daily_merged,2019-12-24,0.23286693676384,0.6472083796479362,Moderate,Moderate
p08_daily_merged,2019-12-25,-0.0681180004047929,-0.04213409498048931,Moderate,Moderate
p08_daily_merged,2019-12-26,-0.0534951874663,0.05693410978019712,Moderate,Moderate
p08_daily_merged,2019-12-27,-0.0810461641093292,0.01035671918723472,Moderate,Moderate
p08_daily_merged,2019-12-28,-0.0866310794755363,-0.010657028309279306,Moderate,Moderate
p08_daily_merged,2019-12-29,-0.2820544850261228,-0.44917429000409653,Moderate,Moderate
p08_daily_merged,2019-12-30,-0.5882864608931482,-1.1392400332575694,Low,High
p08_daily_merged,2019-12-31,0.1968824089212503,0.635316964993184,Moderate,Moderate
p08_daily_merged,2020-01-01,0.244111715937938,0.7340206987027527,Moderate,Moderate
p08_daily_merged,2020-01-02,-0.0720833632230314,0.01025639924603127,Moderate,Moderate
p08_daily_merged,2020-01-03,0.2089698358108023,0.6436506098657885,Moderate,Moderate
p08_daily_merged,2020-01-04,0.0963647644184343,0.38884930297522413,Moderate,Moderate
p08_daily_merged,2020-01-05,-0.1287358650697118,-0.14285222879917878,Moderate,Moderate
p08_daily_merged,2020-01-06,-0.0358339741888981,0.0706670323970004,Moderate,Moderate
p08_daily_merged,2020-01-07,-0.06596555017498,-0.014700379118869279,Moderate,Moderate
p08_daily_merged,2020-01-08,0.0500510217671739,0.25421590274423017,Moderate,Moderate
p08_daily_merged,2020-01-09,-0.0108805257658482,0.09479962407039365,Moderate,Moderate
p08_daily_merged,2020-01-10,0.1804364980466021,0.5373279448894769,Moderate,Moderate
p08_daily_merged,2020-01-11,-0.0364658549704148,0.010529170936524742,Moderate,Moderate
p08_daily_merged,2020-01-12,0.0597653401891391,0.22818726093067565,Moderate,Moderate
p08_daily_merged,2020-01-13,-0.0619759004775448,-0.03683620093587444,Moderate,Moderate
p08_daily_merged,2020-01-14,-0.115974103852443,-0.15052035016351234,Moderate,Moderate
p08_daily_merged,2020-01-15,-0.1191604416615584,-0.1534170197713909,Moderate,Moderate
p08_daily_merged,2020-01-16,-0.327513696407151,-0.6567569911119008,Moderate,Moderate
p08_daily_merged,2020-01-17,-0.165663866210242,-0.26576003264225234,Moderate,Moderate
p08_daily_merged,2020-01-18,-0.165663866210242,-0.26576003264225234,Moderate,Moderate
p08_daily_merged,2020-01-19,0.0137504249761593,0.15196624695169125,Moderate,Moderate
p08_daily_merged,2020-01-20,0.0249133742174456,0.16399090523509577,Moderate,Moderate
p08_daily_merged,2020-01-21,0.0752090879604668,0.2858243654919197,Moderate,Moderate
p08_daily_merged,2020-01-22,0.0155476088849901,0.14130381097818637,Moderate,Moderate
p08_daily_merged,2020-01-23,-0.0031224927130073,0.08638438606900226,Moderate,Moderate
p08_daily_merged,2020-01-24,0.0205656120824946,0.13008178918765662,Moderate,Moderate
p08_daily_merged,2020-01-25,0.0205656120824946,0.13008178918765662,Moderate,Moderate
p08_daily_merged,2020-01-26,-0.0021957196460253,0.07455083626235788,Moderate,Moderate
p08_daily_merged,2020-01-27,0.0782284482796621,0.27076214482747757,Moderate,Moderate
p08_daily_merged,2020-01-28,0.0782284482796621,0.27076214482747757,Moderate,Moderate
p08_daily_merged,2020-01-29,0.0782284482796621,0.27076214482747757,Moderate,Moderate
p08_daily_merged,2020-02-02,0.0999572041379615,0.30398843581774015,Moderate,Moderate
p08_daily_merged,2020-02-03,0.1312657256718704,0.3745321681253978,Moderate,Moderate
p08_daily_merged,2020-02-04,0.1824243382196374,0.49583979369080494,Moderate,Moderate
p08_daily_merged,2020-02-05,0.1324817864709687,0.37886175698040453,Moderate,Moderate
p08_daily_merged,2020-02-06,-0.0497904861793881,-0.08618002559085312,Moderate,Moderate
p08_daily_merged,2020-02-07,0.1378612487339299,0.37451466287429197,Moderate,Moderate
p08_daily_merged,2020-02-08,0.1044738206188284,0.2903080316370269,Moderate,Moderate
p08_daily_merged,2020-02-09,0.0408492787166896,0.12984019568622426,Moderate,Moderate
p08_daily_merged,2020-02-10,0.1658243676532282,0.4452509661692614,Moderate,Moderate
p08_daily_merged,2020-02-11,0.0736583328319964,0.19470190600198894,Moderate,Moderate
p08_daily_merged,2020-02-12,0.0232651411094934,0.060402980290335376,Moderate,Moderate
p08_daily_merged,2020-02-13,-0.1194273572446898,-0.2919147492617206,Moderate,Moderate
p08_daily_merged,2020-02-14,-0.3777535551541488,-0.9649681936397437,Moderate,Moderate
p08_daily_merged,2020-02-15,-0.1903517944064105,-0.4940057411369461,Moderate,Moderate
p08_daily_merged,2020-02-16,-0.0171332904257289,-0.060398593888855955,Moderate,Moderate
p08_daily_merged,2020-02-17,0.0829637229213839,0.19694511535463144,Moderate,Moderate
p08_daily_merged,2020-02-18,0.142757548147798,0.35067162785567646,Moderate,Moderate
p08_daily_merged,2020-02-19,0.224895863828195,0.5465651004101639,Moderate,Moderate
p08_daily_merged,2020-02-20,0.1102361075825415,0.2522173585818984,Moderate,Moderate
p08_daily_merged,2020-02-21,0.0499010115785497,0.0793105559466739,Moderate,Moderate
p08_daily_merged,2020-02-22,0.0877978284637473,0.17763558872020815,Moderate,Moderate
p08_daily_merged,2020-02-23,-0.1240064581914145,-0.350911442493574,Moderate,Moderate
p08_daily_merged,2020-02-24,-0.014163004095993,-0.06572129779989257,Moderate,Moderate
p08_daily_merged,2020-02-25,-0.014163004095993,-0.06572129779989257,Moderate,Moderate
p08_daily_merged,2020-02-26,0.083371654880203,0.18569155785046257,Moderate,Moderate
p08_daily_merged,2020-02-27,-0.0122841832228772,-0.054650106012155794,Moderate,Moderate
p08_daily_merged,2020-02-28,-0.0780712485220952,-0.21773945256109145,Moderate,Moderate
p08_daily_merged,2020-02-29,0.1031296623078953,0.26387484543015466,Moderate,Moderate
p08_daily_merged,2020-03-01,0.023110741457172,0.05363493279938853,Moderate,Moderate
p08_daily_merged,2020-03-02,0.0617706048536558,0.15480715109248383,Moderate,Moderate
p08_daily_merged,2020-03-03,-0.0770681280574554,-0.2025330775295666,Moderate,Moderate
p08_daily_merged,2020-03-04,-0.014289336638106,-0.04032626388735391,Moderate,Moderate
p08_daily_merged,2020-03-05,0.0905903901757571,0.23003056190212626,Moderate,Moderate
p08_daily_merged,2020-03-06,0.1089568571430842,0.27003269919679845,Moderate,Moderate
p08_daily_merged,2020-03-07,-0.0109415859918345,-0.05338955430392038,Moderate,Moderate
p08_daily_merged,2020-03-08,0.0850270275938867,0.21190612606061093,Moderate,Moderate
p08_daily_merged,2020-03-09,0.0850270275938867,0.21190612606061093,Moderate,Moderate
p08_daily_merged,2020-03-10,-0.0104134627008328,-0.03416905179139113,Moderate,Moderate
p08_daily_merged,2020-03-11,-0.0739639095995417,-0.20504464529242666,Moderate,Moderate
p08_daily_merged,2020-03-12,-0.116656719149395,-0.31983784543601324,Moderate,Moderate
p08_daily_merged,2020-03-13,0.0409777413356621,0.11201416962290225,Moderate,Moderate
p08_daily_merged,2020-03-14,0.0807318639931639,0.21918272595724234,Moderate,Moderate
p08_daily_merged,2020-03-15,0.0516880887457605,0.1451170691313169,Moderate,Moderate
p08_daily_merged,2020-03-16,0.0353358900284664,0.10554085134327267,Moderate,Moderate
p08_daily_merged,2020-03-17,0.1013216929329068,0.28506139322041846,Moderate,Moderate
p08_daily_merged,2020-03-18,0.2230360679587004,0.6168668943141388,Moderate,Moderate
p08_daily_merged,2020-03-19,0.2230360679587004,0.6168668943141388,Moderate,Moderate
p08_daily_merged,2020-03-20,0.0950158501246195,0.24996065068894607,Moderate,Moderate
p08_daily_merged,2020-03-21,0.2283543554510726,0.6134424932420132,Moderate,Moderate
p08_daily_merged,2020-03-22,0.1271536434166979,0.3295945849555483,Moderate,Moderate
p08_daily_merged,2020-03-23,0.010859319678644,0.02169815911813099,Moderate,Moderate
p08_daily_merged,2020-03-24,0.010859319678644,0.02169815911813099,Moderate,Moderate
p08_daily_merged,2020-03-25,-0.0537596916127403,-0.15816385784075104,Moderate,Moderate
p08_daily_merged,2020-03-26,0.0667338502408722,0.1774757796795661,Moderate,Moderate
p08_daily_merged,2020-03-27,0.0625851677214761,0.1660302200213888,Moderate,Moderate
p09_daily_merged,2019-12-04,0.2243355596566584,-0.005305334644548184,Moderate,Moderate
p09_daily_merged,2019-12-05,0.3830285173664335,0.38002998720967435,Moderate,Moderate
p09_daily_merged,2019-12-06,0.3099802447564728,0.2055126229681975,Moderate,Moderate
p09_daily_merged,2019-12-07,0.1470556842862735,-0.18863391314679534,Moderate,Moderate
p09_daily_merged,2019-12-08,0.0606382134131532,-0.4522818083770705,Moderate,Moderate
p09_daily_merged,2019-12-09,0.115162517460089,-0.271971133070762,Moderate,Moderate
p09_daily_merged,2019-12-10,0.0980085530127611,-0.25636838602183015,Moderate,Moderate
p09_daily_merged,2019-12-11,-0.0759672587430866,-0.5898466728655261,Moderate,Moderate
p09_daily_merged,2019-12-12,0.1742872002422461,0.05075790117727329,Moderate,Moderate
p09_daily_merged,2019-12-13,0.0497276917284493,-0.2542812333312192,Moderate,Moderate
p09_daily_merged,2019-12-14,0.2488869012426259,0.25788807595941105,Moderate,Moderate
p09_daily_merged,2019-12-15,0.3062216117600074,0.4103930455617406,Moderate,Moderate
p09_daily_merged,2019-12-16,0.1019335490196241,-0.12123761763361297,Moderate,Moderate
p09_daily_merged,2019-12-17,0.1559632316638936,0.022673329106440588,Moderate,Moderate
p09_daily_merged,2019-12-18,0.2051437956643,0.1614313831210246,Moderate,Moderate
p09_daily_merged,2019-12-19,0.1109217173923928,-0.036091217937236936,Moderate,Moderate
p09_daily_merged,2019-12-20,0.2630587370121699,0.23920938879009318,Moderate,Moderate
p09_daily_merged,2019-12-21,0.1907107689675547,0.06983586138817376,Moderate,Moderate
p09_daily_merged,2019-12-22,0.2333375301496494,0.17415036078955562,Moderate,Moderate
p09_daily_merged,2019-12-23,0.0770036557526022,-0.18432714686860008,Moderate,Moderate
p09_daily_merged,2019-12-24,0.2112995375028085,0.14363234267968555,Moderate,Moderate
p09_daily_merged,2019-12-25,0.1430454031635676,-0.02298479336326433,Moderate,Moderate
p09_daily_merged,2019-12-26,0.2728808872358606,0.32299544580571493,Moderate,Moderate
p09_daily_merged,2019-12-27,0.1389575524959,0.010132930936057676,Moderate,Moderate
p09_daily_merged,2019-12-28,-0.1854297611904511,-0.7617960079192879,Moderate,Moderate
p09_daily_merged,2019-12-29,-0.0904946764311323,-0.5483631622367772,Moderate,Moderate
p09_daily_merged,2019-12-30,-0.0709207660162127,-0.4698185393497294,Moderate,Moderate
p09_daily_merged,2019-12-31,-0.1351864028784138,-0.6190652886439171,Moderate,Moderate
p09_daily_merged,2020-01-01,-0.1247626448881527,-0.5834877568629194,Moderate,Moderate
p09_daily_merged,2020-01-02,0.3257184754954807,0.5730460478303778,Moderate,Moderate
p09_daily_merged,2020-01-03,0.0178229177146028,-0.2018623560887306,Moderate,Moderate
p09_daily_merged,2020-01-04,0.0813539255481698,-0.017639494896382977,Moderate,Moderate
p09_daily_merged,2020-01-05,0.0127547460716028,-0.19005355340724908,Moderate,Moderate
p09_daily_merged,2020-01-06,0.0578623511651291,-0.0766821497953893,Moderate,Moderate
p09_daily_merged,2020-01-07,0.0222145588613029,-0.16627769007666315,Moderate,Moderate
p09_daily_merged,2020-01-08,0.1019350473204958,0.05501385756905718,Moderate,Moderate
p09_daily_merged,2020-01-09,0.110606735424787,0.0771104090784183,Moderate,Moderate
p09_daily_merged,2020-01-10,0.110606735424787,0.0771104090784183,Moderate,Moderate
p09_daily_merged,2020-01-11,0.0114410041285506,-0.16908845093991917,Moderate,Moderate
p09_daily_merged,2020-01-12,-0.1502023447046201,-0.5838438560879826,Moderate,Moderate
p09_daily_merged,2020-01-13,-0.0518799368012907,-0.3145562533533858,Moderate,Moderate
p09_daily_merged,2020-01-14,0.0726587191853416,0.03183097641533957,Moderate,Moderate
p09_daily_merged,2020-01-15,0.2199772848652851,0.4350665789252444,Moderate,Moderate
p09_daily_merged,2020-01-16,0.1610385057072157,0.28137129501868696,Moderate,Moderate
p09_daily_merged,2020-01-17,0.0821866100012763,0.08288935180318117,Moderate,Moderate
p09_daily_merged,2020-01-18,0.0526551674773335,0.01032016797099661,Moderate,Moderate
p09_daily_merged,2020-01-19,-0.1189298208326801,-0.4562426833481135,Moderate,Moderate
p09_daily_merged,2020-01-20,0.2972194898256282,0.6821882768597252,Moderate,Moderate
p09_daily_merged,2020-01-21,-0.1008080840735031,-0.40782161118880256,Moderate,Moderate
p09_daily_merged,2020-01-22,0.0097026073513529,-0.10704076617381565,Moderate,Moderate
p09_daily_merged,2020-01-23,-0.0585179585272035,-0.28619499487391475,Moderate,Moderate
p09_daily_merged,2020-01-24,-0.09128800685372,-0.38228215142476635,Moderate,Moderate
p09_daily_merged,2020-01-25,0.2104954935612081,0.46015244124255067,Moderate,Moderate
p09_daily_merged,2020-01-26,0.0133962090099683,-0.08357421172221072,Moderate,Moderate
p09_daily_merged,2020-01-27,-0.0151877764859156,-0.14926723066006742,Moderate,Moderate
p09_daily_merged,2020-01-28,-0.1591131518024372,-0.5497402887005034,Moderate,Moderate
p09_daily_merged,2020-01-29,-0.1591131518024372,-0.5497402887005034,Moderate,Moderate
p09_daily_merged,2020-01-30,-0.1619698277160235,-0.557817996431308,Moderate,Moderate
p09_daily_merged,2020-01-31,-0.1501455313413985,-0.5243829085438879,Moderate,Moderate
p09_daily_merged,2020-02-01,0.136934987130539,0.2873831417788964,Moderate,Moderate
p09_daily_merged,2020-02-02,0.0518287676702916,0.03331165253764224,Moderate,Moderate
p09_daily_merged,2020-02-03,-0.0502884469376816,-0.250547344875498,Moderate,Moderate
p09_daily_merged,2020-02-04,0.0094266372410646,-0.08340635216667891,Moderate,Moderate
p09_daily_merged,2020-02-05,0.0094266372410646,-0.08340635216667891,Moderate,Moderate
p09_daily_merged,2020-02-06,0.1365056325020178,0.26982263883137747,Moderate,Moderate
p09_daily_merged,2020-02-07,0.1980015304949734,0.4663211232866435,Moderate,Moderate
p09_daily_merged,2020-02-08,-0.0816131530284951,-0.335985407280644,Moderate,Moderate
p09_daily_merged,2020-02-09,0.2221357603951583,0.5112915076461035,Moderate,Moderate
p09_daily_merged,2020-02-10,-0.0650474234218093,-0.3021928286456497,Moderate,Moderate
p09_daily_merged,2020-02-11,-0.0070118209274199,-0.14297417150654604,Moderate,Moderate
p09_daily_merged,2020-02-12,-0.0710428556933358,-0.31934279876420835,Moderate,Moderate
p09_daily_merged,2020-02-13,-0.0212904541115822,-0.19500318640278377,Moderate,Moderate
p09_daily_merged,2020-02-14,0.0303425836570521,-0.0521501089696742,Moderate,Moderate
p09_daily_merged,2020-02-15,0.084698470378699,0.09871910582733968,Moderate,Moderate
p09_daily_merged,2020-02-16,0.084698470378699,0.09871910582733968,Moderate,Moderate
p09_daily_merged,2020-02-17,-0.1282631356063257,-0.5098338472188579,Moderate,Moderate
p09_daily_merged,2020-02-18,0.2050704287199192,0.442690547879925,Moderate,Moderate
p09_daily_merged,2020-02-19,0.0692640174735442,0.07820817514400984,Moderate,Moderate
p09_daily_merged,2020-02-20,0.0522359366922507,0.030351439140766018,Moderate,Moderate
p09_daily_merged,2020-02-21,-0.0426165063624004,-0.23033881920356172,Moderate,Moderate
p09_daily_merged,2020-02-22,-0.0520641501943129,-0.2436883303632897,Moderate,Moderate
p09_daily_merged,2020-02-23,-0.0520641501943129,-0.2436883303632897,Moderate,Moderate
p09_daily_merged,2020-02-24,0.0562480400224756,0.0658237400356395,Moderate,Moderate
p09_daily_merged,2020-02-25,0.0667218135522948,0.08495499055118375,Moderate,Moderate
p09_daily_merged,2020-02-26,0.2482894275628918,0.6021443135584869,Moderate,Moderate
p09_daily_merged,2020-02-27,0.3277859614729727,0.8316876886485506,Moderate,Moderate
p09_daily_merged,2020-02-28,0.3186207523591864,0.8053058540842716,Moderate,Moderate
p09_daily_merged,2020-02-29,-0.0168927380767235,-0.15689746157927467,Moderate,Moderate
p09_daily_merged,2020-03-01,-0.1563430620106198,-0.5657706924829182,Moderate,Moderate
p09_daily_merged,2020-03-02,0.0544284219990612,0.05948095447103461,Moderate,Moderate
p09_daily_merged,2020-03-03,-0.0162419225237379,-0.14904623309985746,Moderate,Moderate
p09_daily_merged,2020-03-04,0.056312619211088,0.05414677646828212,Moderate,Moderate
p09_daily_merged,2020-03-05,0.0438420837148242,0.02313948144150338,Moderate,Moderate
p09_daily_merged,2020-03-06,0.0800684330637204,0.13602008744417723,Moderate,Moderate
p09_daily_merged,2020-03-07,0.1131909646159971,0.24106322856957124,Moderate,Moderate
p09_daily_merged,2020-03-08,-0.1244202151765182,-0.45196302434795993,Moderate,Moderate
p09_daily_merged,2020-03-09,-0.033932306610094,-0.15591095299667343,Moderate,Moderate
p09_daily_merged,2020-03-10,-0.1041734475666717,-0.3600006822547606,Moderate,Moderate
p09_daily_merged,2020-03-11,-0.0495166763973309,-0.1980842959699011,Moderate,Moderate
p09_daily_merged,2020-03-12,-0.0371720477701432,-0.16204731304864295,Moderate,Moderate
p09_daily_merged,2020-03-13,0.0700455518485536,0.15094702019583195,Moderate,Moderate
p09_daily_merged,2020-03-14,0.3229451898907849,0.8892227684713402,Moderate,Moderate
p09_daily_merged,2020-03-15,0.04929031157642,0.11129183712020099,Moderate,Moderate
p09_daily_merged,2020-03-16,0.0574773357302491,0.1347339370917355,Moderate,Moderate
p09_daily_merged,2020-03-17,0.0574773357302491,0.1347339370917355,Moderate,Moderate
p09_daily_merged,2020-03-18,0.1028863867355619,0.2629625585050822,Moderate,Moderate
p09_daily_merged,2020-03-19,0.1028863867355619,0.2629625585050822,Moderate,Moderate
p09_daily_merged,2020-03-20,0.0502140790795366,0.12158642001257995,Moderate,Moderate
p09_daily_merged,2020-03-21,-0.0407330846159136,-0.13748014682290743,Moderate,Moderate
p09_daily_merged,2020-03-22,0.1950264427442866,0.5543661829442408,Moderate,Moderate
p09_daily_merged,2020-03-23,0.1950264427442866,0.5543661829442408,Moderate,Moderate
p09_daily_merged,2020-03-24,0.1950264427442866,0.5543661829442408,Moderate,Moderate
p09_daily_merged,2020-03-25,0.4098476070855711,1.1795655806287217,High,Low
p09_daily_merged,2020-03-26,-0.0562364227951532,-0.17173683358994443,Moderate,Moderate
p09_daily_merged,2020-03-27,0.0144746650023781,0.02775476410849862,Moderate,Moderate
p09_daily_merged,2020-03-28,-0.1423466342354213,-0.43119437977995967,Moderate,Moderate
p09_daily_merged,2020-03-29,-0.0238626557453951,-0.08444224370666657,Moderate,Moderate
p09_daily_merged,2020-03-30,-0.0238626557453951,-0.08444224370666657,Moderate,Moderate
p10_daily_merged,2019-12-04,0.2648544152126229,0.3815674629115507,Moderate,Moderate
p10_daily_merged,2019-12-05,0.2370196814848748,0.2946794920082104,Moderate,Moderate
p10_daily_merged,2019-12-06,0.1571174696166682,-0.011008069989054245,Moderate,Moderate
p10_daily_merged,2019-12-07,0.0312762611351578,-0.24219602243896882,Moderate,Moderate
p10_daily_merged,2019-12-08,-0.2558751316686443,-0.9431258129111851,Moderate,Moderate
p10_daily_merged,2019-12-09,0.000768854731979,-0.33945857224155734,Moderate,Moderate
p10_daily_merged,2019-12-10,0.1921938267006609,0.14156206050644485,Moderate,Moderate
p10_daily_merged,2019-12-11,0.2066015534424392,0.1990122195890735,Moderate,Moderate
p10_daily_merged,2019-12-12,0.2047737764872552,0.24955235296288603,Moderate,Moderate
p10_daily_merged,2019-12-13,-0.0822521195664261,-0.5077067858991493,Moderate,Moderate
p10_daily_merged,2019-12-14,0.0486828022610439,-0.1093199295549757,Moderate,Moderate
p10_daily_merged,2019-12-15,0.1226260431567842,0.15338950375731622,Moderate,Moderate
p10_daily_merged,2019-12-16,-0.2030347908976926,-0.5732711840972604,Moderate,Moderate
p10_daily_merged,2019-12-17,-0.1269740539165481,-0.350362448834722,Moderate,Moderate
p10_daily_merged,2019-12-18,0.3226597740203808,0.7297093680390249,Moderate,Moderate
p10_daily_merged,2019-12-19,0.1746264257558051,0.37366090446594225,Moderate,Moderate
p10_daily_merged,2019-12-20,0.062421787791604,0.10796610007628893,Moderate,Moderate
p10_daily_merged,2019-12-21,-0.1524062653128159,-0.39481450576182026,Moderate,Moderate
p10_daily_merged,2019-12-22,-0.0410087452188645,-0.09517455049821633,Moderate,Moderate
p10_daily_merged,2019-12-23,-0.102805278495101,-0.23808966602792628,Moderate,Moderate
p10_daily_merged,2019-12-24,-0.0113411831759451,0.010777941732847542,Moderate,Moderate
p10_daily_merged,2019-12-25,0.0374792546609458,0.13313474907475722,Moderate,Moderate
p10_daily_merged,2019-12-26,-0.1298163516272015,-0.27708747808946016,Moderate,Moderate
p10_daily_merged,2019-12-27,-0.0073403237765321,0.02868841990653362,Moderate,Moderate
p10_daily_merged,2019-12-28,0.0570342753551309,0.21426744040167206,Moderate,Moderate
p10_daily_merged,2019-12-29,0.0583813278897798,0.22979444130399032,Moderate,Moderate
p10_daily_merged,2019-12-30,-0.144327504246807,-0.29611576155246416,Moderate,Moderate
p10_daily_merged,2019-12-31,0.001504893815856,0.08270186211783077,Moderate,Moderate
p10_daily_merged,2020-01-01,-0.1273612062988411,-0.2815301318993483,Moderate,Moderate
p10_daily_merged,2020-01-02,-0.0960304554034414,-0.1976753964671824,Moderate,Moderate
p10_daily_merged,2020-01-03,0.0388520788780889,0.14067701487789916,Moderate,Moderate
p10_daily_merged,2020-01-04,0.1420799078641711,0.41922122043075083,Moderate,Moderate
p10_daily_merged,2020-01-05,0.1408412999627643,0.3880874436896904,Moderate,Moderate
p10_daily_merged,2020-01-06,0.1071847430410139,0.2930399452896898,Moderate,Moderate
p10_daily_merged,2020-01-07,0.0826632776652793,0.22954364133834507,Moderate,Moderate
p10_daily_merged,2020-01-08,-0.0400931025614173,-0.11453913141850529,Moderate,Moderate
p10_daily_merged,2020-01-09,-0.0400931025614173,-0.11453913141850529,Moderate,Moderate
p10_daily_merged,2020-01-10,-0.2476219466097884,-0.7000596654402679,Moderate,Moderate
p10_daily_merged,2020-01-11,-0.008008924064494,-0.04383452127517585,Moderate,Moderate
p10_daily_merged,2020-01-12,-0.1183030820321046,-0.3471891240164299,Moderate,Moderate
p10_daily_merged,2020-01-13,-0.0368724649811985,-0.12217377064635504,Moderate,Moderate
p10_daily_merged,2020-01-14,0.1220700803068986,0.31579824893013925,Moderate,Moderate
p10_daily_merged,2020-01-15,0.0203441906205183,0.01940157655207831,Moderate,Moderate
p10_daily_merged,2020-01-16,0.0203441906205183,0.01940157655207831,Moderate,Moderate
p10_daily_merged,2020-01-17,0.2250100785126363,0.5901848825802903,Moderate,Moderate
p10_daily_merged,2020-01-18,-0.0255099277163541,-0.10963637907349928,Moderate,Moderate
p10_daily_merged,2020-01-19,-0.0255099277163541,-0.10963637907349928,Moderate,Moderate
p10_daily_merged,2020-01-20,-0.0470453710448462,-0.1905623581947113,Moderate,Moderate
p10_daily_merged,2020-01-21,0.0891067237164972,0.19254124990877905,Moderate,Moderate
p10_daily_merged,2020-01-22,0.043039352395519,0.06072264756016833,Moderate,Moderate
p10_daily_merged,2020-01-23,-0.0651399268655783,-0.24212082808018845,Moderate,Moderate
p10_daily_merged,2020-01-24,0.0078871289297079,-0.026093569990948747,Moderate,Moderate
p10_daily_merged,2020-01-25,0.1995365154939908,0.5286314608923444,Moderate,Moderate
p10_daily_merged,2020-01-26,-0.0540531413059004,-0.2018232832558294,Moderate,Moderate
p10_daily_merged,2020-01-27,0.1173246683045872,0.2918020942522245,Moderate,Moderate
p10_daily_merged,2020-01-28,0.0497889873434155,0.09284623325519326,Moderate,Moderate
p10_daily_merged,2020-01-29,0.1329461027066605,0.3485377512969674,Moderate,Moderate
p10_daily_merged,2020-01-30,0.0444465002389817,0.08758926722380114,Moderate,Moderate
p10_daily_merged,2020-01-31,0.0223469051731057,0.025096226529812898,Moderate,Moderate
p10_daily_merged,2020-02-01,-0.0782292441577605,-0.2771355647161331,Moderate,Moderate
p10_daily_merged,2020-02-02,-0.0348786869725826,-0.14469111663072906,Moderate,Moderate
p10_daily_merged,2020-02-03,0.0109226111110854,-0.0124168772676243,Moderate,Moderate
p10_daily_merged,2020-02-04,0.1097474129971718,0.279686077031617,Moderate,Moderate
p10_daily_merged,2020-02-05,0.0839057862409013,0.19146948007295084,Moderate,Moderate
p10_daily_merged,2020-02-06,-0.0056539169681793,-0.09363922057149862,Moderate,Moderate
p10_daily_merged,2020-02-07,-0.1539018822330589,-0.5366858748691292,Moderate,Moderate
p10_daily_merged,2020-02-08,-0.2049579557830928,-0.6781987408627564,Moderate,Moderate
p10_daily_merged,2020-02-09,-0.0738119865860829,-0.2665213569422321,Moderate,Moderate
p10_daily_merged,2020-02-10,0.0415402025558625,0.09796717123579604,Moderate,Moderate
p10_daily_merged,2020-02-11,0.0953013285828188,0.2662691334041305,Moderate,Moderate
p10_daily_merged,2020-02-12,0.110176708906769,0.31558500008635204,Moderate,Moderate
p10_daily_merged,2020-02-13,-0.0168190365788488,-0.06771229082336562,Moderate,Moderate
p10_daily_merged,2020-02-14,0.2085570250704429,0.6333968563782578,Moderate,Moderate
p10_daily_merged,2020-02-15,-0.0491307140713132,-0.1810122751103544,Moderate,Moderate
p10_daily_merged,2020-02-16,-0.1735105360179654,-0.5766810218434058,Moderate,Moderate
p10_daily_merged,2020-02-17,0.0851579399834614,0.2478179994434864,Moderate,Moderate
p10_daily_merged,2020-02-18,0.0733731189256777,0.1875094779445192,Moderate,Moderate
p10_daily_merged,2020-02-19,0.0872804324702771,0.23224013366088722,Moderate,Moderate
p10_daily_merged,2020-02-20,0.1364618710954187,0.3994313256096411,Moderate,Moderate
p10_daily_merged,2020-02-21,0.0502234624297962,0.13876781778489206,Moderate,Moderate
p10_daily_merged,2020-02-22,0.0567079028545731,0.1566720109136661,Moderate,Moderate
p10_daily_merged,2020-02-23,0.0657860760009426,0.18562928861051653,Moderate,Moderate
p10_daily_merged,2020-02-24,-0.0678597365940779,-0.240330639328775,Moderate,Moderate
p10_daily_merged,2020-02-25,-0.0932974820057375,-0.3212636614685027,Moderate,Moderate
p10_daily_merged,2020-02-26,-0.0706519342602101,-0.2558462521090553,Moderate,Moderate
p10_daily_merged,2020-02-27,-0.1364156597205534,-0.4494211960593822,Moderate,Moderate
p10_daily_merged,2020-02-28,-0.0163362066520719,-0.06573520091330734,Moderate,Moderate
p10_daily_merged,2020-02-29,-0.1250786877905097,-0.399971854182259,Moderate,Moderate
p11_daily_merged,2019-12-03,0.2964987878692926,0.6611805548603489,Moderate,Moderate
p11_daily_merged,2019-12-04,0.3362477217879795,0.7221285235641846,Moderate,Moderate
p11_daily_merged,2019-12-05,0.3625199427093241,0.7499233103980655,Moderate,Moderate
p11_daily_merged,2019-12-06,0.0809176686232709,-0.07909926982467763,Moderate,Moderate
p11_daily_merged,2019-12-07,-0.0747986365369386,-0.33923579425607336,Moderate,Moderate
p11_daily_merged,2019-12-08,0.3011521770633756,0.6135390911618025,Moderate,Moderate
p11_daily_merged,2019-12-09,0.3760509093497489,0.8166913708766841,Moderate,Moderate
p11_daily_merged,2019-12-10,0.4212991706447498,0.8520599841719767,Moderate,Moderate
p11_daily_merged,2019-12-11,0.5307116150211204,1.0300892439203682,High,Low
p11_daily_merged,2019-12-12,0.2147617698844257,0.17790772572552824,Moderate,Moderate
p11_daily_merged,2019-12-13,-0.3109882517445963,-0.9933873648136975,Moderate,Moderate
p11_daily_merged,2019-12-14,-0.0759657262042978,-0.4405029645708499,Moderate,Moderate
p11_daily_merged,2019-12-15,0.0184952036688386,-0.15507543659948927,Moderate,Moderate
p11_daily_merged,2019-12-16,0.2780969369685573,0.43423482123029516,Moderate,Moderate
p11_daily_merged,2019-12-17,0.2433623631040447,0.36890305625589237,Moderate,Moderate
p11_daily_merged,2019-12-18,0.3000209159949831,0.5221364390810616,Moderate,Moderate
p11_daily_merged,2019-12-19,0.1721952048990531,0.22541021612109843,Moderate,Moderate
p11_daily_merged,2019-12-20,0.0189938189444536,-0.13320554202491502,Moderate,Moderate
p11_daily_merged,2019-12-21,0.3625182651156462,0.7436957965024413,Moderate,Moderate
p11_daily_merged,2019-12-22,0.1351386005449515,0.1937394603727626,Moderate,Moderate
p11_daily_merged,2019-12-23,0.344275669936984,0.7357927158025422,Moderate,Moderate
p11_daily_merged,2019-12-24,0.3485438211102072,0.7733711109514478,Moderate,Moderate
p11_daily_merged,2019-12-25,0.1949061059187698,0.3877576235133863,Moderate,Moderate
p11_daily_merged,2019-12-26,0.3881959843132094,0.8046507696881959,Moderate,Moderate
p11_daily_merged,2019-12-27,-0.0186897967468858,-0.1757206854198699,Moderate,Moderate
p11_daily_merged,2019-12-28,0.0234103733893307,-0.07202367199646295,Moderate,Moderate
p11_daily_merged,2019-12-29,-0.2227884048169409,-0.6698011273374233,Moderate,Moderate
p11_daily_merged,2019-12-30,-0.1310010070035219,-0.4418099268864199,Moderate,Moderate
p11_daily_merged,2019-12-31,0.0336946680392531,-0.03272147295270271,Moderate,Moderate
p11_daily_merged,2020-01-01,0.0336946680392531,-0.03272147295270271,Moderate,Moderate
p11_daily_merged,2020-01-02,0.1063814763628721,0.14782567274959238,Moderate,Moderate
p11_daily_merged,2020-01-03,0.0478884270757762,0.016351410644168732,Moderate,Moderate
p11_daily_merged,2020-01-04,0.0478884270757762,0.016351410644168732,Moderate,Moderate
p11_daily_merged,2020-01-06,0.2971998904038038,0.6535292923246344,Moderate,Moderate
p11_daily_merged,2020-01-07,-0.066735498192815,-0.27430290347516595,Moderate,Moderate
p11_daily_merged,2020-01-08,-0.0156543842608256,-0.13976907428995447,Moderate,Moderate
p11_daily_merged,2020-01-09,-0.171592843712807,-0.5446462274218529,Moderate,Moderate
p11_daily_merged,2020-01-10,-0.1100755645334887,-0.39045422880206204,Moderate,Moderate
p11_daily_merged,2020-01-11,-0.1371388184936755,-0.48050801179846253,Moderate,Moderate
p11_daily_merged,2020-01-12,-0.1236554145551401,-0.4351982970361388,Moderate,Moderate
p11_daily_merged,2020-01-13,0.3192390234613995,0.7478433908209963,Moderate,Moderate
p11_daily_merged,2020-01-14,0.1829186259423972,0.38843275595533505,Moderate,Moderate
p11_daily_merged,2020-01-15,0.1520891314425478,0.31818705906337325,Moderate,Moderate
p11_daily_merged,2020-01-16,-0.0371737187486441,-0.19051226345466102,Moderate,Moderate
p11_daily_merged,2020-01-17,0.0773785512467842,0.12395613404499436,Moderate,Moderate
p11_daily_merged,2020-01-18,-0.0812243281344641,-0.3233024382473577,Moderate,Moderate
p11_daily_merged,2020-01-19,-0.0763803261039788,-0.3004616541181529,Moderate,Moderate
p11_daily_merged,2020-01-20,-0.0501917422203281,-0.2421321874967585,Moderate,Moderate
p11_daily_merged,2020-01-21,0.1628941267211513,0.36551512725635327,Moderate,Moderate
p11_daily_merged,2020-01-22,0.0981720237824959,0.15875240355225154,Moderate,Moderate
p11_daily_merged,2020-01-23,0.319978523058066,0.8048076249234615,Moderate,Moderate
p11_daily_merged,2020-01-24,0.1967913206463633,0.46911224984400507,Moderate,Moderate
p11_daily_merged,2020-01-25,0.0633418278590988,0.10373774718622294,Moderate,Moderate
p11_daily_merged,2020-01-26,0.0540944402637287,0.07816831766051968,Moderate,Moderate
p11_daily_merged,2020-01-27,-0.1440445757860457,-0.49335808605356263,Moderate,Moderate
p11_daily_merged,2020-01-28,0.1408142158043328,0.30068931755170947,Moderate,Moderate
p11_daily_merged,2020-01-29,0.1146628189216693,0.24136762898845834,Moderate,Moderate
p11_daily_merged,2020-01-30,0.1043328613342841,0.22208814968778298,Moderate,Moderate
p11_daily_merged,2020-01-31,0.2822009451812948,0.7407023297702908,Moderate,Moderate
p11_daily_merged,2020-02-01,0.2096899976934694,0.5442518127095302,Moderate,Moderate
p11_daily_merged,2020-02-02,0.0409222380186242,0.06422577080567493,Moderate,Moderate
p11_daily_merged,2020-02-03,-0.1154437424013722,-0.39085663221444167,Moderate,Moderate
p11_daily_merged,2020-02-04,0.0151248668741673,0.013055906071777314,Moderate,Moderate
p11_daily_merged,2020-02-05,-0.1294471010042278,-0.41550583972023236,Moderate,Moderate
p11_daily_merged,2020-02-06,-0.1083446512753682,-0.3639398592658431,Moderate,Moderate
p11_daily_merged,2020-02-07,0.0055399838802115,-0.02710529233875111,Moderate,Moderate
p11_daily_merged,2020-02-08,0.1003824940020904,0.25707573925453114,Moderate,Moderate
p11_daily_merged,2020-02-09,0.1046049340469068,0.2625380708161128,Moderate,Moderate
p11_daily_merged,2020-02-10,-0.0859282215128245,-0.25447145866477106,Moderate,Moderate
p11_daily_merged,2020-02-11,-0.0215535656982484,-0.07546730135446444,Moderate,Moderate
p11_daily_merged,2020-02-12,0.1180395764842627,0.33091171172882583,Moderate,Moderate
p11_daily_merged,2020-02-13,0.1176963297226275,0.31484822379628297,Moderate,Moderate
p11_daily_merged,2020-02-14,0.1461617958282641,0.39584577375696967,Moderate,Moderate
p11_daily_merged,2020-02-15,0.0617679868858082,0.16060114841076245,Moderate,Moderate
p11_daily_merged,2020-02-16,-0.1289804805758391,-0.38535009192077013,Moderate,Moderate
p11_daily_merged,2020-02-17,-0.0656486563306382,-0.20164356041041168,Moderate,Moderate
p11_daily_merged,2020-02-18,-0.1108238548417893,-0.3283923792807661,Moderate,Moderate
p11_daily_merged,2020-02-19,-0.0656901019292991,-0.1962441634171628,Moderate,Moderate
p11_daily_merged,2020-02-20,-0.0489598181564291,-0.1414625308993413,Moderate,Moderate
p11_daily_merged,2020-02-21,0.006032652643742,-0.002436252293301995,Moderate,Moderate
p11_daily_merged,2020-02-22,0.0439344554752419,0.10975826062271044,Moderate,Moderate
p11_daily_merged,2020-02-23,-0.0544549254087282,-0.1736365501355441,Moderate,Moderate
p11_daily_merged,2020-02-24,-0.0901803277451417,-0.28227464133482955,Moderate,Moderate
p11_daily_merged,2020-02-25,0.086874564480193,0.2372162982571885,Moderate,Moderate
p11_daily_merged,2020-02-26,0.1849014849773594,0.5394259370314585,Moderate,Moderate
p11_daily_merged,2020-02-27,0.1850573315833761,0.5355487825352209,Moderate,Moderate
p11_daily_merged,2020-02-28,0.296537938028146,0.7983911399348099,Moderate,Moderate
p11_daily_merged,2020-02-29,0.1615152388632503,0.41419520861854814,Moderate,Moderate
p11_daily_merged,2020-03-01,0.1253074745528063,0.3111342839190983,Moderate,Moderate
p11_daily_merged,2020-03-02,0.1010188014756537,0.2419995788433713,Moderate,Moderate
p11_daily_merged,2020-03-03,0.036097147951635,0.05945804436192029,Moderate,Moderate
p11_daily_merged,2020-03-04,0.085480521195715,0.1816704914403205,Moderate,Moderate
p11_daily_merged,2020-03-05,0.1449072147623036,0.34377792324285317,Moderate,Moderate
p11_daily_merged,2020-03-06,-0.0267681379375485,-0.13656664610383307,Moderate,Moderate
p11_daily_merged,2020-03-07,0.1289805436584919,0.309080717337428,Moderate,Moderate
p11_daily_merged,2020-03-08,-9.175092758634298e-05,-0.04072563275538802,Moderate,Moderate
p11_daily_merged,2020-03-09,-0.0947936317328481,-0.28427825274430496,Moderate,Moderate
p11_daily_merged,2020-03-10,-0.168209343604054,-0.4746844920761287,Moderate,Moderate
p11_daily_merged,2020-03-11,-0.1936056396376272,-0.5553434590657295,Moderate,Moderate
p11_daily_merged,2020-03-12,-0.0534579545103063,-0.16251924837029835,Moderate,Moderate
p11_daily_merged,2020-03-13,-0.0230453395478785,-0.06571996965089841,Moderate,Moderate
p12_daily_merged,2019-12-05,0.6518074833984049,0.7201778305176996,Moderate,Moderate
p12_daily_merged,2019-12-06,0.4223068327164587,0.2390867806028444,Moderate,Moderate
p12_daily_merged,2019-12-07,0.3149929988684787,-0.053171946704015975,Moderate,Moderate
p12_daily_merged,2019-12-08,0.3647649937690387,0.035932680394645575,Moderate,Moderate
p12_daily_merged,2019-12-09,0.402644636345129,0.12114913137070056,Moderate,Moderate
p12_daily_merged,2019-12-10,0.3664461552172515,0.039714728016839514,Moderate,Moderate
p12_daily_merged,2019-12-11,0.261939386524438,-0.17296327498258054,Moderate,Moderate
p12_daily_merged,2019-12-12,0.1651309354678295,-0.37483199408885276,Moderate,Moderate
p12_daily_merged,2019-12-13,-0.0100385530210234,-0.7329882663148674,Moderate,Moderate
p12_daily_merged,2019-12-14,-0.027339999767719,-0.7732987816239189,Moderate,Moderate
p12_daily_merged,2019-12-15,0.3156469080206309,0.07757936888921764,Moderate,Moderate
p12_daily_merged,2019-12-16,0.2089076857025381,-0.17914134186191194,Moderate,Moderate
p12_daily_merged,2019-12-17,-0.1773076877264306,-0.9598600516864566,Moderate,Moderate
p12_daily_merged,2019-12-18,0.138692672367255,-0.2384457634990774,Moderate,Moderate
p12_daily_merged,2019-12-19,-0.2115925889890894,-1.0240124654131952,Low,High
p12_daily_merged,2019-12-20,-0.2043577224457285,-0.9831637309647329,Moderate,Moderate
p12_daily_merged,2019-12-21,-0.2043577224457285,-0.9831637309647329,Moderate,Moderate
p12_daily_merged,2019-12-22,0.3177709044652499,0.262121127656898,Moderate,Moderate
p12_daily_merged,2019-12-23,0.2961053138393372,0.21204243943715279,Moderate,Moderate
p12_daily_merged,2019-12-24,0.2979736769058485,0.2783325781037207,Moderate,Moderate
p12_daily_merged,2019-12-25,0.2346092217964122,0.1993598958934132,Moderate,Moderate
p12_daily_merged,2019-12-26,-0.047145819299109,-0.3690699440851109,Moderate,Moderate
p12_daily_merged,2019-12-27,-0.1721554798987556,-0.6018740304044734,Moderate,Moderate
p12_daily_merged,2019-12-28,-0.1721554798987556,-0.6018740304044734,Moderate,Moderate
p12_daily_merged,2019-12-29,0.0636314178382213,-0.10931024210684373,Moderate,Moderate
p12_daily_merged,2019-12-30,0.0636314178382213,-0.10931024210684373,Moderate,Moderate
p12_daily_merged,2019-12-31,0.0636314178382213,-0.10931024210684373,Moderate,Moderate
p12_daily_merged,2020-01-01,0.0636314178382213,-0.10931024210684373,Moderate,Moderate
p12_daily_merged,2020-01-02,0.0636314178382213,-0.10931024210684373,Moderate,Moderate
p12_daily_merged,2020-01-07,-0.0050567015593267,-0.20679173856681338,Moderate,Moderate
p12_daily_merged,2020-01-08,0.0596803063500553,-0.04265180153577791,Moderate,Moderate
p12_daily_merged,2020-01-09,-0.188663226760853,-0.5389264544257082,Moderate,Moderate
p12_daily_merged,2020-01-10,-0.0755814845595577,-0.3109393791520857,Moderate,Moderate
p12_daily_merged,2020-01-11,0.0281762981009138,-0.08684066578476574,Moderate,Moderate
p12_daily_merged,2020-01-12,0.0781239772206024,0.025961621607546354,Moderate,Moderate
p12_daily_merged,2020-01-13,0.0755210003552085,0.02061273682505362,Moderate,Moderate
p12_daily_merged,2020-01-14,-0.0513578545738325,-0.2516231343380003,Moderate,Moderate
p12_daily_merged,2020-01-15,-0.0066712078379233,-0.12765233228047543,Moderate,Moderate
p12_daily_merged,2020-01-16,-0.2854803768596383,-0.7505245120198991,Moderate,Moderate
p12_daily_merged,2020-01-17,-0.1781497305709809,-0.4983463542569133,Moderate,Moderate
p12_daily_merged,2020-01-18,-0.2210151726875752,-0.6032154899090503,Moderate,Moderate
p12_daily_merged,2020-01-19,-0.0753997645464321,-0.2698571615821545,Moderate,Moderate
p12_daily_merged,2020-01-20,0.0804896775337988,0.094501928644673,Moderate,Moderate
p12_daily_merged,2020-01-21,-0.0921899118444456,-0.30821400611754685,Moderate,Moderate
p12_daily_merged,2020-01-22,-0.1142844041009396,-0.3439655639449393,Moderate,Moderate
p12_daily_merged,2020-01-23,-0.1164897893301083,-0.34954222666143436,Moderate,Moderate
p12_daily_merged,2020-01-24,-0.1083473063507039,-0.32552109127892764,Moderate,Moderate
p12_daily_merged,2020-01-25,-0.2153393377158989,-0.557753721939875,Moderate,Moderate
p12_daily_merged,2020-01-26,-0.2177816388712317,-0.563563339833804,Moderate,Moderate
p12_daily_merged,2020-01-27,-0.0284941317658364,-0.11329614572651914,Moderate,Moderate
p12_daily_merged,2020-01-28,-0.1689094049528888,-0.4492331195515197,Moderate,Moderate
p12_daily_merged,2020-01-29,-0.0291073551101258,-0.1168953684558573,Moderate,Moderate
p12_daily_merged,2020-01-30,-0.2117728926527534,-0.55971692173903,Moderate,Moderate
p12_daily_merged,2020-01-31,-0.1724702850145567,-0.4644387319033371,Moderate,Moderate
p12_daily_merged,2020-02-01,-0.0915032155288276,-0.24884109789799666,Moderate,Moderate
p12_daily_merged,2020-02-02,0.0300258943228163,0.047893909912818,Moderate,Moderate
p12_daily_merged,2020-02-03,-0.1197994564030356,-0.32841919760183186,Moderate,Moderate
p12_daily_merged,2020-02-04,0.02816004188495,0.019436241752842556,Moderate,Moderate
p12_daily_merged,2020-02-05,-0.1532211384828436,-0.4275734589670311,Moderate,Moderate
p12_daily_merged,2020-02-06,-0.324490399115524,-0.8668672698418257,Moderate,Moderate
p12_daily_merged,2020-02-07,-0.0788833465921057,-0.2619687167520132,Moderate,Moderate
p12_daily_merged,2020-02-08,-0.1966782773754102,-0.5607778459994046,Moderate,Moderate
p12_daily_merged,2020-02-09,-0.152062449844867,-0.44910724409330127,Moderate,Moderate
p12_daily_merged,2020-02-10,-0.0924239685658891,-0.30404297047337014,Moderate,Moderate
p12_daily_merged,2020-02-11,-0.0155049223321027,-0.1164081018087316,Moderate,Moderate
p12_daily_merged,2020-02-12,-0.0155049223321027,-0.1164081018087316,Moderate,Moderate
p12_daily_merged,2020-02-13,-0.0310655344049561,-0.15879605512336412,Moderate,Moderate
p12_daily_merged,2020-02-14,0.0168441981743045,-0.040896624661110145,Moderate,Moderate
p12_daily_merged,2020-02-15,-0.1876542553866457,-0.5745849034285411,Moderate,Moderate
p12_daily_merged,2020-02-16,-0.0053250468575846,-0.11355922192970654,Moderate,Moderate
p12_daily_merged,2020-02-17,0.116689701186632,0.19539306759227187,Moderate,Moderate
p12_daily_merged,2020-02-18,-0.0809216032156411,-0.32165997573877114,Moderate,Moderate
p12_daily_merged,2020-02-19,-0.0809216032156411,-0.32165997573877114,Moderate,Moderate
p12_daily_merged,2020-02-20,-0.2078576428630841,-0.659527265257255,Moderate,Moderate
p12_daily_merged,2020-02-21,-0.2023869307137401,-0.6451070332705974,Moderate,Moderate
p12_daily_merged,2020-02-22,-0.0916261733748194,-0.3481693524848262,Moderate,Moderate
p12_daily_merged,2020-02-23,-0.1425797171025711,-0.4832315952251659,Moderate,Moderate
p12_daily_merged,2020-02-24,-0.0443894909102449,-0.20883425754583185,Moderate,Moderate
p12_daily_merged,2020-02-25,0.0630226999196808,0.07993775866994142,Moderate,Moderate
p12_daily_merged,2020-02-26,0.0630226999196808,0.07993775866994142,Moderate,Moderate
p12_daily_merged,2020-02-27,-0.0154070251933601,-0.12935125968714137,Moderate,Moderate
p12_daily_merged,2020-02-28,-0.0542248845320594,-0.23491812581878707,Moderate,Moderate
p12_daily_merged,2020-02-29,0.0487813562972328,0.04559477531536651,Moderate,Moderate
p12_daily_merged,2020-03-01,0.0487813562972328,0.04559477531536651,Moderate,Moderate
p12_daily_merged,2020-03-02,-0.2197030451600531,-0.680552339878388,Moderate,Moderate
p12_daily_merged,2020-03-03,-0.0686029123491214,-0.27412380507081846,Moderate,Moderate
p12_daily_merged,2020-03-04,-0.0686029123491214,-0.27412380507081846,Moderate,Moderate
p12_daily_merged,2020-03-05,-0.0294179312772107,-0.14221244589137746,Moderate,Moderate
p12_daily_merged,2020-03-06,-0.2514246394017332,-0.7385345580071766,Moderate,Moderate
p12_daily_merged,2020-03-07,-0.2514246394017332,-0.7385345580071766,Moderate,Moderate
p12_daily_merged,2020-03-08,-0.2514246394017332,-0.7385345580071766,Moderate,Moderate
p12_daily_merged,2020-03-09,-0.2514246394017332,-0.7385345580071766,Moderate,Moderate
p12_daily_merged,2020-03-10,-0.1325704521589144,-0.4129096005733314,Moderate,Moderate
p12_daily_merged,2020-03-11,-0.1325704521589144,-0.4129096005733314,Moderate,Moderate
p12_daily_merged,2020-03-20,-0.1342161379003708,-0.4059365826315509,Moderate,Moderate
p12_daily_merged,2020-03-21,-0.1342161379003708,-0.4059365826315509,Moderate,Moderate
p12_daily_merged,2020-03-22,-0.2682970920697153,-0.7561130140681881,Moderate,Moderate
p12_daily_merged,2020-03-23,-0.3304781114505827,-0.9115632797458009,Moderate,Moderate
p12_daily_merged,2020-03-24,-0.3304781114505827,-0.9115632797458009,Moderate,Moderate
p12_daily_merged,2020-03-25,-0.3304781114505827,-0.9115632797458009,Moderate,Moderate
p12_daily_merged,2020-03-26,-0.3560745220347419,-0.9703630360393841,Moderate,Moderate
p12_daily_merged,2020-03-27,-0.3560745220347419,-0.9703630360393841,Moderate,Moderate
p13_daily_merged,2019-11-29,-0.0172144896654657,-0.26886752016988674,Moderate,Moderate
p13_daily_merged,2019-11-30,0.1631926852994582,0.27979202933618896,Moderate,Moderate
p13_daily_merged,2019-12-01,-0.1328779271186818,-0.6694031352550797,Moderate,Moderate
p13_daily_merged,2019-12-02,-0.0104723342969639,-0.17476532306231946,Moderate,Moderate
p13_daily_merged,2019-12-03,-0.0185232243475246,-0.14274012437614958,Moderate,Moderate
p13_daily_merged,2019-12-04,-0.3032967309987875,-0.9233215447670181,Moderate,Moderate
p13_daily_merged,2019-12-05,-0.3532088403744157,-1.0704588798662649,Low,High
p13_daily_merged,2019-12-06,0.0693913171626292,0.17533621415724984,Moderate,Moderate
p13_daily_merged,2019-12-07,0.0693913171626292,0.17533621415724984,Moderate,Moderate
p13_daily_merged,2019-12-08,0.1104689132514249,0.2895030905628078,Moderate,Moderate
p13_daily_merged,2019-12-09,0.1104689132514249,0.2895030905628078,Moderate,Moderate
p13_daily_merged,2019-12-10,0.1018126505034322,0.25472180701503133,Moderate,Moderate
p13_daily_merged,2019-12-11,0.2855601096811881,0.7003074857776468,Moderate,Moderate
p13_daily_merged,2019-12-12,0.1599464554607704,0.352983407245218,Moderate,Moderate
p13_daily_merged,2019-12-13,0.1599464554607704,0.352983407245218,Moderate,Moderate
p13_daily_merged,2019-12-14,0.1999501918363795,0.4648449929237624,Moderate,Moderate
p13_daily_merged,2019-12-15,0.3775839626233043,0.9527124735266818,Moderate,Moderate
p13_daily_merged,2019-12-16,0.2494620026689589,0.5952504502967328,Moderate,Moderate
p13_daily_merged,2019-12-17,0.1997725919290271,0.4450099154999191,Moderate,Moderate
p13_daily_merged,2019-12-18,0.233221588947166,0.5448862811471403,Moderate,Moderate
p13_daily_merged,2019-12-19,-0.2618408831421099,-0.9753145902645574,Moderate,Moderate
p13_daily_merged,2019-12-20,-0.2618408831421099,-0.9753145902645574,Moderate,Moderate
p13_daily_merged,2019-12-21,-0.2916898510965653,-1.0669725721422871,Low,High
p13_daily_merged,2019-12-22,0.0512229362270321,0.041606306350755275,Moderate,Moderate
p13_daily_merged,2019-12-23,0.1969673354092331,0.5012453043791157,Moderate,Moderate
p13_daily_merged,2019-12-24,0.1969673354092331,0.5012453043791157,Moderate,Moderate
p13_daily_merged,2019-12-25,-0.2977207717692696,-0.9381578401867122,Moderate,Moderate
p13_daily_merged,2019-12-26,-0.1442715280623631,-0.45440439462738763,Moderate,Moderate
p13_daily_merged,2019-12-27,-0.1442715280623631,-0.45440439462738763,Moderate,Moderate
p13_daily_merged,2019-12-28,-0.1528643672150955,-0.4874127045102536,Moderate,Moderate
p13_daily_merged,2019-12-29,0.0643682048292092,0.15452201570312685,Moderate,Moderate
p13_daily_merged,2019-12-30,0.1458156951598637,0.39885597432856473,Moderate,Moderate
p13_daily_merged,2019-12-31,0.0084923429357374,-0.012847720503189271,Moderate,Moderate
p13_daily_merged,2020-01-01,0.0084923429357374,-0.012847720503189271,Moderate,Moderate
p13_daily_merged,2020-01-02,0.0084923429357374,-0.012847720503189271,Moderate,Moderate
p13_daily_merged,2020-01-03,0.1551888123382729,0.43889966242742406,Moderate,Moderate
p13_daily_merged,2020-01-04,-0.1384858984181937,-0.46497421699646024,Moderate,Moderate
p13_daily_merged,2020-01-05,0.2677776815328582,0.7854263950722684,Moderate,Moderate
p13_daily_merged,2020-01-06,0.2677776815328582,0.7854263950722684,Moderate,Moderate
p13_daily_merged,2020-01-07,0.1210308548381077,0.36439606618228265,Moderate,Moderate
p13_daily_merged,2020-01-08,0.0508725735734916,0.1373252200184039,Moderate,Moderate
p13_daily_merged,2020-01-09,0.0508725735734916,0.1373252200184039,Moderate,Moderate
p13_daily_merged,2020-01-10,-0.2006617286439932,-0.6381828508243896,Moderate,Moderate
p13_daily_merged,2020-01-11,-0.2006617286439932,-0.6381828508243896,Moderate,Moderate
p13_daily_merged,2020-01-12,-0.3990218950491469,-1.1936376979775765,Low,High
p13_daily_merged,2020-01-13,-0.3990218950491469,-1.1936376979775765,Low,High
p13_daily_merged,2020-01-14,-0.3091885699311175,-0.9209749842627143,Moderate,Moderate
p13_daily_merged,2020-01-15,-0.1005455819148165,-0.28770038115348884,Moderate,Moderate
p13_daily_merged,2020-01-16,0.1085362608850131,0.3345241255030135,Moderate,Moderate
p13_daily_merged,2020-01-17,0.230541345451028,0.707183185205902,Moderate,Moderate
p13_daily_merged,2020-01-18,0.230541345451028,0.707183185205902,Moderate,Moderate
p13_daily_merged,2020-01-19,0.2050033439050131,0.629564820563456,Moderate,Moderate
p13_daily_merged,2020-01-20,0.2050033439050131,0.629564820563456,Moderate,Moderate
p13_daily_merged,2020-01-21,0.1774957317582671,0.5504152876368971,Moderate,Moderate
p13_daily_merged,2020-01-22,0.1774957317582671,0.5504152876368971,Moderate,Moderate
p13_daily_merged,2020-01-23,0.1774957317582671,0.5504152876368971,Moderate,Moderate
p13_daily_merged,2020-01-24,0.1774957317582671,0.5504152876368971,Moderate,Moderate
p13_daily_merged,2020-01-25,0.1774957317582671,0.5504152876368971,Moderate,Moderate
p13_daily_merged,2020-01-27,0.0903023335683047,0.30023421305197645,Moderate,Moderate
p13_daily_merged,2020-01-28,-0.2438187408285292,-0.754328347297273,Moderate,Moderate
p13_daily_merged,2020-01-29,-0.4119033282542,-1.2312300643049572,Low,High
p13_daily_merged,2020-01-30,-0.4119033282542,-1.2312300643049572,Low,High
p13_daily_merged,2020-01-31,-0.4119033282542,-1.2312300643049572,Low,High
p13_daily_merged,2020-02-01,-0.195382817687988,-0.5663220001118213,Moderate,Moderate
p13_daily_merged,2020-02-02,-0.0595559638118125,-0.1462965054175142,Moderate,Moderate
p13_daily_merged,2020-02-03,-0.0647615341358454,-0.1627101840877356,Moderate,Moderate
p13_daily_merged,2020-02-04,0.1314982380177188,0.4263679529266761,Moderate,Moderate
p13_daily_merged,2020-02-05,0.1187195743900462,0.3864264045213761,Moderate,Moderate
p13_daily_merged,2020-02-06,0.1187195743900462,0.3864264045213761,Moderate,Moderate
p13_daily_merged,2020-02-07,0.1827485541901696,0.5731352923399126,Moderate,Moderate
p13_daily_merged,2020-02-08,0.1944611643222204,0.6021250496121218,Moderate,Moderate
p13_daily_merged,2020-02-09,0.073936948958174,0.23498155185010763,Moderate,Moderate
p13_daily_merged,2020-02-10,0.073936948958174,0.23498155185010763,Moderate,Moderate
p13_daily_merged,2020-02-11,0.1520117489021813,0.481087217833261,Moderate,Moderate
p13_daily_merged,2020-02-12,0.1203831503945176,0.3740831152010613,Moderate,Moderate
p13_daily_merged,2020-02-13,0.1203831503945176,0.3740831152010613,Moderate,Moderate
p13_daily_merged,2020-02-14,0.1192284990668779,0.37037027332364997,Moderate,Moderate
p13_daily_merged,2020-02-15,0.0761675805535453,0.23564869180735157,Moderate,Moderate
p13_daily_merged,2020-02-16,0.1026077318958271,0.3370359600324813,Moderate,Moderate
p13_daily_merged,2020-02-17,0.1026077318958271,0.3370359600324813,Moderate,Moderate
p13_daily_merged,2020-02-18,0.1440560963460988,0.47161778837436874,Moderate,Moderate
p13_daily_merged,2020-02-19,0.1617650345486304,0.5064941140007914,Moderate,Moderate
p13_daily_merged,2020-02-20,0.1617650345486304,0.5064941140007914,Moderate,Moderate
p13_daily_merged,2020-02-21,0.1617650345486304,0.5064941140007914,Moderate,Moderate
p13_daily_merged,2020-02-22,-0.0817813526905147,-0.28069303282121605,Moderate,Moderate
p13_daily_merged,2020-02-24,0.0413044014833173,0.1263310915915292,Moderate,Moderate
p13_daily_merged,2020-02-25,0.0656048793335965,0.20375466374019888,Moderate,Moderate
p13_daily_merged,2020-02-26,0.1803554336777037,0.5797014834713687,Moderate,Moderate
p13_daily_merged,2020-02-27,0.2272470871976304,0.7050440997094449,Moderate,Moderate
p13_daily_merged,2020-02-28,0.1825481356499411,0.566888573109961,Moderate,Moderate
p13_daily_merged,2020-02-29,0.1728815810486451,0.5363241275217733,Moderate,Moderate
p13_daily_merged,2020-03-01,0.1728815810486451,0.5363241275217733,Moderate,Moderate
p13_daily_merged,2020-03-02,0.1728815810486451,0.5363241275217733,Moderate,Moderate
p13_daily_merged,2020-03-03,0.1475305719945411,0.46087014710821095,Moderate,Moderate
p13_daily_merged,2020-03-04,0.1475305719945411,0.46087014710821095,Moderate,Moderate
p13_daily_merged,2020-03-05,0.1475305719945411,0.46087014710821095,Moderate,Moderate
p13_daily_merged,2020-03-06,0.1475305719945411,0.46087014710821095,Moderate,Moderate
p13_daily_merged,2020-03-09,0.1475305719945411,0.4761308820096558,Moderate,Moderate
p13_daily_merged,2020-03-13,0.1475305719945411,0.4863858484000094,Moderate,Moderate
p13_daily_merged,2020-03-14,0.1475305719945411,0.4863858484000094,Moderate,Moderate
p13_daily_merged,2020-03-15,0.1475305719945411,0.4863858484000094,Moderate,Moderate
p13_daily_merged,2020-03-19,0.1475305719945411,0.4926227639437585,Moderate,Moderate
p14_daily_merged,2019-12-04,0.0991949738978422,0.34592274871348244,Moderate,Moderate
p14_daily_merged,2019-12-05,0.1658029646330446,0.492341356336776,Moderate,Moderate
p14_daily_merged,2019-12-06,0.0816485325061537,0.3096014475243214,Moderate,Moderate
p14_daily_merged,2019-12-07,0.143430399355466,0.35924671855283896,Moderate,Moderate
p14_daily_merged,2019-12-08,0.1842429983049615,0.3305013095054826,Moderate,Moderate
p14_daily_merged,2019-12-09,0.1524879402396409,0.22011481870011754,Moderate,Moderate
p14_daily_merged,2019-12-10,0.2321562637057557,0.36258921728419763,Moderate,Moderate
p14_daily_merged,2019-12-11,0.4519130498580987,0.8502109615058454,Moderate,Moderate
p14_daily_merged,2019-12-12,0.4194502029878561,0.7319620417622685,Moderate,Moderate
p14_daily_merged,2019-12-13,0.0012005365446806,-0.27904872752668297,Moderate,Moderate
p14_daily_merged,2019-12-14,0.4929961982809308,0.7825318702296858,Moderate,Moderate
p14_daily_merged,2019-12-15,0.2568274200240829,0.2375390143220932,Moderate,Moderate
p14_daily_merged,2019-12-16,0.4040675778419903,0.4781446795422448,Moderate,Moderate
p14_daily_merged,2019-12-17,0.413516292636035,0.4719779258811059,Moderate,Moderate
p14_daily_merged,2019-12-18,0.105174543847221,-0.2176001868509465,Moderate,Moderate
p14_daily_merged,2019-12-19,0.5849835949535322,0.8210572364088071,Moderate,Moderate
p14_daily_merged,2019-12-20,0.0920910078104182,-0.2470177341746472,Moderate,Moderate
p14_daily_merged,2019-12-21,0.1307989164859835,-0.11899949845163287,Moderate,Moderate
p14_daily_merged,2019-12-22,-0.1621041088483432,-0.6828085399943373,Moderate,Moderate
p14_daily_merged,2019-12-23,0.0370676837737487,-0.25679689852424165,Moderate,Moderate
p14_daily_merged,2019-12-24,0.0144681078007921,-0.28425266511800995,Moderate,Moderate
p14_daily_merged,2019-12-25,0.2426311902532238,0.23004295670427813,Moderate,Moderate
p14_daily_merged,2019-12-26,0.2396411527272023,0.2543661487730746,Moderate,Moderate
p14_daily_merged,2019-12-27,0.1787185366135232,0.15333154840689636,Moderate,Moderate
p14_daily_merged,2019-12-28,0.2453054274606839,0.3165023527132672,Moderate,Moderate
p14_daily_merged,2019-12-29,0.1016699305008237,0.023166518167302915,Moderate,Moderate
p14_daily_merged,2019-12-30,0.1981747009495179,0.25789244696060093,Moderate,Moderate
p14_daily_merged,2019-12-31,0.127971101164597,0.11888270056546443,Moderate,Moderate
p14_daily_merged,2020-01-01,0.1097237328688654,0.09083870276684113,Moderate,Moderate
p14_daily_merged,2020-01-02,0.0389927405253631,-0.06433517954682097,Moderate,Moderate
p14_daily_merged,2020-01-03,0.2810432603513496,0.47170428530583924,Moderate,Moderate
p14_daily_merged,2020-01-04,0.4462737055725144,0.8382922480851455,Moderate,Moderate
p14_daily_merged,2020-01-05,0.2585762003416016,0.42185781937403327,Moderate,Moderate
p14_daily_merged,2020-01-06,0.1472775889774231,0.17492553552315337,Moderate,Moderate
p14_daily_merged,2020-01-07,0.0200794614304719,-0.10320589879265558,Moderate,Moderate
p14_daily_merged,2020-01-08,-0.0720643339773187,-0.3130204869148998,Moderate,Moderate
p14_daily_merged,2020-01-09,-0.0340606477267903,-0.22921235455894315,Moderate,Moderate
p14_daily_merged,2020-01-10,0.1652741541131834,0.22800494897357934,Moderate,Moderate
p14_daily_merged,2020-01-11,-0.100077051608934,-0.38969148355680866,Moderate,Moderate
p14_daily_merged,2020-01-12,-0.1668968464394749,-0.5353723746453366,Moderate,Moderate
p14_daily_merged,2020-01-13,0.0470972992511312,-0.019890376876882526,Moderate,Moderate
p14_daily_merged,2020-01-14,0.5701715760558453,1.208029060976525,High,Low
p14_daily_merged,2020-01-15,-0.0703716041683904,-0.30097340079339474,Moderate,Moderate
p14_daily_merged,2020-01-16,-0.0781353289773493,-0.3089077087602332,Moderate,Moderate
p14_daily_merged,2020-01-17,0.3220897733095336,0.6556734257695266,Moderate,Moderate
p14_daily_merged,2020-01-18,0.2383672868595106,0.43096911899576823,Moderate,Moderate
p14_daily_merged,2020-01-19,0.1093298473955693,0.09981636462780587,Moderate,Moderate
p14_daily_merged,2020-01-20,0.0142583298120247,-0.13369706885748922,Moderate,Moderate
p14_daily_merged,2020-01-21,0.2904821049004937,0.5355753420660762,Moderate,Moderate
p14_daily_merged,2020-01-22,0.1343371524910153,0.1559624982898603,Moderate,Moderate
p14_daily_merged,2020-01-23,0.0666575069338695,-0.010624058777797683,Moderate,Moderate
p14_daily_merged,2020-01-24,-0.0415956537930331,-0.25171082343380163,Moderate,Moderate
p14_daily_merged,2020-01-25,-0.0153273283718173,-0.1772595968931539,Moderate,Moderate
p14_daily_merged,2020-01-26,-0.1752447128552952,-0.5751231248418172,Moderate,Moderate
p14_daily_merged,2020-01-27,-0.0410065632143813,-0.23389045361909772,Moderate,Moderate
p14_daily_merged,2020-01-28,-0.0265961123460229,-0.18847434650533765,Moderate,Moderate
p14_daily_merged,2020-01-29,-0.0054289660524063,-0.12612787350448565,Moderate,Moderate
p14_daily_merged,2020-01-30,-0.0054289660524063,-0.12612787350448565,Moderate,Moderate
p14_daily_merged,2020-01-31,0.2351476269382926,0.4893376279679669,Moderate,Moderate
p14_daily_merged,2020-02-01,0.3829371477796217,0.8596771052701215,Moderate,Moderate
p14_daily_merged,2020-02-02,-0.052111740150861,-0.1968037288753702,Moderate,Moderate
p14_daily_merged,2020-02-03,-0.0789408729139198,-0.2710943042304863,Moderate,Moderate
p14_daily_merged,2020-02-04,-0.0905986615542386,-0.28886801916386073,Moderate,Moderate
p14_daily_merged,2020-02-05,-0.0985071395092437,-0.3171352179128556,Moderate,Moderate
p14_daily_merged,2020-02-06,-0.0883496365603763,-0.29512400261067373,Moderate,Moderate
p14_daily_merged,2020-02-07,0.3332642568043835,0.759073208865702,Moderate,Moderate
p14_daily_merged,2020-02-08,0.1349009333605575,0.2711215642172848,Moderate,Moderate
p14_daily_merged,2020-02-09,0.1772072847967395,0.3776229789405308,Moderate,Moderate
p14_daily_merged,2020-02-10,-0.1001297782515953,-0.31348189895189743,Moderate,Moderate
p14_daily_merged,2020-02-11,-0.0531401904756597,-0.1996115539136022,Moderate,Moderate
p14_daily_merged,2020-02-12,0.1025378837625716,0.18174488886857496,Moderate,Moderate
p14_daily_merged,2020-02-13,0.2912974006749131,0.6424286366681808,Moderate,Moderate
p14_daily_merged,2020-02-14,0.3647172590256876,0.8138416503221017,Moderate,Moderate
p14_daily_merged,2020-02-15,-0.0513131347687106,-0.21522806144553336,Moderate,Moderate
p14_daily_merged,2020-02-16,-0.0513131347687106,-0.21522806144553336,Moderate,Moderate
p14_daily_merged,2020-02-17,-0.0772278019894982,-0.27801120214228814,Moderate,Moderate
p14_daily_merged,2020-02-18,0.2345088646759504,0.48348896778562267,Moderate,Moderate
p14_daily_merged,2020-02-19,-0.0753141998610445,-0.2892028217762342,Moderate,Moderate
p14_daily_merged,2020-02-20,-0.027596273165758,-0.17483271840236775,Moderate,Moderate
p14_daily_merged,2020-02-21,0.1957844474699868,0.3845445115576419,Moderate,Moderate
p14_daily_merged,2020-02-22,-0.0039160015515621,-0.1202090127694881,Moderate,Moderate
p14_daily_merged,2020-02-23,-0.1969171204535538,-0.5984849242630242,Moderate,Moderate
p14_daily_merged,2020-02-24,-0.2252347273840198,-0.6595174060739508,Moderate,Moderate
p14_daily_merged,2020-02-25,-0.1532297737356527,-0.47341907692500823,Moderate,Moderate
p14_daily_merged,2020-02-26,-0.0191640033064034,-0.11811581983966261,Moderate,Moderate
p14_daily_merged,2020-02-27,-0.0329951139868716,-0.13638254787324902,Moderate,Moderate
p14_daily_merged,2020-02-28,0.1107391186109952,0.23385706501394743,Moderate,Moderate
p14_daily_merged,2020-02-29,0.2405676693791104,0.5710536747896032,Moderate,Moderate
p14_daily_merged,2020-03-01,0.0359788034141958,0.05797098999761888,Moderate,Moderate
p14_daily_merged,2020-03-02,-0.1864945335221137,-0.5043346113185014,Moderate,Moderate
p14_daily_merged,2020-03-03,-0.1473977501215556,-0.3942645227868838,Moderate,Moderate
p14_daily_merged,2020-03-04,-0.1175802137178341,-0.31817167053961326,Moderate,Moderate
p14_daily_merged,2020-03-05,-0.0861756231596344,-0.24580311919586864,Moderate,Moderate
p14_daily_merged,2020-03-06,0.2822090590827958,0.699130586813152,Moderate,Moderate
p14_daily_merged,2020-03-07,0.2001057762812806,0.47838957083012856,Moderate,Moderate
p14_daily_merged,2020-03-08,0.0160843000032938,0.0015550443078482504,Moderate,Moderate
p14_daily_merged,2020-03-09,0.00752808810923,-0.006489501552516141,Moderate,Moderate
p14_daily_merged,2020-03-10,-0.0073821908148844,-0.04307641524884011,Moderate,Moderate
p14_daily_merged,2020-03-11,-0.0819656661203809,-0.24184798861330636,Moderate,Moderate
p14_daily_merged,2020-03-12,-0.1179885079228093,-0.3362214088902797,Moderate,Moderate
p14_daily_merged,2020-03-13,0.0760298665310945,0.1550487760799249,Moderate,Moderate
p14_daily_merged,2020-03-14,0.1638870375828427,0.38890313851181163,Moderate,Moderate
p14_daily_merged,2020-03-15,0.0757259359471433,0.15674466868558312,Moderate,Moderate
p14_daily_merged,2020-03-16,-0.0777436727547133,-0.24366734096950032,Moderate,Moderate
p14_daily_merged,2020-03-17,-0.1661141488191145,-0.478256411399571,Moderate,Moderate
p14_daily_merged,2020-03-18,-0.0251808241418225,-0.0948950754379448,Moderate,Moderate
p14_daily_merged,2020-03-19,-0.1572855160262024,-0.43612250761536414,Moderate,Moderate
p14_daily_merged,2020-03-20,-0.0840534034293763,-0.2417807260695062,Moderate,Moderate
p14_daily_merged,2020-03-21,-0.0936932877488314,-0.2604189911734778,Moderate,Moderate
p14_daily_merged,2020-03-22,0.4491595781985329,1.1876025353156083,High,Low
p14_daily_merged,2020-03-23,0.3358155634713216,0.8842967705708827,Moderate,Moderate
p14_daily_merged,2020-03-24,0.0483587218608989,0.1339883042111552,Moderate,Moderate
p14_daily_merged,2020-03-25,-0.018429892455719,-0.046869381716874145,Moderate,Moderate
p14_daily_merged,2020-03-26,-0.0950189923505471,-0.25470269677538576,Moderate,Moderate
p14_daily_merged,2020-03-27,-0.0631382159186768,-0.17515347184897598,Moderate,Moderate
p14_daily_merged,2020-03-28,-0.039929331098895,-0.12256627283959581,Moderate,Moderate
p14_daily_merged,2020-03-29,-0.0538604590329859,-0.15957651151607302,Moderate,Moderate
p14_daily_merged,2020-03-30,0.0207243377431272,0.04832552757606255,Moderate,Moderate
p15_daily_merged,2019-12-04,0.052222583289739,-0.09449455307688719,Moderate,Moderate
p15_daily_merged,2019-12-05,0.1612997827452586,0.2915752087593108,Moderate,Moderate
p15_daily_merged,2019-12-06,0.0086980746524162,-0.19050902326359118,Moderate,Moderate
p15_daily_merged,2019-12-07,-0.1243759139188736,-0.645585861437824,Moderate,Moderate
p15_daily_merged,2019-12-08,-0.0783930955153012,-0.48360036352340946,Moderate,Moderate
p15_daily_merged,2019-12-09,0.1497818970593997,0.2631069932748831,Moderate,Moderate
p15_daily_merged,2019-12-10,0.0782204746771664,0.012884889900919896,Moderate,Moderate
p15_daily_merged,2019-12-11,-0.0855183482385382,-0.6055159957656479,Moderate,Moderate
p15_daily_merged,2019-12-12,0.0139339627997282,-0.2854759830368802,Moderate,Moderate
p15_daily_merged,2019-12-13,0.0849718431684274,-0.0669781143882465,Moderate,Moderate
p15_daily_merged,2019-12-14,0.0449972038909484,-0.2050408726329936,Moderate,Moderate
p15_daily_merged,2019-12-15,-0.0131847266348966,-0.39410833944863244,Moderate,Moderate
p15_daily_merged,2019-12-16,0.0990071358396078,-0.0009944906482904706,Moderate,Moderate
p15_daily_merged,2019-12-17,-0.02494573146276,-0.37485881735840804,Moderate,Moderate
p15_daily_merged,2019-12-18,0.0070339548128796,-0.23207566353968848,Moderate,Moderate
p15_daily_merged,2019-12-19,0.0299071536612356,-0.15741269821706713,Moderate,Moderate
p15_daily_merged,2019-12-20,0.0021518001084544,-0.254294278074421,Moderate,Moderate
p15_daily_merged,2019-12-21,0.0021518001084544,-0.254294278074421,Moderate,Moderate
p15_daily_merged,2019-12-22,0.111712981292904,0.16399349252964382,Moderate,Moderate
p15_daily_merged,2019-12-23,0.1327813985006926,0.21540533611970764,Moderate,Moderate
p15_daily_merged,2019-12-24,0.042903222604207,-0.06419006875997713,Moderate,Moderate
p15_daily_merged,2019-12-25,-0.0173028578532746,-0.16850945315803992,Moderate,Moderate
p15_daily_merged,2019-12-26,-0.1154579465915594,-0.4309435740493935,Moderate,Moderate
p15_daily_merged,2019-12-27,-0.2237569124520018,-0.7085488699379122,Moderate,Moderate
p15_daily_merged,2019-12-28,-0.2237569124520018,-0.7085488699379122,Moderate,Moderate
p15_daily_merged,2019-12-29,-0.0491532527407178,-0.1795298465526313,Moderate,Moderate
p15_daily_merged,2019-12-30,-0.0779853415927697,-0.21033736979017736,Moderate,Moderate
p15_daily_merged,2019-12-31,-0.1373622134615292,-0.3937345993981464,Moderate,Moderate
p15_daily_merged,2020-01-01,-0.0943357148694972,-0.2326839826859473,Moderate,Moderate
p15_daily_merged,2020-01-02,-0.2186967108472479,-0.558077008137156,Moderate,Moderate
p15_daily_merged,2020-01-03,-0.0927431356692834,-0.18794470028999583,Moderate,Moderate
p15_daily_merged,2020-01-04,-0.0927431356692834,-0.18794470028999583,Moderate,Moderate
p15_daily_merged,2020-01-05,-0.1748110782794176,-0.4291129002052257,Moderate,Moderate
p15_daily_merged,2020-01-06,0.1157948001707766,0.4248733746007292,Moderate,Moderate
p15_daily_merged,2020-01-07,-0.2103893194830941,-0.5519361142137231,Moderate,Moderate
p15_daily_merged,2020-01-08,-0.0158965945622058,0.01958390275256581,Moderate,Moderate
p15_daily_merged,2020-01-09,-0.1156339017710399,-0.29923036539428555,Moderate,Moderate
p15_daily_merged,2020-01-10,-0.1156339017710399,-0.29923036539428555,Moderate,Moderate
p15_daily_merged,2020-01-11,-0.1774005000895684,-0.5012983969346616,Moderate,Moderate
p15_daily_merged,2020-01-12,-0.1774005000895684,-0.5012983969346616,Moderate,Moderate
p15_daily_merged,2020-01-13,-0.0438879211546677,-0.11036049160668437,Moderate,Moderate
p15_daily_merged,2020-01-14,-0.1003740742945975,-0.3018786765506255,Moderate,Moderate
p15_daily_merged,2020-01-15,0.0390940880793227,0.1134209551461303,Moderate,Moderate
p15_daily_merged,2020-01-16,-0.0618474123095134,-0.20196928125369926,Moderate,Moderate
p15_daily_merged,2020-01-17,-0.2260772654086291,-0.6821243587923723,Moderate,Moderate
p15_daily_merged,2020-01-18,-0.151250078688942,-0.45106506706233057,Moderate,Moderate
p15_daily_merged,2020-01-19,-0.271562632909265,-0.8312602073235662,Moderate,Moderate
p15_daily_merged,2020-01-20,-0.052428530701732,-0.15979274149478478,Moderate,Moderate
p15_daily_merged,2020-01-21,0.0113515776628359,0.04041285302288937,Moderate,Moderate
p15_daily_merged,2020-01-22,-0.0203987247296979,-0.0625704191510177,Moderate,Moderate
p15_daily_merged,2020-01-23,-0.1663674386495282,-0.4872631923113075,Moderate,Moderate
p15_daily_merged,2020-01-24,-0.1209951701520376,-0.3545600108455082,Moderate,Moderate
p15_daily_merged,2020-01-25,-0.1209951701520376,-0.3545600108455082,Moderate,Moderate
p15_daily_merged,2020-01-26,-0.0518518644197303,-0.1035358453231046,Moderate,Moderate
p15_daily_merged,2020-01-27,0.150747756698682,0.48640874210794705,Moderate,Moderate
p15_daily_merged,2020-01-28,0.1877604288771156,0.5864305383038834,Moderate,Moderate
p15_daily_merged,2020-01-29,0.2215284100044266,0.6894381463172219,Moderate,Moderate
p15_daily_merged,2020-01-30,0.1119730042427829,0.35524463176001075,Moderate,Moderate
p15_daily_merged,2020-01-31,-0.1058532894223145,-0.3284083815909771,Moderate,Moderate
p15_daily_merged,2020-02-01,0.109122398859995,0.2979443419581171,Moderate,Moderate
p15_daily_merged,2020-02-02,-0.0027678524478299,-0.051446264864407815,Moderate,Moderate
p15_daily_merged,2020-02-03,-0.0394266636243857,-0.16217716597881893,Moderate,Moderate
p15_daily_merged,2020-02-04,0.002216433208982,-0.03639082731810302,Moderate,Moderate
p15_daily_merged,2020-02-05,-0.17329849567131,-0.581130159284001,Moderate,Moderate
p15_daily_merged,2020-02-06,-0.0073098228074781,-0.08699408256161067,Moderate,Moderate
p15_daily_merged,2020-02-07,0.0780369862253921,0.15585527046027833,Moderate,Moderate
p15_daily_merged,2020-02-08,-0.1226994702050476,-0.4559736559486712,Moderate,Moderate
p15_daily_merged,2020-02-09,-0.0838471211020162,-0.3331873809326424,Moderate,Moderate
p15_daily_merged,2020-02-10,-0.1317377343307313,-0.4976389654272349,Moderate,Moderate
p15_daily_merged,2020-02-11,-0.1379236311366914,-0.43619308546128754,Moderate,Moderate
p15_daily_merged,2020-02-12,0.0153040036819179,0.004220274483965005,Moderate,Moderate
p15_daily_merged,2020-02-13,-0.0303127181358789,-0.12070251358984069,Moderate,Moderate
p15_daily_merged,2020-02-14,0.0573017432171388,0.1625624073706158,Moderate,Moderate
p15_daily_merged,2020-02-15,-0.071318712292844,-0.19677073748010512,Moderate,Moderate
p15_daily_merged,2020-02-16,0.2073674317592058,0.5974381399021071,Moderate,Moderate
p15_daily_merged,2020-02-17,0.1267670035472951,0.390083628111739,Moderate,Moderate
p15_daily_merged,2020-02-18,-0.0140527910796157,0.00365949280015484,Moderate,Moderate
p15_daily_merged,2020-02-19,0.0560964237062029,0.2003061793027718,Moderate,Moderate
p15_daily_merged,2020-02-20,-0.1215530143019551,-0.3040619727396811,Moderate,Moderate
p15_daily_merged,2020-02-21,-0.0794481078173935,-0.1859884608511098,Moderate,Moderate
p15_daily_merged,2020-02-22,-0.0794481078173935,-0.1859884608511098,Moderate,Moderate
p15_daily_merged,2020-02-23,-0.1308645943513772,-0.31751776585937713,Moderate,Moderate
p15_daily_merged,2020-02-24,0.0930021382561653,0.2959046121860105,Moderate,Moderate
p15_daily_merged,2020-02-25,-0.0221072935494264,-0.03734151855320143,Moderate,Moderate
p15_daily_merged,2020-02-26,0.031412829033196,0.11281449553121399,Moderate,Moderate
p15_daily_merged,2020-02-27,-0.0862029875900135,-0.22176051623677695,Moderate,Moderate
p15_daily_merged,2020-02-28,-0.0140603035750668,-0.024080018817420473,Moderate,Moderate
p15_daily_merged,2020-02-29,0.0457662212390645,0.13591851734964083,Moderate,Moderate
p15_daily_merged,2020-03-01,0.0279033426288552,0.08516304120380505,Moderate,Moderate
p15_daily_merged,2020-03-02,-0.0392405940490431,-0.10504236383833754,Moderate,Moderate
p15_daily_merged,2020-03-03,-0.0391346618279793,-0.1000217409129467,Moderate,Moderate
p15_daily_merged,2020-03-04,-0.0391346618279793,-0.1000217409129467,Moderate,Moderate
p15_daily_merged,2020-03-05,-0.0996916028183436,-0.27396070603375866,Moderate,Moderate
p15_daily_merged,2020-03-06,-0.2267664222640625,-0.6389603613304058,Moderate,Moderate
p15_daily_merged,2020-03-07,-0.0723474127747123,-0.1954194184377944,Moderate,Moderate
p15_daily_merged,2020-03-08,-0.0723474127747123,-0.1954194184377944,Moderate,Moderate
p15_daily_merged,2020-03-19,-0.0637453315573021,-0.1629100698045638,Moderate,Moderate
p15_daily_merged,2020-03-20,-0.0637453315573021,-0.1629100698045638,Moderate,Moderate
p15_daily_merged,2020-03-21,-0.0115313151502191,-0.014666567650120615,Moderate,Moderate
p15_daily_merged,2020-03-22,-0.0115313151502191,-0.014666567650120615,Moderate,Moderate
p15_daily_merged,2020-03-23,-0.0073983244431357,-0.015897504725108026,Moderate,Moderate
p15_daily_merged,2020-03-24,-0.1589082759912948,-0.4609887863499291,Moderate,Moderate
p15_daily_merged,2020-03-25,-0.1080509675368518,-0.3123671042953267,Moderate,Moderate
p15_daily_merged,2020-03-26,-0.0939691778933936,-0.2712155112057203,Moderate,Moderate
p15_daily_merged,2020-03-27,-0.0507614124512681,-0.13729822584568355,Moderate,Moderate
p15_daily_merged,2020-03-28,-0.0672052051315577,-0.1983917925073054,Moderate,Moderate
p15_daily_merged,2020-03-29,-0.1710448443104616,-0.49913490562501706,Moderate,Moderate
p15_daily_merged,2020-03-30,0.0608890822262182,0.17246677177427064,Moderate,Moderate
p16_daily_merged,2019-12-02,-0.0972918067382597,-0.2506577407720627,Moderate,Moderate
p16_daily_merged,2019-12-03,-0.0520440995891614,-0.08780620412703993,Moderate,Moderate
p16_daily_merged,2019-12-04,0.0028424574804011,0.14353609870271072,Moderate,Moderate
p16_daily_merged,2019-12-05,0.0594963074021627,0.2572122149922992,Moderate,Moderate
p16_daily_merged,2019-12-06,0.021072996939648,0.10231044389434693,Moderate,Moderate
p16_daily_merged,2019-12-07,0.0055460353948442,0.08110013957462138,Moderate,Moderate
p16_daily_merged,2019-12-08,0.1353674510794284,0.46955741858348515,Moderate,Moderate
p16_daily_merged,2019-12-09,0.1649660170578101,0.5111402243780334,Moderate,Moderate
p16_daily_merged,2019-12-10,0.1407558104724015,0.4299887059612104,Moderate,Moderate
p16_daily_merged,2019-12-11,0.1664430213453972,0.5156066580297488,Moderate,Moderate
p16_daily_merged,2019-12-12,-0.157832573688187,-0.6993435013077092,Moderate,Moderate
p16_daily_merged,2019-12-13,0.040119483318123,0.06310680934013095,Moderate,Moderate
p16_daily_merged,2019-12-14,0.152398241169164,0.4551544265276647,Moderate,Moderate
p16_daily_merged,2019-12-15,0.1207860409660304,0.3370540161508596,Moderate,Moderate
p16_daily_merged,2019-12-16,0.1701615530420008,0.5215166034199029,Moderate,Moderate
p16_daily_merged,2019-12-17,0.1063566928335619,0.2831472357001464,Moderate,Moderate
p16_daily_merged,2019-12-18,0.1375937459704188,0.39984612950441806,Moderate,Moderate
p16_daily_merged,2019-12-19,0.1746343381131188,0.5382265365796302,Moderate,Moderate
p16_daily_merged,2019-12-23,0.1410427703423305,0.3837667405178969,Moderate,Moderate
p16_daily_merged,2019-12-24,0.056688041092066,0.09500633707944996,Moderate,Moderate
p16_daily_merged,2019-12-25,0.1729132089846902,0.5099302272063392,Moderate,Moderate
p16_daily_merged,2019-12-26,0.1193582003265286,0.3379387311746525,Moderate,Moderate
p16_daily_merged,2019-12-27,0.1541042527801288,0.4663795285015426,Moderate,Moderate
p16_daily_merged,2019-12-28,-0.0480346647295528,-0.2806815444766053,Moderate,Moderate
p16_daily_merged,2019-12-29,-0.0362070252007486,-0.23543136031726572,Moderate,Moderate
p16_daily_merged,2019-12-30,0.0463321575481352,0.09767890465798248,Moderate,Moderate
p16_daily_merged,2019-12-31,0.0478457321733958,0.09411702012724144,Moderate,Moderate
p16_daily_merged,2020-01-01,-0.198271827242564,-0.8879265464523385,Moderate,Moderate
p16_daily_merged,2020-01-02,0.1697268447777878,0.5235071944205663,Moderate,Moderate
p16_daily_merged,2020-01-03,0.1940451047432098,0.6161164190977069,Moderate,Moderate
p16_daily_merged,2020-01-04,0.1677027746904191,0.5157990951671683,Moderate,Moderate
p16_daily_merged,2020-01-05,0.1677027746904191,0.5157990951671683,Moderate,Moderate
p16_daily_merged,2020-01-06,0.2180490344361239,0.7075286057108205,Moderate,Moderate
p16_daily_merged,2020-01-07,0.1577929098665498,0.478060173908051,Moderate,Moderate
p16_daily_merged,2020-01-08,-0.1869375235807362,-0.7504169483815155,Moderate,Moderate
p16_daily_merged,2020-01-09,0.0411370036317413,0.10339169198882242,Moderate,Moderate
p16_daily_merged,2020-01-10,0.1231023004499284,0.42522641522216187,Moderate,Moderate
p16_daily_merged,2020-01-11,0.3225701631630964,1.0079697168295765,High,Low
p16_daily_merged,2020-01-12,0.0574348086902324,0.14446567737086033,Moderate,Moderate
p16_daily_merged,2020-01-13,0.113997383047448,0.3282790861610077,Moderate,Moderate
p16_daily_merged,2020-01-14,0.0854704216626986,0.2454975540401066,Moderate,Moderate
p16_daily_merged,2020-01-15,0.0106920520810213,-0.013710913373658363,Moderate,Moderate
p16_daily_merged,2020-01-16,0.1624395139444025,0.4716664711048667,Moderate,Moderate
p16_daily_merged,2020-01-17,-0.1798086013202328,-0.6741968588206022,Moderate,Moderate
p16_daily_merged,2020-01-18,-0.0894743323264352,-0.3515442927369564,Moderate,Moderate
p16_daily_merged,2020-01-19,0.0517505253278375,0.1298834313032427,Moderate,Moderate
p16_daily_merged,2020-01-20,-0.1330218248846397,-0.512084157854837,Moderate,Moderate
p16_daily_merged,2020-01-21,-0.0517117692447419,-0.21892553762148625,Moderate,Moderate
p16_daily_merged,2020-01-22,0.002573293058777,-0.035925635764661915,Moderate,Moderate
p16_daily_merged,2020-01-23,0.1695928785099846,0.5606187041269869,Moderate,Moderate
p16_daily_merged,2020-01-24,-0.1485137612875521,-0.5549697618463558,Moderate,Moderate
p16_daily_merged,2020-01-25,0.2767762983168316,0.9501514293030655,Moderate,Moderate
p16_daily_merged,2020-01-26,0.1122000368979262,0.37930393214910463,Moderate,Moderate
p16_daily_merged,2020-01-27,0.0174167250812655,0.06039413421077292,Moderate,Moderate
p16_daily_merged,2020-01-28,0.1595281861715231,0.5688096245036915,Moderate,Moderate
p16_daily_merged,2020-01-29,-0.0306079262905647,-0.10199822148953455,Moderate,Moderate
p16_daily_merged,2020-01-30,-0.1445147319658237,-0.5139242710940226,Moderate,Moderate
p16_daily_merged,2020-01-31,-0.1445147319658237,-0.5139242710940226,Moderate,Moderate
p16_daily_merged,2020-02-01,-0.059050590172687,-0.20920602934867902,Moderate,Moderate
p16_daily_merged,2020-02-02,0.0410026105059533,0.16085372730029338,Moderate,Moderate
p16_daily_merged,2020-02-03,0.1146288903289829,0.39610426642825025,Moderate,Moderate
p16_daily_merged,2020-02-04,0.1197851947017871,0.4143693649925407,Moderate,Moderate
p16_daily_merged,2020-02-05,-0.000682296670955,-0.0007344943317366384,Moderate,Moderate
p16_daily_merged,2020-02-06,-0.2256741757499193,-0.8007694158848532,Moderate,Moderate
p16_daily_merged,2020-02-07,-0.2256741757499193,-0.8007694158848532,Moderate,Moderate
p16_daily_merged,2020-02-08,-0.2217438899296653,-0.7982004012388949,Moderate,Moderate
p16_daily_merged,2020-02-09,-0.1718075821416932,-0.6194150813299052,Moderate,Moderate
p16_daily_merged,2020-02-10,0.0451778012578825,0.1574505482113323,Moderate,Moderate
p16_daily_merged,2020-02-11,0.1822172585996076,0.6211627845324298,Moderate,Moderate
p16_daily_merged,2020-02-12,0.0994025023214989,0.33700120488730684,Moderate,Moderate
p16_daily_merged,2020-02-13,0.0437621603569544,0.13244880754939992,Moderate,Moderate
p16_daily_merged,2020-02-14,0.0310980170250159,0.0809577179320848,Moderate,Moderate
p16_daily_merged,2020-02-15,-0.12625874400419,-0.4880120539824013,Moderate,Moderate
p16_daily_merged,2020-02-16,-0.12625874400419,-0.4880120539824013,Moderate,Moderate
p16_daily_merged,2020-02-17,-0.0810758490593287,-0.34409164392132446,Moderate,Moderate
p16_daily_merged,2020-02-18,-0.0005520498658739,-0.02431448235009241,Moderate,Moderate
p16_daily_merged,2020-02-19,-0.1005140317280835,-0.39331926792556854,Moderate,Moderate
p16_daily_merged,2020-02-20,0.0336711745364274,0.0582423996090728,Moderate,Moderate
p16_daily_merged,2020-02-21,0.0607980568186029,0.1582265580280177,Moderate,Moderate
p16_daily_merged,2020-02-22,0.0607980568186029,0.1582265580280177,Moderate,Moderate
p16_daily_merged,2020-02-23,0.0047525141721193,-0.006348744491098554,Moderate,Moderate
p16_daily_merged,2020-02-24,-0.0639570250544038,-0.23514650003448073,Moderate,Moderate
p16_daily_merged,2020-02-25,0.0263077740141575,0.06542869904193825,Moderate,Moderate
p16_daily_merged,2020-02-26,-0.0127910409157126,-0.06476750371337224,Moderate,Moderate
p16_daily_merged,2020-02-27,-0.0127910409157126,-0.06476750371337224,Moderate,Moderate
p16_daily_merged,2020-02-28,-0.0365196216859592,-0.16101296892875638,Moderate,Moderate
p16_daily_merged,2020-02-29,0.0618262678127015,0.17490104621225408,Moderate,Moderate
p16_daily_merged,2020-03-01,0.0985854725042027,0.2970795940936547,Moderate,Moderate
p16_daily_merged,2020-03-02,0.0985854725042027,0.2970795940936547,Moderate,Moderate
p16_daily_merged,2020-03-03,0.0985854725042027,0.2970795940936547,Moderate,Moderate
p16_daily_merged,2020-03-04,0.0985854725042027,0.2970795940936547,Moderate,Moderate
p16_daily_merged,2020-03-05,0.0985854725042027,0.2970795940936547,Moderate,Moderate
p16_daily_merged,2020-03-06,0.0332866055320202,0.08966923736797756,Moderate,Moderate
p16_daily_merged,2020-03-07,0.0138830736848294,0.03522327910102603,Moderate,Moderate
p16_daily_merged,2020-03-08,0.0138830736848294,0.03522327910102603,Moderate,Moderate
p16_daily_merged,2020-03-09,-0.0171746152196081,-0.045829372502282396,Moderate,Moderate
p16_daily_merged,2020-03-10,-0.0171746152196081,-0.045829372502282396,Moderate,Moderate
p16_daily_merged,2020-03-11,-0.0171746152196081,-0.045829372502282396,Moderate,Moderate
p16_daily_merged,2020-03-12,0.0420694764101736,0.1464132283392179,Moderate,Moderate
p16_daily_merged,2020-03-13,0.1076108004702725,0.36406642947892665,Moderate,Moderate
p16_daily_merged,2020-03-14,0.1260879190035798,0.42542625176333015,Moderate,Moderate
p16_daily_merged,2020-03-15,0.1260879190035798,0.42542625176333015,Moderate,Moderate
p16_daily_merged,2020-03-16,-0.0631171033182478,-0.19797641745947422,Moderate,Moderate
p16_daily_merged,2020-03-17,-0.0631171033182478,-0.19797641745947422,Moderate,Moderate
p16_daily_merged,2020-03-18,-0.1848769157086996,-0.6126851644507522,Moderate,Moderate
